wuh2                                                        STATION
Kinematic   10.000000 10.000000 10.000000                   POS MODE/PRIORI (meter)
YES                                                         OBS STRICT EDITING
2023  1  2  0  0  0.00                                      OBS FIRST EPOCH
2023  1  2 23 59 30.00                                      OBS LAST EPOCH
   30.00                                                    OBS INTERVAL (sec)
    7.00                                                    OBS MASK ANGLE (deg)
    0.30                                                    MEASUREMENT NOISE PSEUDORANGE (1-SIGMA, meter)
    0.01                                                    MEASUREMENT NOISE CARRIER PHASE (1-SIGMA, cycle)
WUM0MGXRAP_20230020000_01D_05M_ORB.SP3                      SAT ORBIT
WUM0MGXRAP_20230020000_01D_30S_CLK.CLK                      SAT CLOCK
WUM0MGXRAP_20230020000_01D_30S_ATT.OBX                      SAT ATTITUDE
WUM0MGXRAP_20230020000_01D_01D_OSB.BIA                      SAT BIAS
WUM0MGXRAP_20230020000_01D_01D_ERP.ERP                      EARTH ROTATION PARAMETERS
JAVAD TRE_3                                                 SITE RECEIVER TYPE
JAVRINGANT_G5T  NONE                                        SITE ANTENNA TYPE
        0.0000        0.0000        0.1206                  SITE ANTENNA E/N/H (meter)
G  L1   1       2.27      0.78     48.07                    SITE ANTENNA PCO E/N/H (millimeter)
G  L2   2      -2.90      5.42     55.34                    SITE ANTENNA PCO E/N/H (millimeter)
R  G1   1       2.53     -0.61     44.37                    SITE ANTENNA PCO E/N/H (millimeter)
R  G2   2      -3.83      9.14     53.05                    SITE ANTENNA PCO E/N/H (millimeter)
E  E1   1       2.27      0.78     48.07                    SITE ANTENNA PCO E/N/H (millimeter)
E  E5a  5      -4.32     -1.14     61.57                    SITE ANTENNA PCO E/N/H (millimeter)
C  B1I  2       2.27      0.78     48.07                    SITE ANTENNA PCO E/N/H (millimeter)
C  B3I  6      -2.90      5.42     55.34                    SITE ANTENNA PCO E/N/H (millimeter)
J  L1   1       2.27      0.78     48.07                    SITE ANTENNA PCO E/N/H (millimeter)
J  L2   2      -2.90      5.42     55.34                    SITE ANTENNA PCO E/N/H (millimeter)
IGS20_2272                                                  TABLE ANTEX
WNO                                                         RECEIVER CLOCK
STO                                                         TROP ZENITH
NON                                                         TROP GRADIENT
NO                                                          IONO 2ND
SOLID  POLE OCEAN(Scherneck)                                TIDES
MHM                                                         MULTIPATH MODEL
YES  GPS    43  GAL     0  BDS2    0  BDS3    0  QZSS    0  AMB FIXING
  600.00                                                    AMB DURATION (sec)
   15.00                                                    AMB CUTOFF (deg)
    0.20    0.15 1000.00                                    AMB WIDELANE
    0.15    0.15 1000.00                                    AMB NARROWLANE
    3       4       1.80    3.00                            AMB SEARCH
DEFAULT                                                     AMB AT DAY-BOUNDARY
Start Field Description                                     COMMENT
Mjd                                                         MODIFIED JULIAN DAY
Sod                                                         SECOND OF DAY
X                                                           X COORDINATE (meter)
Y                                                           Y COORDINATE (meter)
Z                                                           Z COORDINATE (meter)
Latitude                                                    LATITUDE OF WGS-84 ELLIPSOID (deg)
Longitude                                                   LONGITUDE OF WGS-84 ELLIPSOID (deg)
Height                                                      HEIGHT OF WGS-84 ELLIPSOID (meter)
Nsat/GREC2C3J                                               AVERAGE NUMBER OF AVAIABLE SATELLITES (ALL/GPS/GLONASS/Galileo/BDS-2/BDS-3/QZSS)
PDOP                                                        POSITION DILUTION OF PRECISION
End Field Description                                       COMMENT
                                                            END OF HEADER
* Mjd       Sod               X             Y             Z         Latitude        Longitude        Height            Nsat/GREC2C3J   PDOP
59946      0.00   -2267750.2013  5009154.4975  3221294.3683   30.53167890876  114.35726857269       28.1625      8 08 00 00 00 00 00   2.05
59946     30.00   -2267750.1864  5009154.4784  3221294.3664   30.53167900136  114.35726851316       28.1412      8 08 00 00 00 00 00   2.05
59946     60.00   -2267750.1946  5009154.4900  3221294.3649   30.53167892636  114.35726854158       28.1525      8 08 00 00 00 00 00   2.05
59946     90.00   -2267750.2057  5009154.5047  3221294.3723   30.53167890109  114.35726858367       28.1717      8 08 00 00 00 00 00   2.06
59946    120.00   -2267750.2012  5009154.4944  3221294.3635   30.53167888456  114.35726858534       28.1576      8 08 00 00 00 00 00   2.06
59946    150.00   -2267750.2005  5009154.4933  3221294.3676   30.53167892251  114.35726858346       28.1585      8 08 00 00 00 00 00   2.06
59946    180.00   -2267750.2015  5009154.4975  3221294.3666   30.53167889513  114.35726857439       28.1616      8 08 00 00 00 00 00   2.07
59946    210.00   -2267750.1957  5009154.4917  3221294.3706   30.53167896115  114.35726854439       28.1571      8 08 00 00 00 00 00   2.07
59946    240.00   -2267750.1940  5009154.4970  3221294.3715   30.53167894934  114.35726850522       28.1611      8 08 00 00 00 00 00   2.07
59946    270.00   -2267750.1976  5009154.4978  3221294.3753   30.53167896916  114.35726853610       28.1650      8 08 00 00 00 00 00   2.07
59946    300.00   -2267750.1993  5009154.4919  3221294.3723   30.53167896709  114.35726857782       28.1594      8 08 00 00 00 00 00   2.07
59946    330.00   -2267750.2043  5009154.4947  3221294.3712   30.53167893706  114.35726861341       28.1628      8 08 00 00 00 00 00   2.08
59946    360.00   -2267750.2060  5009154.5016  3221294.3669   30.53167887189  114.35726859960       28.1667      9 09 00 00 00 00 00   2.05
59946    390.00   -2267750.1990  5009154.4929  3221294.3633   30.53167889309  114.35726857096       28.1555      9 09 00 00 00 00 00   2.05
59946    420.00   -2267750.1995  5009154.4931  3221294.3621   30.53167888258  114.35726857442       28.1552      9 09 00 00 00 00 00   2.06
59946    450.00   -2267750.2034  5009154.4959  3221294.3707   30.53167893012  114.35726859905       28.1632      9 09 00 00 00 00 00   2.06
59946    480.00   -2267750.1926  5009154.4871  3221294.3719   30.53167899608  114.35726853522       28.1530      9 09 00 00 00 00 00   2.06
59946    510.00   -2267750.1910  5009154.4835  3221294.3594   30.53167891704  114.35726853545       28.1433      9 09 00 00 00 00 00   2.06
59946    540.00   -2267750.1922  5009154.4846  3221294.3599   30.53167891438  114.35726854213       28.1449      9 09 00 00 00 00 00   2.06
59946    570.00   -2267750.1936  5009154.4818  3221294.3574   30.53167890401  114.35726856756       28.1419      9 09 00 00 00 00 00   2.06
59946    600.00   -2267750.1892  5009154.4643  3221294.3630   30.53167902899  114.35726860042       28.1294      9 09 00 00 00 00 00   2.07
59946    630.00   -2267750.1902  5009154.4702  3221294.3539   30.53167893203  114.35726858475       28.1298      9 09 00 00 00 00 00   2.07
59946    660.00   -2267750.1983  5009154.4790  3221294.3553   30.53167889048  114.35726862332       28.1403      9 09 00 00 00 00 00   2.07
59946    690.00   -2267750.1907  5009154.4777  3221294.3622   30.53167896357  114.35726855683       28.1400      9 09 00 00 00 00 00   2.07
59946    720.00   -2267750.1839  5009154.4737  3221294.3551   30.53167893820  114.35726851001       28.1309      9 09 00 00 00 00 00   2.07
59946    750.00   -2267750.1882  5009154.4758  3221294.3533   30.53167890751  114.35726854153       28.1331      9 09 00 00 00 00 00   2.07
59946    780.00   -2267750.2031  5009154.4849  3221294.3554   30.53167885742  114.35726864391       28.1467      9 09 00 00 00 00 00   2.07
59946    810.00   -2267750.2064  5009154.4767  3221294.3490   30.53167883559  114.35726871058       28.1381      9 09 00 00 00 00 00   2.07
59946    840.00   -2267750.2020  5009154.4786  3221294.3519   30.53167885896  114.35726866071       28.1396      9 09 00 00 00 00 00   2.07
59946    870.00   -2267750.2026  5009154.4623  3221294.3407   30.53167883849  114.35726873610       28.1212      9 09 00 00 00 00 00   2.07
59946    900.00   -2267750.2067  5009154.4684  3221294.3463   30.53167884848  114.35726874899       28.1304      9 09 00 00 00 00 00   2.07
59946    930.00   -2267750.2039  5009154.4631  3221294.3477   30.53167888707  114.35726874495       28.1259      9 09 00 00 00 00 00   2.07
59946    960.00   -2267750.1998  5009154.4624  3221294.3367   30.53167881281  114.35726870925       28.1184      9 09 00 00 00 00 00   2.06
59946    990.00   -2267750.2027  5009154.4698  3221294.3467   30.53167885355  114.35726870540       28.1302      9 09 00 00 00 00 00   2.06
59946   1020.00   -2267750.2050  5009154.4688  3221294.3440   30.53167883281  114.35726873130       28.1289      9 09 00 00 00 00 00   2.06
59946   1050.00   -2267750.2036  5009154.4542  3221294.3404   30.53167886879  114.35726878020       28.1151      9 09 00 00 00 00 00   2.06
59946   1080.00   -2267750.2048  5009154.4603  3221294.3411   30.53167884553  114.35726876564       28.1207      9 09 00 00 00 00 00   2.06
59946   1110.00   -2267750.2027  5009154.4662  3221294.3420   30.53167883250  114.35726872059       28.1250      9 09 00 00 00 00 00   2.06
59946   1140.00   -2267750.1992  5009154.4499  3221294.3448   30.53167892882  114.35726875722       28.1125      9 09 00 00 00 00 00   2.05
59946   1170.00   -2267750.2082  5009154.4561  3221294.3477   30.53167890869  114.35726881586       28.1219      9 09 00 00 00 00 00   2.05
59946   1200.00   -2267750.2129  5009154.4643  3221294.3470   30.53167885990  114.35726882535       28.1298      9 09 00 00 00 00 00   2.05
59946   1230.00   -2267750.2072  5009154.4697  3221294.3452   30.53167883367  114.35726874865       28.1310      9 09 00 00 00 00 00   2.04
59946   1260.00   -2267750.2116  5009154.4836  3221294.3470   30.53167878147  114.35726873062       28.1444      9 09 00 00 00 00 00   2.04
59946   1290.00   -2267750.2096  5009154.4659  3221294.3455   30.53167884777  114.35726878753       28.1291      9 09 00 00 00 00 00   2.04
59946   1320.00   -2267750.1979  5009154.4618  3221294.3422   30.53167886119  114.35726869424       28.1199      8 08 00 00 00 00 00   2.25
59946   1350.00   -2267750.2119  5009154.4781  3221294.3469   30.53167880322  114.35726875675       28.1401      8 08 00 00 00 00 00   2.25
59946   1380.00   -2267750.2079  5009154.4688  3221294.3496   30.53167887083  114.35726875867       28.1328      8 08 00 00 00 00 00   2.25
59946   1410.00   -2267750.2118  5009154.4646  3221294.3513   30.53167889375  114.35726881343       28.1317      8 08 00 00 00 00 00   2.25
59946   1440.00   -2267750.2016  5009154.4667  3221294.3448   30.53167885387  114.35726870742       28.1265      8 08 00 00 00 00 00   2.25
59946   1470.00   -2267750.2055  5009154.4752  3221294.3547   30.53167888791  114.35726870782       28.1395      8 08 00 00 00 00 00   2.25
59946   1500.00   -2267750.2046  5009154.4686  3221294.3514   30.53167889151  114.35726872824       28.1323      8 08 00 00 00 00 00   2.25
59946   1530.00   -2267750.2038  5009154.4634  3221294.3473   30.53167888321  114.35726874310       28.1259      8 08 00 00 00 00 00   2.25
59946   1560.00   -2267750.2037  5009154.4619  3221294.3474   30.53167889043  114.35726874851       28.1248      8 08 00 00 00 00 00   2.25
59946   1590.00   -2267750.2017  5009154.4701  3221294.3464   30.53167885223  114.35726869377       28.1300      8 08 00 00 00 00 00   2.25
59946   1620.00   -2267750.2064  5009154.4842  3221294.3456   30.53167877836  114.35726867801       28.1423      8 08 00 00 00 00 00   2.25
59946   1650.00   -2267750.2115  5009154.4659  3221294.3382   30.53167878745  114.35726880565       28.1260      8 08 00 00 00 00 00   2.25
59946   1680.00   -2267750.2002  5009154.4621  3221294.3395   30.53167883420  114.35726871443       28.1197      8 08 00 00 00 00 00   2.25
59946   1710.00   -2267750.2080  5009154.4716  3221294.3479   30.53167884581  114.35726874799       28.1342      8 08 00 00 00 00 00   2.25
59946   1740.00   -2267750.2053  5009154.4656  3221294.3475   30.53167887227  114.35726874739       28.1283      8 08 00 00 00 00 00   2.25
59946   1770.00   -2267750.2120  5009154.4697  3221294.3497   30.53167886017  114.35726879370       28.1350      8 08 00 00 00 00 00   2.24
59946   1800.00   -2267750.2195  5009154.4686  3221294.3557   30.53167889745  114.35726886971       28.1398      8 08 00 00 00 00 00   2.24
59946   1830.00   -2267750.2165  5009154.4726  3221294.3508   30.53167884756  114.35726882371       28.1394      8 08 00 00 00 00 00   2.24
59946   1860.00   -2267750.2103  5009154.4680  3221294.3564   30.53167892250  114.35726878499       28.1365      8 08 00 00 00 00 00   2.24
59946   1890.00   -2267750.2079  5009154.4665  3221294.3492   30.53167887721  114.35726876838       28.1308      8 08 00 00 00 00 00   2.24
59946   1920.00   -2267750.2068  5009154.4654  3221294.3422   30.53167882929  114.35726876252       28.1260      8 08 00 00 00 00 00   2.23
59946   1950.00   -2267750.2131  5009154.4608  3221294.3400   30.53167881948  114.35726884188       28.1235      8 08 00 00 00 00 00   2.23
59946   1980.00   -2267750.2080  5009154.4706  3221294.3390   30.53167878075  114.35726875155       28.1288      8 08 00 00 00 00 00   2.23
59946   2010.00   -2267750.2130  5009154.4741  3221294.3401   30.53167876546  114.35726878457       28.1339      8 08 00 00 00 00 00   2.23
59946   2040.00   -2267750.2147  5009154.4761  3221294.3474   30.53167881021  114.35726879129       28.1398      8 08 00 00 00 00 00   2.22
59946   2070.00   -2267750.2092  5009154.4707  3221294.3451   30.53167882505  114.35726876238       28.1324      8 08 00 00 00 00 00   2.22
59946   2100.00   -2267750.2088  5009154.4699  3221294.3408   30.53167879625  114.35726876208       28.1295      8 08 00 00 00 00 00   2.21
59946   2130.00   -2267750.2100  5009154.4696  3221294.3465   30.53167883957  114.35726877523       28.1326      8 08 00 00 00 00 00   2.21
59946   2160.00   -2267750.2172  5009154.4681  3221294.3454   30.53167882316  114.35726884999       28.1334      8 08 00 00 00 00 00   2.21
59946   2190.00   -2267750.2129  5009154.4704  3221294.3458   30.53167882481  114.35726879890       28.1339      8 08 00 00 00 00 00   2.20
59946   2220.00   -2267750.2120  5009154.4761  3221294.3473   30.53167881450  114.35726876592       28.1388      8 08 00 00 00 00 00   2.20
59946   2250.00   -2267750.2133  5009154.4698  3221294.3490   30.53167885157  114.35726880604       28.1352      8 08 00 00 00 00 00   2.19
59946   2280.00   -2267750.2162  5009154.4687  3221294.3504   30.53167886131  114.35726883832       28.1361      8 08 00 00 00 00 00   2.19
59946   2310.00   -2267750.2094  5009154.4614  3221294.3464   30.53167887404  114.35726880448       28.1259      8 08 00 00 00 00 00   2.19
59946   2340.00   -2267750.2144  5009154.4713  3221294.3514   30.53167886210  114.35726881016       28.1380      8 08 00 00 00 00 00   2.18
59946   2370.00   -2267750.2174  5009154.4711  3221294.3488   30.53167883713  114.35726883870       28.1375      8 08 00 00 00 00 00   2.18
59946   2400.00   -2267750.2150  5009154.4754  3221294.3520   30.53167884775  114.35726879785       28.1417      8 08 00 00 00 00 00   2.17
59946   2430.00   -2267750.2086  5009154.4598  3221294.3431   30.53167885689  114.35726880438       28.1227      8 08 00 00 00 00 00   2.17
59946   2460.00   -2267750.2233  5009154.4839  3221294.3517   30.53167879448  114.35726883964       28.1512      8 08 00 00 00 00 00   2.16
59946   2490.00   -2267750.2276  5009154.4826  3221294.3579   30.53167884007  114.35726888678       28.1548      8 08 00 00 00 00 00   2.16
59946   2520.00   -2267750.2136  5009154.4748  3221294.3488   30.53167882859  114.35726878720       28.1392      8 08 00 00 00 00 00   2.15
59946   2550.00   -2267750.2168  5009154.4736  3221294.3500   30.53167883683  114.35726882272       28.1399      8 08 00 00 00 00 00   2.15
59946   2580.00   -2267750.2212  5009154.4857  3221294.3549   30.53167881623  114.35726881218       28.1534      8 08 00 00 00 00 00   2.14
59946   2610.00   -2267750.2111  5009154.4748  3221294.3517   30.53167885584  114.35726876285       28.1397      8 08 00 00 00 00 00   2.13
59946   2640.00   -2267750.2197  5009154.4873  3221294.3493   30.53167876863  114.35726879098       28.1514      8 08 00 00 00 00 00   2.13
59946   2670.00   -2267750.2215  5009154.4828  3221294.3523   30.53167880752  114.35726882760       28.1500      8 08 00 00 00 00 00   2.12
59946   2700.00   -2267750.2122  5009154.4761  3221294.3461   30.53167880468  114.35726876761       28.1383      8 08 00 00 00 00 00   2.12
59946   2730.00   -2267750.2112  5009154.4765  3221294.3468   30.53167881088  114.35726875705       28.1386      8 08 00 00 00 00 00   2.11
59946   2760.00   -2267750.2187  5009154.4730  3221294.3465   30.53167880899  114.35726884340       28.1383      8 08 00 00 00 00 00   2.11
59946   2790.00   -2267750.2149  5009154.4803  3221294.3511   30.53167882082  114.35726877590       28.1451      8 08 00 00 00 00 00   2.10
59946   2820.00   -2267750.2234  5009154.4736  3221294.3553   30.53167886563  114.35726888512       28.1450      8 08 00 00 00 00 00   2.09
59946   2850.00   -2267750.2171  5009154.4782  3221294.3508   30.53167882329  114.35726880536       28.1440      8 08 00 00 00 00 00   2.09
59946   2880.00   -2267750.2190  5009154.4829  3221294.3546   30.53167882962  114.35726880368       28.1503      8 08 00 00 00 00 00   2.08
59946   2910.00   -2267750.2127  5009154.4747  3221294.3490   30.53167883259  114.35726877884       28.1389      8 08 00 00 00 00 00   2.07
59946   2940.00   -2267750.2116  5009154.4759  3221294.3484   30.53167882477  114.35726876280       28.1391      8 08 00 00 00 00 00   2.07
59946   2970.00   -2267750.2136  5009154.4728  3221294.3523   30.53167886425  114.35726879607       28.1393      8 08 00 00 00 00 00   2.06
59946   3000.00   -2267750.2175  5009154.4842  3221294.3506   30.53167879554  114.35726878404       28.1488      8 08 00 00 00 00 00   2.06
59946   3030.00   -2267750.2219  5009154.4893  3221294.3454   30.53167872599  114.35726880409       28.1517      8 08 00 00 00 00 00   2.05
59946   3060.00   -2267750.2140  5009154.4750  3221294.3457   30.53167880255  114.35726879028       28.1378      8 08 00 00 00 00 00   2.04
59946   3090.00   -2267750.2112  5009154.4764  3221294.3456   30.53167880132  114.35726875736       28.1379      8 08 00 00 00 00 00   2.04
59946   3120.00   -2267750.2135  5009154.4687  3221294.3475   30.53167884399  114.35726881282       28.1336      8 08 00 00 00 00 00   2.03
59946   3150.00   -2267750.2091  5009154.4651  3221294.3443   30.53167884262  114.35726878563       28.1277      8 08 00 00 00 00 00   2.03
59946   3180.00   -2267750.2110  5009154.4728  3221294.3488   30.53167884150  114.35726877027       28.1366      8 08 00 00 00 00 00   2.02
59946   3210.00   -2267750.2186  5009154.4697  3221294.3543   30.53167888327  114.35726885591       28.1397      7 07 00 00 00 00 00   2.54
59946   3240.00   -2267750.2128  5009154.4722  3221294.3478   30.53167883309  114.35726879063       28.1363      7 07 00 00 00 00 00   2.53
59946   3270.00   -2267750.2122  5009154.4705  3221294.3421   30.53167879703  114.35726879244       28.1318      7 07 00 00 00 00 00   2.52
59946   3300.00   -2267750.2151  5009154.4700  3221294.3443   30.53167881047  114.35726882211       28.1336      7 07 00 00 00 00 00   2.50
59946   3330.00   -2267750.2151  5009154.4678  3221294.3479   30.53167884761  114.35726883070       28.1337      7 07 00 00 00 00 00   2.49
59946   3360.00   -2267750.2147  5009154.4735  3221294.3517   30.53167885472  114.35726880352       28.1400      7 07 00 00 00 00 00   2.48
59946   3390.00   -2267750.2198  5009154.4812  3221294.3514   30.53167881057  114.35726881819       28.1477      7 07 00 00 00 00 00   2.47
59946   3420.00   -2267750.2164  5009154.4873  3221294.3509   30.53167878716  114.35726875971       28.1510      7 07 00 00 00 00 00   2.45
59946   3450.00   -2267750.2109  5009154.4640  3221294.3430   30.53167883407  114.35726880814       28.1267      7 07 00 00 00 00 00   2.44
59946   3480.00   -2267750.2126  5009154.4694  3221294.3410   30.53167879291  114.35726880062       28.1305      7 07 00 00 00 00 00   2.43
59946   3510.00   -2267750.2215  5009154.4671  3221294.3515   30.53167886706  114.35726889494       28.1372      7 07 00 00 00 00 00   2.42
59946   3540.00   -2267750.2124  5009154.4622  3221294.3501   30.53167889365  114.35726882955       28.1295      8 08 00 00 00 00 00   2.19
59946   3570.00   -2267750.2126  5009154.4675  3221294.3428   30.53167881459  114.35726880842       28.1300      8 08 00 00 00 00 00   2.19
59946   3600.00   -2267750.2153  5009154.4765  3221294.3480   30.53167881190  114.35726879583       28.1406      8 08 00 00 00 00 00   2.18
59946   3630.00   -2267750.2184  5009154.4804  3221294.3463   30.53167877677  114.35726880837       28.1439      8 08 00 00 00 00 00   2.17
59946   3660.00   -2267750.2176  5009154.4592  3221294.3435   30.53167884539  114.35726889160       28.1256      8 08 00 00 00 00 00   2.16
59946   3690.00   -2267750.2128  5009154.4774  3221294.3393   30.53167874588  114.35726876869       28.1360      8 08 00 00 00 00 00   2.15
59946   3720.00   -2267750.2117  5009154.4626  3221294.3436   30.53167884259  114.35726882174       28.1262      8 08 00 00 00 00 00   2.14
59946   3750.00   -2267750.2120  5009154.4684  3221294.3426   30.53167881048  114.35726879959       28.1304      8 08 00 00 00 00 00   2.14
59946   3780.00   -2267750.2091  5009154.4698  3221294.3377   30.53167877124  114.35726876566       28.1280      8 08 00 00 00 00 00   2.13
59946   3810.00   -2267750.2105  5009154.4678  3221294.3386   30.53167878448  114.35726878696       28.1274      8 08 00 00 00 00 00   2.12
59946   3840.00   -2267750.2105  5009154.4641  3221294.3427   30.53167883186  114.35726880372       28.1265      8 08 00 00 00 00 00   2.11
59946   3870.00   -2267750.2065  5009154.4708  3221294.3418   30.53167880421  114.35726873700       28.1299      8 08 00 00 00 00 00   2.10
59946   3900.00   -2267750.2033  5009154.4741  3221294.3395   30.53167877909  114.35726869269       28.1302      8 08 00 00 00 00 00   2.10
59946   3930.00   -2267750.2137  5009154.4798  3221294.3389   30.53167873045  114.35726876616       28.1381      8 08 00 00 00 00 00   2.09
59946   3960.00   -2267750.2083  5009154.4641  3221294.3362   30.53167878566  114.35726878308       28.1225      8 08 00 00 00 00 00   2.08
59946   3990.00   -2267750.2046  5009154.4637  3221294.3381   30.53167880896  114.35726874930       28.1218      8 08 00 00 00 00 00   2.07
59946   4020.00   -2267750.2031  5009154.4622  3221294.3382   30.53167881894  114.35726874097       28.1201      8 08 00 00 00 00 00   2.06
59946   4050.00   -2267750.2088  5009154.4689  3221294.3388   30.53167878439  114.35726876656       28.1277      8 08 00 00 00 00 00   2.06
59946   4080.00   -2267750.2095  5009154.4670  3221294.3417   30.53167881410  114.35726878160       28.1279      8 08 00 00 00 00 00   2.05
59946   4110.00   -2267750.2072  5009154.4707  3221294.3417   30.53167880234  114.35726874410       28.1301      8 08 00 00 00 00 00   2.04
59946   4140.00   -2267750.2153  5009154.4696  3221294.3410   30.53167878663  114.35726882560       28.1317      8 08 00 00 00 00 00   2.03
59946   4170.00   -2267750.2288  5009154.4953  3221294.3550   30.53167876231  114.35726884265       28.1637      8 08 00 00 00 00 00   2.03
59946   4200.00   -2267750.2170  5009154.4852  3221294.3462   30.53167875866  114.35726877447       28.1472      8 08 00 00 00 00 00   2.02
59946   4230.00   -2267750.2172  5009154.4828  3221294.3405   30.53167872371  114.35726878635       28.1425      8 08 00 00 00 00 00   2.01
59946   4260.00   -2267750.2127  5009154.4664  3221294.3474   30.53167885435  114.35726881444       28.1315      8 08 00 00 00 00 00   2.00
59946   4290.00   -2267750.2167  5009154.4776  3221294.3452   30.53167878279  114.35726880474       28.1406      8 08 00 00 00 00 00   2.00
59946   4320.00   -2267750.2147  5009154.4779  3221294.3385   30.53167873354  114.35726878441       28.1367      9 09 00 00 00 00 00   1.84
59946   4350.00   -2267750.2090  5009154.4705  3221294.3392   30.53167878039  114.35726876147       28.1292      9 09 00 00 00 00 00   1.83
59946   4380.00   -2267750.2137  5009154.4765  3221294.3356   30.53167871897  114.35726878093       28.1338      9 09 00 00 00 00 00   1.82
59946   4410.00   -2267750.2273  5009154.4902  3221294.3473   30.53167872698  114.35726885069       28.1553      9 09 00 00 00 00 00   1.82
59946   4440.00   -2267750.2124  5009154.4815  3221294.3427   30.53167875544  114.35726874665       28.1408      9 09 00 00 00 00 00   1.81
59946   4470.00   -2267750.2068  5009154.4710  3221294.3412   30.53167879798  114.35726873925       28.1298      9 09 00 00 00 00 00   1.81
59946   4500.00   -2267750.2106  5009154.4799  3221294.3406   30.53167874888  114.35726873612       28.1379      9 09 00 00 00 00 00   1.80
59946   4530.00   -2267750.2133  5009154.4755  3221294.3382   30.53167874416  114.35726878142       28.1342      9 09 00 00 00 00 00   1.79
59946   4560.00   -2267750.2185  5009154.4942  3221294.3387   30.53167866015  114.35726874960       28.1510      9 09 00 00 00 00 00   1.79
59946   4590.00   -2267750.2188  5009154.4811  3221294.3469   30.53167877779  114.35726880888       28.1450      9 09 00 00 00 00 00   1.78
59946   4620.00   -2267750.2115  5009154.4798  3221294.3476   30.53167880220  114.35726874595       28.1417      9 09 00 00 00 00 00   1.78
59946   4650.00   -2267750.2034  5009154.4633  3221294.3372   30.53167880598  114.35726873983       28.1206      9 09 00 00 00 00 00   1.77
59946   4680.00   -2267750.2101  5009154.4684  3221294.3469   30.53167884763  114.35726878112       28.1319      9 09 00 00 00 00 00   1.77
59946   4710.00   -2267750.2086  5009154.4715  3221294.3484   30.53167884865  114.35726875323       28.1346      9 09 00 00 00 00 00   1.76
59946   4740.00   -2267750.2113  5009154.4730  3221294.3377   30.53167875400  114.35726877289       28.1312      9 09 00 00 00 00 00   1.76
59946   4770.00   -2267750.2135  5009154.4820  3221294.3395   30.53167872651  114.35726875519       28.1400      9 09 00 00 00 00 00   1.75
59946   4800.00   -2267750.2090  5009154.4635  3221294.3398   30.53167881464  114.35726879199       28.1241      9 09 00 00 00 00 00   1.74
59946   4830.00   -2267750.2109  5009154.4667  3221294.3435   30.53167882644  114.35726879613       28.1291      9 09 00 00 00 00 00   1.74
59946   4860.00   -2267750.2064  5009154.4710  3221294.3478   30.53167885006  114.35726873448       28.1331      9 09 00 00 00 00 00   1.73
59946   4890.00   -2267750.2096  5009154.4728  3221294.3481   30.53167883882  114.35726875722       28.1357      9 09 00 00 00 00 00   1.73
59946   4920.00   -2267750.2134  5009154.4643  3221294.3387   30.53167879393  114.35726882958       28.1257      9 09 00 00 00 00 00   1.72
59946   4950.00   -2267750.2119  5009154.4730  3221294.3520   30.53167886486  114.35726877835       28.1387      9 09 00 00 00 00 00   1.72
59946   4980.00   -2267750.2140  5009154.4747  3221294.3477   30.53167881977  114.35726879132       28.1387      9 09 00 00 00 00 00   1.71
59946   5010.00   -2267750.2165  5009154.4687  3221294.3497   30.53167885532  114.35726884037       28.1358      9 09 00 00 00 00 00   1.71
59946   5040.00   -2267750.2137  5009154.4720  3221294.3403   30.53167877394  114.35726880032       28.1327      9 09 00 00 00 00 00   1.70
59946   5070.00   -2267750.2186  5009154.4781  3221294.3454   30.53167877860  114.35726882018       28.1417      9 09 00 00 00 00 00   1.70
59946   5100.00   -2267750.2134  5009154.4785  3221294.3434   30.53167877123  114.35726876906       28.1392      9 09 00 00 00 00 00   1.69
59946   5130.00   -2267750.2212  5009154.4753  3221294.3497   30.53167881930  114.35726885703       28.1427      9 09 00 00 00 00 00   1.69
59946   5160.00   -2267750.2101  5009154.4664  3221294.3427   30.53167882319  114.35726878929       28.1282      9 09 00 00 00 00 00   1.68
59946   5190.00   -2267750.2102  5009154.4693  3221294.3469   30.53167884334  114.35726877796       28.1326      9 09 00 00 00 00 00   1.68
59946   5220.00   -2267750.2063  5009154.4701  3221294.3433   30.53167881924  114.35726873814       28.1300      9 09 00 00 00 00 00   1.67
59946   5250.00   -2267750.2180  5009154.4736  3221294.3445   30.53167879223  114.35726883418       28.1376      9 09 00 00 00 00 00   1.67
59946   5280.00   -2267750.2080  5009154.4610  3221294.3347   30.53167878730  114.35726879293       28.1191      9 09 00 00 00 00 00   1.66
59946   5310.00   -2267750.2060  5009154.4668  3221294.3367   30.53167878239  114.35726874926       28.1240      8 08 00 00 00 00 00   2.11
59946   5340.00   -2267750.2216  5009154.4723  3221294.3507   30.53167883905  114.35726887357       28.1409      8 08 00 00 00 00 00   2.11
59946   5370.00   -2267750.2248  5009154.4777  3221294.3536   30.53167883267  114.35726888079       28.1478      8 08 00 00 00 00 00   2.12
59946   5400.00   -2267750.2133  5009154.4667  3221294.3468   30.53167884789  114.35726881903       28.1316      8 08 00 00 00 00 00   2.12
59946   5430.00   -2267750.2161  5009154.4705  3221294.3482   30.53167883711  114.35726882928       28.1364      8 08 00 00 00 00 00   2.13
59946   5460.00   -2267750.2181  5009154.4651  3221294.3480   30.53167885468  114.35726887127       28.1327      8 08 00 00 00 00 00   2.13
59946   5490.00   -2267750.2143  5009154.4644  3221294.3474   30.53167885966  114.35726883789       28.1305      8 08 00 00 00 00 00   2.14
59946   5520.00   -2267750.2148  5009154.4699  3221294.3460   30.53167882551  114.35726881915       28.1343      8 08 00 00 00 00 00   2.14
59946   5550.00   -2267750.2099  5009154.4641  3221294.3422   30.53167882917  114.35726879776       28.1261      7 07 00 00 00 00 00   2.29
59946   5580.00   -2267750.2231  5009154.4901  3221294.3569   30.53167880993  114.35726881109       28.1587      7 07 00 00 00 00 00   2.29
59946   5610.00   -2267750.2058  5009154.4577  3221294.3418   30.53167886057  114.35726878654       28.1194      7 07 00 00 00 00 00   2.30
59946   5640.00   -2267750.2121  5009154.4694  3221294.3385   30.53167877384  114.35726879603       28.1291      8 08 00 00 00 00 00   2.16
59946   5670.00   -2267750.2181  5009154.4814  3221294.3447   30.53167876122  114.35726880120       28.1438      8 08 00 00 00 00 00   2.16
59946   5700.00   -2267750.2144  5009154.4705  3221294.3447   30.53167881347  114.35726881316       28.1339      8 08 00 00 00 00 00   2.17
59946   5730.00   -2267750.2064  5009154.4634  3221294.3472   30.53167887765  114.35726876745       28.1268      8 08 00 00 00 00 00   2.17
59946   5760.00   -2267750.2112  5009154.4651  3221294.3444   30.53167883979  114.35726880638       28.1284      8 08 00 00 00 00 00   2.18
59946   5790.00   -2267750.2104  5009154.4614  3221294.3339   30.53167877499  114.35726881389       28.1199      8 08 00 00 00 00 00   2.18
59946   5820.00   -2267750.2098  5009154.4798  3221294.3493   30.53167881921  114.35726872960       28.1419      8 08 00 00 00 00 00   2.18
59946   5850.00   -2267750.2104  5009154.4741  3221294.3459   30.53167881477  114.35726875984       28.1360      8 08 00 00 00 00 00   2.19
59946   5880.00   -2267750.2080  5009154.4785  3221294.3463   30.53167880414  114.35726871806       28.1387      8 08 00 00 00 00 00   2.19
59946   5910.00   -2267750.2088  5009154.4732  3221294.3415   30.53167878770  114.35726874773       28.1325      8 08 00 00 00 00 00   2.20
59946   5940.00   -2267750.2114  5009154.4711  3221294.3466   30.53167883081  114.35726878193       28.1343      8 08 00 00 00 00 00   2.20
59946   5970.00   -2267750.2096  5009154.4594  3221294.3379   30.53167881566  114.35726881548       28.1201      8 08 00 00 00 00 00   2.20
59946   6000.00   -2267750.2075  5009154.4589  3221294.3427   30.53167885884  114.35726879780       28.1214      8 08 00 00 00 00 00   2.21
59946   6030.00   -2267750.2060  5009154.4623  3221294.3394   30.53167882245  114.35726876863       28.1218      8 08 00 00 00 00 00   2.21
59946   6060.00   -2267750.2124  5009154.4682  3221294.3454   30.53167883183  114.35726880400       28.1317      8 08 00 00 00 00 00   2.21
59946   6090.00   -2267750.2111  5009154.4825  3221294.3484   30.53167879839  114.35726873018       28.1441      8 08 00 00 00 00 00   2.22
59946   6120.00   -2267750.2194  5009154.4765  3221294.3547   30.53167885610  114.35726883447       28.1455      8 08 00 00 00 00 00   2.22
59946   6150.00   -2267750.2201  5009154.4729  3221294.3500   30.53167883372  114.35726885703       28.1405      8 08 00 00 00 00 00   2.22
59946   6180.00   -2267750.2113  5009154.4699  3221294.3481   30.53167884790  114.35726878623       28.1341      8 08 00 00 00 00 00   2.22
59946   6210.00   -2267750.2133  5009154.4772  3221294.3534   30.53167885480  114.35726877435       28.1432      8 08 00 00 00 00 00   2.23
59946   6240.00   -2267750.2121  5009154.4681  3221294.3525   30.53167888812  114.35726880115       28.1352      8 08 00 00 00 00 00   2.23
59946   6270.00   -2267750.2162  5009154.4797  3221294.3573   30.53167886881  114.35726879091       28.1482      8 08 00 00 00 00 00   2.23
59946   6300.00   -2267750.2138  5009154.4770  3221294.3500   30.53167882828  114.35726877954       28.1415      8 08 00 00 00 00 00   2.23
59946   6330.00   -2267750.2133  5009154.4855  3221294.3523   30.53167881196  114.35726873844       28.1492      8 08 00 00 00 00 00   2.24
59946   6360.00   -2267750.2113  5009154.4745  3221294.3576   30.53167890271  114.35726876589       28.1426      8 08 00 00 00 00 00   2.24
59946   6390.00   -2267750.2126  5009154.4788  3221294.3552   30.53167886317  114.35726875984       28.1452      8 08 00 00 00 00 00   2.24
59946   6420.00   -2267750.2164  5009154.4846  3221294.3583   30.53167885609  114.35726877164       28.1527      8 08 00 00 00 00 00   2.24
59946   6450.00   -2267750.2085  5009154.4727  3221294.3501   30.53167885751  114.35726874736       28.1363      8 08 00 00 00 00 00   2.24
59946   6480.00   -2267750.2123  5009154.4720  3221294.3552   30.53167889264  114.35726878682       28.1397      8 08 00 00 00 00 00   2.24
59946   6510.00   -2267750.2204  5009154.4726  3221294.3587   30.53167890186  114.35726886112       28.1448      8 08 00 00 00 00 00   2.24
59946   6540.00   -2267750.2082  5009154.4640  3221294.3436   30.53167884346  114.35726878273       28.1261      8 08 00 00 00 00 00   2.24
59946   6570.00   -2267750.2105  5009154.4645  3221294.3421   30.53167882573  114.35726880129       28.1266      8 08 00 00 00 00 00   2.24
59946   6600.00   -2267750.2234  5009154.4704  3221294.3454   30.53167880207  114.35726889916       28.1375      8 08 00 00 00 00 00   2.24
59946   6630.00   -2267750.2142  5009154.4636  3221294.3320   30.53167874352  114.35726884113       28.1221      8 08 00 00 00 00 00   2.24
59946   6660.00   -2267750.2131  5009154.4662  3221294.3401   30.53167879756  114.35726881871       28.1278      8 08 00 00 00 00 00   2.24
59946   6690.00   -2267750.2067  5009154.4492  3221294.3437   30.53167890857  114.35726883162       28.1140      8 08 00 00 00 00 00   2.24
59946   6720.00   -2267750.2167  5009154.4648  3221294.3549   30.53167891222  114.35726885919       28.1354      8 08 00 00 00 00 00   2.24
59946   6750.00   -2267750.2207  5009154.4712  3221294.3556   30.53167888279  114.35726887035       28.1422      8 08 00 00 00 00 00   2.24
59946   6780.00   -2267750.2144  5009154.4676  3221294.3484   30.53167885437  114.35726882546       28.1335      8 08 00 00 00 00 00   2.24
59946   6810.00   -2267750.2204  5009154.4796  3221294.3507   30.53167881042  114.35726883134       28.1463      8 08 00 00 00 00 00   2.24
59946   6840.00   -2267750.2123  5009154.4639  3221294.3434   30.53167883492  114.35726882135       28.1274      8 08 00 00 00 00 00   2.24
59946   6870.00   -2267750.2145  5009154.4769  3221294.3524   30.53167884573  114.35726878608       28.1429      7 07 00 00 00 00 00   2.98
59946   6900.00   -2267750.2222  5009154.4857  3221294.3643   30.53167888717  114.35726882124       28.1586      7 07 00 00 00 00 00   2.98
59946   6930.00   -2267750.2158  5009154.4700  3221294.3489   30.53167884526  114.35726882810       28.1362      7 07 00 00 00 00 00   2.99
59946   6960.00   -2267750.2060  5009154.4596  3221294.3466   30.53167888984  114.35726878030       28.1234      7 07 00 00 00 00 00   2.99
59946   6990.00   -2267750.2110  5009154.4653  3221294.3473   30.53167886164  114.35726880282       28.1300      7 07 00 00 00 00 00   3.00
59946   7020.00   -2267750.2167  5009154.4821  3221294.3576   30.53167886061  114.35726878530       28.1505      7 07 00 00 00 00 00   3.00
59946   7050.00   -2267750.2159  5009154.4804  3221294.3608   30.53167889406  114.35726878437       28.1504      7 07 00 00 00 00 00   3.00
59946   7080.00   -2267750.2159  5009154.4750  3221294.3490   30.53167882476  114.35726880801       28.1402      7 07 00 00 00 00 00   3.01
59946   7110.00   -2267750.2103  5009154.4663  3221294.3450   30.53167884123  114.35726879207       28.1293      7 07 00 00 00 00 00   3.01
59946   7140.00   -2267750.2144  5009154.4770  3221294.3482   30.53167881333  114.35726878507       28.1408      7 07 00 00 00 00 00   3.01
59946   7170.00   -2267750.2116  5009154.4752  3221294.3521   30.53167885655  114.35726876597       28.1404      7 07 00 00 00 00 00   3.02
59946   7200.00   -2267750.2186  5009154.4831  3221294.3582   30.53167885728  114.35726879921       28.1522      7 07 00 00 00 00 00   3.02
59946   7230.00   -2267750.2072  5009154.4718  3221294.3433   30.53167881074  114.35726873913       28.1317      7 07 00 00 00 00 00   3.02
59946   7260.00   -2267750.2186  5009154.4771  3221294.3469   30.53167879429  114.35726882419       28.1417      7 07 00 00 00 00 00   3.03
59946   7290.00   -2267750.2143  5009154.4768  3221294.3451   30.53167879055  114.35726878452       28.1391      7 07 00 00 00 00 00   3.03
59946   7320.00   -2267750.2166  5009154.4791  3221294.3503   30.53167881644  114.35726879710       28.1443      7 07 00 00 00 00 00   3.03
59946   7350.00   -2267750.2053  5009154.4696  3221294.3449   30.53167883618  114.35726873039       28.1301      7 07 00 00 00 00 00   3.03
59946   7380.00   -2267750.2041  5009154.4623  3221294.3393   30.53167882450  114.35726875021       28.1211      7 07 00 00 00 00 00   3.03
59946   7410.00   -2267750.2101  5009154.4743  3221294.3520   30.53167886218  114.35726875591       28.1391      7 07 00 00 00 00 00   3.03
59946   7440.00   -2267750.2179  5009154.4859  3221294.3525   30.53167880341  114.35726878009       28.1512      7 07 00 00 00 00 00   3.03
59946   7470.00   -2267750.2146  5009154.4788  3221294.3547   30.53167885624  114.35726877886       28.1456      7 07 00 00 00 00 00   3.03
59946   7500.00   -2267750.2079  5009154.4785  3221294.3552   30.53167887375  114.35726871639       28.1433      7 07 00 00 00 00 00   3.03
59946   7530.00   -2267750.2108  5009154.4751  3221294.3561   30.53167888961  114.35726875939       28.1421      7 07 00 00 00 00 00   3.03
59946   7560.00   -2267750.2160  5009154.4678  3221294.3493   30.53167885725  114.35726884014       28.1347      7 07 00 00 00 00 00   3.03
59946   7590.00   -2267750.2116  5009154.4740  3221294.3429   30.53167878989  114.35726877138       28.1348      7 07 00 00 00 00 00   3.03
59946   7620.00   -2267750.2099  5009154.4689  3221294.3434   30.53167881797  114.35726877730       28.1304      7 07 00 00 00 00 00   3.03
59946   7650.00   -2267750.2118  5009154.4710  3221294.3467   30.53167883141  114.35726878580       28.1344      7 07 00 00 00 00 00   3.03
59946   7680.00   -2267750.2070  5009154.4648  3221294.3488   30.53167888234  114.35726876745       28.1290      7 07 00 00 00 00 00   3.03
59946   7710.00   -2267750.2173  5009154.4885  3221294.3651   30.53167889127  114.35726876292       28.1594      7 07 00 00 00 00 00   3.03
59946   7740.00   -2267750.2079  5009154.4727  3221294.3481   30.53167884281  114.35726874150       28.1351      7 07 00 00 00 00 00   3.02
59946   7770.00   -2267750.2125  5009154.4785  3221294.3507   30.53167883014  114.35726876025       28.1426      7 07 00 00 00 00 00   3.02
59946   7800.00   -2267750.2162  5009154.4820  3221294.3506   30.53167880764  114.35726878060       28.1466      7 07 00 00 00 00 00   3.02
59946   7830.00   -2267750.2166  5009154.4639  3221294.3452   30.53167884078  114.35726886273       28.1298      7 07 00 00 00 00 00   3.02
59946   7860.00   -2267750.2097  5009154.4630  3221294.3443   30.53167885038  114.35726880062       28.1262      7 07 00 00 00 00 00   3.01
59946   7890.00   -2267750.2138  5009154.4642  3221294.3451   30.53167884396  114.35726883487       28.1290      7 07 00 00 00 00 00   3.01
59946   7920.00   -2267750.2038  5009154.4610  3221294.3400   30.53167883629  114.35726875351       28.1203      7 07 00 00 00 00 00   3.01
59946   7950.00   -2267750.2166  5009154.4724  3221294.3563   30.53167889101  114.35726882625       28.1421      7 07 00 00 00 00 00   3.00
59946   7980.00   -2267750.2152  5009154.4663  3221294.3505   30.53167887395  114.35726883895       28.1339      7 07 00 00 00 00 00   3.00
59946   8010.00   -2267750.2159  5009154.4808  3221294.3502   30.53167881012  114.35726878297       28.1454      7 07 00 00 00 00 00   3.00
59946   8040.00   -2267750.2191  5009154.4713  3221294.3468   30.53167881689  114.35726885440       28.1373      7 07 00 00 00 00 00   2.99
59946   8070.00   -2267750.2154  5009154.4727  3221294.3450   30.53167880446  114.35726881316       28.1361      7 07 00 00 00 00 00   2.99
59946   8100.00   -2267750.2226  5009154.4872  3221294.3568   30.53167882206  114.35726881860       28.1561      7 07 00 00 00 00 00   2.98
59946   8130.00   -2267750.2160  5009154.4745  3221294.3490   30.53167882685  114.35726881086       28.1398      7 07 00 00 00 00 00   2.98
59946   8160.00   -2267750.2131  5009154.4791  3221294.3519   30.53167883574  114.35726876346       28.1439      7 07 00 00 00 00 00   2.98
59946   8190.00   -2267750.2093  5009154.4639  3221294.3449   30.53167885167  114.35726879322       28.1271      7 07 00 00 00 00 00   2.97
59946   8220.00   -2267750.2148  5009154.4688  3221294.3526   30.53167888095  114.35726882413       28.1367      7 07 00 00 00 00 00   2.97
59946   8250.00   -2267750.2245  5009154.4934  3221294.3619   30.53167883222  114.35726881018       28.1642      7 07 00 00 00 00 00   2.96
59946   8280.00   -2267750.2218  5009154.4838  3221294.3539   30.53167881552  114.35726882589       28.1517      7 07 00 00 00 00 00   2.96
59946   8310.00   -2267750.2260  5009154.4907  3221294.3577   30.53167880823  114.35726883653       28.1605      7 07 00 00 00 00 00   2.95
59946   8340.00   -2267750.2167  5009154.4739  3221294.3469   30.53167881152  114.35726882075       28.1385      7 07 00 00 00 00 00   2.95
59946   8370.00   -2267750.2255  5009154.5015  3221294.3643   30.53167881533  114.35726878544       28.1722      7 07 00 00 00 00 00   2.94
59946   8400.00   -2267750.2172  5009154.4834  3221294.3542   30.53167882807  114.35726878428       28.1499      7 07 00 00 00 00 00   2.94
59946   8430.00   -2267750.2178  5009154.4790  3221294.3531   30.53167883676  114.35726880867       28.1461      7 07 00 00 00 00 00   2.93
59946   8460.00   -2267750.2186  5009154.4742  3221294.3485   30.53167881984  114.35726883676       28.1403      7 07 00 00 00 00 00   2.92
59946   8490.00   -2267750.2207  5009154.4824  3221294.3536   30.53167882048  114.35726882181       28.1500      7 07 00 00 00 00 00   2.92
59946   8520.00   -2267750.2226  5009154.4846  3221294.3584   30.53167884556  114.35726883024       28.1549      7 07 00 00 00 00 00   2.91
59946   8550.00   -2267750.2264  5009154.4771  3221294.3570   30.53167885861  114.35726889873       28.1496      7 07 00 00 00 00 00   2.91
59946   8580.00   -2267750.2113  5009154.4632  3221294.3468   30.53167886572  114.35726881483       28.1281      7 07 00 00 00 00 00   2.90
59946   8610.00   -2267750.2137  5009154.4768  3221294.3557   30.53167887397  114.35726877919       28.1442      7 07 00 00 00 00 00   2.90
59946   8640.00   -2267750.2105  5009154.4614  3221294.3435   30.53167884884  114.35726881525       28.1248      7 07 00 00 00 00 00   2.89
59946   8670.00   -2267750.2139  5009154.4681  3221294.3481   30.53167885074  114.35726881861       28.1337      7 07 00 00 00 00 00   2.89
59946   8700.00   -2267750.2133  5009154.4717  3221294.3471   30.53167882889  114.35726879689       28.1357      7 07 00 00 00 00 00   2.88
59946   8730.00   -2267750.2218  5009154.4880  3221294.3567   30.53167881913  114.35726880834       28.1564      7 07 00 00 00 00 00   2.87
59946   8760.00   -2267750.2199  5009154.4864  3221294.3562   30.53167882551  114.35726879669       28.1542      7 07 00 00 00 00 00   2.87
59946   8790.00   -2267750.2176  5009154.4786  3221294.3488   30.53167880465  114.35726880883       28.1435      7 07 00 00 00 00 00   2.86
59946   8820.00   -2267750.2163  5009154.4761  3221294.3547   30.53167886402  114.35726880744       28.1441      7 07 00 00 00 00 00   2.86
59946   8850.00   -2267750.2145  5009154.4772  3221294.3491   30.53167881910  114.35726878538       28.1414      7 07 00 00 00 00 00   2.85
59946   8880.00   -2267750.2197  5009154.4806  3221294.3508   30.53167880873  114.35726881974       28.1468      8 08 00 00 00 00 00   2.07
59946   8910.00   -2267750.2179  5009154.4803  3221294.3531   30.53167883135  114.35726880406       28.1472      8 08 00 00 00 00 00   2.08
59946   8940.00   -2267750.2064  5009154.4704  3221294.3503   30.53167887216  114.35726873725       28.1338      8 08 00 00 00 00 00   2.08
59946   8970.00   -2267750.2110  5009154.4740  3221294.3564   30.53167889581  114.35726876553       28.1414      8 08 00 00 00 00 00   2.09
59946   9000.00   -2267750.2067  5009154.4700  3221294.3477   30.53167885342  114.35726874183       28.1323      8 08 00 00 00 00 00   2.09
59946   9030.00   -2267750.2245  5009154.4845  3221294.3594   30.53167884973  114.35726884918       28.1560      8 08 00 00 00 00 00   2.10
59946   9060.00   -2267750.2181  5009154.4791  3221294.3538   30.53167884065  114.35726881159       28.1466      8 08 00 00 00 00 00   2.10
59946   9090.00   -2267750.2150  5009154.4836  3221294.3537   30.53167882735  114.35726876224       28.1490      8 08 00 00 00 00 00   2.11
59946   9120.00   -2267750.2229  5009154.4883  3221294.3507   30.53167876981  114.35726881763       28.1540      8 08 00 00 00 00 00   2.11
59946   9150.00   -2267750.2165  5009154.4708  3221294.3423   30.53167878967  114.35726883192       28.1337      8 08 00 00 00 00 00   2.11
59946   9180.00   -2267750.2165  5009154.4752  3221294.3495   30.53167882738  114.35726881276       28.1408      8 08 00 00 00 00 00   2.12
59946   9210.00   -2267750.2166  5009154.4739  3221294.3469   30.53167881224  114.35726881899       28.1385      8 08 00 00 00 00 00   2.12
59946   9240.00   -2267750.2159  5009154.4741  3221294.3518   30.53167885064  114.35726881170       28.1409      8 08 00 00 00 00 00   2.13
59946   9270.00   -2267750.2183  5009154.4661  3221294.3492   30.53167885907  114.35726886892       28.1342      8 08 00 00 00 00 00   2.13
59946   9300.00   -2267750.2200  5009154.4824  3221294.3554   30.53167883629  114.35726881454       28.1507      8 08 00 00 00 00 00   2.14
59946   9330.00   -2267750.2225  5009154.4812  3221294.3530   30.53167881778  114.35726884441       28.1494      8 08 00 00 00 00 00   2.14
59946   9360.00   -2267750.2146  5009154.4765  3221294.3524   30.53167884781  114.35726878897       28.1426      8 08 00 00 00 00 00   2.15
59946   9390.00   -2267750.2169  5009154.4736  3221294.3502   30.53167883830  114.35726882371       28.1401      8 08 00 00 00 00 00   2.15
59946   9420.00   -2267750.2150  5009154.4830  3221294.3528   30.53167882289  114.35726876491       28.1481      8 08 00 00 00 00 00   2.16
59946   9450.00   -2267750.2189  5009154.4972  3221294.3591   30.53167880515  114.35726874158       28.1638      8 08 00 00 00 00 00   2.16
59946   9480.00   -2267750.2248  5009154.4921  3221294.3592   30.53167881623  114.35726881871       28.1620      8 08 00 00 00 00 00   2.17
59946   9510.00   -2267750.2191  5009154.4871  3221294.3594   30.53167884907  114.35726878677       28.1561      8 08 00 00 00 00 00   2.17
59946   9540.00   -2267750.2225  5009154.4828  3221294.3584   30.53167885361  114.35726883681       28.1534      8 08 00 00 00 00 00   2.17
59946   9570.00   -2267750.2205  5009154.4829  3221294.3612   30.53167887831  114.35726881822       28.1542      8 08 00 00 00 00 00   2.18
59946   9600.00   -2267750.2154  5009154.4914  3221294.3555   30.53167880790  114.35726873296       28.1563      8 08 00 00 00 00 00   2.18
59946   9630.00   -2267750.2190  5009154.4881  3221294.3545   30.53167880719  114.35726878132       28.1543      8 08 00 00 00 00 00   2.19
59946   9660.00   -2267750.2292  5009154.4870  3221294.3556   30.53167880132  114.35726888293       28.1577      8 08 00 00 00 00 00   2.19
59946   9690.00   -2267750.2236  5009154.4859  3221294.3559   30.53167881862  114.35726883408       28.1550      8 08 00 00 00 00 00   2.20
59946   9720.00   -2267750.2214  5009154.4817  3221294.3586   30.53167886093  114.35726883127       28.1523      8 08 00 00 00 00 00   2.20
59946   9750.00   -2267750.2240  5009154.4862  3221294.3579   30.53167883224  114.35726883642       28.1564      8 08 00 00 00 00 00   2.21
59946   9780.00   -2267750.2189  5009154.4815  3221294.3518   30.53167881407  114.35726880898       28.1478      8 08 00 00 00 00 00   2.21
59946   9810.00   -2267750.2236  5009154.4891  3221294.3539   30.53167878951  114.35726882030       28.1564      8 08 00 00 00 00 00   2.21
59946   9840.00   -2267750.2259  5009154.4951  3221294.3613   30.53167881819  114.35726881679       28.1658      8 08 00 00 00 00 00   2.22
59946   9870.00   -2267750.2215  5009154.4921  3221294.3665   30.53167887851  114.35726878732       28.1645      8 08 00 00 00 00 00   2.22
59946   9900.00   -2267750.2206  5009154.4751  3221294.3577   30.53167888328  114.35726885259       28.1464      8 08 00 00 00 00 00   2.23
59946   9930.00   -2267750.2104  5009154.4764  3221294.3552   30.53167887820  114.35726874965       28.1425      8 08 00 00 00 00 00   2.23
59946   9960.00   -2267750.2096  5009154.4826  3221294.3587   30.53167888078  114.35726871570       28.1489      8 08 00 00 00 00 00   2.23
59946   9990.00   -2267750.2184  5009154.4903  3221294.3609   30.53167884895  114.35726876569       28.1591      8 08 00 00 00 00 00   2.24
59946  10020.00   -2267750.2148  5009154.4869  3221294.3575   30.53167884346  114.35726874624       28.1535      8 08 00 00 00 00 00   2.24
59946  10050.00   -2267750.2176  5009154.4904  3221294.3554   30.53167880755  114.35726875756       28.1562      8 08 00 00 00 00 00   2.25
59946  10080.00   -2267750.2188  5009154.4957  3221294.3597   30.53167881674  114.35726874673       28.1629      8 08 00 00 00 00 00   2.25
59946  10110.00   -2267750.2071  5009154.4828  3221294.3477   30.53167879862  114.35726869038       28.1425      8 08 00 00 00 00 00   2.25
59946  10140.00   -2267750.2196  5009154.4896  3221294.3588   30.53167883327  114.35726877995       28.1580      8 08 00 00 00 00 00   2.26
59946  10170.00   -2267750.2172  5009154.4743  3221294.3496   30.53167882995  114.35726882306       28.1404      8 08 00 00 00 00 00   2.26
59946  10200.00   -2267750.2188  5009154.4830  3221294.3562   30.53167884170  114.35726880076       28.1512      8 08 00 00 00 00 00   2.26
59946  10230.00   -2267750.2081  5009154.4786  3221294.3576   30.53167889151  114.35726871821       28.1447      8 08 00 00 00 00 00   2.27
59946  10260.00   -2267750.2163  5009154.4796  3221294.3606   30.53167889522  114.35726879252       28.1498      8 08 00 00 00 00 00   2.27
59946  10290.00   -2267750.2133  5009154.4701  3221294.3480   30.53167884214  114.35726880425       28.1349      8 08 00 00 00 00 00   2.27
59946  10320.00   -2267750.2156  5009154.4882  3221294.3576   30.53167883675  114.35726874842       28.1548      8 08 00 00 00 00 00   2.28
59946  10350.00   -2267750.2171  5009154.4912  3221294.3582   30.53167882664  114.35726875003       28.1580      8 08 00 00 00 00 00   2.28
59946  10380.00   -2267750.2174  5009154.4948  3221294.3600   30.53167882488  114.35726873706       28.1619      8 08 00 00 00 00 00   2.28
59946  10410.00   -2267750.2307  5009154.4988  3221294.3652   30.53167882326  114.35726884644       28.1723      8 08 00 00 00 00 00   2.28
59946  10440.00   -2267750.2211  5009154.4943  3221294.3566   30.53167879386  114.35726877405       28.1610      8 08 00 00 00 00 00   2.29
59946  10470.00   -2267750.2208  5009154.4963  3221294.3533   30.53167876007  114.35726876300       28.1608      8 08 00 00 00 00 00   2.29
59946  10500.00   -2267750.2181  5009154.4900  3221294.3546   30.53167880131  114.35726876477       28.1556      8 08 00 00 00 00 00   2.29
59946  10530.00   -2267750.2061  5009154.4907  3221294.3559   30.53167883171  114.35726864725       28.1526      8 08 00 00 00 00 00   2.29
59946  10560.00   -2267750.2169  5009154.5023  3221294.3648   30.53167883199  114.35726870037       28.1700      8 08 00 00 00 00 00   2.30
59946  10590.00   -2267750.2213  5009154.4887  3221294.3539   30.53167879547  114.35726880038       28.1553      8 08 00 00 00 00 00   2.30
59946  10620.00   -2267750.2105  5009154.4871  3221294.3572   30.53167884808  114.35726870441       28.1519      8 08 00 00 00 00 00   2.30
59946  10650.00   -2267750.2077  5009154.4770  3221294.3511   30.53167884838  114.35726872131       28.1399      8 08 00 00 00 00 00   2.30
59946  10680.00   -2267750.2151  5009154.4863  3221294.3610   30.53167887276  114.35726875143       28.1549      8 08 00 00 00 00 00   2.30
59946  10710.00   -2267750.2233  5009154.4928  3221294.3565   30.53167879483  114.35726880131       28.1606      8 08 00 00 00 00 00   2.31
59946  10740.00   -2267750.2242  5009154.4970  3221294.3575   30.53167878353  114.35726879244       28.1648      8 08 00 00 00 00 00   2.31
59946  10770.00   -2267750.2144  5009154.4977  3221294.3602   30.53167881956  114.35726869627       28.1632      8 08 00 00 00 00 00   2.31
59946  10800.00   -2267750.2079  5009154.4846  3221294.3513   30.53167881742  114.35726869095       28.1461      8 08 00 00 00 00 00   2.31
59946  10830.00   -2267750.2137  5009154.4894  3221294.3604   30.53167885778  114.35726872519       28.1565      8 08 00 00 00 00 00   2.31
59946  10860.00   -2267750.2147  5009154.4908  3221294.3565   30.53167881910  114.35726872890       28.1560      8 08 00 00 00 00 00   2.31
59946  10890.00   -2267750.2139  5009154.4887  3221294.3548   30.53167881642  114.35726873010       28.1532      8 08 00 00 00 00 00   2.31
59946  10920.00   -2267750.2254  5009154.4904  3221294.3557   30.53167879470  114.35726883240       28.1590      8 08 00 00 00 00 00   2.31
59946  10950.00   -2267750.2239  5009154.5020  3221294.3646   30.53167881882  114.35726876738       28.1722      8 08 00 00 00 00 00   2.32
59946  10980.00   -2267750.2270  5009154.4971  3221294.3620   30.53167881313  114.35726881821       28.1681      8 08 00 00 00 00 00   2.32
59946  11010.00   -2267750.2269  5009154.4990  3221294.3617   30.53167880292  114.35726880936       28.1694      8 08 00 00 00 00 00   2.32
59946  11040.00   -2267750.2271  5009154.4940  3221294.3555   30.53167877502  114.35726883280       28.1625      8 08 00 00 00 00 00   2.32
59946  11070.00   -2267750.2237  5009154.4877  3221294.3520   30.53167878063  114.35726882777       28.1545      8 08 00 00 00 00 00   2.32
59946  11100.00   -2267750.2159  5009154.4862  3221294.3490   30.53167877821  114.35726876001       28.1490      8 08 00 00 00 00 00   2.32
59946  11130.00   -2267750.2166  5009154.4891  3221294.3555   30.53167881513  114.35726875418       28.1548      8 08 00 00 00 00 00   2.32
59946  11160.00   -2267750.2241  5009154.4953  3221294.3568   30.53167878544  114.35726879859       28.1630      8 08 00 00 00 00 00   2.32
59946  11190.00   -2267750.2313  5009154.4995  3221294.3629   30.53167880190  114.35726884942       28.1720      8 08 00 00 00 00 00   2.32
59946  11220.00   -2267750.2262  5009154.4969  3221294.3659   30.53167884521  114.35726881132       28.1696      8 08 00 00 00 00 00   2.32
59946  11250.00   -2267750.2205  5009154.4967  3221294.3558   30.53167877865  114.35726875845       28.1623      8 08 00 00 00 00 00   2.32
59946  11280.00   -2267750.2270  5009154.4995  3221294.3620   30.53167880315  114.35726880802       28.1700      8 08 00 00 00 00 00   2.32
59946  11310.00   -2267750.2300  5009154.5170  3221294.3688   30.53167877710  114.35726876106       28.1882      8 08 00 00 00 00 00   2.32
59946  11340.00   -2267750.2123  5009154.5069  3221294.3605   30.53167878822  114.35726863667       28.1698      8 08 00 00 00 00 00   2.31
59946  11370.00   -2267750.2178  5009154.4938  3221294.3637   30.53167885706  114.35726874486       28.1630      8 08 00 00 00 00 00   2.31
59946  11400.00   -2267750.2170  5009154.4962  3221294.3595   30.53167881609  114.35726872695       28.1626      8 08 00 00 00 00 00   2.31
59946  11430.00   -2267750.2251  5009154.5028  3221294.3636   30.53167880465  114.35726877607       28.1727      8 08 00 00 00 00 00   2.31
59946  11460.00   -2267750.2319  5009154.5206  3221294.3705   30.53167877180  114.35726876416       28.1926      8 08 00 00 00 00 00   2.31
59946  11490.00   -2267750.2259  5009154.5073  3221294.3666   30.53167880822  114.35726876390       28.1781      8 08 00 00 00 00 00   2.31
59946  11520.00   -2267750.2196  5009154.5105  3221294.3637   30.53167878353  114.35726869061       28.1769      8 08 00 00 00 00 00   2.31
59946  11550.00   -2267750.2229  5009154.5071  3221294.3634   30.53167878958  114.35726873640       28.1752      8 08 00 00 00 00 00   2.31
59946  11580.00   -2267750.2282  5009154.5135  3221294.3660   30.53167877339  114.35726875951       28.1834      8 08 00 00 00 00 00   2.30
59946  11610.00   -2267750.2262  5009154.5039  3221294.3637   30.53167879933  114.35726878179       28.1740      8 08 00 00 00 00 00   2.30
59946  11640.00   -2267750.2227  5009154.4977  3221294.3654   30.53167884479  114.35726877476       28.1688      8 08 00 00 00 00 00   2.30
59946  11670.00   -2267750.2225  5009154.5070  3221294.3688   30.53167883311  114.35726873317       28.1777      8 08 00 00 00 00 00   2.30
59946  11700.00   -2267750.2151  5009154.4945  3221294.3646   30.53167886597  114.35726871690       28.1632      8 08 00 00 00 00 00   2.30
59946  11730.00   -2267750.2376  5009154.5220  3221294.3740   30.53167878210  114.35726881140       28.1975      7 07 00 00 00 00 00   2.47
59946  11760.00   -2267750.2340  5009154.5245  3221294.3746   30.53167878320  114.35726876677       28.1984      6 06 00 00 00 00 00   4.70
59946  11790.00   -2267750.2207  5009154.4839  3221294.3603   30.53167886701  114.35726881521       28.1546      7 07 00 00 00 00 00   3.39
59946  11820.00   -2267750.2156  5009154.4758  3221294.3579   30.53167889129  114.35726880150       28.1452      7 07 00 00 00 00 00   3.41
59946  11850.00   -2267750.2107  5009154.4609  3221294.3497   30.53167889901  114.35726881894       28.1276      7 07 00 00 00 00 00   3.42
59946  11880.00   -2267750.2132  5009154.4803  3221294.3566   30.53167886745  114.35726875911       28.1473      7 07 00 00 00 00 00   3.44
59946  11910.00   -2267750.2140  5009154.4766  3221294.3564   30.53167887973  114.35726878296       28.1446      7 07 00 00 00 00 00   3.46
59946  11940.00   -2267750.2073  5009154.4571  3221294.3492   30.53167891755  114.35726880340       28.1232      7 07 00 00 00 00 00   3.47
59946  11970.00   -2267750.2130  5009154.4691  3221294.3506   30.53167886777  114.35726880587       28.1354      7 07 00 00 00 00 00   3.49
59946  12000.00   -2267750.2098  5009154.4683  3221294.3543   30.53167890561  114.35726877899       28.1355      7 07 00 00 00 00 00   3.50
59946  12030.00   -2267750.2193  5009154.4822  3221294.3610   30.53167888235  114.35726880910       28.1531      7 07 00 00 00 00 00   3.51
59946  12060.00   -2267750.2192  5009154.4944  3221294.3640   30.53167885407  114.35726875625       28.1642      7 07 00 00 00 00 00   3.53
59946  12090.00   -2267750.2116  5009154.4915  3221294.3595   30.53167884598  114.35726869601       28.1569      7 07 00 00 00 00 00   3.54
59946  12120.00   -2267750.2116  5009154.4695  3221294.3513   30.53167887361  114.35726879083       28.1356      7 07 00 00 00 00 00   3.55
59946  12150.00   -2267750.2276  5009154.4886  3221294.3572   30.53167880992  114.35726886027       28.1592      7 07 00 00 00 00 00   3.56
59946  12180.00   -2267750.2232  5009154.4927  3221294.3584   30.53167881018  114.35726880144       28.1614      7 07 00 00 00 00 00   3.57
59946  12210.00   -2267750.2171  5009154.4754  3221294.3523   30.53167884685  114.35726881763       28.1426      7 07 00 00 00 00 00   3.58
59946  12240.00   -2267750.2240  5009154.4995  3221294.3623   30.53167881063  114.35726877953       28.1691      7 07 00 00 00 00 00   3.59
59946  12270.00   -2267750.2276  5009154.5083  3221294.3621   30.53167876594  114.35726877590       28.1772      7 07 00 00 00 00 00   3.59
59946  12300.00   -2267750.2267  5009154.5062  3221294.3619   30.53167877439  114.35726877630       28.1751      7 07 00 00 00 00 00   3.60
59946  12330.00   -2267750.2451  5009154.5542  3221294.3905   30.53167876166  114.35726874496       28.2338      7 07 00 00 00 00 00   3.60
59946  12360.00   -2267750.2423  5009154.5430  3221294.3824   30.53167875108  114.35726876577       28.2199      7 07 00 00 00 00 00   3.61
59946  12390.00   -2267750.2452  5009154.5461  3221294.3880   30.53167877537  114.35726878029       28.2262      7 07 00 00 00 00 00   3.61
59946  12420.00   -2267750.2445  5009154.5475  3221294.3843   30.53167874299  114.35726876785       28.2252      7 07 00 00 00 00 00   3.61
59946  12450.00   -2267750.2437  5009154.5661  3221294.3902   30.53167871210  114.35726868041       28.2425      7 07 00 00 00 00 00   3.61
59946  12480.00   -2267750.2176  5009154.4799  3221294.3606   30.53167889140  114.35726880247       28.1506      7 07 00 00 00 00 00   3.61
59946  12510.00   -2267750.2146  5009154.4831  3221294.3558   30.53167884624  114.35726876101       28.1495      7 07 00 00 00 00 00   3.61
59946  12540.00   -2267750.2117  5009154.4736  3221294.3462   30.53167881672  114.35726877437       28.1362      7 07 00 00 00 00 00   3.61
59946  12570.00   -2267750.2202  5009154.4908  3221294.3549   30.53167879672  114.35726878116       28.1571      7 07 00 00 00 00 00   3.60
59946  12600.00   -2267750.2251  5009154.5067  3221294.3683   30.53167882496  114.35726875878       28.1781      7 07 00 00 00 00 00   3.60
59946  12630.00   -2267750.2301  5009154.4876  3221294.3544   30.53167878782  114.35726888864       28.1578      7 07 00 00 00 00 00   3.60
59946  12660.00   -2267750.2184  5009154.4836  3221294.3544   30.53167882622  114.35726879493       28.1505      7 07 00 00 00 00 00   3.59
59946  12690.00   -2267750.2086  5009154.4619  3221294.3498   30.53167889988  114.35726879493       28.1277      7 07 00 00 00 00 00   3.58
59946  12720.00   -2267750.2300  5009154.4947  3221294.3578   30.53167878441  114.35726885758       28.1651      7 07 00 00 00 00 00   3.57
59946  12750.00   -2267750.2322  5009154.5045  3221294.3579   30.53167874011  114.35726883615       28.1737      7 07 00 00 00 00 00   3.57
59946  12780.00   -2267750.2375  5009154.5228  3221294.3606   30.53167867501  114.35726880792       28.1913      7 07 00 00 00 00 00   3.56
59946  12810.00   -2267750.2297  5009154.5019  3221294.3595   30.53167876825  114.35726882303       28.1715      7 07 00 00 00 00 00   3.54
59946  12840.00   -2267750.2260  5009154.4978  3221294.3563   30.53167876719  114.35726880638       28.1653      7 07 00 00 00 00 00   3.53
59946  12870.00   -2267750.2242  5009154.4939  3221294.3562   30.53167878624  114.35726880562       28.1616      7 07 00 00 00 00 00   3.52
59946  12900.00   -2267750.2267  5009154.5031  3221294.3621   30.53167878924  114.35726878955       28.1728      7 07 00 00 00 00 00   3.51
59946  12930.00   -2267750.2225  5009154.4892  3221294.3566   30.53167881208  114.35726880959       28.1575      7 07 00 00 00 00 00   3.49
59946  12960.00   -2267750.2126  5009154.4723  3221294.3515   30.53167886195  114.35726878822       28.1381      7 07 00 00 00 00 00   3.48
59946  12990.00   -2267750.2212  5009154.4801  3221294.3511   30.53167881042  114.35726883647       28.1472      7 07 00 00 00 00 00   3.47
59946  13020.00   -2267750.2351  5009154.5028  3221294.3585   30.53167874638  114.35726887087       28.1737      7 07 00 00 00 00 00   3.45
59946  13050.00   -2267750.2213  5009154.5060  3221294.3682   30.53167883463  114.35726872554       28.1762      7 07 00 00 00 00 00   3.43
59946  13080.00   -2267750.2241  5009154.5165  3221294.3744   30.53167883348  114.35726870794       28.1885      7 07 00 00 00 00 00   3.42
59946  13110.00   -2267750.2209  5009154.4910  3221294.3599   30.53167883364  114.35726878708       28.1601      7 07 00 00 00 00 00   3.40
59946  13140.00   -2267750.2275  5009154.5013  3221294.3582   30.53167876458  114.35726880520       28.1696      7 07 00 00 00 00 00   3.38
59946  13170.00   -2267750.2333  5009154.5058  3221294.3617   30.53167876243  114.35726884105       28.1770      7 07 00 00 00 00 00   3.37
59946  13200.00   -2267750.2301  5009154.4994  3221294.3627   30.53167880232  114.35726883736       28.1713      7 07 00 00 00 00 00   3.35
59946  13230.00   -2267750.2215  5009154.4974  3221294.3577   30.53167878799  114.35726876485       28.1642      7 07 00 00 00 00 00   3.33
59946  13260.00   -2267750.2164  5009154.4883  3221294.3545   30.53167881127  114.35726875534       28.1537      7 07 00 00 00 00 00   3.31
59946  13290.00   -2267750.2218  5009154.4968  3221294.3584   30.53167879601  114.35726877074       28.1642      7 07 00 00 00 00 00   3.29
59946  13320.00   -2267750.2227  5009154.4981  3221294.3623   30.53167881887  114.35726877280       28.1675      7 07 00 00 00 00 00   3.27
59946  13350.00   -2267750.2315  5009154.5337  3221294.3720   30.53167872911  114.35726870321       28.2035      7 07 00 00 00 00 00   3.25
59946  13380.00   -2267750.2113  5009154.4790  3221294.3575   30.53167888310  114.35726874720       28.1460      7 07 00 00 00 00 00   3.23
59946  13410.00   -2267750.2210  5009154.4917  3221294.3601   30.53167883173  114.35726878463       28.1608      7 07 00 00 00 00 00   3.21
59946  13440.00   -2267750.2118  5009154.4821  3221294.3590   30.53167888044  114.35726873847       28.1494      7 07 00 00 00 00 00   3.19
59946  13470.00   -2267750.2287  5009154.5014  3221294.3615   30.53167878800  114.35726881586       28.1718      7 07 00 00 00 00 00   3.17
59946  13500.00   -2267750.2350  5009154.5099  3221294.3657   30.53167877299  114.35726883897       28.1828      7 07 00 00 00 00 00   3.15
59946  13530.00   -2267750.2156  5009154.4938  3221294.3648   30.53167886995  114.35726872458       28.1629      7 07 00 00 00 00 00   3.13
59946  13560.00   -2267750.2252  5009154.5029  3221294.3633   30.53167880231  114.35726877606       28.1726      7 07 00 00 00 00 00   3.11
59946  13590.00   -2267750.2172  5009154.4862  3221294.3554   30.53167882579  114.35726877208       28.1527      7 07 00 00 00 00 00   3.09
59946  13620.00   -2267750.2263  5009154.5021  3221294.3560   30.53167874637  114.35726879000       28.1687      7 07 00 00 00 00 00   3.07
59946  13650.00   -2267750.2250  5009154.4996  3221294.3622   30.53167880774  114.35726878859       28.1695      7 07 00 00 00 00 00   3.05
59946  13680.00   -2267750.2184  5009154.4930  3221294.3587   30.53167882040  114.35726875409       28.1601      7 07 00 00 00 00 00   3.04
59946  13710.00   -2267750.2174  5009154.4961  3221294.3573   30.53167879852  114.35726873147       28.1615      7 07 00 00 00 00 00   3.02
59946  13740.00   -2267750.2252  5009154.5002  3221294.3597   30.53167878526  114.35726878782       28.1687      7 07 00 00 00 00 00   3.00
59946  13770.00   -2267750.2325  5009154.5057  3221294.3640   30.53167878219  114.35726883365       28.1779      7 07 00 00 00 00 00   2.98
59946  13800.00   -2267750.2449  5009154.5221  3221294.3629   30.53167868190  114.35726888117       28.1946      7 07 00 00 00 00 00   2.96
59946  13830.00   -2267750.2393  5009154.5160  3221294.3700   30.53167877279  114.35726885396       28.1914      7 07 00 00 00 00 00   2.94
59946  13860.00   -2267750.2217  5009154.5057  3221294.3666   30.53167882319  114.35726873131       28.1753      7 07 00 00 00 00 00   2.92
59946  13890.00   -2267750.2276  5009154.5056  3221294.3687   30.53167882860  114.35726878730       28.1783      7 07 00 00 00 00 00   2.90
59946  13920.00   -2267750.2316  5009154.5158  3221294.3706   30.53167879287  114.35726878165       28.1888      7 07 00 00 00 00 00   2.88
59946  13950.00   -2267750.2235  5009154.5073  3221294.3649   30.53167879907  114.35726874124       28.1763      7 07 00 00 00 00 00   2.86
59946  13980.00   -2267750.2247  5009154.5055  3221294.3678   30.53167882676  114.35726876065       28.1769      7 07 00 00 00 00 00   2.85
59946  14010.00   -2267750.2291  5009154.5001  3221294.3686   30.53167884775  114.35726882533       28.1745      7 07 00 00 00 00 00   2.83
59946  14040.00   -2267750.2347  5009154.5048  3221294.3646   30.53167878596  114.35726885808       28.1782      7 07 00 00 00 00 00   2.81
59946  14070.00   -2267750.2213  5009154.4920  3221294.3665   30.53167887922  114.35726878630       28.1644      7 07 00 00 00 00 00   2.79
59946  14100.00   -2267750.2278  5009154.4890  3221294.3638   30.53167885923  114.35726886097       28.1629      7 07 00 00 00 00 00   2.77
59946  14130.00   -2267750.2253  5009154.4868  3221294.3609   30.53167885034  114.35726884617       28.1588      7 07 00 00 00 00 00   2.76
59946  14160.00   -2267750.2331  5009154.4996  3221294.3680   30.53167883795  114.35726886571       28.1753      7 07 00 00 00 00 00   2.74
59946  14190.00   -2267750.2333  5009154.5103  3221294.3661   30.53167877792  114.35726882119       28.1827      7 07 00 00 00 00 00   2.72
59946  14220.00   -2267750.2326  5009154.4975  3221294.3613   30.53167879530  114.35726886938       28.1701      7 07 00 00 00 00 00   2.71
59946  14250.00   -2267750.2354  5009154.5062  3221294.3640   30.53167877471  114.35726885880       28.1792      7 07 00 00 00 00 00   2.69
59946  14280.00   -2267750.2317  5009154.4971  3221294.3601   30.53167878924  114.35726886257       28.1688      7 07 00 00 00 00 00   2.68
59946  14310.00   -2267750.2221  5009154.4923  3221294.3643   30.53167886003  114.35726879294       28.1638      7 07 00 00 00 00 00   2.66
59946  14340.00   -2267750.2194  5009154.4950  3221294.3621   30.53167883674  114.35726875521       28.1639      7 07 00 00 00 00 00   2.64
59946  14370.00   -2267750.2328  5009154.5127  3221294.3654   30.53167876269  114.35726880641       28.1841      7 07 00 00 00 00 00   2.63
59946  14400.00   -2267750.2320  5009154.5073  3221294.3673   30.53167880158  114.35726882149       28.1805      7 07 00 00 00 00 00   2.62
59946  14430.00   -2267750.2364  5009154.4995  3221294.3649   30.53167880755  114.35726889705       28.1748      8 08 00 00 00 00 00   2.12
59946  14460.00   -2267750.2384  5009154.5124  3221294.3657   30.53167875639  114.35726886079       28.1861      8 08 00 00 00 00 00   2.11
59946  14490.00   -2267750.2386  5009154.4953  3221294.3566   30.53167875638  114.35726893581       28.1681      8 08 00 00 00 00 00   2.11
59946  14520.00   -2267750.2251  5009154.4852  3221294.3576   30.53167883156  114.35726885164       28.1558      8 08 00 00 00 00 00   2.10
59946  14550.00   -2267750.2341  5009154.5102  3221294.3747   30.53167884364  114.35726882957       28.1873      8 08 00 00 00 00 00   2.10
59946  14580.00   -2267750.2269  5009154.4940  3221294.3573   30.53167878964  114.35726883058       28.1633      8 08 00 00 00 00 00   2.10
59946  14610.00   -2267750.2344  5009154.4986  3221294.3662   30.53167882547  114.35726888181       28.1741      8 08 00 00 00 00 00   2.09
59946  14640.00   -2267750.2367  5009154.5036  3221294.3603   30.53167875392  114.35726888216       28.1758      8 08 00 00 00 00 00   2.09
59946  14670.00   -2267750.2378  5009154.5123  3221294.3629   30.53167873553  114.35726885583       28.1843      8 08 00 00 00 00 00   2.08
59946  14700.00   -2267750.2373  5009154.5111  3221294.3727   30.53167881767  114.35726885634       28.1882      8 08 00 00 00 00 00   2.08
59946  14730.00   -2267750.2416  5009154.5068  3221294.3694   30.53167880196  114.35726891562       28.1847      9 09 00 00 00 00 00   1.55
59946  14760.00   -2267750.2283  5009154.4970  3221294.3704   30.53167887642  114.35726883094       28.1728      9 09 00 00 00 00 00   1.55
59946  14790.00   -2267750.2246  5009154.4924  3221294.3716   30.53167891128  114.35726881615       28.1684      9 09 00 00 00 00 00   1.55
59946  14820.00   -2267750.2374  5009154.5045  3221294.3672   30.53167880238  114.35726888497       28.1802      9 09 00 00 00 00 00   1.55
59946  14850.00   -2267750.2333  5009154.5049  3221294.3684   30.53167881758  114.35726884422       28.1797      9 09 00 00 00 00 00   1.55
59946  14880.00   -2267750.2298  5009154.5062  3221294.3783   30.53167889619  114.35726880540       28.1845      9 09 00 00 00 00 00   1.55
59946  14910.00   -2267750.2287  5009154.4922  3221294.3720   30.53167890772  114.35726885551       28.1699      9 09 00 00 00 00 00   1.55
59946  14940.00   -2267750.2355  5009154.5043  3221294.3736   30.53167885653  114.35726886801       28.1826      9 09 00 00 00 00 00   1.54
59946  14970.00   -2267750.2395  5009154.4995  3221294.3671   30.53167881856  114.35726892690       28.1771      9 09 00 00 00 00 00   1.54
59946  15000.00   -2267750.2354  5009154.5066  3221294.3629   30.53167876367  114.35726885698       28.1790      9 09 00 00 00 00 00   1.54
59946  15030.00   -2267750.2253  5009154.4910  3221294.3673   30.53167888298  114.35726882804       28.1654      9 09 00 00 00 00 00   1.54
59946  15060.00   -2267750.2273  5009154.4985  3221294.3747   30.53167890467  114.35726881533       28.1757      9 09 00 00 00 00 00   1.54
59946  15090.00   -2267750.2333  5009154.5045  3221294.3832   30.53167893461  114.35726884608       28.1869      9 09 00 00 00 00 00   1.54
59946  15120.00   -2267750.2303  5009154.5090  3221294.3719   30.53167883336  114.35726879884       28.1836      9 09 00 00 00 00 00   1.54
59946  15150.00   -2267750.2283  5009154.4986  3221294.3715   30.53167887790  114.35726882374       28.1746      9 09 00 00 00 00 00   1.54
59946  15180.00   -2267750.2454  5009154.5018  3221294.3665   30.53167879364  114.35726897261       28.1806      9 09 00 00 00 00 00   1.53
59946  15210.00   -2267750.2427  5009154.5087  3221294.3745   30.53167883156  114.35726891792       28.1891      9 09 00 00 00 00 00   1.53
59946  15240.00   -2267750.2271  5009154.4968  3221294.3733   30.53167890197  114.35726882026       28.1737      8 08 00 00 00 00 00   1.70
59946  15270.00   -2267750.2271  5009154.4943  3221294.3667   30.53167886062  114.35726883083       28.1683      8 08 00 00 00 00 00   1.70
59946  15300.00   -2267750.2371  5009154.5043  3221294.3672   30.53167880415  114.35726888385       28.1800      8 08 00 00 00 00 00   1.70
59946  15330.00   -2267750.2404  5009154.5022  3221294.3632   30.53167877586  114.35726892402       28.1774      8 08 00 00 00 00 00   1.70
59946  15360.00   -2267750.2353  5009154.4985  3221294.3678   30.53167883646  114.35726889115       28.1751      8 08 00 00 00 00 00   1.71
59946  15390.00   -2267750.2273  5009154.5014  3221294.3754   30.53167889852  114.35726880222       28.1784      8 08 00 00 00 00 00   1.71
59946  15420.00   -2267750.2322  5009154.4918  3221294.3686   30.53167887686  114.35726889085       28.1691      8 08 00 00 00 00 00   1.71
59946  15450.00   -2267750.2239  5009154.5015  3221294.3712   30.53167887176  114.35726877011       28.1752      8 08 00 00 00 00 00   1.71
59946  15480.00   -2267750.2268  5009154.5003  3221294.3667   30.53167883657  114.35726880261       28.1730      8 08 00 00 00 00 00   1.72
59946  15510.00   -2267750.2369  5009154.5117  3221294.3744   30.53167882966  114.35726884964       28.1894      8 08 00 00 00 00 00   1.72
59946  15540.00   -2267750.2301  5009154.5065  3221294.3621   30.53167876850  114.35726880760       28.1766      8 08 00 00 00 00 00   1.72
59946  15570.00   -2267750.2317  5009154.5064  3221294.3661   30.53167879699  114.35726882265       28.1791      8 08 00 00 00 00 00   1.72
59946  15600.00   -2267750.2346  5009154.5149  3221294.3746   30.53167882206  114.35726881390       28.1911      8 08 00 00 00 00 00   1.73
59946  15630.00   -2267750.2335  5009154.5076  3221294.3554   30.53167870485  114.35726883483       28.1753      8 08 00 00 00 00 00   1.73
59946  15660.00   -2267750.2299  5009154.4957  3221294.3611   30.53167880596  114.35726885182       28.1676      8 08 00 00 00 00 00   1.73
59946  15690.00   -2267750.2412  5009154.4976  3221294.3695   30.53167884233  114.35726895075       28.1774      8 08 00 00 00 00 00   1.73
59946  15720.00   -2267750.2378  5009154.4902  3221294.3613   30.53167881562  114.35726895000       28.1662      8 08 00 00 00 00 00   1.74
59946  15750.00   -2267750.2287  5009154.5059  3221294.3580   30.53167874182  114.35726879710       28.1736      8 08 00 00 00 00 00   1.74
59946  15780.00   -2267750.2239  5009154.5002  3221294.3669   30.53167884387  114.35726877570       28.1719      8 08 00 00 00 00 00   1.74
59946  15810.00   -2267750.2309  5009154.5046  3221294.3729   30.53167885911  114.35726882281       28.1809      7 07 00 00 00 00 00   1.89
59946  15840.00   -2267750.2194  5009154.4806  3221294.3658   30.53167892578  114.35726881722       28.1544      7 07 00 00 00 00 00   1.98
59946  15870.00   -2267750.2202  5009154.4755  3221294.3640   30.53167893113  114.35726884676       28.1498      7 07 00 00 00 00 00   1.99
59946  15900.00   -2267750.2274  5009154.4747  3221294.3620   30.53167890546  114.35726891841       28.1507      7 07 00 00 00 00 00   1.99
59946  15930.00   -2267750.2350  5009154.4886  3221294.3663   30.53167886689  114.35726893135       28.1665      7 07 00 00 00 00 00   2.00
59946  15960.00   -2267750.2212  5009154.4773  3221294.3568   30.53167886602  114.35726884870       28.1479      7 07 00 00 00 00 00   2.00
59946  15990.00   -2267750.2317  5009154.4818  3221294.3574   30.53167883203  114.35726892844       28.1554      7 07 00 00 00 00 00   2.01
59946  16020.00   -2267750.2341  5009154.4878  3221294.3625   30.53167884214  114.35726892577       28.1636      7 07 00 00 00 00 00   2.01
59946  16050.00   -2267750.2311  5009154.4900  3221294.3759   30.53167894270  114.35726888781       28.1710      7 07 00 00 00 00 00   2.02
59946  16080.00   -2267750.2128  5009154.4747  3221294.3650   30.53167895672  114.35726877966       28.1470      7 07 00 00 00 00 00   2.02
59946  16110.00   -2267750.2210  5009154.4835  3221294.3626   30.53167888555  114.35726881939       28.1556      7 07 00 00 00 00 00   2.03
59946  16140.00   -2267750.2280  5009154.4841  3221294.3703   30.53167892970  114.35726888396       28.1625      7 07 00 00 00 00 00   2.03
59946  16170.00   -2267750.2153  5009154.4748  3221294.3599   30.53167891200  114.35726880292       28.1453      7 07 00 00 00 00 00   2.04
59946  16200.00   -2267750.2179  5009154.4753  3221294.3516   30.53167884053  114.35726882582       28.1424      7 07 00 00 00 00 00   2.04
59946  16230.00   -2267750.2197  5009154.4761  3221294.3574   30.53167887877  114.35726883933       28.1467      7 07 00 00 00 00 00   2.05
59946  16260.00   -2267750.2171  5009154.4675  3221294.3684   30.53167900460  114.35726885181       28.1446      7 07 00 00 00 00 00   2.05
59946  16290.00   -2267750.2170  5009154.4643  3221294.3539   30.53167890568  114.35726886476       28.1347      7 07 00 00 00 00 00   2.06
59946  16320.00   -2267750.2266  5009154.4845  3221294.3693   30.53167892257  114.35726886861       28.1617      7 07 00 00 00 00 00   2.06
59946  16350.00   -2267750.2263  5009154.4823  3221294.3744   30.53167897230  114.35726887516       28.1625      7 07 00 00 00 00 00   2.07
59946  16380.00   -2267750.2159  5009154.4756  3221294.3565   30.53167888122  114.35726880560       28.1445      7 07 00 00 00 00 00   2.07
59946  16410.00   -2267750.2204  5009154.4710  3221294.3617   30.53167893197  114.35726886786       28.1451      7 07 00 00 00 00 00   2.07
59946  16440.00   -2267750.2167  5009154.4751  3221294.3576   30.53167888991  114.35726881545       28.1450      7 07 00 00 00 00 00   2.08
59946  16470.00   -2267750.2175  5009154.4897  3221294.3671   30.53167890095  114.35726876010       28.1615      7 07 00 00 00 00 00   2.08
59946  16500.00   -2267750.2213  5009154.4823  3221294.3742   30.53167898014  114.35726882832       28.1607      7 07 00 00 00 00 00   2.09
59946  16530.00   -2267750.2188  5009154.4843  3221294.3593   30.53167886080  114.35726879574       28.1538      7 07 00 00 00 00 00   2.09
59946  16560.00   -2267750.2197  5009154.4942  3221294.3674   30.53167888009  114.35726876177       28.1660      7 07 00 00 00 00 00   2.10
59946  16590.00   -2267750.2226  5009154.5076  3221294.3682   30.53167882565  114.35726873077       28.1780      7 07 00 00 00 00 00   2.10
59946  16620.00   -2267750.2134  5009154.5005  3221294.3686   30.53167887543  114.35726867424       28.1693      7 07 00 00 00 00 00   2.11
59946  16650.00   -2267750.2235  5009154.4854  3221294.3670   30.53167890727  114.35726883565       28.1602      7 07 00 00 00 00 00   2.11
59946  16680.00   -2267750.2267  5009154.4934  3221294.3566   30.53167878659  114.35726883140       28.1623      7 07 00 00 00 00 00   2.11
59946  16710.00   -2267750.2142  5009154.4876  3221294.3679   30.53167892262  114.35726873744       28.1591      7 07 00 00 00 00 00   2.12
59946  16740.00   -2267750.2230  5009154.4893  3221294.3680   30.53167889947  114.35726881419       28.1636      7 07 00 00 00 00 00   2.12
59946  16770.00   -2267750.2292  5009154.4791  3221294.3657   30.53167891257  114.35726891646       28.1566      7 07 00 00 00 00 00   2.13
59946  16800.00   -2267750.2182  5009154.4791  3221294.3653   30.53167892994  114.35726881192       28.1525      7 07 00 00 00 00 00   2.13
59946  16830.00   -2267750.2114  5009154.4714  3221294.3664   30.53167898385  114.35726878067       28.1446      7 07 00 00 00 00 00   2.14
59946  16860.00   -2267750.2112  5009154.4807  3221294.3624   30.53167891410  114.35726873845       28.1498      7 07 00 00 00 00 00   2.14
59946  16890.00   -2267750.2165  5009154.4771  3221294.3580   30.53167888486  114.35726880458       28.1466      7 07 00 00 00 00 00   2.14
59946  16920.00   -2267750.2143  5009154.4815  3221294.3491   30.53167880171  114.35726876497       28.1448      7 07 00 00 00 00 00   2.15
59946  16950.00   -2267750.2174  5009154.4780  3221294.3612   30.53167890472  114.35726880956       28.1493      7 07 00 00 00 00 00   2.15
59946  16980.00   -2267750.2256  5009154.4803  3221294.3627   30.53167889068  114.35726887692       28.1547      7 07 00 00 00 00 00   2.16
59946  17010.00   -2267750.2169  5009154.4816  3221294.3571   30.53167885866  114.35726878970       28.1498      7 07 00 00 00 00 00   2.16
59946  17040.00   -2267750.2173  5009154.4852  3221294.3627   30.53167888652  114.35726877792       28.1557      7 07 00 00 00 00 00   2.16
59946  17070.00   -2267750.2117  5009154.4760  3221294.3581   30.53167889917  114.35726876337       28.1441      7 07 00 00 00 00 00   2.17
59946  17100.00   -2267750.2159  5009154.4766  3221294.3651   30.53167894305  114.35726880124       28.1496      7 07 00 00 00 00 00   2.17
59946  17130.00   -2267750.2164  5009154.4856  3221294.3649   30.53167890311  114.35726876776       28.1567      7 07 00 00 00 00 00   2.17
59946  17160.00   -2267750.2274  5009154.4877  3221294.3533   30.53167878403  114.35726886311       28.1564      7 07 00 00 00 00 00   2.18
59946  17190.00   -2267750.2089  5009154.4801  3221294.3609   30.53167890934  114.35726871935       28.1478      7 07 00 00 00 00 00   2.18
59946  17220.00   -2267750.2169  5009154.4890  3221294.3680   30.53167891216  114.35726875770       28.1612      7 07 00 00 00 00 00   2.18
59946  17250.00   -2267750.2196  5009154.4693  3221294.3588   30.53167891765  114.35726886786       28.1420      7 07 00 00 00 00 00   2.19
59946  17280.00   -2267750.2267  5009154.4854  3221294.3617   30.53167886013  114.35726886537       28.1587      7 07 00 00 00 00 00   2.19
59946  17310.00   -2267750.2264  5009154.4745  3221294.3608   30.53167889845  114.35726890984       28.1496      7 07 00 00 00 00 00   2.19
59946  17340.00   -2267750.2181  5009154.4766  3221294.3571   30.53167887662  114.35726882209       28.1464      7 07 00 00 00 00 00   2.19
59946  17370.00   -2267750.2215  5009154.4774  3221294.3611   30.53167889845  114.35726885125       28.1502      7 07 00 00 00 00 00   2.20
59946  17400.00   -2267750.2143  5009154.4690  3221294.3557   30.53167890481  114.35726881796       28.1383      7 07 00 00 00 00 00   2.20
59946  17430.00   -2267750.2173  5009154.4741  3221294.3583   30.53167889834  114.35726882487       28.1446      7 07 00 00 00 00 00   2.20
59946  17460.00   -2267750.2192  5009154.4869  3221294.3615   30.53167886604  114.35726878875       28.1570      7 07 00 00 00 00 00   2.20
59946  17490.00   -2267750.2128  5009154.4764  3221294.3559   30.53167887830  114.35726877262       28.1437      7 07 00 00 00 00 00   2.21
59946  17520.00   -2267750.2109  5009154.4667  3221294.3561   30.53167892461  114.35726879587       28.1355      7 07 00 00 00 00 00   2.21
59946  17550.00   -2267750.2147  5009154.4770  3221294.3587   30.53167889448  114.35726878802       28.1462      7 07 00 00 00 00 00   2.21
59946  17580.00   -2267750.2160  5009154.4788  3221294.3632   30.53167891906  114.35726879284       28.1504      7 07 00 00 00 00 00   2.21
59946  17610.00   -2267750.2164  5009154.4723  3221294.3557   30.53167888705  114.35726882416       28.1416      7 07 00 00 00 00 00   2.21
59946  17640.00   -2267750.2179  5009154.4769  3221294.3551   30.53167886036  114.35726881838       28.1455      7 07 00 00 00 00 00   2.22
59946  17670.00   -2267750.2249  5009154.4941  3221294.3631   30.53167883818  114.35726881115       28.1655      7 07 00 00 00 00 00   2.22
59946  17700.00   -2267750.2031  5009154.4688  3221294.3568   30.53167893555  114.35726871340       28.1348      7 07 00 00 00 00 00   2.22
59946  17730.00   -2267750.2173  5009154.4849  3221294.3670   30.53167892117  114.35726877870       28.1576      7 07 00 00 00 00 00   2.22
59946  17760.00   -2267750.2298  5009154.4893  3221294.3623   30.53167884234  114.35726887789       28.1631      7 07 00 00 00 00 00   2.22
59946  17790.00   -2267750.1998  5009154.4591  3221294.3521   30.53167894599  114.35726872315       28.1236      7 07 00 00 00 00 00   2.22
59946  17820.00   -2267750.2199  5009154.4882  3221294.3649   30.53167888578  114.35726878964       28.1600      7 07 00 00 00 00 00   2.22
59946  17850.00   -2267750.2067  5009154.4665  3221294.3555   30.53167892870  114.35726875741       28.1336      7 07 00 00 00 00 00   2.22
59946  17880.00   -2267750.2161  5009154.4837  3221294.3569   30.53167884977  114.35726877192       28.1511      7 07 00 00 00 00 00   2.23
59946  17910.00   -2267750.2086  5009154.4758  3221294.3526   30.53167886360  114.35726873519       28.1401      7 07 00 00 00 00 00   2.23
59946  17940.00   -2267750.2081  5009154.4782  3221294.3491   30.53167882729  114.35726872014       28.1401      7 07 00 00 00 00 00   2.23
59946  17970.00   -2267750.1978  5009154.4648  3221294.3482   30.53167889519  114.35726868009       28.1254      7 07 00 00 00 00 00   2.23
59946  18000.00   -2267750.2220  5009154.4895  3221294.3606   30.53167884310  114.35726880414       28.1596      7 07 00 00 00 00 00   2.23
59946  18030.00   -2267750.2174  5009154.4762  3221294.3539   30.53167885517  114.35726881719       28.1441      7 07 00 00 00 00 00   2.23
59946  18060.00   -2267750.2083  5009154.4775  3221294.3530   30.53167886037  114.35726872479       28.1415      7 07 00 00 00 00 00   2.23
59946  18090.00   -2267750.1989  5009154.4608  3221294.3559   30.53167896973  114.35726870750       28.1265      7 07 00 00 00 00 00   2.23
59946  18120.00   -2267750.2250  5009154.4814  3221294.3642   30.53167889935  114.35726886679       28.1562      7 07 00 00 00 00 00   2.23
59946  18150.00   -2267750.1926  5009154.4652  3221294.3555   30.53167896032  114.35726862906       28.1275      7 07 00 00 00 00 00   2.23
59946  18180.00   -2267750.2318  5009154.4954  3221294.3647   30.53167883188  114.35726887101       28.1698      6 06 00 00 00 00 00   2.96
59946  18210.00   -2267750.2235  5009154.4760  3221294.3578   30.53167887465  114.35726887628       28.1481      6 06 00 00 00 00 00   2.96
59946  18240.00   -2267750.2295  5009154.4928  3221294.3608   30.53167881685  114.35726886004       28.1650      6 06 00 00 00 00 00   2.96
59946  18270.00   -2267750.2105  5009154.4731  3221294.3501   30.53167885204  114.35726876449       28.1374      6 06 00 00 00 00 00   2.96
59946  18300.00   -2267750.2223  5009154.4905  3221294.3586   30.53167882243  114.35726880188       28.1595      6 06 00 00 00 00 00   2.96
59946  18330.00   -2267750.2316  5009154.4929  3221294.3654   30.53167884767  114.35726888009       28.1682      6 06 00 00 00 00 00   2.97
59946  18360.00   -2267750.2329  5009154.4996  3221294.3630   30.53167879888  114.35726886382       28.1727      6 06 00 00 00 00 00   2.97
59946  18390.00   -2267750.2185  5009154.4745  3221294.3602   30.53167890937  114.35726883523       28.1464      6 06 00 00 00 00 00   2.97
59946  18420.00   -2267750.2225  5009154.4926  3221294.3597   30.53167882262  114.35726879495       28.1618      6 06 00 00 00 00 00   2.97
59946  18450.00   -2267750.1998  5009154.4726  3221294.3579   30.53167893490  114.35726866565       28.1371      7 07 00 00 00 00 00   2.21
59946  18480.00   -2267750.2006  5009154.4702  3221294.3502   30.53167888365  114.35726868315       28.1316      7 07 00 00 00 00 00   2.21
59946  18510.00   -2267750.2315  5009154.4953  3221294.3626   30.53167881636  114.35726886830       28.1686      7 07 00 00 00 00 00   2.21
59946  18540.00   -2267750.2087  5009154.4940  3221294.3635   30.53167887224  114.35726865807       28.1599      7 07 00 00 00 00 00   2.21
59946  18570.00   -2267750.2076  5009154.4880  3221294.3630   30.53167889536  114.35726867307       28.1546      7 07 00 00 00 00 00   2.20
59946  18600.00   -2267750.2241  5009154.5007  3221294.3656   30.53167883100  114.35726877512       28.1716      7 07 00 00 00 00 00   2.20
59946  18630.00   -2267750.2404  5009154.4868  3221294.3631   30.53167883948  114.35726899022       28.1653      7 07 00 00 00 00 00   2.20
59946  18660.00   -2267750.2193  5009154.4725  3221294.3589   30.53167890564  114.35726885029       28.1445      7 07 00 00 00 00 00   2.20
59946  18690.00   -2267750.2371  5009154.5094  3221294.3646   30.53167876276  114.35726886170       28.1827      7 07 00 00 00 00 00   2.19
59946  18720.00   -2267750.2189  5009154.4912  3221294.3623   30.53167885528  114.35726876662       28.1607      7 07 00 00 00 00 00   2.19
59946  18750.00   -2267750.2206  5009154.4930  3221294.3622   30.53167884382  114.35726877555       28.1627      7 07 00 00 00 00 00   2.19
59946  18780.00   -2267750.2244  5009154.5031  3221294.3601   30.53167877794  114.35726876820       28.1709      7 07 00 00 00 00 00   2.18
59946  18810.00   -2267750.2230  5009154.4853  3221294.3565   30.53167882700  114.35726883083       28.1546      7 07 00 00 00 00 00   2.18
59946  18840.00   -2267750.2231  5009154.4857  3221294.3588   30.53167884312  114.35726883079       28.1561      7 07 00 00 00 00 00   2.18
59946  18870.00   -2267750.2147  5009154.4892  3221294.3551   30.53167881494  114.35726873523       28.1540      7 07 00 00 00 00 00   2.17
59946  18900.00   -2267750.2162  5009154.4929  3221294.3630   30.53167885833  114.35726873378       28.1615      7 07 00 00 00 00 00   2.17
59946  18930.00   -2267750.2207  5009154.4986  3221294.3597   30.53167880049  114.35726875248       28.1658      7 07 00 00 00 00 00   2.17
59946  18960.00   -2267750.2303  5009154.4876  3221294.3613   30.53167884034  114.35726889084       28.1615      7 07 00 00 00 00 00   2.16
59946  18990.00   -2267750.2186  5009154.4842  3221294.3571   30.53167884457  114.35726879379       28.1526      7 07 00 00 00 00 00   2.16
59946  19020.00   -2267750.2131  5009154.4792  3221294.3511   30.53167882901  114.35726876281       28.1436      7 07 00 00 00 00 00   2.16
59946  19050.00   -2267750.2160  5009154.4757  3221294.3566   30.53167888121  114.35726880615       28.1447      7 07 00 00 00 00 00   2.15
59946  19080.00   -2267750.2203  5009154.4844  3221294.3637   30.53167889108  114.35726880937       28.1566      7 07 00 00 00 00 00   2.15
59946  19110.00   -2267750.2207  5009154.4952  3221294.3649   30.53167885526  114.35726876711       28.1659      7 07 00 00 00 00 00   2.14
59946  19140.00   -2267750.2102  5009154.4917  3221294.3614   30.53167886234  114.35726868184       28.1576      7 07 00 00 00 00 00   2.14
59946  19170.00   -2267750.2217  5009154.4858  3221294.3673   30.53167891088  114.35726881704       28.1600      7 07 00 00 00 00 00   2.14
59946  19200.00   -2267750.2051  5009154.4703  3221294.3566   30.53167892397  114.35726872581       28.1366      7 07 00 00 00 00 00   2.13
59946  19230.00   -2267750.2135  5009154.4803  3221294.3591   30.53167888586  114.35726876196       28.1486      7 07 00 00 00 00 00   2.13
59946  19260.00   -2267750.2205  5009154.4933  3221294.3568   30.53167880054  114.35726877270       28.1601      7 07 00 00 00 00 00   2.12
59946  19290.00   -2267750.2214  5009154.4908  3221294.3663   30.53167888294  114.35726879261       28.1633      7 07 00 00 00 00 00   2.12
59946  19320.00   -2267750.2104  5009154.4745  3221294.3531   30.53167886984  114.35726875766       28.1399      7 07 00 00 00 00 00   2.11
59946  19350.00   -2267750.2055  5009154.4749  3221294.3511   30.53167886126  114.35726870951       28.1374      7 07 00 00 00 00 00   2.11
59946  19380.00   -2267750.2096  5009154.4756  3221294.3597   30.53167891718  114.35726874560       28.1439      7 07 00 00 00 00 00   2.11
59946  19410.00   -2267750.2132  5009154.4864  3221294.3578   30.53167885044  114.35726873355       28.1527      7 07 00 00 00 00 00   2.10
59946  19440.00   -2267750.2152  5009154.4922  3221294.3646   30.53167887586  114.35726872747       28.1614      7 07 00 00 00 00 00   2.10
59946  19470.00   -2267750.2121  5009154.4848  3221294.3650   30.53167891577  114.35726872991       28.1546      7 07 00 00 00 00 00   2.09
59946  19500.00   -2267750.2169  5009154.4850  3221294.3538   30.53167881857  114.35726877457       28.1509      7 07 00 00 00 00 00   2.09
59946  19530.00   -2267750.2189  5009154.4858  3221294.3586   30.53167884855  114.35726879005       28.1546      7 07 00 00 00 00 00   2.08
59946  19560.00   -2267750.2164  5009154.4843  3221294.3508   30.53167879949  114.35726877246       28.1486      7 07 00 00 00 00 00   2.08
59946  19590.00   -2267750.2023  5009154.4798  3221294.3527   30.53167885916  114.35726865873       28.1410      7 07 00 00 00 00 00   2.07
59946  19620.00   -2267750.2116  5009154.4779  3221294.3536   30.53167885671  114.35726875448       28.1432      7 07 00 00 00 00 00   2.07
59946  19650.00   -2267750.2165  5009154.4884  3221294.3544   30.53167881003  114.35726875625       28.1537      7 07 00 00 00 00 00   2.06
59946  19680.00   -2267750.2167  5009154.4832  3221294.3576   30.53167885568  114.35726878011       28.1513      7 07 00 00 00 00 00   2.06
59946  19710.00   -2267750.2154  5009154.4831  3221294.3598   30.53167887596  114.35726876886       28.1519      7 07 00 00 00 00 00   2.05
59946  19740.00   -2267750.2131  5009154.4787  3221294.3527   30.53167884387  114.35726876486       28.1440      7 07 00 00 00 00 00   2.05
59946  19770.00   -2267750.2131  5009154.4729  3221294.3552   30.53167888698  114.35726878994       28.1407      7 07 00 00 00 00 00   2.04
59946  19800.00   -2267750.2179  5009154.4762  3221294.3525   30.53167884346  114.35726882201       28.1436      7 07 00 00 00 00 00   2.04
59946  19830.00   -2267750.2191  5009154.4796  3221294.3565   30.53167885834  114.35726881865       28.1488      7 07 00 00 00 00 00   2.03
59946  19860.00   -2267750.2115  5009154.4834  3221294.3555   30.53167884872  114.35726872964       28.1485      7 07 00 00 00 00 00   2.03
59946  19890.00   -2267750.2151  5009154.4831  3221294.3542   30.53167883317  114.35726876571       28.1489      7 07 00 00 00 00 00   2.02
59946  19920.00   -2267750.2164  5009154.4946  3221294.3596   30.53167882480  114.35726872880       28.1612      7 07 00 00 00 00 00   2.02
59946  19950.00   -2267750.2239  5009154.4866  3221294.3609   30.53167885408  114.35726883415       28.1582      7 07 00 00 00 00 00   2.01
59946  19980.00   -2267750.2220  5009154.4777  3221294.3558   30.53167885513  114.35726885398       28.1479      7 07 00 00 00 00 00   2.01
59946  20010.00   -2267750.2142  5009154.4791  3221294.3501   30.53167881983  114.35726877391       28.1433      7 07 00 00 00 00 00   2.00
59946  20040.00   -2267750.2252  5009154.4955  3221294.3611   30.53167881594  114.35726880816       28.1658      7 07 00 00 00 00 00   2.00
59946  20070.00   -2267750.2161  5009154.4825  3221294.3568   30.53167885424  114.35726877781       28.1501      7 07 00 00 00 00 00   1.99
59946  20100.00   -2267750.2230  5009154.4964  3221294.3562   30.53167877836  114.35726878370       28.1632      7 07 00 00 00 00 00   1.99
59946  20130.00   -2267750.2266  5009154.5009  3221294.3546   30.53167874024  114.35726879845       28.1672      7 07 00 00 00 00 00   1.98
59946  20160.00   -2267750.2153  5009154.4849  3221294.3558   30.53167883733  114.35726875997       28.1512      7 07 00 00 00 00 00   1.98
59946  20190.00   -2267750.2160  5009154.4877  3221294.3587   30.53167884691  114.35726875385       28.1551      7 07 00 00 00 00 00   1.97
59946  20220.00   -2267750.2146  5009154.4793  3221294.3460   30.53167878599  114.35726877662       28.1416      8 08 00 00 00 00 00   1.82
59946  20250.00   -2267750.2043  5009154.4719  3221294.3470   30.53167884431  114.35726871115       28.1327      8 08 00 00 00 00 00   1.81
59946  20280.00   -2267750.2159  5009154.4849  3221294.3538   30.53167882137  114.35726876577       28.1504      9 09 00 00 00 00 00   1.65
59946  20310.00   -2267750.2403  5009154.5036  3221294.3664   30.53167879520  114.35726891685       28.1801      9 09 00 00 00 00 00   1.65
59946  20340.00   -2267750.2352  5009154.4933  3221294.3634   30.53167882388  114.35726891290       28.1687      9 09 00 00 00 00 00   1.65
59946  20370.00   -2267750.2163  5009154.4822  3221294.3564   30.53167885213  114.35726878080       28.1498      9 09 00 00 00 00 00   1.65
59946  20400.00   -2267750.2228  5009154.4995  3221294.3518   30.53167873109  114.35726876806       28.1633      9 09 00 00 00 00 00   1.66
59946  20430.00   -2267750.2299  5009154.5002  3221294.3589   30.53167876986  114.35726883282       28.1700      9 09 00 00 00 00 00   1.66
59946  20460.00   -2267750.2262  5009154.4966  3221294.3651   30.53167884070  114.35726881263       28.1690      9 09 00 00 00 00 00   1.66
59946  20490.00   -2267750.2243  5009154.5030  3221294.3671   30.53167883319  114.35726876743       28.1744      9 09 00 00 00 00 00   1.66
59946  20520.00   -2267750.2258  5009154.4880  3221294.3524   30.53167877824  114.35726884570       28.1556      9 09 00 00 00 00 00   1.66
59946  20550.00   -2267750.2212  5009154.4911  3221294.3592   30.53167882664  114.35726878880       28.1599      9 09 00 00 00 00 00   1.66
59946  20580.00   -2267750.2245  5009154.4928  3221294.3523   30.53167876052  114.35726881274       28.1589      8 08 00 00 00 00 00   1.80
59946  20610.00   -2267750.2239  5009154.5000  3221294.3568   30.53167876618  114.35726877671       28.1666      8 08 00 00 00 00 00   1.80
59946  20640.00   -2267750.2252  5009154.4801  3221294.3556   30.53167883731  114.35726887453       28.1508      8 08 00 00 00 00 00   1.81
59946  20670.00   -2267750.2282  5009154.4863  3221294.3517   30.53167877521  114.35726887653       28.1548      8 08 00 00 00 00 00   1.81
59946  20700.00   -2267750.2259  5009154.5170  3221294.3573   30.53167869476  114.35726872213       28.1809      8 08 00 00 00 00 00   1.81
59946  20730.00   -2267750.2129  5009154.4940  3221294.3567   30.53167881121  114.35726869788       28.1579      8 08 00 00 00 00 00   1.82
59946  20760.00   -2267750.2323  5009154.5041  3221294.3601   30.53167875890  114.35726883833       28.1745      8 08 00 00 00 00 00   1.82
59946  20790.00   -2267750.2197  5009154.4984  3221294.3649   30.53167884372  114.35726874328       28.1680      8 08 00 00 00 00 00   1.82
59946  20820.00   -2267750.2276  5009154.4890  3221294.3608   30.53167883618  114.35726885863       28.1613      8 08 00 00 00 00 00   1.82
59946  20850.00   -2267750.2268  5009154.4934  3221294.3596   30.53167880995  114.35726883257       28.1639      8 08 00 00 00 00 00   1.83
59946  20880.00   -2267750.2263  5009154.5020  3221294.3662   30.53167882639  114.35726879035       28.1738      8 08 00 00 00 00 00   1.83
59946  20910.00   -2267750.2209  5009154.4982  3221294.3591   30.53167879711  114.35726875518       28.1653      8 08 00 00 00 00 00   1.83
59946  20940.00   -2267750.2254  5009154.4987  3221294.3611   30.53167880208  114.35726879656       28.1683      8 08 00 00 00 00 00   1.83
59946  20970.00   -2267750.2161  5009154.4926  3221294.3603   30.53167883914  114.35726873429       28.1599      8 08 00 00 00 00 00   1.83
59946  21000.00   -2267750.2223  5009154.4938  3221294.3619   30.53167883513  114.35726878825       28.1638      8 08 00 00 00 00 00   1.84
59946  21030.00   -2267750.2288  5009154.5014  3221294.3668   30.53167882894  114.35726881710       28.1745      8 08 00 00 00 00 00   1.84
59946  21060.00   -2267750.2239  5009154.5038  3221294.3683   30.53167883946  114.35726875976       28.1754      8 08 00 00 00 00 00   1.84
59946  21090.00   -2267750.2129  5009154.4979  3221294.3602   30.53167882228  114.35726868114       28.1628      8 08 00 00 00 00 00   1.84
59946  21120.00   -2267750.2220  5009154.4965  3221294.3590   30.53167880102  114.35726877317       28.1643      8 08 00 00 00 00 00   1.84
59946  21150.00   -2267750.2131  5009154.4775  3221294.3557   30.53167887219  114.35726877123       28.1446      8 08 00 00 00 00 00   1.84
59946  21180.00   -2267750.2286  5009154.4865  3221294.3653   30.53167887977  114.35726887859       28.1620      8 08 00 00 00 00 00   1.84
59946  21210.00   -2267750.2185  5009154.4933  3221294.3602   30.53167883109  114.35726875407       28.1611      8 08 00 00 00 00 00   1.85
59946  21240.00   -2267750.2231  5009154.4953  3221294.3614   30.53167882321  114.35726878909       28.1650      8 08 00 00 00 00 00   1.85
59946  21270.00   -2267750.2197  5009154.4839  3221294.3590   30.53167885842  114.35726880583       28.1536      8 08 00 00 00 00 00   1.85
59946  21300.00   -2267750.2266  5009154.4928  3221294.3532   30.53167876288  114.35726883251       28.1601      8 08 00 00 00 00 00   1.85
59946  21330.00   -2267750.2254  5009154.5005  3221294.3634   30.53167881231  114.35726878835       28.1708      7 07 00 00 00 00 00   2.60
59946  21360.00   -2267750.2167  5009154.4883  3221294.3649   30.53167889114  114.35726875867       28.1590      7 07 00 00 00 00 00   2.61
59946  21390.00   -2267750.2165  5009154.4954  3221294.3652   30.53167886507  114.35726872612       28.1647      7 07 00 00 00 00 00   2.62
59946  21420.00   -2267750.2191  5009154.4903  3221294.3623   30.53167885831  114.35726877194       28.1601      7 07 00 00 00 00 00   2.63
59946  21450.00   -2267750.2278  5009154.4862  3221294.3633   30.53167886731  114.35726887315       28.1605      7 07 00 00 00 00 00   2.63
59946  21480.00   -2267750.2270  5009154.5065  3221294.3675   30.53167881631  114.35726877785       28.1783      7 07 00 00 00 00 00   2.64
59946  21510.00   -2267750.2163  5009154.4904  3221294.3600   30.53167884540  114.35726874540       28.1581      7 07 00 00 00 00 00   2.65
59946  21540.00   -2267750.2211  5009154.5003  3221294.3624   30.53167881420  114.35726874830       28.1687      7 07 00 00 00 00 00   2.66
59946  21570.00   -2267750.2255  5009154.4893  3221294.3561   30.53167880259  114.35726883772       28.1585      7 07 00 00 00 00 00   2.67
59946  21600.00   -2267750.2224  5009154.5022  3221294.3678   30.53167884567  114.35726875259       28.1734      7 07 00 00 00 00 00   2.68
59946  21630.00   -2267750.2197  5009154.4993  3221294.3709   30.53167888639  114.35726873985       28.1718      7 07 00 00 00 00 00   2.69
59946  21660.00   -2267750.2257  5009154.5001  3221294.3721   30.53167888153  114.35726879306       28.1751      7 07 00 00 00 00 00   2.70
59946  21690.00   -2267750.2332  5009154.5115  3221294.3663   30.53167877397  114.35726881563       28.1838      7 07 00 00 00 00 00   2.70
59946  21720.00   -2267750.2194  5009154.4975  3221294.3611   30.53167881832  114.35726874444       28.1652      7 07 00 00 00 00 00   2.71
59946  21750.00   -2267750.2265  5009154.4963  3221294.3638   30.53167883105  114.35726881729       28.1682      7 07 00 00 00 00 00   2.72
59946  21780.00   -2267750.2172  5009154.4855  3221294.3584   30.53167885202  114.35726877575       28.1537      7 07 00 00 00 00 00   2.73
59946  21810.00   -2267750.2225  5009154.4923  3221294.3596   30.53167882246  114.35726879627       28.1615      7 07 00 00 00 00 00   2.73
59946  21840.00   -2267750.2271  5009154.5024  3221294.3677   30.53167883467  114.35726879621       28.1752      7 07 00 00 00 00 00   2.74
59946  21870.00   -2267750.2256  5009154.4960  3221294.3625   30.53167882377  114.35726880982       28.1670      7 07 00 00 00 00 00   2.75
59946  21900.00   -2267750.2261  5009154.4934  3221294.3664   30.53167886424  114.35726882631       28.1671      7 07 00 00 00 00 00   2.75
59946  21930.00   -2267750.2289  5009154.4956  3221294.3628   30.53167882147  114.35726884276       28.1680      7 07 00 00 00 00 00   2.76
59946  21960.00   -2267750.2215  5009154.4866  3221294.3540   30.53167880480  114.35726881152       28.1538      7 07 00 00 00 00 00   2.77
59946  21990.00   -2267750.2214  5009154.4930  3221294.3561   30.53167879502  114.35726878257       28.1599      7 07 00 00 00 00 00   2.77
59946  22020.00   -2267750.2215  5009154.4843  3221294.3554   30.53167882516  114.35726882138       28.1527      7 07 00 00 00 00 00   2.78
59946  22050.00   -2267750.2328  5009154.5048  3221294.3634   30.53167878038  114.35726884080       28.1769      7 07 00 00 00 00 00   2.78
59946  22080.00   -2267750.2212  5009154.4863  3221294.3591   30.53167884602  114.35726880964       28.1560      7 07 00 00 00 00 00   2.79
59946  22110.00   -2267750.2208  5009154.4720  3221294.3571   30.53167889115  114.35726886761       28.1438      7 07 00 00 00 00 00   2.79
59946  22140.00   -2267750.2187  5009154.4882  3221294.3597   30.53167884764  114.35726877783       28.1569      7 07 00 00 00 00 00   2.80
59946  22170.00   -2267750.2173  5009154.4870  3221294.3528   30.53167880234  114.35726876944       28.1520      7 07 00 00 00 00 00   2.80
59946  22200.00   -2267750.2207  5009154.4653  3221294.3479   30.53167884792  114.35726889506       28.1338      7 07 00 00 00 00 00   2.80
59946  22230.00   -2267750.2319  5009154.4828  3221294.3590   30.53167884010  114.35726892671       28.1571      7 07 00 00 00 00 00   2.81
59946  22260.00   -2267750.2408  5009154.4995  3221294.3643   30.53167879470  114.35726893935       28.1760      7 07 00 00 00 00 00   2.81
59946  22290.00   -2267750.2330  5009154.4863  3221294.3581   30.53167881669  114.35726892180       28.1598      7 07 00 00 00 00 00   2.81
59946  22320.00   -2267750.2237  5009154.4799  3221294.3578   30.53167885856  114.35726886155       28.1513      7 07 00 00 00 00 00   2.81
59946  22350.00   -2267750.2176  5009154.4794  3221294.3585   30.53167887692  114.35726880509       28.1491      7 07 00 00 00 00 00   2.81
59946  22380.00   -2267750.2185  5009154.4854  3221294.3572   30.53167884087  114.35726878810       28.1534      7 07 00 00 00 00 00   2.81
59946  22410.00   -2267750.2108  5009154.4715  3221294.3516   30.53167886957  114.35726877486       28.1370      7 07 00 00 00 00 00   2.82
59946  22440.00   -2267750.2155  5009154.4864  3221294.3583   30.53167885087  114.35726875547       28.1537      7 07 00 00 00 00 00   2.82
59946  22470.00   -2267750.2176  5009154.4794  3221294.3587   30.53167887925  114.35726880570       28.1492      7 07 00 00 00 00 00   2.82
59946  22500.00   -2267750.2158  5009154.4705  3221294.3548   30.53167888872  114.35726882590       28.1396      7 07 00 00 00 00 00   2.82
59946  22530.00   -2267750.2267  5009154.4787  3221294.3598   30.53167887311  114.35726889427       28.1524      7 07 00 00 00 00 00   2.81
59946  22560.00   -2267750.2121  5009154.4717  3221294.3526   30.53167887409  114.35726878591       28.1381      7 07 00 00 00 00 00   2.81
59946  22590.00   -2267750.2228  5009154.4801  3221294.3653   30.53167891710  114.35726885204       28.1549      7 07 00 00 00 00 00   2.81
59946  22620.00   -2267750.2279  5009154.4995  3221294.3616   30.53167879793  114.35726881688       28.1701      7 07 00 00 00 00 00   2.81
59946  22650.00   -2267750.2243  5009154.4802  3221294.3570   30.53167884988  114.35726886585       28.1513      7 07 00 00 00 00 00   2.81
59946  22680.00   -2267750.2263  5009154.4847  3221294.3575   30.53167883125  114.35726886531       28.1558      7 07 00 00 00 00 00   2.81
59946  22710.00   -2267750.2126  5009154.4737  3221294.3498   30.53167884235  114.35726878187       28.1384      7 07 00 00 00 00 00   2.80
59946  22740.00   -2267750.2250  5009154.4739  3221294.3532   30.53167884478  114.35726889932       28.1447      7 07 00 00 00 00 00   2.80
59946  22770.00   -2267750.2158  5009154.4587  3221294.3472   30.53167887959  114.35726887709       28.1265      7 07 00 00 00 00 00   2.80
59946  22800.00   -2267750.2291  5009154.4725  3221294.3549   30.53167885623  114.35726894376       28.1459      7 07 00 00 00 00 00   2.79
59946  22830.00   -2267750.2241  5009154.4827  3221294.3510   30.53167879281  114.35726885274       28.1502      7 07 00 00 00 00 00   2.79
59946  22860.00   -2267750.2283  5009154.4912  3221294.3541   30.53167877373  114.35726885620       28.1599      7 07 00 00 00 00 00   2.79
59946  22890.00   -2267750.2256  5009154.4928  3221294.3602   30.53167881934  114.35726882307       28.1633      7 07 00 00 00 00 00   2.78
59946  22920.00   -2267750.2158  5009154.5101  3221294.3561   30.53167873366  114.35726865565       28.1713      7 07 00 00 00 00 00   2.78
59946  22950.00   -2267750.2344  5009154.5098  3221294.3594   30.53167872545  114.35726883378       28.1794      7 07 00 00 00 00 00   2.77
59946  22980.00   -2267750.2272  5009154.4834  3221294.3569   30.53167883003  114.35726887914       28.1548      7 07 00 00 00 00 00   2.77
59946  23010.00   -2267750.2181  5009154.4955  3221294.3543   30.53167877682  114.35726874059       28.1597      7 07 00 00 00 00 00   2.76
59946  23040.00   -2267750.2145  5009154.4791  3221294.3497   30.53167881563  114.35726877707       28.1433      7 07 00 00 00 00 00   2.75
59946  23070.00   -2267750.2202  5009154.4895  3221294.3513   30.53167877403  114.35726878608       28.1542      7 07 00 00 00 00 00   2.75
59946  23100.00   -2267750.2239  5009154.4946  3221294.3544   30.53167877044  114.35726879958       28.1612      7 07 00 00 00 00 00   2.74
59946  23130.00   -2267750.2190  5009154.5043  3221294.3568   30.53167875710  114.35726871108       28.1683      7 07 00 00 00 00 00   2.74
59946  23160.00   -2267750.2219  5009154.5076  3221294.3636   30.53167879089  114.35726872518       28.1753      7 07 00 00 00 00 00   2.73
59946  23190.00   -2267750.2259  5009154.5093  3221294.3612   30.53167875750  114.35726875570       28.1768      7 07 00 00 00 00 00   2.72
59946  23220.00   -2267750.2238  5009154.5099  3221294.3642   30.53167878276  114.35726873249       28.1781      7 07 00 00 00 00 00   2.72
59946  23250.00   -2267750.2303  5009154.5204  3221294.3739   30.53167880147  114.35726874996       28.1936      8 08 00 00 00 00 00   2.57
59946  23280.00   -2267750.2337  5009154.5044  3221294.3710   30.53167883987  114.35726885060       28.1808      8 08 00 00 00 00 00   2.57
59946  23310.00   -2267750.2274  5009154.5035  3221294.3677   30.53167882950  114.35726879438       28.1761      8 08 00 00 00 00 00   2.57
59946  23340.00   -2267750.2288  5009154.5125  3221294.3625   30.53167874907  114.35726876977       28.1811      8 08 00 00 00 00 00   2.57
59946  23370.00   -2267750.2241  5009154.5163  3221294.3636   30.53167875056  114.35726870826       28.1829      8 08 00 00 00 00 00   2.57
59946  23400.00   -2267750.2212  5009154.4962  3221294.3585   30.53167880007  114.35726876709       28.1636      8 08 00 00 00 00 00   2.57
59946  23430.00   -2267750.2254  5009154.4787  3221294.3685   30.53167894292  114.35726888209       28.1564      8 08 00 00 00 00 00   2.57
59946  23460.00   -2267750.2430  5009154.4849  3221294.3684   30.53167888330  114.35726902248       28.1675      8 08 00 00 00 00 00   2.56
59946  23490.00   -2267750.2344  5009154.5210  3221294.3641   30.53167871490  114.35726878544       28.1905      8 08 00 00 00 00 00   2.56
59946  23520.00   -2267750.2370  5009154.4917  3221294.3667   30.53167885265  114.35726893631       28.1698      8 08 00 00 00 00 00   2.56
59946  23550.00   -2267750.2307  5009154.5126  3221294.3714   30.53167881422  114.35726878628       28.1864      8 08 00 00 00 00 00   2.55
59946  23580.00   -2267750.2266  5009154.5363  3221294.3793   30.53167878468  114.35726864642       28.2075      8 08 00 00 00 00 00   2.55
59946  23610.00   -2267750.2464  5009154.5408  3221294.3761   30.53167870326  114.35726881466       28.2165      8 08 00 00 00 00 00   2.55
59946  23640.00   -2267750.2451  5009154.5289  3221294.3735   30.53167873473  114.35726885385       28.2053      8 08 00 00 00 00 00   2.54
59946  23670.00   -2267750.2408  5009154.4836  3221294.3662   30.53167887573  114.35726900770       28.1645      8 08 00 00 00 00 00   2.54
59946  23700.00   -2267750.2346  5009154.4910  3221294.3695   30.53167888184  114.35726891630       28.1698      8 08 00 00 00 00 00   2.53
59946  23730.00   -2267750.2362  5009154.4927  3221294.3670   30.53167885246  114.35726892490       28.1704      8 08 00 00 00 00 00   2.53
59946  23760.00   -2267750.2318  5009154.4790  3221294.3575   30.53167884479  114.35726894149       28.1533      8 08 00 00 00 00 00   2.52
59946  23790.00   -2267750.2196  5009154.4897  3221294.3604   30.53167884488  114.35726877981       28.1588      8 08 00 00 00 00 00   2.51
59946  23820.00   -2267750.2324  5009154.5272  3221294.3748   30.53167877679  114.35726873992       28.2001      8 08 00 00 00 00 00   2.51
59946  23850.00   -2267750.2351  5009154.5086  3221294.3704   30.53167881461  114.35726884586       28.1843      8 08 00 00 00 00 00   2.50
59946  23880.00   -2267750.2270  5009154.5128  3221294.3666   30.53167878314  114.35726875111       28.1828      8 08 00 00 00 00 00   2.50
59946  23910.00   -2267750.2324  5009154.4801  3221294.3567   30.53167883245  114.35726894293       28.1539      8 08 00 00 00 00 00   2.49
59946  23940.00   -2267750.2337  5009154.5071  3221294.3685   30.53167880872  114.35726883893       28.1816      8 08 00 00 00 00 00   2.48
59946  23970.00   -2267750.2241  5009154.4940  3221294.3672   30.53167887145  114.35726880407       28.1673      8 08 00 00 00 00 00   2.47
59946  24000.00   -2267750.2299  5009154.5032  3221294.3675   30.53167882432  114.35726881999       28.1767      8 08 00 00 00 00 00   2.47
59946  24030.00   -2267750.2259  5009154.4821  3221294.3604   30.53167886547  114.35726887241       28.1551      8 08 00 00 00 00 00   2.46
59946  24060.00   -2267750.2393  5009154.4967  3221294.3727   30.53167887435  114.35726893707       28.1776      8 08 00 00 00 00 00   2.45
59946  24090.00   -2267750.2396  5009154.5220  3221294.3756   30.53167879065  114.35726883060       28.1990      8 08 00 00 00 00 00   2.44
59946  24120.00   -2267750.2340  5009154.5354  3221294.3774   30.53167875926  114.35726871998       28.2085      8 08 00 00 00 00 00   2.43
59946  24150.00   -2267750.2318  5009154.4938  3221294.3582   30.53167878766  114.35726887825       28.1653      8 08 00 00 00 00 00   2.42
59946  24180.00   -2267750.2302  5009154.4892  3221294.3595   30.53167882034  114.35726888263       28.1617      8 08 00 00 00 00 00   2.42
59946  24210.00   -2267750.2419  5009154.4903  3221294.3690   30.53167886720  114.35726898931       28.1716      8 08 00 00 00 00 00   2.41
59946  24240.00   -2267750.2388  5009154.4913  3221294.3672   30.53167885499  114.35726895529       28.1703      8 08 00 00 00 00 00   2.40
59946  24270.00   -2267750.2199  5009154.5088  3221294.3676   30.53167882073  114.35726870027       28.1776      8 08 00 00 00 00 00   2.39
59946  24300.00   -2267750.2353  5009154.4972  3221294.3644   30.53167881535  114.35726889634       28.1724      8 08 00 00 00 00 00   2.38
59946  24330.00   -2267750.2273  5009154.4905  3221294.3553   30.53167878798  114.35726884955       28.1596      8 08 00 00 00 00 00   2.37
59946  24360.00   -2267750.2452  5009154.5388  3221294.3812   30.53167875324  114.35726881209       28.2170      8 08 00 00 00 00 00   2.36
59946  24390.00   -2267750.2334  5009154.5242  3221294.3736   30.53167877748  114.35726876224       28.1975      8 08 00 00 00 00 00   2.35
59946  24420.00   -2267750.2220  5009154.5001  3221294.3678   30.53167885512  114.35726875743       28.1716      7 07 00 00 00 00 00   3.38
59946  24450.00   -2267750.2388  5009154.5259  3221294.3767   30.53167878475  114.35726880642       28.2023      7 07 00 00 00 00 00   3.39
59946  24480.00   -2267750.2331  5009154.5099  3221294.3676   30.53167879135  114.35726882155       28.1832      7 07 00 00 00 00 00   3.39
59946  24510.00   -2267750.2389  5009154.5213  3221294.3734   30.53167877788  114.35726882726       28.1971      7 07 00 00 00 00 00   3.39
59946  24540.00   -2267750.2432  5009154.5065  3221294.3729   30.53167882803  114.35726893186       28.1867      7 07 00 00 00 00 00   3.39
59946  24570.00   -2267750.2381  5009154.5007  3221294.3694   30.53167883429  114.35726890811       28.1786      7 07 00 00 00 00 00   3.39
59946  24600.00   -2267750.2231  5009154.4811  3221294.3637   30.53167890017  114.35726884991       28.1550      7 07 00 00 00 00 00   3.39
59946  24630.00   -2267750.2413  5009154.4910  3221294.3724   30.53167889217  114.35726897996       28.1736      7 07 00 00 00 00 00   3.39
59946  24660.00   -2267750.2337  5009154.4977  3221294.3695   30.53167885617  114.35726887988       28.1748      7 07 00 00 00 00 00   3.39
59946  24690.00   -2267750.2367  5009154.5053  3221294.3719   30.53167883754  114.35726887569       28.1830      7 07 00 00 00 00 00   3.38
59946  24720.00   -2267750.2383  5009154.5176  3221294.3717   30.53167878102  114.35726883749       28.1931      7 07 00 00 00 00 00   3.38
59946  24750.00   -2267750.2358  5009154.5242  3221294.3781   30.53167880812  114.35726878522       28.2006      7 07 00 00 00 00 00   3.38
59946  24780.00   -2267750.2270  5009154.5055  3221294.3695   30.53167883634  114.35726878278       28.1785      7 07 00 00 00 00 00   3.38
59946  24810.00   -2267750.2262  5009154.5023  3221294.3687   30.53167884436  114.35726878836       28.1752      7 07 00 00 00 00 00   3.37
59946  24840.00   -2267750.2302  5009154.4934  3221294.3610   30.53167881413  114.35726886495       28.1658      7 07 00 00 00 00 00   3.37
59946  24870.00   -2267750.2345  5009154.5095  3221294.3701   30.53167880983  114.35726883592       28.1846      7 07 00 00 00 00 00   3.37
59946  24900.00   -2267750.2271  5009154.5080  3221294.3726   30.53167884897  114.35726877186       28.1821      7 07 00 00 00 00 00   3.36
59946  24930.00   -2267750.2364  5009154.5095  3221294.3707   30.53167881082  114.35726885423       28.1856      7 07 00 00 00 00 00   3.36
59946  24960.00   -2267750.2255  5009154.4961  3221294.3650   30.53167884313  114.35726880812       28.1683      7 07 00 00 00 00 00   3.35
59946  24990.00   -2267750.2288  5009154.4916  3221294.3579   30.53167880016  114.35726885938       28.1623      6 06 00 00 00 00 00   3.58
59946  25020.00   -2267750.2100  5009154.4845  3221294.3641   30.53167891431  114.35726871096       28.1532      6 06 00 00 00 00 00   3.58
59946  25050.00   -2267750.2267  5009154.5008  3221294.3670   30.53167883651  114.35726879928       28.1734      6 06 00 00 00 00 00   3.59
59946  25080.00   -2267750.2330  5009154.5154  3221294.3724   30.53167880567  114.35726879626       28.1898      6 06 00 00 00 00 00   3.59
59946  25110.00   -2267750.2318  5009154.5114  3221294.3706   30.53167881095  114.35726880283       28.1854      6 06 00 00 00 00 00   3.59
59946  25140.00   -2267750.2382  5009154.5132  3221294.3655   30.53167875154  114.35726885552       28.1864      6 06 00 00 00 00 00   3.60
59946  25170.00   -2267750.2251  5009154.4951  3221294.3542   30.53167876391  114.35726880928       28.1619      6 06 00 00 00 00 00   3.60
59946  25200.00   -2267750.2257  5009154.4919  3221294.3566   30.53167879465  114.35726882790       28.1608      6 06 00 00 00 00 00   3.61
59946  25230.00   -2267750.2313  5009154.5010  3221294.3683   30.53167883723  114.35726884219       28.1758      6 06 00 00 00 00 00   3.61
59946  25260.00   -2267750.2122  5009154.4749  3221294.3522   30.53167885734  114.35726877307       28.1404      6 06 00 00 00 00 00   3.61
59946  25290.00   -2267750.2206  5009154.4875  3221294.3642   30.53167888209  114.35726879861       28.1594      6 06 00 00 00 00 00   3.62
59946  25320.00   -2267750.2313  5009154.4984  3221294.3597   30.53167878125  114.35726885347       28.1695      6 06 00 00 00 00 00   3.62
59946  25350.00   -2267750.2180  5009154.4936  3221294.3573   30.53167880822  114.35726874839       28.1598      6 06 00 00 00 00 00   3.63
59946  25380.00   -2267750.2163  5009154.4851  3221294.3557   30.53167883373  114.35726876804       28.1517      6 06 00 00 00 00 00   3.63
59946  25410.00   -2267750.2321  5009154.4884  3221294.3543   30.53167878002  114.35726890390       28.1592      7 07 00 00 00 00 00   2.22
59946  25440.00   -2267750.2219  5009154.4883  3221294.3550   30.53167880528  114.35726880767       28.1558      7 07 00 00 00 00 00   2.22
59946  25470.00   -2267750.2236  5009154.4959  3221294.3522   30.53167874787  114.35726879069       28.1610      7 07 00 00 00 00 00   2.23
59946  25500.00   -2267750.2233  5009154.5070  3221294.3629   30.53167878569  114.35726874069       28.1750      7 07 00 00 00 00 00   2.23
59946  25530.00   -2267750.2193  5009154.4961  3221294.3596   30.53167881281  114.35726874936       28.1633      7 07 00 00 00 00 00   2.24
59946  25560.00   -2267750.2289  5009154.5146  3221294.3730   30.53167882161  114.35726876123       28.1881      7 07 00 00 00 00 00   2.24
59946  25590.00   -2267750.2248  5009154.5081  3221294.3712   30.53167884259  114.35726875063       28.1806      7 07 00 00 00 00 00   2.24
59946  25620.00   -2267750.2175  5009154.4967  3221294.3654   30.53167885863  114.35726872957       28.1661      7 07 00 00 00 00 00   2.25
59946  25650.00   -2267750.2186  5009154.4921  3221294.3594   30.53167882895  114.35726876019       28.1599      7 07 00 00 00 00 00   2.25
59946  25680.00   -2267750.2238  5009154.4950  3221294.3601   30.53167881262  114.35726879723       28.1643      7 07 00 00 00 00 00   2.25
59946  25710.00   -2267750.2243  5009154.5006  3221294.3630   30.53167881133  114.35726877764       28.1704      7 07 00 00 00 00 00   2.26
59946  25740.00   -2267750.2179  5009154.4978  3221294.3519   30.53167874870  114.35726872873       28.1603      7 07 00 00 00 00 00   2.26
59946  25770.00   -2267750.2077  5009154.5019  3221294.3523   30.53167875363  114.35726861468       28.1600      7 07 00 00 00 00 00   2.26
59946  25800.00   -2267750.2350  5009154.5113  3221294.3647   30.53167875895  114.35726883352       28.1835      7 07 00 00 00 00 00   2.26
59946  25830.00   -2267750.2427  5009154.5184  3221294.3759   30.53167880215  114.35726887572       28.1974      7 07 00 00 00 00 00   2.27
59946  25860.00   -2267750.2331  5009154.5063  3221294.3674   30.53167880454  114.35726883631       28.1802      7 07 00 00 00 00 00   2.27
59946  25890.00   -2267750.1953  5009154.4608  3221294.3555   30.53167897347  114.35726867306       28.1250      7 07 00 00 00 00 00   2.27
59946  25920.00   -2267750.1949  5009154.4766  3221294.3496   30.53167886252  114.35726860118       28.1343      7 07 00 00 00 00 00   2.28
59946  25950.00   -2267750.2064  5009154.4797  3221294.3518   30.53167884500  114.35726869750       28.1419      7 07 00 00 00 00 00   2.28
59946  25980.00   -2267750.2189  5009154.4877  3221294.3606   30.53167885642  114.35726878215       28.1571      7 07 00 00 00 00 00   2.28
59946  26010.00   -2267750.2317  5009154.4955  3221294.3604   30.53167879868  114.35726886951       28.1677      7 07 00 00 00 00 00   2.28
59946  26040.00   -2267750.2476  5009154.5170  3221294.3785   30.53167881858  114.35726892798       28.1994      7 07 00 00 00 00 00   2.29
59946  26070.00   -2267750.2397  5009154.5124  3221294.3740   30.53167881797  114.35726887284       28.1907      7 07 00 00 00 00 00   2.29
59946  26100.00   -2267750.2250  5009154.5029  3221294.3672   30.53167883309  114.35726877423       28.1746      7 07 00 00 00 00 00   2.29
59946  26130.00   -2267750.2228  5009154.4844  3221294.3633   30.53167888398  114.35726883269       28.1573      7 07 00 00 00 00 00   2.29
59946  26160.00   -2267750.2188  5009154.4884  3221294.3629   30.53167887172  114.35726877778       28.1589      7 07 00 00 00 00 00   2.30
59946  26190.00   -2267750.2164  5009154.4847  3221294.3628   30.53167889079  114.35726877062       28.1550      7 07 00 00 00 00 00   2.30
59946  26220.00   -2267750.2151  5009154.4842  3221294.3545   30.53167883052  114.35726876134       28.1499      7 07 00 00 00 00 00   2.30
59946  26250.00   -2267750.2151  5009154.4807  3221294.3549   30.53167884815  114.35726877619       28.1474      7 07 00 00 00 00 00   2.30
59946  26280.00   -2267750.2215  5009154.4970  3221294.3692   30.53167887982  114.35726876643       28.1697      7 07 00 00 00 00 00   2.30
59946  26310.00   -2267750.2258  5009154.4855  3221294.3584   30.53167883540  114.35726885649       28.1567      7 07 00 00 00 00 00   2.31
59946  26340.00   -2267750.2160  5009154.4863  3221294.3572   30.53167884157  114.35726876070       28.1532      7 07 00 00 00 00 00   2.31
59946  26370.00   -2267750.2219  5009154.4928  3221294.3599   30.53167882432  114.35726878886       28.1618      7 07 00 00 00 00 00   2.31
59946  26400.00   -2267750.2259  5009154.4904  3221294.3605   30.53167883132  114.35726883640       28.1617      7 07 00 00 00 00 00   2.31
59946  26430.00   -2267750.2274  5009154.4976  3221294.3661   30.53167884199  114.35726882032       28.1708      7 07 00 00 00 00 00   2.31
59946  26460.00   -2267750.2214  5009154.4876  3221294.3555   30.53167881244  114.35726880568       28.1553      7 07 00 00 00 00 00   2.31
59946  26490.00   -2267750.2191  5009154.4914  3221294.3562   30.53167880593  114.35726876769       28.1579      7 07 00 00 00 00 00   2.31
59946  26520.00   -2267750.2200  5009154.4844  3221294.3542   30.53167881839  114.35726880652       28.1517      7 07 00 00 00 00 00   2.32
59946  26550.00   -2267750.2233  5009154.4986  3221294.3641   30.53167882934  114.35726877672       28.1690      7 07 00 00 00 00 00   2.32
59946  26580.00   -2267750.2216  5009154.4971  3221294.3622   30.53167882459  114.35726876667       28.1663      7 07 00 00 00 00 00   2.32
59946  26610.00   -2267750.2213  5009154.4845  3221294.3586   30.53167884993  114.35726881800       28.1545      7 07 00 00 00 00 00   2.32
59946  26640.00   -2267750.2225  5009154.4939  3221294.3675   30.53167887719  114.35726878996       28.1667      7 07 00 00 00 00 00   2.32
59946  26670.00   -2267750.2256  5009154.4973  3221294.3578   30.53167878192  114.35726880409       28.1656      7 07 00 00 00 00 00   2.32
59946  26700.00   -2267750.2248  5009154.4974  3221294.3554   30.53167876483  114.35726879602       28.1642      7 07 00 00 00 00 00   2.32
59946  26730.00   -2267750.2219  5009154.4930  3221294.3655   30.53167886666  114.35726878752       28.1648      7 07 00 00 00 00 00   2.32
59946  26760.00   -2267750.2175  5009154.4978  3221294.3651   30.53167885152  114.35726872548       28.1669      7 07 00 00 00 00 00   2.32
59946  26790.00   -2267750.2163  5009154.4799  3221294.3615   30.53167890063  114.35726879033       28.1505      7 07 00 00 00 00 00   2.32
59946  26820.00   -2267750.2241  5009154.5021  3221294.3665   30.53167883256  114.35726876987       28.1733      7 07 00 00 00 00 00   2.32
59946  26850.00   -2267750.2296  5009154.4958  3221294.3594   30.53167879346  114.35726884855       28.1667      7 07 00 00 00 00 00   2.32
59946  26880.00   -2267750.2232  5009154.4925  3221294.3651   30.53167886346  114.35726880175       28.1647      7 07 00 00 00 00 00   2.32
59946  26910.00   -2267750.2244  5009154.4906  3221294.3603   30.53167883118  114.35726882185       28.1612      7 07 00 00 00 00 00   2.32
59946  26940.00   -2267750.2230  5009154.4906  3221294.3643   30.53167886567  114.35726880828       28.1627      7 07 00 00 00 00 00   2.32
59946  26970.00   -2267750.2249  5009154.4984  3221294.3712   30.53167888281  114.35726879272       28.1730      7 07 00 00 00 00 00   2.32
59946  27000.00   -2267750.2199  5009154.5023  3221294.3653   30.53167883015  114.35726872872       28.1713      7 07 00 00 00 00 00   2.32
59946  27030.00   -2267750.2206  5009154.4971  3221294.3649   30.53167884752  114.35726875802       28.1673      7 07 00 00 00 00 00   2.32
59946  27060.00   -2267750.2196  5009154.4988  3221294.3616   30.53167881611  114.35726874064       28.1666      7 07 00 00 00 00 00   2.32
59946  27090.00   -2267750.2124  5009154.4823  3221294.3498   30.53167880740  114.35726874339       28.1451      7 07 00 00 00 00 00   2.32
59946  27120.00   -2267750.2259  5009154.4990  3221294.3631   30.53167881547  114.35726879994       28.1698      7 07 00 00 00 00 00   2.32
59946  27150.00   -2267750.2118  5009154.4906  3221294.3575   30.53167883405  114.35726870238       28.1553      7 07 00 00 00 00 00   2.32
59946  27180.00   -2267750.2066  5009154.4860  3221294.3575   30.53167886298  114.35726867258       28.1498      7 07 00 00 00 00 00   2.32
59946  27210.00   -2267750.2176  5009154.4995  3221294.3576   30.53167878676  114.35726871859       28.1644      7 07 00 00 00 00 00   2.32
59946  27240.00   -2267750.2277  5009154.5049  3221294.3715   30.53167885284  114.35726879196       28.1793      7 07 00 00 00 00 00   2.32
59946  27270.00   -2267750.2126  5009154.4923  3221294.3566   30.53167881787  114.35726870250       28.1565      7 07 00 00 00 00 00   2.32
59946  27300.00   -2267750.2227  5009154.5068  3221294.3700   30.53167884273  114.35726873575       28.1782      7 07 00 00 00 00 00   2.32
59946  27330.00   -2267750.2207  5009154.5014  3221294.3553   30.53167875468  114.35726873995       28.1658      7 07 00 00 00 00 00   2.31
59946  27360.00   -2267750.2200  5009154.4950  3221294.3659   30.53167886513  114.35726876067       28.1659      7 07 00 00 00 00 00   2.31
59946  27390.00   -2267750.2157  5009154.4876  3221294.3563   30.53167882951  114.35726875165       28.1537      7 07 00 00 00 00 00   2.31
59946  27420.00   -2267750.2159  5009154.4917  3221294.3601   30.53167884111  114.35726873594       28.1589      7 07 00 00 00 00 00   2.31
59946  27450.00   -2267750.2192  5009154.4875  3221294.3524   30.53167879334  114.35726878530       28.1529      7 07 00 00 00 00 00   2.31
59946  27480.00   -2267750.2206  5009154.4883  3221294.3520   30.53167878424  114.35726879516       28.1538      7 07 00 00 00 00 00   2.31
59946  27510.00   -2267750.2180  5009154.4898  3221294.3595   30.53167884101  114.35726876429       28.1579      7 07 00 00 00 00 00   2.31
59946  27540.00   -2267750.2117  5009154.4839  3221294.3585   30.53167887003  114.35726872979       28.1505      7 07 00 00 00 00 00   2.30
59946  27570.00   -2267750.2256  5009154.5127  3221294.3807   30.53167889566  114.35726873826       28.1894      7 07 00 00 00 00 00   2.30
59946  27600.00   -2267750.2172  5009154.4895  3221294.3614   30.53167885808  114.35726875762       28.1583      7 07 00 00 00 00 00   2.30
59946  27630.00   -2267750.2166  5009154.5024  3221294.3696   30.53167886956  114.35726869719       28.1724      7 07 00 00 00 00 00   2.30
59946  27660.00   -2267750.2238  5009154.5027  3221294.3685   30.53167884592  114.35726876364       28.1746      7 07 00 00 00 00 00   2.30
59946  27690.00   -2267750.2146  5009154.4900  3221294.3632   30.53167887488  114.35726873135       28.1588      7 07 00 00 00 00 00   2.30
59946  27720.00   -2267750.2192  5009154.4921  3221294.3640   30.53167886394  114.35726876555       28.1624      7 07 00 00 00 00 00   2.29
59946  27750.00   -2267750.2251  5009154.4808  3221294.3518   30.53167880533  114.35726887053       28.1495      7 07 00 00 00 00 00   2.29
59946  27780.00   -2267750.2229  5009154.4927  3221294.3597   30.53167882117  114.35726879887       28.1620      7 07 00 00 00 00 00   2.29
59946  27810.00   -2267750.2118  5009154.4872  3221294.3596   30.53167886464  114.35726871670       28.1537      7 07 00 00 00 00 00   2.29
59946  27840.00   -2267750.2164  5009154.4872  3221294.3547   30.53167881769  114.35726876029       28.1528      7 07 00 00 00 00 00   2.29
59946  27870.00   -2267750.2248  5009154.4860  3221294.3523   30.53167878759  114.35726884518       28.1536      7 07 00 00 00 00 00   2.28
59946  27900.00   -2267750.2208  5009154.4968  3221294.3649   30.53167884850  114.35726876079       28.1671      7 07 00 00 00 00 00   2.28
59946  27930.00   -2267750.2191  5009154.4886  3221294.3558   30.53167881473  114.35726878022       28.1554      7 07 00 00 00 00 00   2.28
59946  27960.00   -2267750.2107  5009154.4904  3221294.3572   30.53167883405  114.35726869209       28.1546      7 07 00 00 00 00 00   2.28
59946  27990.00   -2267750.2122  5009154.4877  3221294.3585   30.53167885267  114.35726871835       28.1536      7 07 00 00 00 00 00   2.28
59946  28020.00   -2267750.2252  5009154.5036  3221294.3693   30.53167884555  114.35726877333       28.1763      7 07 00 00 00 00 00   2.27
59946  28050.00   -2267750.2230  5009154.4986  3221294.3641   30.53167883020  114.35726877331       28.1689      7 07 00 00 00 00 00   2.27
59946  28080.00   -2267750.2189  5009154.5032  3221294.3775   30.53167892281  114.35726871487       28.1779      7 07 00 00 00 00 00   2.27
59946  28110.00   -2267750.2153  5009154.4776  3221294.3574   30.53167888016  114.35726879076       28.1463      7 07 00 00 00 00 00   2.27
59946  28140.00   -2267750.2226  5009154.4819  3221294.3616   30.53167888118  114.35726884169       28.1544      7 07 00 00 00 00 00   2.27
59946  28170.00   -2267750.2252  5009154.4978  3221294.3706   30.53167888039  114.35726879824       28.1724      7 07 00 00 00 00 00   2.26
59946  28200.00   -2267750.2095  5009154.4775  3221294.3584   30.53167889945  114.35726873677       28.1446      7 07 00 00 00 00 00   2.26
59946  28230.00   -2267750.2096  5009154.4839  3221294.3592   30.53167887936  114.35726871009       28.1501      6 06 00 00 00 00 00   3.40
59946  28260.00   -2267750.2099  5009154.4747  3221294.3478   30.53167882799  114.35726875198       28.1372      6 06 00 00 00 00 00   3.40
59946  28290.00   -2267750.2191  5009154.4665  3221294.3399   30.53167878349  114.35726887472       28.1300      6 06 00 00 00 00 00   3.40
59946  28320.00   -2267750.2187  5009154.4722  3221294.3440   30.53167879212  114.35726884677       28.1365      6 06 00 00 00 00 00   3.40
59946  28350.00   -2267750.2174  5009154.4759  3221294.3421   30.53167876472  114.35726881800       28.1379      6 06 00 00 00 00 00   3.39
59946  28380.00   -2267750.2155  5009154.4789  3221294.3553   30.53167885832  114.35726878731       28.1463      6 06 00 00 00 00 00   3.39
59946  28410.00   -2267750.2153  5009154.4826  3221294.3449   30.53167876270  114.35726876951       28.1439      6 06 00 00 00 00 00   3.39
59946  28440.00   -2267750.2184  5009154.4825  3221294.3549   30.53167883458  114.35726879904       28.1499      6 06 00 00 00 00 00   3.38
59946  28470.00   -2267750.2125  5009154.4701  3221294.3387   30.53167877193  114.35726879660       28.1300      6 06 00 00 00 00 00   3.38
59946  28500.00   -2267750.2124  5009154.4771  3221294.3548   30.53167886820  114.35726876569       28.1435      6 06 00 00 00 00 00   3.37
59946  28530.00   -2267750.2193  5009154.4954  3221294.3732   30.53167892124  114.35726875205       28.1697      6 06 00 00 00 00 00   3.37
59946  28560.00   -2267750.2198  5009154.4800  3221294.3516   30.53167881732  114.35726882337       28.1468      6 06 00 00 00 00 00   3.36
59946  28590.00   -2267750.2183  5009154.4699  3221294.3424   30.53167879068  114.35726885272       28.1337      6 06 00 00 00 00 00   3.36
59946  28620.00   -2267750.2083  5009154.4662  3221294.3409   30.53167881323  114.35726877363       28.1265      6 06 00 00 00 00 00   3.35
59946  28650.00   -2267750.2119  5009154.4863  3221294.3616   30.53167888319  114.35726872166       28.1541      6 06 00 00 00 00 00   3.34
59946  28680.00   -2267750.2234  5009154.4741  3221294.3457   30.53167878840  114.35726888298       28.1405      6 06 00 00 00 00 00   3.34
59946  28710.00   -2267750.2136  5009154.4954  3221294.3754   30.53167894934  114.35726869821       28.1687      6 06 00 00 00 00 00   3.33
59946  28740.00   -2267750.2107  5009154.4803  3221294.3612   30.53167890761  114.35726873582       28.1487      6 06 00 00 00 00 00   3.32
59946  28770.00   -2267750.2045  5009154.4639  3221294.3451   30.53167886261  114.35726874745       28.1254      6 06 00 00 00 00 00   3.32
59946  28800.00   -2267750.2176  5009154.4669  3221294.3274   30.53167868772  114.35726885884       28.1235      6 06 00 00 00 00 00   3.31
59946  28830.00   -2267750.2120  5009154.4561  3221294.3384   30.53167882891  114.35726885178       28.1186      6 06 00 00 00 00 00   3.30
59946  28860.00   -2267750.2089  5009154.4631  3221294.3305   30.53167874425  114.35726879261       28.1190      6 06 00 00 00 00 00   3.29
59946  28890.00   -2267750.2155  5009154.4814  3221294.3525   30.53167882633  114.35726877671       28.1469      6 06 00 00 00 00 00   3.28
59946  28920.00   -2267750.2093  5009154.4698  3221294.3514   30.53167887801  114.35726876727       28.1350      6 06 00 00 00 00 00   3.27
59946  28950.00   -2267750.2091  5009154.4641  3221294.3439   30.53167884381  114.35726879007       28.1266      6 06 00 00 00 00 00   3.26
59946  28980.00   -2267750.2063  5009154.4569  3221294.3391   30.53167884152  114.35726879482       28.1176      6 06 00 00 00 00 00   3.25
59946  29010.00   -2267750.2069  5009154.4623  3221294.3409   30.53167883174  114.35726877738       28.1229      6 06 00 00 00 00 00   3.24
59946  29040.00   -2267750.2036  5009154.4742  3221294.3511   30.53167886822  114.35726869478       28.1363      6 06 00 00 00 00 00   3.23
59946  29070.00   -2267750.2112  5009154.4719  3221294.3567   30.53167890662  114.35726877683       28.1401      6 06 00 00 00 00 00   3.22
59946  29100.00   -2267750.2082  5009154.4654  3221294.3423   30.53167882756  114.35726877598       28.1265      6 06 00 00 00 00 00   3.21
59946  29130.00   -2267750.2135  5009154.4754  3221294.3416   30.53167877054  114.35726878347       28.1359      6 06 00 00 00 00 00   3.20
59946  29160.00   -2267750.2170  5009154.4692  3221294.3320   30.53167871470  114.35726884282       28.1274      6 06 00 00 00 00 00   3.19
59946  29190.00   -2267750.2135  5009154.4810  3221294.3508   30.53167881863  114.35726875938       28.1450      6 06 00 00 00 00 00   3.18
59946  29220.00   -2267750.2063  5009154.4834  3221294.3591   30.53167888653  114.35726868106       28.1485      6 06 00 00 00 00 00   3.17
59946  29250.00   -2267750.2105  5009154.4813  3221294.3494   30.53167881237  114.35726873010       28.1435      6 06 00 00 00 00 00   3.16
59946  29280.00   -2267750.2076  5009154.4808  3221294.3583   30.53167888906  114.35726870445       28.1465      6 06 00 00 00 00 00   3.15
59946  29310.00   -2267750.2077  5009154.4766  3221294.3510   30.53167884988  114.35726872313       28.1395      6 06 00 00 00 00 00   3.14
59946  29340.00   -2267750.2137  5009154.4683  3221294.3448   30.53167882481  114.35726881604       28.1320      6 06 00 00 00 00 00   3.13
59946  29370.00   -2267750.2085  5009154.4807  3221294.3622   30.53167891771  114.35726871288       28.1487      6 06 00 00 00 00 00   3.12
59946  29400.00   -2267750.2018  5009154.4755  3221294.3557   30.53167890171  114.35726867189       28.1390      6 06 00 00 00 00 00   3.11
59946  29430.00   -2267750.2121  5009154.4802  3221294.3605   30.53167889972  114.35726874983       28.1487      6 06 00 00 00 00 00   3.10
59946  29460.00   -2267750.2175  5009154.4812  3221294.3494   30.53167879942  114.35726879654       28.1458      6 06 00 00 00 00 00   3.09
59946  29490.00   -2267750.2114  5009154.4912  3221294.3669   30.53167890534  114.35726869528       28.1604      6 06 00 00 00 00 00   3.08
59946  29520.00   -2267750.2133  5009154.4750  3221294.3609   30.53167892206  114.35726878358       28.1453      6 06 00 00 00 00 00   3.07
59946  29550.00   -2267750.2091  5009154.4854  3221294.3586   30.53167886874  114.35726869877       28.1509      6 06 00 00 00 00 00   3.06
59946  29580.00   -2267750.2140  5009154.4802  3221294.3501   30.53167881523  114.35726876761       28.1441      6 06 00 00 00 00 00   3.05
59946  29610.00   -2267750.2187  5009154.4913  3221294.3644   30.53167887081  114.35726876421       28.1618      6 06 00 00 00 00 00   3.04
59946  29640.00   -2267750.2243  5009154.4623  3221294.3280   30.53167869894  114.35726894220       28.1225      6 06 00 00 00 00 00   3.03
59946  29670.00   -2267750.2177  5009154.4871  3221294.3586   30.53167884557  114.35726877325       28.1552      6 06 00 00 00 00 00   3.02
59946  29700.00   -2267750.2100  5009154.4597  3221294.3359   30.53167879820  114.35726881825       28.1194      6 06 00 00 00 00 00   3.01
59946  29730.00   -2267750.2201  5009154.4623  3221294.3367   30.53167877409  114.35726890193       28.1255      7 07 00 00 00 00 00   2.67
59946  29760.00   -2267750.2195  5009154.4834  3221294.3601   30.53167886963  114.35726880589       28.1537      7 07 00 00 00 00 00   2.66
59946  29790.00   -2267750.2272  5009154.4821  3221294.3441   30.53167873589  114.35726888453       28.1473      7 07 00 00 00 00 00   2.64
59946  29820.00   -2267750.2162  5009154.4626  3221294.3350   30.53167876784  114.35726886391       28.1234      7 07 00 00 00 00 00   2.63
59946  29850.00   -2267750.2105  5009154.4444  3221294.3223   30.53167875520  114.35726888856       28.1007      7 07 00 00 00 00 00   2.62
59946  29880.00   -2267750.2122  5009154.4850  3221294.3670   30.53167892986  114.35726872948       28.1558      7 07 00 00 00 00 00   2.60
59946  29910.00   -2267750.2143  5009154.4849  3221294.3606   30.53167887704  114.35726874978       28.1533      7 07 00 00 00 00 00   2.59
59946  29940.00   -2267750.2112  5009154.4890  3221294.3658   30.53167890556  114.35726870331       28.1581      7 07 00 00 00 00 00   2.58
59946  29970.00   -2267750.2183  5009154.4787  3221294.3433   30.53167876118  114.35726881509       28.1410      7 07 00 00 00 00 00   2.56
59946  30000.00   -2267750.2243  5009154.4819  3221294.3458   30.53167875574  114.35726885802       28.1470      7 07 00 00 00 00 00   2.55
59946  30030.00   -2267750.2124  5009154.4763  3221294.3693   30.53167898422  114.35726876956       28.1503      7 07 00 00 00 00 00   2.54
59946  30060.00   -2267750.2144  5009154.4789  3221294.3539   30.53167884907  114.35726877718       28.1452      7 07 00 00 00 00 00   2.53
59946  30090.00   -2267750.2137  5009154.4779  3221294.3470   30.53167880183  114.35726877454       28.1407      7 07 00 00 00 00 00   2.52
59946  30120.00   -2267750.2277  5009154.4732  3221294.3296   30.53167865933  114.35726892806       28.1331      7 07 00 00 00 00 00   2.50
59946  30150.00   -2267750.2273  5009154.4850  3221294.3523   30.53167878691  114.35726887323       28.1538      7 07 00 00 00 00 00   2.49
59946  30180.00   -2267750.2295  5009154.4813  3221294.3341   30.53167865731  114.35726890989       28.1424      7 07 00 00 00 00 00   2.48
59946  30210.00   -2267750.2237  5009154.4794  3221294.3353   30.53167868539  114.35726886375       28.1394      7 07 00 00 00 00 00   2.47
59946  30240.00   -2267750.2228  5009154.4898  3221294.3516   30.53167877009  114.35726881007       28.1556      7 07 00 00 00 00 00   2.46
59946  30270.00   -2267750.2212  5009154.4845  3221294.3493   30.53167877795  114.35726881752       28.1497      7 07 00 00 00 00 00   2.45
59946  30300.00   -2267750.2145  5009154.4769  3221294.3461   30.53167879703  114.35726878681       28.1398      7 07 00 00 00 00 00   2.44
59946  30330.00   -2267750.2163  5009154.4715  3221294.3375   30.53167874970  114.35726882641       28.1318      7 07 00 00 00 00 00   2.42
59946  30360.00   -2267750.2091  5009154.4785  3221294.3517   30.53167884437  114.35726872823       28.1419      7 07 00 00 00 00 00   2.41
59946  30390.00   -2267750.2260  5009154.4777  3221294.3329   30.53167866970  114.35726889270       28.1377      7 07 00 00 00 00 00   2.40
59946  30420.00   -2267750.2122  5009154.4740  3221294.3418   30.53167878062  114.35726877702       28.1344      7 07 00 00 00 00 00   2.39
59946  30450.00   -2267750.2219  5009154.4785  3221294.3415   30.53167874074  114.35726884996       28.1413      7 07 00 00 00 00 00   2.38
59946  30480.00   -2267750.2185  5009154.4772  3221294.3449   30.53167877927  114.35726882309       28.1408      7 07 00 00 00 00 00   2.38
59946  30510.00   -2267750.2238  5009154.4857  3221294.3467   30.53167874766  114.35726883661       28.1503      7 07 00 00 00 00 00   2.37
59946  30540.00   -2267750.2249  5009154.4929  3221294.3565   30.53167879141  114.35726881630       28.1612      7 07 00 00 00 00 00   2.36
59946  30570.00   -2267750.2216  5009154.4963  3221294.3474   30.53167871309  114.35726877059       28.1581      7 07 00 00 00 00 00   2.35
59946  30600.00   -2267750.2224  5009154.4872  3221294.3496   30.53167876619  114.35726881663       28.1524      7 07 00 00 00 00 00   2.34
59946  30630.00   -2267750.2242  5009154.4731  3221294.3294   30.53167866523  114.35726889439       28.1317      7 07 00 00 00 00 00   2.33
59946  30660.00   -2267750.2151  5009154.4800  3221294.3430   30.53167875924  114.35726877954       28.1408      7 07 00 00 00 00 00   2.32
59946  30690.00   -2267750.2234  5009154.4632  3221294.3256   30.53167867879  114.35726892987       28.1217      7 07 00 00 00 00 00   2.32
59946  30720.00   -2267750.2255  5009154.4872  3221294.3487   30.53167875329  114.35726884609       28.1530      7 07 00 00 00 00 00   2.31
59946  30750.00   -2267750.2204  5009154.4770  3221294.3460   30.53167878461  114.35726884204       28.1418      7 07 00 00 00 00 00   2.30
59946  30780.00   -2267750.2198  5009154.4759  3221294.3460   30.53167879101  114.35726884105       28.1408      7 07 00 00 00 00 00   2.30
59946  30810.00   -2267750.2162  5009154.4698  3221294.3485   30.53167884261  114.35726883342       28.1360      7 07 00 00 00 00 00   2.29
59946  30840.00   -2267750.2193  5009154.4753  3221294.3438   30.53167877674  114.35726883864       28.1390      7 07 00 00 00 00 00   2.28
59946  30870.00   -2267750.2195  5009154.4947  3221294.3679   30.53167888300  114.35726875772       28.1666      8 08 00 00 00 00 00   1.92
59946  30900.00   -2267750.2107  5009154.4772  3221294.3567   30.53167888543  114.35726874933       28.1440      8 08 00 00 00 00 00   1.92
59946  30930.00   -2267750.2145  5009154.4819  3221294.3635   30.53167891161  114.35726876447       28.1525      8 08 00 00 00 00 00   1.93
59946  30960.00   -2267750.2285  5009154.5008  3221294.3664   30.53167882914  114.35726881644       28.1737      8 08 00 00 00 00 00   1.93
59946  30990.00   -2267750.2241  5009154.5083  3221294.3616   30.53167876860  114.35726874243       28.1756      8 08 00 00 00 00 00   1.94
59946  31020.00   -2267750.2212  5009154.5040  3221294.3613   30.53167878951  114.35726873366       28.1711      8 08 00 00 00 00 00   1.95
59946  31050.00   -2267750.2179  5009154.4933  3221294.3567   30.53167880421  114.35726874858       28.1592      8 08 00 00 00 00 00   1.95
59946  31080.00   -2267750.2210  5009154.4988  3221294.3668   30.53167885424  114.35726875396       28.1697      8 08 00 00 00 00 00   1.96
59946  31110.00   -2267750.2199  5009154.5015  3221294.3650   30.53167883057  114.35726873213       28.1706      8 08 00 00 00 00 00   1.97
59946  31140.00   -2267750.2197  5009154.5027  3221294.3653   30.53167882926  114.35726872463       28.1716      8 08 00 00 00 00 00   1.97
59946  31170.00   -2267750.2321  5009154.5110  3221294.3666   30.53167878086  114.35726880647       28.1831      8 08 00 00 00 00 00   1.98
59946  31200.00   -2267750.2294  5009154.4977  3221294.3677   30.53167884977  114.35726883872       28.1723      8 08 00 00 00 00 00   1.98
59946  31230.00   -2267750.2273  5009154.4950  3221294.3639   30.53167883570  114.35726883013       28.1675      8 08 00 00 00 00 00   1.99
59946  31260.00   -2267750.2263  5009154.5017  3221294.3662   30.53167882767  114.35726879199       28.1736      8 08 00 00 00 00 00   2.00
59946  31290.00   -2267750.2304  5009154.5056  3221294.3659   30.53167880122  114.35726881406       28.1779      8 08 00 00 00 00 00   2.00
59946  31320.00   -2267750.2350  5009154.5151  3221294.3655   30.53167874974  114.35726881722       28.1868      7 07 00 00 00 00 00   2.05
59946  31350.00   -2267750.2189  5009154.4991  3221294.3637   30.53167883300  114.35726873307       28.1677      7 07 00 00 00 00 00   2.05
59946  31380.00   -2267750.2253  5009154.4882  3221294.3613   30.53167884786  114.35726884015       28.1601      7 07 00 00 00 00 00   2.06
59946  31410.00   -2267750.2267  5009154.4965  3221294.3592   30.53167879409  114.35726881863       28.1661      7 07 00 00 00 00 00   2.07
59946  31440.00   -2267750.2148  5009154.5001  3221294.3613   30.53167881752  114.35726868924       28.1657      8 08 00 00 00 00 00   2.03
59946  31470.00   -2267750.2207  5009154.4866  3221294.3543   30.53167880913  114.35726880324       28.1537      8 08 00 00 00 00 00   2.04
59946  31500.00   -2267750.2168  5009154.4959  3221294.3531   30.53167876805  114.35726872713       28.1590      8 08 00 00 00 00 00   2.05
59946  31530.00   -2267750.2230  5009154.4922  3221294.3568   30.53167880071  114.35726880165       28.1602      8 08 00 00 00 00 00   2.05
59946  31560.00   -2267750.2299  5009154.4997  3221294.3619   30.53167879568  114.35726883424       28.1711      8 08 00 00 00 00 00   2.06
59946  31590.00   -2267750.2235  5009154.4959  3221294.3688   30.53167887727  114.35726879068       28.1693      8 08 00 00 00 00 00   2.06
59946  31620.00   -2267750.2180  5009154.5063  3221294.3775   30.53167891141  114.35726869312       28.1800      8 08 00 00 00 00 00   2.07
59946  31650.00   -2267750.2281  5009154.4850  3221294.3540   30.53167879918  114.35726888096       28.1549      8 08 00 00 00 00 00   2.07
59946  31680.00   -2267750.2220  5009154.4850  3221294.3525   30.53167879938  114.35726882273       28.1520      8 08 00 00 00 00 00   2.08
59946  31710.00   -2267750.2190  5009154.4923  3221294.3654   30.53167887464  114.35726876295       28.1632      8 08 00 00 00 00 00   2.08
59946  31740.00   -2267750.2257  5009154.4984  3221294.3599   30.53167879343  114.35726880055       28.1676      8 08 00 00 00 00 00   2.09
59946  31770.00   -2267750.2348  5009154.5154  3221294.3749   30.53167882195  114.35726881372       28.1918      8 08 00 00 00 00 00   2.10
59946  31800.00   -2267750.2359  5009154.5108  3221294.3718   30.53167881486  114.35726884359       28.1870      8 08 00 00 00 00 00   2.10
59946  31830.00   -2267750.2294  5009154.4986  3221294.3670   30.53167884091  114.35726883524       28.1726      8 08 00 00 00 00 00   2.11
59946  31860.00   -2267750.2244  5009154.4984  3221294.3631   30.53167882093  114.35726878832       28.1688      8 08 00 00 00 00 00   2.11
59946  31890.00   -2267750.2271  5009154.4999  3221294.3658   30.53167883039  114.35726880778       28.1723      8 08 00 00 00 00 00   2.12
59946  31920.00   -2267750.2279  5009154.5079  3221294.3667   30.53167880225  114.35726878057       28.1793      8 08 00 00 00 00 00   2.12
59946  31950.00   -2267750.2288  5009154.5000  3221294.3691   30.53167885235  114.35726882320       28.1747      8 08 00 00 00 00 00   2.12
59946  31980.00   -2267750.2185  5009154.5089  3221294.3705   30.53167884563  114.35726868746       28.1786      8 08 00 00 00 00 00   2.13
59946  32010.00   -2267750.2179  5009154.4953  3221294.3621   30.53167883783  114.35726873959       28.1635      8 08 00 00 00 00 00   2.13
59946  32040.00   -2267750.2147  5009154.4950  3221294.3611   30.53167883752  114.35726871100       28.1616      8 08 00 00 00 00 00   2.14
59946  32070.00   -2267750.2221  5009154.4929  3221294.3664   30.53167887410  114.35726879010       28.1653      8 08 00 00 00 00 00   2.14
59946  32100.00   -2267750.2181  5009154.4926  3221294.3672   30.53167888852  114.35726875331       28.1640      8 08 00 00 00 00 00   2.25
59946  32130.00   -2267750.2177  5009154.4994  3221294.3654   30.53167884663  114.35726871970       28.1683      8 08 00 00 00 00 00   2.26
59946  32160.00   -2267750.2201  5009154.5065  3221294.3750   30.53167888705  114.35726871245       28.1796      8 08 00 00 00 00 00   2.28
59946  32190.00   -2267750.2180  5009154.4810  3221294.3635   30.53167890879  114.35726880187       28.1530      8 08 00 00 00 00 00   2.29
59946  32220.00   -2267750.2126  5009154.4987  3221294.3746   30.53167893110  114.35726867486       28.1706      8 08 00 00 00 00 00   2.30
59946  32250.00   -2267750.2165  5009154.4953  3221294.3642   30.53167885675  114.35726872671       28.1641      8 08 00 00 00 00 00   2.31
59946  32280.00   -2267750.2195  5009154.4895  3221294.3633   30.53167886897  114.35726877946       28.1602      8 08 00 00 00 00 00   2.33
59946  32310.00   -2267750.2298  5009154.5098  3221294.3686   30.53167880587  114.35726879049       28.1824      8 08 00 00 00 00 00   2.34
59946  32340.00   -2267750.2261  5009154.5133  3221294.3719   30.53167882378  114.35726874007       28.1855      8 08 00 00 00 00 00   2.35
59946  32370.00   -2267750.2334  5009154.5102  3221294.3683   30.53167879474  114.35726882274       28.1839      8 08 00 00 00 00 00   2.37
59946  32400.00   -2267750.2348  5009154.5158  3221294.3751   30.53167882207  114.35726881223       28.1922      8 08 00 00 00 00 00   2.38
59946  32430.00   -2267750.2310  5009154.5183  3221294.3708   30.53167878506  114.35726876548       28.1907      8 08 00 00 00 00 00   2.39
59946  32460.00   -2267750.2214  5009154.5009  3221294.3625   30.53167881141  114.35726874889       28.1693      8 08 00 00 00 00 00   2.40
59946  32490.00   -2267750.2229  5009154.5034  3221294.3682   30.53167884191  114.35726875257       28.1747      8 08 00 00 00 00 00   2.42
59946  32520.00   -2267750.2296  5009154.5108  3221294.3652   30.53167877558  114.35726878381       28.1814      8 08 00 00 00 00 00   2.43
59946  32550.00   -2267750.2289  5009154.5024  3221294.3595   30.53167876728  114.35726881299       28.1716      8 08 00 00 00 00 00   2.44
59946  32580.00   -2267750.2254  5009154.5112  3221294.3684   30.53167880667  114.35726874277       28.1818      8 08 00 00 00 00 00   2.45
59946  32610.00   -2267750.2188  5009154.5068  3221294.3694   30.53167884525  114.35726869882       28.1765      8 08 00 00 00 00 00   2.47
59946  32640.00   -2267750.2230  5009154.5043  3221294.3654   30.53167881618  114.35726874977       28.1741      8 08 00 00 00 00 00   2.48
59946  32670.00   -2267750.2222  5009154.5048  3221294.3651   30.53167881417  114.35726873969       28.1740      8 08 00 00 00 00 00   2.49
59946  32700.00   -2267750.2162  5009154.4986  3221294.3651   30.53167885077  114.35726870898       28.1670      8 08 00 00 00 00 00   2.50
59946  32730.00   -2267750.2236  5009154.5024  3221294.3677   30.53167884165  114.35726876299       28.1740      8 08 00 00 00 00 00   2.51
59946  32760.00   -2267750.2279  5009154.5053  3221294.3660   30.53167880794  114.35726879152       28.1769      8 08 00 00 00 00 00   2.52
59946  32790.00   -2267750.2222  5009154.4995  3221294.3653   30.53167883742  114.35726876254       28.1700      8 08 00 00 00 00 00   2.54
59946  32820.00   -2267750.2169  5009154.4985  3221294.3600   30.53167881022  114.35726871620       28.1646      8 08 00 00 00 00 00   2.55
59946  32850.00   -2267750.2218  5009154.5111  3221294.3613   30.53167875869  114.35726870829       28.1769      8 08 00 00 00 00 00   2.56
59946  32880.00   -2267750.2213  5009154.5135  3221294.3638   30.53167876894  114.35726869345       28.1798      8 08 00 00 00 00 00   2.57
59946  32910.00   -2267750.2224  5009154.4910  3221294.3661   30.53167887876  114.35726880079       28.1638      8 08 00 00 00 00 00   2.58
59946  32940.00   -2267750.2269  5009154.4994  3221294.3652   30.53167882798  114.35726880788       28.1714      8 08 00 00 00 00 00   2.59
59946  32970.00   -2267750.2293  5009154.5024  3221294.3661   30.53167881831  114.35726881800       28.1751      8 08 00 00 00 00 00   2.60
59946  33000.00   -2267750.2177  5009154.4911  3221294.3646   30.53167887519  114.35726875554       28.1614      8 08 00 00 00 00 00   2.60
59946  33030.00   -2267750.2145  5009154.4913  3221294.3635   30.53167887237  114.35726872411       28.1599      8 08 00 00 00 00 00   2.61
59946  33060.00   -2267750.2160  5009154.4867  3221294.3594   30.53167885694  114.35726875833       28.1548      8 08 00 00 00 00 00   2.62
59946  33090.00   -2267750.2234  5009154.4763  3221294.3502   30.53167881478  114.35726887319       28.1445      8 08 00 00 00 00 00   2.63
59946  33120.00   -2267750.2222  5009154.4851  3221294.3606   30.53167886103  114.35726882495       28.1562      8 08 00 00 00 00 00   2.64
59946  33150.00   -2267750.2259  5009154.5040  3221294.3703   30.53167885087  114.35726877821       28.1774      8 08 00 00 00 00 00   2.64
59946  33180.00   -2267750.2200  5009154.4906  3221294.3652   30.53167887768  114.35726877969       28.1621      8 08 00 00 00 00 00   2.65
59946  33210.00   -2267750.2234  5009154.4901  3221294.3667   30.53167888538  114.35726881382       28.1637      8 08 00 00 00 00 00   2.66
59946  33240.00   -2267750.2246  5009154.4998  3221294.3602   30.53167879213  114.35726878461       28.1684      8 08 00 00 00 00 00   2.66
59946  33270.00   -2267750.2286  5009154.5050  3221294.3641   30.53167879301  114.35726879915       28.1759      8 08 00 00 00 00 00   2.67
59946  33300.00   -2267750.2173  5009154.4800  3221294.3577   30.53167886920  114.35726880031       28.1490      8 08 00 00 00 00 00   2.67
59946  33330.00   -2267750.2106  5009154.4795  3221294.3554   30.53167886548  114.35726873861       28.1451      8 08 00 00 00 00 00   2.68
59946  33360.00   -2267750.2196  5009154.4892  3221294.3583   30.53167883116  114.35726878187       28.1574      8 08 00 00 00 00 00   2.68
59946  33390.00   -2267750.2131  5009154.4912  3221294.3632   30.53167887317  114.35726871180       28.1591      8 08 00 00 00 00 00   2.68
59946  33420.00   -2267750.2173  5009154.4857  3221294.3630   30.53167888644  114.35726877490       28.1562      8 08 00 00 00 00 00   2.69
59946  33450.00   -2267750.2078  5009154.4710  3221294.3572   30.53167892082  114.35726874796       28.1384      8 08 00 00 00 00 00   2.69
59946  33480.00   -2267750.2167  5009154.4992  3221294.3646   30.53167884372  114.35726871148       28.1674      8 08 00 00 00 00 00   2.69
59946  33510.00   -2267750.2095  5009154.4798  3221294.3512   30.53167883377  114.35726872650       28.1428      8 08 00 00 00 00 00   2.69
59946  33540.00   -2267750.2195  5009154.4975  3221294.3610   30.53167881798  114.35726874555       28.1652      8 08 00 00 00 00 00   2.69
59946  33570.00   -2267750.2222  5009154.4959  3221294.3591   30.53167880419  114.35726877754       28.1639      8 08 00 00 00 00 00   2.69
59946  33600.00   -2267750.2161  5009154.4976  3221294.3662   30.53167886411  114.35726871270       28.1667      8 08 00 00 00 00 00   2.69
59946  33630.00   -2267750.2127  5009154.4927  3221294.3702   30.53167892223  114.35726870181       28.1637      8 08 00 00 00 00 00   2.69
59946  33660.00   -2267750.2224  5009154.4960  3221294.3642   30.53167884283  114.35726877930       28.1667      7 07 00 00 00 00 00   2.73
59946  33690.00   -2267750.2211  5009154.4873  3221294.3630   30.53167887268  114.35726880488       28.1588      7 07 00 00 00 00 00   2.73
59946  33720.00   -2267750.2223  5009154.4994  3221294.3677   30.53167885627  114.35726876383       28.1711      7 07 00 00 00 00 00   2.73
59946  33750.00   -2267750.2243  5009154.5115  3221294.3718   30.53167883411  114.35726873108       28.1834      7 07 00 00 00 00 00   2.73
59946  33780.00   -2267750.2229  5009154.4932  3221294.3680   30.53167888311  114.35726879627       28.1666      7 07 00 00 00 00 00   2.73
59946  33810.00   -2267750.2212  5009154.4932  3221294.3654   30.53167886677  114.35726878022       28.1647      7 07 00 00 00 00 00   2.73
59946  33840.00   -2267750.2157  5009154.4978  3221294.3679   30.53167887696  114.35726870811       28.1676      7 07 00 00 00 00 00   2.73
59946  33870.00   -2267750.2146  5009154.4850  3221294.3670   30.53167892518  114.35726875241       28.1567      7 07 00 00 00 00 00   2.73
59946  33900.00   -2267750.2194  5009154.4925  3221294.3687   30.53167889791  114.35726876604       28.1652      7 07 00 00 00 00 00   2.72
59946  33930.00   -2267750.2120  5009154.4942  3221294.3663   30.53167888671  114.35726868801       28.1627      8 08 00 00 00 00 00   2.64
59946  33960.00   -2267750.2240  5009154.4882  3221294.3640   30.53167887158  114.35726882786       28.1611      8 08 00 00 00 00 00   2.64
59946  33990.00   -2267750.2043  5009154.4726  3221294.3582   30.53167892844  114.35726870763       28.1389      8 08 00 00 00 00 00   2.63
59946  34020.00   -2267750.2148  5009154.4905  3221294.3620   30.53167886324  114.35726873049       28.1586      8 08 00 00 00 00 00   2.62
59946  34050.00   -2267750.2117  5009154.4810  3221294.3609   30.53167890033  114.35726874249       28.1494      8 08 00 00 00 00 00   2.61
59946  34080.00   -2267750.2278  5009154.5029  3221294.3733   30.53167887494  114.35726880145       28.1787      8 08 00 00 00 00 00   2.61
59946  34110.00   -2267750.2220  5009154.4860  3221294.3638   30.53167888265  114.35726881860       28.1585      8 08 00 00 00 00 00   2.60
59946  34140.00   -2267750.2139  5009154.4844  3221294.3614   30.53167888558  114.35726874862       28.1532      8 08 00 00 00 00 00   2.59
59946  34170.00   -2267750.2126  5009154.4923  3221294.3665   30.53167889530  114.35726870267       28.1615      8 08 00 00 00 00 00   2.58
59946  34200.00   -2267750.2207  5009154.4949  3221294.3708   30.53167890265  114.35726876849       28.1686      8 08 00 00 00 00 00   2.57
59946  34230.00   -2267750.2201  5009154.4943  3221294.3675   30.53167888002  114.35726876520       28.1663      8 08 00 00 00 00 00   2.56
59946  34260.00   -2267750.2125  5009154.4852  3221294.3683   30.53167893862  114.35726873201       28.1569      8 08 00 00 00 00 00   2.55
59946  34290.00   -2267750.2225  5009154.5084  3221294.3698   30.53167883490  114.35726872669       28.1794      8 08 00 00 00 00 00   2.54
59946  34320.00   -2267750.2169  5009154.4929  3221294.3708   30.53167891748  114.35726874011       28.1657      8 08 00 00 00 00 00   2.53
59946  34350.00   -2267750.2147  5009154.4981  3221294.3740   30.53167892479  114.35726869715       28.1706      8 08 00 00 00 00 00   2.51
59946  34380.00   -2267750.2208  5009154.4960  3221294.3724   30.53167891017  114.35726876446       28.1703      8 08 00 00 00 00 00   2.50
59946  34410.00   -2267750.2154  5009154.4917  3221294.3669   30.53167889529  114.35726873111       28.1622      8 08 00 00 00 00 00   2.49
59946  34440.00   -2267750.1995  5009154.4702  3221294.3599   30.53167896067  114.35726867315       28.1361      8 08 00 00 00 00 00   2.48
59946  34470.00   -2267750.2069  5009154.4765  3221294.3587   30.53167891109  114.35726871635       28.1431      8 08 00 00 00 00 00   2.47
59946  34500.00   -2267750.2102  5009154.4817  3221294.3616   30.53167890555  114.35726872504       28.1498      8 08 00 00 00 00 00   2.46
59946  34530.00   -2267750.2081  5009154.4794  3221294.3571   30.53167888425  114.35726871488       28.1450      8 08 00 00 00 00 00   2.44
59946  34560.00   -2267750.2128  5009154.4988  3221294.3668   30.53167887018  114.35726867589       28.1668      8 08 00 00 00 00 00   2.43
59946  34590.00   -2267750.2108  5009154.4941  3221294.3638   30.53167886939  114.35726867735       28.1609      8 08 00 00 00 00 00   2.42
59946  34620.00   -2267750.2135  5009154.4895  3221294.3638   30.53167888442  114.35726872256       28.1582      8 08 00 00 00 00 00   2.41
59946  34650.00   -2267750.2108  5009154.4925  3221294.3653   30.53167888837  114.35726868389       28.1604      8 08 00 00 00 00 00   2.39
59946  34680.00   -2267750.2064  5009154.4711  3221294.3579   30.53167892814  114.35726873471       28.1383      8 08 00 00 00 00 00   2.38
59946  34710.00   -2267750.2010  5009154.4784  3221294.3570   30.53167890100  114.35726865206       28.1416      8 08 00 00 00 00 00   2.37
59946  34740.00   -2267750.2095  5009154.4826  3221294.3592   30.53167888442  114.35726871404       28.1491      8 08 00 00 00 00 00   2.36
59946  34770.00   -2267750.2120  5009154.4947  3221294.3640   30.53167886687  114.35726868640       28.1619      8 08 00 00 00 00 00   2.35
59946  34800.00   -2267750.2136  5009154.4783  3221294.3606   30.53167890558  114.35726877246       28.1479      8 08 00 00 00 00 00   2.33
59946  34830.00   -2267750.2156  5009154.4873  3221294.3662   30.53167890805  114.35726875244       28.1585      8 08 00 00 00 00 00   2.32
59946  34860.00   -2267750.2097  5009154.4950  3221294.3679   30.53167889966  114.35726866271       28.1633      8 08 00 00 00 00 00   2.31
59946  34890.00   -2267750.2137  5009154.4928  3221294.3687   30.53167890771  114.35726871038       28.1634      8 08 00 00 00 00 00   2.30
59946  34920.00   -2267750.2123  5009154.4924  3221294.3689   30.53167891396  114.35726869931       28.1627      8 08 00 00 00 00 00   2.28
59946  34950.00   -2267750.2077  5009154.4883  3221294.3710   30.53167895564  114.35726867305       28.1589      8 08 00 00 00 00 00   2.27
59946  34980.00   -2267750.2198  5009154.5126  3221294.3788   30.53167889223  114.35726868329       28.1863      8 08 00 00 00 00 00   2.26
59946  35010.00   -2267750.2337  5009154.5176  3221294.3713   30.53167878730  114.35726879377       28.1913      9 09 00 00 00 00 00   1.85
59946  35040.00   -2267750.2303  5009154.5067  3221294.3682   30.53167881498  114.35726880851       28.1799      9 09 00 00 00 00 00   1.84
59946  35070.00   -2267750.2349  5009154.5073  3221294.3738   30.53167884666  114.35726884896       28.1849      9 09 00 00 00 00 00   1.84
59946  35100.00   -2267750.2305  5009154.5064  3221294.3750   30.53167886886  114.35726881125       28.1832      9 09 00 00 00 00 00   1.84
59946  35130.00   -2267750.2162  5009154.4927  3221294.3676   30.53167889511  114.35726873499       28.1637      9 09 00 00 00 00 00   1.83
59946  35160.00   -2267750.2204  5009154.5013  3221294.3734   30.53167889585  114.35726873796       28.1748      9 09 00 00 00 00 00   1.83
59946  35190.00   -2267750.2175  5009154.5098  3221294.3757   30.53167888414  114.35726867320       28.1816      9 09 00 00 00 00 00   1.82
59946  35220.00   -2267750.2274  5009154.5079  3221294.3717   30.53167884199  114.35726877577       28.1817      8 08 00 00 00 00 00   1.96
59946  35250.00   -2267750.2243  5009154.5039  3221294.3697   30.53167884958  114.35726876327       28.1763      8 08 00 00 00 00 00   1.96
59946  35280.00   -2267750.2252  5009154.5031  3221294.3710   30.53167886092  114.35726877547       28.1767      8 08 00 00 00 00 00   1.96
59946  35310.00   -2267750.2281  5009154.5033  3221294.3741   30.53167887884  114.35726880213       28.1795      8 08 00 00 00 00 00   1.96
59946  35340.00   -2267750.2263  5009154.5061  3221294.3708   30.53167884461  114.35726877333       28.1794      8 08 00 00 00 00 00   1.95
59946  35370.00   -2267750.2181  5009154.5013  3221294.3657   30.53167884049  114.35726871573       28.1701      8 08 00 00 00 00 00   1.95
59946  35400.00   -2267750.2219  5009154.5030  3221294.3713   30.53167886983  114.35726874481       28.1756      8 08 00 00 00 00 00   1.95
59946  35430.00   -2267750.2224  5009154.5108  3221294.3754   30.53167886833  114.35726871537       28.1840      8 08 00 00 00 00 00   1.94
59946  35460.00   -2267750.2318  5009154.5110  3221294.3716   30.53167882036  114.35726880441       28.1856      8 08 00 00 00 00 00   1.94
59946  35490.00   -2267750.2203  5009154.4981  3221294.3673   30.53167886254  114.35726875048       28.1692      8 08 00 00 00 00 00   1.94
59946  35520.00   -2267750.2231  5009154.4926  3221294.3680   30.53167888586  114.35726880085       28.1662      8 08 00 00 00 00 00   1.93
59946  35550.00   -2267750.2259  5009154.5038  3221294.3672   30.53167882715  114.35726877870       28.1756      8 08 00 00 00 00 00   1.93
59946  35580.00   -2267750.2250  5009154.4962  3221294.3619   30.53167881944  114.35726880365       28.1666      8 08 00 00 00 00 00   1.93
59946  35610.00   -2267750.2194  5009154.4911  3221294.3580   30.53167882077  114.35726877156       28.1586      8 08 00 00 00 00 00   1.92
59946  35640.00   -2267750.2250  5009154.4965  3221294.3649   30.53167884130  114.35726880144       28.1684      8 08 00 00 00 00 00   1.92
59946  35670.00   -2267750.2201  5009154.5018  3221294.3720   30.53167888354  114.35726873258       28.1744      8 08 00 00 00 00 00   1.91
59946  35700.00   -2267750.2317  5009154.5072  3221294.3734   30.53167885066  114.35726881924       28.1834      8 08 00 00 00 00 00   1.91
59946  35730.00   -2267750.2357  5009154.5008  3221294.3675   30.53167882357  114.35726888519       28.1769      8 08 00 00 00 00 00   1.91
59946  35760.00   -2267750.2450  5009154.5175  3221294.3725   30.53167877534  114.35726890120       28.1959      8 08 00 00 00 00 00   1.90
59946  35790.00   -2267750.2423  5009154.5261  3221294.3781   30.53167878824  114.35726883856       28.2045      8 08 00 00 00 00 00   1.90
59946  35820.00   -2267750.2300  5009154.5019  3221294.3588   30.53167876216  114.35726882602       28.1713      8 08 00 00 00 00 00   1.89
59946  35850.00   -2267750.2320  5009154.5091  3221294.3706   30.53167882015  114.35726881480       28.1836      8 08 00 00 00 00 00   1.89
59946  35880.00   -2267750.2247  5009154.5052  3221294.3693   30.53167884013  114.35726876221       28.1773      8 08 00 00 00 00 00   1.88
59946  35910.00   -2267750.2267  5009154.5148  3221294.3793   30.53167887435  114.35726873975       28.1907      8 08 00 00 00 00 00   1.88
59946  35940.00   -2267750.2248  5009154.5156  3221294.3798   30.53167887835  114.35726871779       28.1908      8 08 00 00 00 00 00   1.88
59946  35970.00   -2267750.2234  5009154.5000  3221294.3692   30.53167886311  114.35726877184       28.1728      8 08 00 00 00 00 00   1.87
59946  36000.00   -2267750.2217  5009154.4995  3221294.3734   30.53167890116  114.35726875740       28.1739      8 08 00 00 00 00 00   1.87
59946  36030.00   -2267750.2279  5009154.5061  3221294.3680   30.53167881993  114.35726878793       28.1786      8 08 00 00 00 00 00   1.86
59946  36060.00   -2267750.2277  5009154.4995  3221294.3720   30.53167887921  114.35726881453       28.1753      8 08 00 00 00 00 00   1.86
59946  36090.00   -2267750.2351  5009154.5040  3221294.3742   30.53167886337  114.35726886527       28.1826      8 08 00 00 00 00 00   1.85
59946  36120.00   -2267750.2333  5009154.4986  3221294.3689   30.53167884843  114.35726887203       28.1750      8 08 00 00 00 00 00   1.85
59946  36150.00   -2267750.2275  5009154.4939  3221294.3624   30.53167882801  114.35726883688       28.1660      8 08 00 00 00 00 00   1.84
59946  36180.00   -2267750.2232  5009154.5110  3221294.3655   30.53167878910  114.35726872282       28.1794      8 08 00 00 00 00 00   1.84
59946  36210.00   -2267750.2166  5009154.4925  3221294.3706   30.53167891840  114.35726873981       28.1651      8 08 00 00 00 00 00   1.83
59946  36240.00   -2267750.2219  5009154.4948  3221294.3679   30.53167887836  114.35726877983       28.1675      8 08 00 00 00 00 00   1.83
59946  36270.00   -2267750.2148  5009154.4995  3221294.3691   30.53167888069  114.35726869201       28.1692      8 08 00 00 00 00 00   1.82
59946  36300.00   -2267750.2242  5009154.5040  3221294.3702   30.53167885336  114.35726876201       28.1767      8 08 00 00 00 00 00   1.82
59946  36330.00   -2267750.2194  5009154.4957  3221294.3731   30.53167891879  114.35726875238       28.1699      8 08 00 00 00 00 00   1.81
59946  36360.00   -2267750.2234  5009154.4911  3221294.3661   30.53167887633  114.35726880946       28.1642      8 08 00 00 00 00 00   1.81
59946  36390.00   -2267750.2227  5009154.4965  3221294.3682   30.53167887158  114.35726877972       28.1693      8 08 00 00 00 00 00   1.80
59946  36420.00   -2267750.2226  5009154.4922  3221294.3674   30.53167888403  114.35726879746       28.1654      8 08 00 00 00 00 00   1.80
59946  36450.00   -2267750.2189  5009154.4921  3221294.3665   30.53167888390  114.35726876253       28.1636      8 08 00 00 00 00 00   1.79
59946  36480.00   -2267750.2280  5009154.5086  3221294.3768   30.53167887750  114.35726877793       28.1850      9 09 00 00 00 00 00   1.60
59946  36510.00   -2267750.2191  5009154.4962  3221294.3601   30.53167881649  114.35726874752       28.1636      9 09 00 00 00 00 00   1.60
59946  36540.00   -2267750.2152  5009154.4930  3221294.3626   30.53167885698  114.35726872353       28.1610      9 09 00 00 00 00 00   1.59
59946  36570.00   -2267750.2117  5009154.4904  3221294.3667   30.53167890644  114.35726870198       28.1598      9 09 00 00 00 00 00   1.59
59946  36600.00   -2267750.2192  5009154.4948  3221294.3682   30.53167888524  114.35726875425       28.1666      9 09 00 00 00 00 00   1.59
59946  36630.00   -2267750.2231  5009154.4917  3221294.3628   30.53167884906  114.35726880492       28.1628      9 09 00 00 00 00 00   1.58
59946  36660.00   -2267750.2227  5009154.5002  3221294.3588   30.53167878285  114.35726876452       28.1673      9 09 00 00 00 00 00   1.58
59946  36690.00   -2267750.2281  5009154.5012  3221294.3638   30.53167880752  114.35726881105       28.1725      9 09 00 00 00 00 00   1.58
59946  36720.00   -2267750.2293  5009154.5017  3221294.3697   30.53167884940  114.35726882098       28.1764      9 09 00 00 00 00 00   1.57
59946  36750.00   -2267750.2293  5009154.4925  3221294.3725   30.53167890940  114.35726885945       28.1707      9 09 00 00 00 00 00   1.57
59946  36780.00   -2267750.2301  5009154.4932  3221294.3738   30.53167891481  114.35726886467       28.1722      9 09 00 00 00 00 00   1.57
59946  36810.00   -2267750.2123  5009154.4780  3221294.3468   30.53167880184  114.35726876117       28.1401      9 09 00 00 00 00 00   1.56
59946  36840.00   -2267750.2255  5009154.4981  3221294.3603   30.53167879785  114.35726879919       28.1675      9 09 00 00 00 00 00   1.56
59946  36870.00   -2267750.2239  5009154.4871  3221294.3608   30.53167885108  114.35726883204       28.1586      9 09 00 00 00 00 00   1.56
59946  36900.00   -2267750.2247  5009154.4975  3221294.3676   30.53167885941  114.35726879448       28.1704      9 09 00 00 00 00 00   1.55
59946  36930.00   -2267750.2313  5009154.5017  3221294.3756   30.53167889138  114.35726883911       28.1801      9 09 00 00 00 00 00   1.55
59946  36960.00   -2267750.2282  5009154.5017  3221294.3687   30.53167884296  114.35726880992       28.1756      9 09 00 00 00 00 00   1.55
59946  36990.00   -2267750.2271  5009154.5053  3221294.3711   30.53167884883  114.35726878428       28.1792      9 09 00 00 00 00 00   1.55
59946  37020.00   -2267750.2343  5009154.5071  3221294.3719   30.53167883412  114.35726884423       28.1836      9 09 00 00 00 00 00   1.54
59946  37050.00   -2267750.2305  5009154.5050  3221294.3712   30.53167884424  114.35726881727       28.1802      9 09 00 00 00 00 00   1.54
59946  37080.00   -2267750.2250  5009154.4933  3221294.3633   30.53167884262  114.35726881548       28.1651      9 09 00 00 00 00 00   1.54
59946  37110.00   -2267750.2226  5009154.4918  3221294.3636   30.53167885585  114.35726879914       28.1632      9 09 00 00 00 00 00   1.53
59946  37140.00   -2267750.2278  5009154.4984  3221294.3720   30.53167888300  114.35726882013       28.1745      9 09 00 00 00 00 00   1.53
59946  37170.00   -2267750.2308  5009154.4986  3221294.3672   30.53167883973  114.35726884827       28.1733      9 09 00 00 00 00 00   1.53
59946  37200.00   -2267750.2343  5009154.5158  3221294.3741   30.53167881520  114.35726880760       28.1915      9 09 00 00 00 00 00   1.52
59946  37230.00   -2267750.2272  5009154.5136  3221294.3718   30.53167881949  114.35726874897       28.1860      9 09 00 00 00 00 00   1.52
59946  37260.00   -2267750.2247  5009154.5189  3221294.3720   30.53167880328  114.35726870280       28.1895      9 09 00 00 00 00 00   1.52
59946  37290.00   -2267750.2293  5009154.5128  3221294.3791   30.53167887570  114.35726877266       28.1899      9 09 00 00 00 00 00   1.51
59946  37320.00   -2267750.2286  5009154.4886  3221294.3711   30.53167891573  114.35726886963       28.1666      9 09 00 00 00 00 00   1.51
59946  37350.00   -2267750.2236  5009154.4913  3221294.3699   30.53167890508  114.35726881116       28.1664      9 09 00 00 00 00 00   1.51
59946  37380.00   -2267750.2238  5009154.5087  3221294.3719   30.53167884730  114.35726873793       28.1811      9 09 00 00 00 00 00   1.50
59946  37410.00   -2267750.2302  5009154.5077  3221294.3684   30.53167881199  114.35726880262       28.1808      9 09 00 00 00 00 00   1.50
59946  37440.00   -2267750.2325  5009154.5119  3221294.3744   30.53167883744  114.35726880681       28.1879      9 09 00 00 00 00 00   1.50
59946  37470.00   -2267750.2352  5009154.5090  3221294.3719   30.53167882455  114.35726884529       28.1853      9 09 00 00 00 00 00   1.49
59946  37500.00   -2267750.2244  5009154.5005  3221294.3676   30.53167884666  114.35726877894       28.1727      9 09 00 00 00 00 00   1.49
59946  37530.00   -2267750.2240  5009154.5003  3221294.3705   30.53167887083  114.35726877631       28.1738      9 09 00 00 00 00 00   1.49
59946  37560.00   -2267750.2255  5009154.4916  3221294.3678   30.53167888339  114.35726882736       28.1662      9 09 00 00 00 00 00   1.49
59946  37590.00   -2267750.2204  5009154.4963  3221294.3611   30.53167882155  114.35726875895       28.1646      9 09 00 00 00 00 00   1.48
59946  37620.00   -2267750.2366  5009154.5151  3221294.3747   30.53167881768  114.35726883214       28.1921      9 09 00 00 00 00 00   1.48
59946  37650.00   -2267750.2341  5009154.5067  3221294.3751   30.53167886058  114.35726884456       28.1848      9 09 00 00 00 00 00   1.48
59946  37680.00   -2267750.2250  5009154.5012  3221294.3715   30.53167887325  114.35726878225       28.1754      9 09 00 00 00 00 00   1.47
59946  37710.00   -2267750.2212  5009154.4922  3221294.3649   30.53167886677  114.35726878399       28.1637      9 09 00 00 00 00 00   1.47
59946  37740.00   -2267750.2250  5009154.4995  3221294.3733   30.53167889432  114.35726878877       28.1750      8 08 00 00 00 00 00   1.67
59946  37770.00   -2267750.2242  5009154.5090  3221294.3784   30.53167889589  114.35726874084       28.1848      8 08 00 00 00 00 00   1.67
59946  37800.00   -2267750.2256  5009154.4998  3221294.3702   30.53167886804  114.35726879359       28.1739      8 08 00 00 00 00 00   1.66
59946  37830.00   -2267750.2288  5009154.4986  3221294.3690   30.53167885748  114.35726882884       28.1735      9 09 00 00 00 00 00   1.59
59946  37860.00   -2267750.2258  5009154.4922  3221294.3575   30.53167880050  114.35726882743       28.1616      8 08 00 00 00 00 00   1.82
59946  37890.00   -2267750.2302  5009154.5082  3221294.3724   30.53167884085  114.35726880130       28.1832      8 08 00 00 00 00 00   1.83
59946  37920.00   -2267750.2235  5009154.5058  3221294.3695   30.53167884107  114.35726874775       28.1775      8 08 00 00 00 00 00   1.83
59946  37950.00   -2267750.2280  5009154.5025  3221294.3699   30.53167884933  114.35726880426       28.1767      8 08 00 00 00 00 00   1.83
59946  37980.00   -2267750.2298  5009154.5002  3221294.3692   30.53167885031  114.35726883175       28.1752      8 08 00 00 00 00 00   1.83
59946  38010.00   -2267750.2379  5009154.5181  3221294.3859   30.53167889040  114.35726883187       28.2006      8 08 00 00 00 00 00   1.84
59946  38040.00   -2267750.2248  5009154.5044  3221294.3746   30.53167888387  114.35726876573       28.1794      8 08 00 00 00 00 00   1.84
59946  38070.00   -2267750.2213  5009154.5011  3221294.3741   30.53167890066  114.35726874743       28.1753      8 08 00 00 00 00 00   1.84
59946  38100.00   -2267750.2256  5009154.5001  3221294.3662   30.53167883553  114.35726879192       28.1720      7 07 00 00 00 00 00   1.93
59946  38130.00   -2267750.2221  5009154.5011  3221294.3675   30.53167884832  114.35726875464       28.1723      7 07 00 00 00 00 00   1.94
59946  38160.00   -2267750.2132  5009154.4798  3221294.3594   30.53167889083  114.35726876125       28.1483      7 07 00 00 00 00 00   1.94
59946  38190.00   -2267750.2152  5009154.4725  3221294.3606   30.53167892688  114.35726881236       28.1439      8 08 00 00 00 00 00   1.86
59946  38220.00   -2267750.2091  5009154.4881  3221294.3676   30.53167892710  114.35726868709       28.1575      8 08 00 00 00 00 00   1.86
59946  38250.00   -2267750.2221  5009154.5016  3221294.3821   30.53167895961  114.35726875219       28.1800      8 08 00 00 00 00 00   1.86
59946  38280.00   -2267750.2245  5009154.5022  3221294.3786   30.53167892504  114.35726877238       28.1796      8 08 00 00 00 00 00   1.87
59946  38310.00   -2267750.2274  5009154.5215  3221294.3897   30.53167892519  114.35726871730       28.2014      8 08 00 00 00 00 00   1.87
59946  38340.00   -2267750.2320  5009154.5188  3221294.3850   30.53167889154  114.35726877267       28.1986      8 08 00 00 00 00 00   1.87
59946  38370.00   -2267750.2271  5009154.4908  3221294.3684   30.53167888822  114.35726884624       28.1665      8 08 00 00 00 00 00   1.88
59946  38400.00   -2267750.2238  5009154.4963  3221294.3630   30.53167883029  114.35726879129       28.1669      8 08 00 00 00 00 00   1.88
59946  38430.00   -2267750.2179  5009154.5009  3221294.3734   30.53167890251  114.35726871580       28.1736      8 08 00 00 00 00 00   1.88
59946  38460.00   -2267750.2277  5009154.5221  3221294.3920   30.53167894048  114.35726871789       28.2032      8 08 00 00 00 00 00   1.89
59946  38490.00   -2267750.2255  5009154.5082  3221294.3847   30.53167894507  114.35726875642       28.1878      8 08 00 00 00 00 00   1.89
59946  38520.00   -2267750.2264  5009154.5118  3221294.3867   30.53167894410  114.35726874932       28.1920      8 08 00 00 00 00 00   1.90
59946  38550.00   -2267750.2297  5009154.5088  3221294.3763   30.53167886996  114.35726879402       28.1855      8 08 00 00 00 00 00   1.90
59946  38580.00   -2267750.2180  5009154.5006  3221294.3581   30.53167878463  114.35726871836       28.1656      8 08 00 00 00 00 00   1.91
59946  38610.00   -2267750.2204  5009154.4999  3221294.3664   30.53167884746  114.35726874317       28.1701      8 08 00 00 00 00 00   1.91
59946  38640.00   -2267750.2172  5009154.4881  3221294.3649   30.53167889132  114.35726876385       28.1590      8 08 00 00 00 00 00   1.91
59946  38670.00   -2267750.2235  5009154.4976  3221294.3626   30.53167882150  114.35726878283       28.1676      8 08 00 00 00 00 00   1.92
59946  38700.00   -2267750.2157  5009154.4780  3221294.3526   30.53167884082  114.35726879274       28.1443      8 08 00 00 00 00 00   1.92
59946  38730.00   -2267750.2153  5009154.4857  3221294.3495   30.53167878533  114.35726875667       28.1486      7 07 00 00 00 00 00   2.83
59946  38760.00   -2267750.2195  5009154.4767  3221294.3453   30.53167878253  114.35726883513       28.1409      7 07 00 00 00 00 00   2.84
59946  38790.00   -2267750.2114  5009154.4655  3221294.3242   30.53167868002  114.35726880641       28.1186      7 07 00 00 00 00 00   2.84
59946  38820.00   -2267750.2176  5009154.4952  3221294.3653   30.53167886402  114.35726873709       28.1649      7 07 00 00 00 00 00   2.85
59946  38850.00   -2267750.2124  5009154.4861  3221294.3618   30.53167888449  114.35726872673       28.1541      7 07 00 00 00 00 00   2.86
59946  38880.00   -2267750.2172  5009154.4827  3221294.3491   30.53167879071  114.35726878718       28.1468      7 07 00 00 00 00 00   2.87
59946  38910.00   -2267750.2216  5009154.4952  3221294.3673   30.53167887183  114.35726877539       28.1674      7 07 00 00 00 00 00   2.88
59946  38940.00   -2267750.2206  5009154.5020  3221294.3641   30.53167882026  114.35726873649       28.1707      7 07 00 00 00 00 00   2.89
59946  38970.00   -2267750.2160  5009154.5074  3221294.3636   30.53167880335  114.35726866978       28.1731      7 07 00 00 00 00 00   2.90
59946  39000.00   -2267750.2201  5009154.5241  3221294.3909   30.53167893790  114.35726863684       28.2015      7 07 00 00 00 00 00   2.91
59946  39030.00   -2267750.2210  5009154.5198  3221294.3896   30.53167894333  114.35726866340       28.1978      7 07 00 00 00 00 00   2.92
59946  39060.00   -2267750.2152  5009154.5238  3221294.3812   30.53167887261  114.35726859108       28.1946      7 07 00 00 00 00 00   2.93
59946  39090.00   -2267750.2187  5009154.5146  3221294.3707   30.53167882273  114.35726866406       28.1833      7 07 00 00 00 00 00   2.94
59946  39120.00   -2267750.2227  5009154.4928  3221294.3691   30.53167889423  114.35726879585       28.1668      7 07 00 00 00 00 00   2.95
59946  39150.00   -2267750.2200  5009154.4952  3221294.3704   30.53167889919  114.35726876012       28.1684      7 07 00 00 00 00 00   2.96
59946  39180.00   -2267750.2187  5009154.4969  3221294.3686   30.53167888026  114.35726874021       28.1683      7 07 00 00 00 00 00   2.97
59946  39210.00   -2267750.2202  5009154.4782  3221294.3550   30.53167885012  114.35726883538       28.1473      7 07 00 00 00 00 00   2.98
59946  39240.00   -2267750.2183  5009154.5002  3221294.3748   30.53167891585  114.35726872215       28.1739      7 07 00 00 00 00 00   2.99
59946  39270.00   -2267750.2231  5009154.5036  3221294.3820   30.53167894884  114.35726875335       28.1820      7 07 00 00 00 00 00   3.00
59946  39300.00   -2267750.2190  5009154.5051  3221294.3682   30.53167884239  114.35726870813       28.1747      7 07 00 00 00 00 00   3.01
59946  39330.00   -2267750.2136  5009154.4699  3221294.3369   30.53167875689  114.35726880781       28.1293      7 07 00 00 00 00 00   3.02
59946  39360.00   -2267750.2188  5009154.4779  3221294.3359   30.53167870592  114.35726882323       28.1369      7 07 00 00 00 00 00   3.03
59946  39390.00   -2267750.2070  5009154.4739  3221294.3346   30.53167873461  114.35726872856       28.1289      7 07 00 00 00 00 00   3.05
59946  39420.00   -2267750.2185  5009154.4949  3221294.3506   30.53167874942  114.35726874730       28.1576      7 07 00 00 00 00 00   3.06
59946  39450.00   -2267750.2145  5009154.4849  3221294.3415   30.53167872836  114.35726875206       28.1437      7 07 00 00 00 00 00   3.07
59946  39480.00   -2267750.2239  5009154.5024  3221294.3695   30.53167885521  114.35726876646       28.1750      7 07 00 00 00 00 00   3.08
59946  39510.00   -2267750.2197  5009154.4919  3221294.3563   30.53167880424  114.35726877185       28.1585      7 07 00 00 00 00 00   3.09
59946  39540.00   -2267750.2175  5009154.4802  3221294.3445   30.53167876524  114.35726880113       28.1426      7 07 00 00 00 00 00   3.10
59946  39570.00   -2267750.2195  5009154.4846  3221294.3471   30.53167876341  114.35726880064       28.1480      7 07 00 00 00 00 00   3.12
59946  39600.00   -2267750.2199  5009154.4796  3221294.3464   30.53167877782  114.35726882615       28.1439      7 07 00 00 00 00 00   3.13
59946  39630.00   -2267750.2154  5009154.4773  3221294.3351   30.53167870882  114.35726879347       28.1347      7 07 00 00 00 00 00   3.14
59946  39660.00   -2267750.2106  5009154.4963  3221294.3624   30.53167885035  114.35726866636       28.1618      7 07 00 00 00 00 00   3.15
59946  39690.00   -2267750.2170  5009154.4835  3221294.3582   30.53167885921  114.35726878172       28.1519      7 07 00 00 00 00 00   3.16
59946  39720.00   -2267750.2182  5009154.4889  3221294.3578   30.53167883108  114.35726877063       28.1564      7 07 00 00 00 00 00   3.17
59946  39750.00   -2267750.2248  5009154.4830  3221294.3499   30.53167878131  114.35726885824       28.1501      7 07 00 00 00 00 00   3.18
59946  39780.00   -2267750.2149  5009154.4780  3221294.3491   30.53167881532  114.35726878605       28.1422      7 07 00 00 00 00 00   3.20
59946  39810.00   -2267750.2181  5009154.4964  3221294.3698   30.53167889349  114.35726873728       28.1683      7 07 00 00 00 00 00   3.21
59946  39840.00   -2267750.2289  5009154.5075  3221294.3784   30.53167889324  114.35726879142       28.1852      7 07 00 00 00 00 00   3.22
59946  39870.00   -2267750.2302  5009154.5085  3221294.3725   30.53167884076  114.35726879954       28.1835      7 07 00 00 00 00 00   3.23
59946  39900.00   -2267750.2152  5009154.4837  3221294.3397   30.53167871714  114.35726876411       28.1421      7 07 00 00 00 00 00   3.24
59946  39930.00   -2267750.2213  5009154.4880  3221294.3403   30.53167869299  114.35726880286       28.1479      7 07 00 00 00 00 00   3.24
59946  39960.00   -2267750.2261  5009154.5068  3221294.3598   30.53167875649  114.35726876851       28.1743      7 07 00 00 00 00 00   3.25
59946  39990.00   -2267750.2265  5009154.5160  3221294.3690   30.53167878933  114.35726873199       28.1863      7 07 00 00 00 00 00   3.26
59946  40020.00   -2267750.2251  5009154.4851  3221294.3402   30.53167869740  114.35726885180       28.1469      7 07 00 00 00 00 00   3.27
59946  40050.00   -2267750.2241  5009154.4703  3221294.3350   30.53167872066  114.35726890580       28.1323      7 07 00 00 00 00 00   3.28
59946  40080.00   -2267750.2104  5009154.4725  3221294.3352   30.53167873884  114.35726876625       28.1293      7 07 00 00 00 00 00   3.28
59946  40110.00   -2267750.2130  5009154.4731  3221294.3485   30.53167883456  114.35726878868       28.1375      7 07 00 00 00 00 00   3.29
59946  40140.00   -2267750.2172  5009154.4995  3221294.3756   30.53167892697  114.35726871552       28.1734      7 07 00 00 00 00 00   3.30
59946  40170.00   -2267750.2153  5009154.4873  3221294.3438   30.53167873397  114.35726874897       28.1470      7 07 00 00 00 00 00   3.30
59946  40200.00   -2267750.2158  5009154.4877  3221294.3476   30.53167876111  114.35726875262       28.1495      7 07 00 00 00 00 00   3.31
59946  40230.00   -2267750.2229  5009154.4807  3221294.3376   30.53167869933  114.35726884997       28.1413      7 07 00 00 00 00 00   3.31
59946  40260.00   -2267750.2207  5009154.4772  3221294.3369   30.53167871270  114.35726884424       28.1374      7 07 00 00 00 00 00   3.32
59946  40290.00   -2267750.2112  5009154.4668  3221294.3322   30.53167873785  114.35726879858       28.1236      7 07 00 00 00 00 00   3.32
59946  40320.00   -2267750.2143  5009154.4851  3221294.3534   30.53167881998  114.35726874934       28.1498      7 07 00 00 00 00 00   3.32
59946  40350.00   -2267750.2146  5009154.4826  3221294.3380   30.53167870987  114.35726876254       28.1401      7 07 00 00 00 00 00   3.32
59946  40380.00   -2267750.2104  5009154.4749  3221294.3418   30.53167877968  114.35726875626       28.1345      7 07 00 00 00 00 00   3.32
59946  40410.00   -2267750.2126  5009154.4739  3221294.3252   30.53167865123  114.35726878087       28.1261      7 07 00 00 00 00 00   3.33
59946  40440.00   -2267750.2117  5009154.4640  3221294.3287   30.53167872149  114.35726881535       28.1198      7 07 00 00 00 00 00   3.32
59946  40470.00   -2267750.2080  5009154.4849  3221294.3548   30.53167884379  114.35726868982       28.1481      7 07 00 00 00 00 00   3.32
59946  40500.00   -2267750.1989  5009154.4681  3221294.3350   30.53167877717  114.35726867645       28.1216      7 07 00 00 00 00 00   3.32
59946  40530.00   -2267750.2135  5009154.4671  3221294.3410   30.53167880006  114.35726881881       28.1291      7 07 00 00 00 00 00   3.32
59946  40560.00   -2267750.2019  5009154.4597  3221294.3284   30.53167875512  114.35726874084       28.1128      7 07 00 00 00 00 00   3.32
59946  40590.00   -2267750.2058  5009154.4684  3221294.3320   30.53167873975  114.35726874050       28.1228      7 07 00 00 00 00 00   3.31
59946  40620.00   -2267750.2095  5009154.4691  3221294.3434   30.53167881789  114.35726877212       28.1304      7 07 00 00 00 00 00   3.31
59946  40650.00   -2267750.2085  5009154.4916  3221294.3513   30.53167878756  114.35726866641       28.1518      7 07 00 00 00 00 00   3.30
59946  40680.00   -2267750.2072  5009154.4884  3221294.3438   30.53167874540  114.35726866752       28.1449      7 07 00 00 00 00 00   3.30
59946  40710.00   -2267750.2133  5009154.4855  3221294.3414   30.53167872692  114.35726873792       28.1436      7 07 00 00 00 00 00   3.29
59946  40740.00   -2267750.2172  5009154.4688  3221294.3247   30.53167865991  114.35726884749       28.1235      7 07 00 00 00 00 00   3.29
59946  40770.00   -2267750.2156  5009154.4807  3221294.3272   30.53167863255  114.35726878037       28.1335      7 07 00 00 00 00 00   3.28
59946  40800.00   -2267750.2117  5009154.4783  3221294.3397   30.53167874663  114.35726875408       28.1365      7 07 00 00 00 00 00   3.27
59946  40830.00   -2267750.2096  5009154.4714  3221294.3268   30.53167867979  114.35726876351       28.1238      7 07 00 00 00 00 00   3.26
59946  40860.00   -2267750.2158  5009154.4646  3221294.3262   30.53167869144  114.35726885180       28.1204      7 07 00 00 00 00 00   3.25
59946  40890.00   -2267750.2098  5009154.4667  3221294.3350   30.53167876250  114.35726878538       28.1244      7 07 00 00 00 00 00   3.24
59946  40920.00   -2267750.2124  5009154.4796  3221294.3361   30.53167871235  114.35726875467       28.1360      7 07 00 00 00 00 00   3.23
59946  40950.00   -2267750.2092  5009154.4927  3221294.3613   30.53167885932  114.35726866820       28.1580      7 07 00 00 00 00 00   3.22
59946  40980.00   -2267750.2070  5009154.4683  3221294.3375   30.53167878085  114.35726875228       28.1259      7 07 00 00 00 00 00   3.21
59946  41010.00   -2267750.2099  5009154.4669  3221294.3378   30.53167878326  114.35726878605       28.1260      7 07 00 00 00 00 00   3.20
59946  41040.00   -2267750.2146  5009154.4826  3221294.3432   30.53167875054  114.35726876324       28.1427      7 07 00 00 00 00 00   3.19
59946  41070.00   -2267750.2039  5009154.4620  3221294.3318   30.53167876851  114.35726874968       28.1170      7 07 00 00 00 00 00   3.18
59946  41100.00   -2267750.2054  5009154.4712  3221294.3371   30.53167876845  114.35726872450       28.1275      7 07 00 00 00 00 00   3.17
59946  41130.00   -2267750.2106  5009154.4670  3221294.3356   30.53167876442  114.35726879157       28.1253      7 07 00 00 00 00 00   3.15
59946  41160.00   -2267750.2053  5009154.4605  3221294.3275   30.53167873843  114.35726876972       28.1142      7 07 00 00 00 00 00   3.14
59946  41190.00   -2267750.2013  5009154.4548  3221294.3212   30.53167872126  114.35726875576       28.1050      7 07 00 00 00 00 00   3.13
59946  41220.00   -2267750.2102  5009154.4600  3221294.3301   30.53167875122  114.35726881798       28.1168      7 07 00 00 00 00 00   3.12
59946  41250.00   -2267750.2092  5009154.4632  3221294.3286   30.53167872833  114.35726879525       28.1182      7 07 00 00 00 00 00   3.10
59946  41280.00   -2267750.2071  5009154.4623  3221294.3327   30.53167876834  114.35726877885       28.1188      7 07 00 00 00 00 00   3.09
59946  41310.00   -2267750.2119  5009154.4574  3221294.3295   30.53167875459  114.35726884557       28.1151      7 07 00 00 00 00 00   3.08
59946  41340.00   -2267750.2057  5009154.4624  3221294.3293   30.53167874367  114.35726876585       28.1167      7 07 00 00 00 00 00   3.06
59946  41370.00   -2267750.2085  5009154.4623  3221294.3373   30.53167880097  114.35726879205       28.1217      7 07 00 00 00 00 00   3.05
59946  41400.00   -2267750.2105  5009154.4912  3221294.3547   30.53167881200  114.35726868730       28.1539      7 07 00 00 00 00 00   3.03
59946  41430.00   -2267750.2062  5009154.4820  3221294.3509   30.53167882850  114.35726868610       28.1432      7 07 00 00 00 00 00   3.02
59946  41460.00   -2267750.2073  5009154.4758  3221294.3456   30.53167881149  114.35726872314       28.1361      7 07 00 00 00 00 00   3.01
59946  41490.00   -2267750.2009  5009154.4770  3221294.3395   30.53167877130  114.35726865682       28.1316      7 07 00 00 00 00 00   2.99
59946  41520.00   -2267750.2087  5009154.4815  3221294.3465   30.53167879229  114.35726871125       28.1414      7 07 00 00 00 00 00   2.98
59946  41550.00   -2267750.2051  5009154.4738  3221294.3464   30.53167883049  114.35726871091       28.1341      7 07 00 00 00 00 00   2.97
59946  41580.00   -2267750.2116  5009154.4810  3221294.3505   30.53167882015  114.35726874152       28.1441      7 07 00 00 00 00 00   2.95
59946  41610.00   -2267750.2063  5009154.4677  3221294.3353   30.53167876734  114.35726874785       28.1241      7 07 00 00 00 00 00   2.94
59946  41640.00   -2267750.2027  5009154.4794  3221294.3529   30.53167886221  114.35726866393       28.1409      7 07 00 00 00 00 00   2.93
59946  41670.00   -2267750.2059  5009154.4690  3221294.3446   30.53167883487  114.35726873834       28.1297      7 07 00 00 00 00 00   2.91
59946  41700.00   -2267750.2011  5009154.4476  3221294.3264   30.53167879188  114.35726878500       28.1020      7 07 00 00 00 00 00   2.90
59946  41730.00   -2267750.2046  5009154.4746  3221294.3479   30.53167883988  114.35726870294       28.1353      7 07 00 00 00 00 00   2.89
59946  41760.00   -2267750.2073  5009154.4866  3221294.3544   30.53167883455  114.35726867659       28.1490      7 07 00 00 00 00 00   2.88
59946  41790.00   -2267750.2080  5009154.4890  3221294.3540   30.53167882009  114.35726867274       28.1510      7 07 00 00 00 00 00   2.86
59946  41820.00   -2267750.2090  5009154.4791  3221294.3470   30.53167880538  114.35726872426       28.1400      7 07 00 00 00 00 00   2.85
59946  41850.00   -2267750.2027  5009154.4699  3221294.3429   30.53167882360  114.35726870475       28.1285      7 07 00 00 00 00 00   2.84
59946  41880.00   -2267750.2039  5009154.4511  3221294.3239   30.53167875252  114.35726879636       28.1045      7 07 00 00 00 00 00   2.83
59946  41910.00   -2267750.2069  5009154.4690  3221294.3374   30.53167877656  114.35726874848       28.1264      7 07 00 00 00 00 00   2.82
59946  41940.00   -2267750.2073  5009154.4911  3221294.3534   30.53167880864  114.35726865720       28.1520      7 07 00 00 00 00 00   2.81
59946  41970.00   -2267750.1967  5009154.4739  3221294.3473   30.53167885283  114.35726863023       28.1316      7 07 00 00 00 00 00   2.79
59946  42000.00   -2267750.2058  5009154.4664  3221294.3464   30.53167885995  114.35726874887       28.1285      7 07 00 00 00 00 00   2.78
59946  42030.00   -2267750.2122  5009154.4681  3221294.3440   30.53167882213  114.35726880301       28.1309      7 07 00 00 00 00 00   2.77
59946  42060.00   -2267750.2199  5009154.4949  3221294.3633   30.53167884599  114.35726876019       28.1645      7 07 00 00 00 00 00   2.76
59946  42090.00   -2267750.2153  5009154.4962  3221294.3613   30.53167883306  114.35726871136       28.1629      7 07 00 00 00 00 00   2.75
59946  42120.00   -2267750.2095  5009154.4961  3221294.3599   30.53167883392  114.35726865645       28.1600      7 07 00 00 00 00 00   2.74
59946  42150.00   -2267750.2150  5009154.4823  3221294.3459   30.53167877210  114.35726876856       28.1440      7 07 00 00 00 00 00   2.74
59946  42180.00   -2267750.2183  5009154.4699  3221294.3447   30.53167880833  114.35726885278       28.1349      7 07 00 00 00 00 00   2.73
59946  42210.00   -2267750.2072  5009154.4667  3221294.3347   30.53167876477  114.35726876132       28.1233      7 07 00 00 00 00 00   2.72
59946  42240.00   -2267750.2165  5009154.4699  3221294.3305   30.53167870147  114.35726883525       28.1270      7 07 00 00 00 00 00   2.71
59946  42270.00   -2267750.2054  5009154.4785  3221294.3352   30.53167872327  114.35726869291       28.1322      7 07 00 00 00 00 00   2.70
59946  42300.00   -2267750.2111  5009154.4795  3221294.3466   30.53167879679  114.35726874261       28.1408      7 07 00 00 00 00 00   2.69
59946  42330.00   -2267750.2123  5009154.4854  3221294.3541   30.53167882822  114.35726872940       28.1496      7 07 00 00 00 00 00   2.69
59946  42360.00   -2267750.2119  5009154.4838  3221294.3558   30.53167884887  114.35726873214       28.1491      7 07 00 00 00 00 00   2.68
59946  42390.00   -2267750.2128  5009154.4808  3221294.3519   30.53167882878  114.35726875361       28.1451      7 07 00 00 00 00 00   2.67
59946  42420.00   -2267750.2120  5009154.4966  3221294.3599   30.53167882713  114.35726867756       28.1613      8 08 00 00 00 00 00   2.20
59946  42450.00   -2267750.2086  5009154.4770  3221294.3523   30.53167885567  114.35726872994       28.1409      8 08 00 00 00 00 00   2.21
59946  42480.00   -2267750.2077  5009154.4791  3221294.3514   30.53167884196  114.35726871269       28.1418      8 08 00 00 00 00 00   2.22
59946  42510.00   -2267750.2098  5009154.4935  3221294.3556   30.53167881036  114.35726867002       28.1559      8 08 00 00 00 00 00   2.23
59946  42540.00   -2267750.2049  5009154.4700  3221294.3439   30.53167882734  114.35726872468       28.1298      8 08 00 00 00 00 00   2.24
59946  42570.00   -2267750.2000  5009154.4621  3221294.3510   30.53167892491  114.35726871270       28.1254      8 08 00 00 00 00 00   2.25
59946  42600.00   -2267750.2083  5009154.4906  3221294.3562   30.53167883032  114.35726866854       28.1534      8 08 00 00 00 00 00   2.26
59946  42630.00   -2267750.2079  5009154.4723  3221294.3523   30.53167887685  114.35726874338       28.1369      8 08 00 00 00 00 00   2.27
59946  42660.00   -2267750.2114  5009154.4885  3221294.3500   30.53167878519  114.35726870725       28.1497      8 08 00 00 00 00 00   2.28
59946  42690.00   -2267750.2053  5009154.4703  3221294.3448   30.53167883209  114.35726872694       28.1306      8 08 00 00 00 00 00   2.29
59946  42720.00   -2267750.2050  5009154.4719  3221294.3481   30.53167885190  114.35726871740       28.1334      8 08 00 00 00 00 00   2.30
59946  42750.00   -2267750.1979  5009154.4514  3221294.3452   30.53167892816  114.35726873811       28.1134      8 08 00 00 00 00 00   2.31
59946  42780.00   -2267750.2055  5009154.4711  3221294.3469   30.53167884465  114.35726872629       28.1324      8 08 00 00 00 00 00   2.32
59946  42810.00   -2267750.2075  5009154.4810  3221294.3559   30.53167886923  114.35726870260       28.1454      8 08 00 00 00 00 00   2.33
59946  42840.00   -2267750.2173  5009154.4940  3221294.3593   30.53167882316  114.35726874003       28.1608      8 08 00 00 00 00 00   2.34
59946  42870.00   -2267750.2117  5009154.4897  3221294.3527   30.53167880034  114.35726870506       28.1522      8 08 00 00 00 00 00   2.35
59946  42900.00   -2267750.2169  5009154.4991  3221294.3590   30.53167879998  114.35726871400       28.1645      8 08 00 00 00 00 00   2.36
59946  42930.00   -2267750.2133  5009154.4883  3221294.3571   30.53167883758  114.35726872655       28.1538      8 08 00 00 00 00 00   2.37
59946  42960.00   -2267750.1990  5009154.4667  3221294.3480   30.53167888380  114.35726868269       28.1272      8 08 00 00 00 00 00   2.37
59946  42990.00   -2267750.2031  5009154.4829  3221294.3612   30.53167891076  114.35726865247       28.1481      8 08 00 00 00 00 00   2.38
59946  43020.00   -2267750.2082  5009154.4806  3221294.3553   30.53167886539  114.35726871043       28.1451      8 08 00 00 00 00 00   2.39
59946  43050.00   -2267750.1950  5009154.4639  3221294.3471   30.53167889568  114.35726865717       28.1231      8 08 00 00 00 00 00   2.40
59946  43080.00   -2267750.1913  5009154.4690  3221294.3479   30.53167888798  114.35726860024       28.1261      8 08 00 00 00 00 00   2.41
59946  43110.00   -2267750.1998  5009154.4771  3221294.3564   30.53167890388  114.35726864628       28.1399      8 08 00 00 00 00 00   2.42
59946  43140.00   -2267750.2049  5009154.4873  3221294.3612   30.53167888904  114.35726865052       28.1521      8 08 00 00 00 00 00   2.43
59946  43170.00   -2267750.2069  5009154.4809  3221294.3560   30.53167887177  114.35726869731       28.1452      8 08 00 00 00 00 00   2.44
59946  43200.00   -2267750.2031  5009154.4657  3221294.3453   30.53167885939  114.35726872632       28.1265      8 08 00 00 00 00 00   2.45
59946  43230.00   -2267750.1987  5009154.4693  3221294.3512   30.53167889849  114.35726866914       28.1308      8 08 00 00 00 00 00   2.46
59946  43260.00   -2267750.1902  5009154.4499  3221294.3371   30.53167888615  114.35726867190       28.1054      8 08 00 00 00 00 00   2.46
59946  43290.00   -2267750.2026  5009154.4810  3221294.3599   30.53167891013  114.35726865621       28.1457      8 08 00 00 00 00 00   2.47
59946  43320.00   -2267750.1914  5009154.4562  3221294.3469   30.53167893380  114.35726865583       28.1156      8 08 00 00 00 00 00   2.48
59946  43350.00   -2267750.2096  5009154.4787  3221294.3555   30.53167887182  114.35726873250       28.1442      8 08 00 00 00 00 00   2.49
59946  43380.00   -2267750.2129  5009154.4840  3221294.3616   30.53167889134  114.35726874120       28.1526      8 08 00 00 00 00 00   2.50
59946  43410.00   -2267750.1957  5009154.4703  3221294.3581   30.53167895290  114.35726863668       28.1340      8 08 00 00 00 00 00   2.50
59946  43440.00   -2267750.2009  5009154.4734  3221294.3528   30.53167888894  114.35726867254       28.1356      8 08 00 00 00 00 00   2.51
59946  43470.00   -2267750.1974  5009154.4690  3221294.3523   30.53167891018  114.35726865797       28.1306      8 08 00 00 00 00 00   2.52
59946  43500.00   -2267750.2075  5009154.4868  3221294.3595   30.53167887329  114.35726867754       28.1518      8 08 00 00 00 00 00   2.53
59946  43530.00   -2267750.2113  5009154.4859  3221294.3595   30.53167886919  114.35726871756       28.1525      8 08 00 00 00 00 00   2.53
59946  43560.00   -2267750.2120  5009154.4987  3221294.3665   30.53167886963  114.35726866918       28.1663      8 08 00 00 00 00 00   2.54
59946  43590.00   -2267750.1988  5009154.4827  3221294.3663   30.53167895906  114.35726861202       28.1490      8 08 00 00 00 00 00   2.55
59946  43620.00   -2267750.2060  5009154.4894  3221294.3603   30.53167887115  114.35726865168       28.1537      8 08 00 00 00 00 00   2.55
59946  43650.00   -2267750.2043  5009154.4929  3221294.3637   30.53167888611  114.35726862109       28.1576      8 08 00 00 00 00 00   2.56
59946  43680.00   -2267750.2139  5009154.4975  3221294.3668   30.53167887336  114.35726869254       28.1662      8 08 00 00 00 00 00   2.56
59946  43710.00   -2267750.2235  5009154.4885  3221294.3608   30.53167884618  114.35726882183       28.1595      8 08 00 00 00 00 00   2.57
59946  43740.00   -2267750.2015  5009154.4609  3221294.3432   30.53167886564  114.35726873156       28.1210      8 08 00 00 00 00 00   2.58
59946  43770.00   -2267750.2025  5009154.4672  3221294.3478   30.53167887362  114.35726871473       28.1287      8 08 00 00 00 00 00   2.58
59946  43800.00   -2267750.1941  5009154.4507  3221294.3404   30.53167890097  114.35726870576       28.1090      8 08 00 00 00 00 00   2.58
59946  43830.00   -2267750.2072  5009154.4786  3221294.3512   30.53167884349  114.35726871035       28.1410      8 08 00 00 00 00 00   2.59
59946  43860.00   -2267750.2087  5009154.4700  3221294.3519   30.53167888234  114.35726876061       28.1352      8 08 00 00 00 00 00   2.59
59946  43890.00   -2267750.2004  5009154.4727  3221294.3510   30.53167887973  114.35726867099       28.1339      8 08 00 00 00 00 00   2.60
59946  43920.00   -2267750.2138  5009154.4882  3221294.3550   30.53167882075  114.35726873148       28.1529      8 08 00 00 00 00 00   2.60
59946  43950.00   -2267750.2124  5009154.4872  3221294.3540   30.53167881967  114.35726872204       28.1510      8 08 00 00 00 00 00   2.60
59946  43980.00   -2267750.2064  5009154.4746  3221294.3508   30.53167885907  114.35726871988       28.1374      8 08 00 00 00 00 00   2.61
59946  44010.00   -2267750.2086  5009154.4689  3221294.3466   30.53167884568  114.35726876526       28.1316      8 08 00 00 00 00 00   2.61
59946  44040.00   -2267750.2115  5009154.4780  3221294.3488   30.53167881927  114.35726875295       28.1409      8 08 00 00 00 00 00   2.61
59946  44070.00   -2267750.2088  5009154.4853  3221294.3516   30.53167881551  114.35726869616       28.1471      8 08 00 00 00 00 00   2.61
59946  44100.00   -2267750.2016  5009154.4869  3221294.3480   30.53167879509  114.35726862140       28.1439      8 08 00 00 00 00 00   2.61
59946  44130.00   -2267750.1996  5009154.4734  3221294.3478   30.53167885339  114.35726865964       28.1326      8 08 00 00 00 00 00   2.62
59946  44160.00   -2267750.2105  5009154.4872  3221294.3563   30.53167884074  114.35726870412       28.1515      8 08 00 00 00 00 00   2.62
59946  44190.00   -2267750.2158  5009154.4973  3221294.3653   30.53167885907  114.35726871093       28.1659      8 08 00 00 00 00 00   2.62
59946  44220.00   -2267750.2095  5009154.4689  3221294.3547   30.53167890670  114.35726877356       28.1361      7 07 00 00 00 00 00   3.67
59946  44250.00   -2267750.1977  5009154.4634  3221294.3464   30.53167888739  114.35726868539       28.1233      7 07 00 00 00 00 00   3.67
59946  44280.00   -2267750.1952  5009154.4501  3221294.3465   30.53167894848  114.35726871842       28.1120      7 07 00 00 00 00 00   3.67
59946  44310.00   -2267750.2021  5009154.4668  3221294.3477   30.53167887471  114.35726871230       28.1282      7 07 00 00 00 00 00   3.67
59946  44340.00   -2267750.2090  5009154.4761  3221294.3568   30.53167889368  114.35726873723       28.1426      7 07 00 00 00 00 00   3.67
59946  44370.00   -2267750.2105  5009154.4772  3221294.3521   30.53167885019  114.35726874708       28.1415      7 07 00 00 00 00 00   3.67
59946  44400.00   -2267750.2174  5009154.4894  3221294.3569   30.53167882373  114.35726876005       28.1560      7 07 00 00 00 00 00   3.67
59946  44430.00   -2267750.2140  5009154.4788  3221294.3549   30.53167885886  114.35726877332       28.1455      7 07 00 00 00 00 00   3.67
59946  44460.00   -2267750.2042  5009154.4696  3221294.3521   30.53167889354  114.35726871988       28.1333      7 07 00 00 00 00 00   3.66
59946  44490.00   -2267750.2067  5009154.4782  3221294.3554   30.53167887848  114.35726870688       28.1427      7 07 00 00 00 00 00   3.66
59946  44520.00   -2267750.2026  5009154.4787  3221294.3604   30.53167892329  114.35726866596       28.1442      7 07 00 00 00 00 00   3.65
59946  44550.00   -2267750.2072  5009154.4746  3221294.3562   30.53167889890  114.35726872731       28.1404      7 07 00 00 00 00 00   3.64
59946  44580.00   -2267750.1938  5009154.4527  3221294.3478   30.53167895001  114.35726869377       28.1143      7 07 00 00 00 00 00   3.63
59946  44610.00   -2267750.2182  5009154.4911  3221294.3628   30.53167886070  114.35726876095       28.1607      7 07 00 00 00 00 00   3.62
59946  44640.00   -2267750.2138  5009154.4879  3221294.3660   30.53167890744  114.35726873243       28.1582      7 07 00 00 00 00 00   3.61
59946  44670.00   -2267750.2124  5009154.4844  3221294.3576   30.53167885957  114.35726873464       28.1507      7 07 00 00 00 00 00   3.60
59946  44700.00   -2267750.2094  5009154.4723  3221294.3509   30.53167886287  114.35726875805       28.1368      7 07 00 00 00 00 00   3.59
59946  44730.00   -2267750.2126  5009154.4788  3221294.3513   30.53167883305  114.35726876051       28.1432      7 07 00 00 00 00 00   3.58
59946  44760.00   -2267750.2177  5009154.4941  3221294.3578   30.53167881038  114.35726874299       28.1603      7 07 00 00 00 00 00   3.56
59946  44790.00   -2267750.2246  5009154.5072  3221294.3628   30.53167878111  114.35726875253       28.1755      7 07 00 00 00 00 00   3.55
59946  44820.00   -2267750.2143  5009154.4821  3221294.3554   30.53167884838  114.35726876218       28.1484      7 07 00 00 00 00 00   3.53
59946  44850.00   -2267750.2235  5009154.4989  3221294.3604   30.53167879911  114.35726877679       28.1674      7 07 00 00 00 00 00   3.51
59946  44880.00   -2267750.2238  5009154.5128  3221294.3607   30.53167874346  114.35726872074       28.1786      7 07 00 00 00 00 00   3.50
59946  44910.00   -2267750.2030  5009154.4696  3221294.3480   30.53167886458  114.35726870911       28.1309      7 07 00 00 00 00 00   3.48
59946  44940.00   -2267750.2187  5009154.4952  3221294.3598   30.53167881923  114.35726874738       28.1626      7 07 00 00 00 00 00   3.46
59946  44970.00   -2267750.2167  5009154.4894  3221294.3590   30.53167884108  114.35726875398       28.1569      7 07 00 00 00 00 00   3.44
59946  45000.00   -2267750.2025  5009154.4711  3221294.3507   30.53167888002  114.35726869705       28.1333      7 07 00 00 00 00 00   3.42
59946  45030.00   -2267750.2139  5009154.4928  3221294.3593   30.53167883408  114.35726871264       28.1587      7 07 00 00 00 00 00   3.40
59946  45060.00   -2267750.1819  5009154.4448  3221294.3439   30.53167897561  114.35726861531       28.1018      8 08 00 00 00 00 00   2.27
59946  45090.00   -2267750.2014  5009154.4662  3221294.3505   30.53167890107  114.35726870806       28.1289      7 07 00 00 00 00 00   3.36
59946  45120.00   -2267750.2193  5009154.4967  3221294.3577   30.53167879511  114.35726874675       28.1628      7 07 00 00 00 00 00   3.34
59946  45150.00   -2267750.2099  5009154.4891  3221294.3517   30.53167879843  114.35726869077       28.1505      7 07 00 00 00 00 00   3.32
59946  45180.00   -2267750.2123  5009154.4956  3221294.3608   30.53167883780  114.35726868570       28.1611      8 08 00 00 00 00 00   2.26
59946  45210.00   -2267750.2124  5009154.4891  3221294.3630   30.53167888181  114.35726871394       28.1571      8 08 00 00 00 00 00   2.25
59946  45240.00   -2267750.2253  5009154.5055  3221294.3683   30.53167882931  114.35726876603       28.1773      8 08 00 00 00 00 00   2.25
59946  45270.00   -2267750.2020  5009154.4739  3221294.3513   30.53167887384  114.35726868133       28.1356      8 08 00 00 00 00 00   2.25
59946  45300.00   -2267750.2103  5009154.4724  3221294.3513   30.53167886420  114.35726876613       28.1373      8 08 00 00 00 00 00   2.24
59946  45330.00   -2267750.2047  5009154.4737  3221294.3538   30.53167888851  114.35726870740       28.1376      8 08 00 00 00 00 00   2.24
59946  45360.00   -2267750.2064  5009154.4788  3221294.3535   30.53167886233  114.35726870155       28.1421      9 09 00 00 00 00 00   2.09
59946  45390.00   -2267750.2109  5009154.4759  3221294.3556   30.53167888247  114.35726875689       28.1425      9 09 00 00 00 00 00   2.09
59946  45420.00   -2267750.2136  5009154.4900  3221294.3602   30.53167885348  114.35726872196       28.1568      9 09 00 00 00 00 00   2.09
59946  45450.00   -2267750.2163  5009154.4832  3221294.3598   30.53167887379  114.35726877651       28.1523      9 09 00 00 00 00 00   2.09
59946  45480.00   -2267750.2179  5009154.4869  3221294.3544   30.53167881357  114.35726877629       28.1530      9 09 00 00 00 00 00   2.09
59946  45510.00   -2267750.2128  5009154.4823  3221294.3573   30.53167886483  114.35726874664       28.1491      9 09 00 00 00 00 00   2.09
59946  45540.00   -2267750.2274  5009154.4990  3221294.3629   30.53167881055  114.35726881421       28.1702      9 09 00 00 00 00 00   2.08
59946  45570.00   -2267750.2124  5009154.4791  3221294.3576   30.53167888103  114.35726875706       28.1465      9 09 00 00 00 00 00   2.08
59946  45600.00   -2267750.2179  5009154.4872  3221294.3595   30.53167885198  114.35726877484       28.1558      9 09 00 00 00 00 00   2.08
59946  45630.00   -2267750.2259  5009154.4933  3221294.3625   30.53167883432  114.35726882428       28.1649      9 09 00 00 00 00 00   2.08
59946  45660.00   -2267750.2172  5009154.4861  3221294.3546   30.53167881957  114.35726877225       28.1522      9 09 00 00 00 00 00   2.08
59946  45690.00   -2267750.2369  5009154.5188  3221294.3616   30.53167870063  114.35726881866       28.1884      9 09 00 00 00 00 00   2.07
59946  45720.00   -2267750.2222  5009154.4947  3221294.3579   30.53167879995  114.35726878275       28.1624      9 09 00 00 00 00 00   2.07
59946  45750.00   -2267750.2159  5009154.4807  3221294.3472   30.53167878723  114.35726878360       28.1438      9 09 00 00 00 00 00   2.07
59946  45780.00   -2267750.2107  5009154.4799  3221294.3489   30.53167881361  114.35726873761       28.1422      9 09 00 00 00 00 00   2.07
59946  45810.00   -2267750.2175  5009154.4765  3221294.3510   30.53167883099  114.35726881695       28.1430      9 09 00 00 00 00 00   2.06
59946  45840.00   -2267750.2180  5009154.4927  3221294.3581   30.53167881798  114.35726875194       28.1595      9 09 00 00 00 00 00   2.06
59946  45870.00   -2267750.2209  5009154.4902  3221294.3564   30.53167880968  114.35726878993       28.1576      9 09 00 00 00 00 00   2.06
59946  45900.00   -2267750.2094  5009154.4702  3221294.3548   30.53167890255  114.35726876710       28.1371      9 09 00 00 00 00 00   2.05
59946  45930.00   -2267750.2022  5009154.4609  3221294.3511   30.53167892644  114.35726873814       28.1253      9 09 00 00 00 00 00   2.05
59946  45960.00   -2267750.2064  5009154.4742  3221294.3503   30.53167885652  114.35726872114       28.1369      9 09 00 00 00 00 00   2.05
59946  45990.00   -2267750.2105  5009154.4761  3221294.3548   30.53167887585  114.35726875230       28.1421      9 09 00 00 00 00 00   2.04
59946  46020.00   -2267750.2114  5009154.4823  3221294.3554   30.53167885245  114.35726873335       28.1476      9 09 00 00 00 00 00   2.04
59946  46050.00   -2267750.2129  5009154.4887  3221294.3653   30.53167889979  114.35726872097       28.1581      9 09 00 00 00 00 00   2.03
59946  46080.00   -2267750.1965  5009154.4688  3221294.3613   30.53167898313  114.35726864998       28.1347      9 09 00 00 00 00 00   2.03
59946  46110.00   -2267750.2128  5009154.4939  3221294.3566   30.53167881089  114.35726869720       28.1577      9 09 00 00 00 00 00   2.02
59946  46140.00   -2267750.2221  5009154.5000  3221294.3627   30.53167881517  114.35726875955       28.1690      9 09 00 00 00 00 00   2.02
59946  46170.00   -2267750.2088  5009154.4987  3221294.3587   30.53167881419  114.35726863894       28.1612      9 09 00 00 00 00 00   2.02
59946  46200.00   -2267750.2148  5009154.4991  3221294.3593   30.53167880649  114.35726869360       28.1639      9 09 00 00 00 00 00   2.01
59946  46230.00   -2267750.2127  5009154.4899  3221294.3605   30.53167885834  114.35726871345       28.1566      9 09 00 00 00 00 00   2.01
59946  46260.00   -2267750.2107  5009154.4838  3221294.3564   30.53167885539  114.35726872041       28.1490      9 09 00 00 00 00 00   2.00
59946  46290.00   -2267750.2105  5009154.4885  3221294.3583   30.53167885150  114.35726869933       28.1536      9 09 00 00 00 00 00   2.00
59946  46320.00   -2267750.2156  5009154.4893  3221294.3592   30.53167884539  114.35726874397       28.1565      9 09 00 00 00 00 00   1.99
59946  46350.00   -2267750.2233  5009154.5006  3221294.3661   30.53167883737  114.35726876855       28.1716      9 09 00 00 00 00 00   1.99
59946  46380.00   -2267750.2105  5009154.4786  3221294.3659   30.53167895121  114.35726874148       28.1497      9 09 00 00 00 00 00   1.98
59946  46410.00   -2267750.2171  5009154.4944  3221294.3615   30.53167883892  114.35726873621       28.1623      9 09 00 00 00 00 00   1.98
59946  46440.00   -2267750.2092  5009154.4897  3221294.3592   30.53167885606  114.35726868160       28.1545      9 09 00 00 00 00 00   1.97
59946  46470.00   -2267750.2069  5009154.4921  3221294.3632   30.53167888127  114.35726864866       28.1576      9 09 00 00 00 00 00   1.96
59946  46500.00   -2267750.2071  5009154.4796  3221294.3579   30.53167889178  114.35726870496       28.1452      9 09 00 00 00 00 00   1.96
59946  46530.00   -2267750.2062  5009154.4792  3221294.3554   30.53167887522  114.35726869843       28.1433      9 09 00 00 00 00 00   1.95
59946  46560.00   -2267750.2136  5009154.4834  3221294.3553   30.53167884345  114.35726875052       28.1492      9 09 00 00 00 00 00   1.95
59946  46590.00   -2267750.2039  5009154.4718  3221294.3561   30.53167891608  114.35726870819       28.1370      9 09 00 00 00 00 00   1.94
59946  46620.00   -2267750.2074  5009154.4786  3221294.3564   30.53167888400  114.35726871174       28.1437      9 09 00 00 00 00 00   1.94
59946  46650.00   -2267750.2075  5009154.4813  3221294.3561   30.53167886988  114.35726870147       28.1458      9 09 00 00 00 00 00   1.93
59946  46680.00   -2267750.2044  5009154.4724  3221294.3546   30.53167890100  114.35726871033       28.1369      9 09 00 00 00 00 00   1.92
59946  46710.00   -2267750.2025  5009154.4708  3221294.3585   30.53167894181  114.35726869909       28.1370      9 09 00 00 00 00 00   1.92
59946  46740.00   -2267750.2055  5009154.4799  3221294.3552   30.53167887221  114.35726868787       28.1435      9 09 00 00 00 00 00   1.91
59946  46770.00   -2267750.2055  5009154.4817  3221294.3553   30.53167886531  114.35726868083       28.1450      9 09 00 00 00 00 00   1.91
59946  46800.00   -2267750.2028  5009154.4802  3221294.3577   30.53167889524  114.35726866106       28.1440      9 09 00 00 00 00 00   1.90
59946  46830.00   -2267750.2159  5009154.4883  3221294.3637   30.53167888341  114.35726875105       28.1581      9 09 00 00 00 00 00   1.90
59946  46860.00   -2267750.2102  5009154.4829  3221294.3594   30.53167888386  114.35726872034       28.1497      9 09 00 00 00 00 00   1.89
59946  46890.00   -2267750.2102  5009154.4747  3221294.3589   30.53167891449  114.35726875483       28.1429      9 09 00 00 00 00 00   1.88
59946  46920.00   -2267750.2062  5009154.4720  3221294.3616   30.53167895377  114.35726872867       28.1408      9 09 00 00 00 00 00   1.88
59946  46950.00   -2267750.2072  5009154.4874  3221294.3678   30.53167893578  114.35726867162       28.1564      9 09 00 00 00 00 00   1.87
59946  46980.00   -2267750.2087  5009154.4774  3221294.3623   30.53167893177  114.35726872893       28.1462      9 09 00 00 00 00 00   1.87
59946  47010.00   -2267750.2022  5009154.4752  3221294.3631   30.53167896019  114.35726867685       28.1426      9 09 00 00 00 00 00   1.86
59946  47040.00   -2267750.2072  5009154.4751  3221294.3614   30.53167893720  114.35726872555       28.1435      9 09 00 00 00 00 00   1.86
59946  47070.00   -2267750.2069  5009154.4805  3221294.3603   30.53167890704  114.35726869888       28.1470      9 09 00 00 00 00 00   1.85
59946  47100.00   -2267750.2015  5009154.4682  3221294.3588   30.53167895711  114.35726870077       28.1347      9 09 00 00 00 00 00   1.84
59946  47130.00   -2267750.2050  5009154.4791  3221294.3616   30.53167892670  114.35726868653       28.1460      9 09 00 00 00 00 00   1.84
59946  47160.00   -2267750.2109  5009154.4808  3221294.3720   30.53167898881  114.35726873612       28.1546      9 09 00 00 00 00 00   1.83
59946  47190.00   -2267750.2088  5009154.4789  3221294.3651   30.53167894685  114.35726872388       28.1489      9 09 00 00 00 00 00   1.83
59946  47220.00   -2267750.2039  5009154.4674  3221294.3557   30.53167893163  114.35726872689       28.1333      9 09 00 00 00 00 00   1.82
59946  47250.00   -2267750.2138  5009154.4803  3221294.3597   30.53167889021  114.35726876538       28.1490      9 09 00 00 00 00 00   1.82
59946  47280.00   -2267750.2161  5009154.4868  3221294.3694   30.53167893382  114.35726875895       28.1599      9 09 00 00 00 00 00   1.81
59946  47310.00   -2267750.2173  5009154.4879  3221294.3703   30.53167893409  114.35726876605       28.1617      9 09 00 00 00 00 00   1.80
59946  47340.00   -2267750.2090  5009154.4892  3221294.3648   30.53167890184  114.35726868165       28.1569      9 09 00 00 00 00 00   1.80
59946  47370.00   -2267750.2068  5009154.4808  3221294.3639   30.53167893371  114.35726869664       28.1491      9 09 00 00 00 00 00   1.79
59946  47400.00   -2267750.2070  5009154.4858  3221294.3656   30.53167892615  114.35726867685       28.1540      9 09 00 00 00 00 00   1.79
59946  47430.00   -2267750.2149  5009154.4822  3221294.3644   30.53167891639  114.35726876787       28.1533      9 09 00 00 00 00 00   1.78
59946  47460.00   -2267750.2108  5009154.4827  3221294.3617   30.53167890137  114.35726872605       28.1509      9 09 00 00 00 00 00   1.78
59946  47490.00   -2267750.2121  5009154.4865  3221294.3622   30.53167888697  114.35726872229       28.1545      9 09 00 00 00 00 00   1.77
59946  47520.00   -2267750.2136  5009154.4832  3221294.3599   30.53167887984  114.35726875145       28.1514      9 09 00 00 00 00 00   1.77
59946  47550.00   -2267750.2177  5009154.4834  3221294.3575   30.53167885287  114.35726878889       28.1518      9 09 00 00 00 00 00   1.76
59946  47580.00   -2267750.2192  5009154.4860  3221294.3576   30.53167883937  114.35726879183       28.1544      9 09 00 00 00 00 00   1.76
59946  47610.00   -2267750.2165  5009154.5015  3221294.3681   30.53167886181  114.35726869988       28.1710      9 09 00 00 00 00 00   1.75
59946  47640.00   -2267750.2128  5009154.4889  3221294.3611   30.53167886707  114.35726871838       28.1561      9 09 00 00 00 00 00   1.75
59946  47670.00   -2267750.2073  5009154.4885  3221294.3603   30.53167887290  114.35726866814       28.1535      9 09 00 00 00 00 00   1.74
59946  47700.00   -2267750.2167  5009154.4898  3221294.3649   30.53167888533  114.35726875179       28.1602      9 09 00 00 00 00 00   1.74
59946  47730.00   -2267750.2211  5009154.4955  3221294.3685   30.53167888142  114.35726876987       28.1680      9 09 00 00 00 00 00   1.73
59946  47760.00   -2267750.2012  5009154.4825  3221294.3666   30.53167895804  114.35726863589       28.1497      9 09 00 00 00 00 00   1.73
59946  47790.00   -2267750.2137  5009154.4861  3221294.3619   30.53167888255  114.35726873951       28.1547      9 09 00 00 00 00 00   1.72
59946  47820.00   -2267750.2131  5009154.4716  3221294.3523   30.53167886994  114.35726879603       28.1383      9 09 00 00 00 00 00   1.72
59946  47850.00   -2267750.2094  5009154.4791  3221294.3626   30.53167892604  114.35726872848       28.1480      9 09 00 00 00 00 00   1.71
59946  47880.00   -2267750.2097  5009154.4846  3221294.3651   30.53167892194  114.35726870779       28.1537      9 09 00 00 00 00 00   1.71
59946  47910.00   -2267750.2069  5009154.4784  3221294.3629   30.53167893592  114.35726870806       28.1467      9 09 00 00 00 00 00   1.70
59946  47940.00   -2267750.2068  5009154.4713  3221294.3568   30.53167891851  114.35726873742       28.1380      8 08 00 00 00 00 00   1.93
59946  47970.00   -2267750.2054  5009154.4474  3221294.3482   30.53167895355  114.35726882659       28.1144      8 08 00 00 00 00 00   1.93
59946  48000.00   -2267750.2025  5009154.4735  3221294.3582   30.53167892837  114.35726868777       28.1389      7 07 00 00 00 00 00   2.55
59946  48030.00   -2267750.1992  5009154.4771  3221294.3667   30.53167898524  114.35726864070       28.1449      7 07 00 00 00 00 00   2.54
59946  48060.00   -2267750.2055  5009154.4735  3221294.3594   30.53167893154  114.35726871509       28.1406      7 07 00 00 00 00 00   2.53
59946  48090.00   -2267750.2067  5009154.4795  3221294.3619   30.53167892396  114.35726870164       28.1471      7 07 00 00 00 00 00   2.53
59946  48120.00   -2267750.2017  5009154.4805  3221294.3664   30.53167896397  114.35726864987       28.1483      7 07 00 00 00 00 00   2.52
59946  48150.00   -2267750.2073  5009154.4866  3221294.3704   30.53167895963  114.35726867625       28.1571      7 07 00 00 00 00 00   2.51
59946  48180.00   -2267750.2070  5009154.4938  3221294.3718   30.53167893997  114.35726864277       28.1634      7 07 00 00 00 00 00   2.50
59946  48210.00   -2267750.2120  5009154.4822  3221294.3593   30.53167888215  114.35726873966       28.1497      7 07 00 00 00 00 00   2.49
59946  48240.00   -2267750.2189  5009154.4810  3221294.3569   30.53167885586  114.35726881032       28.1500      7 07 00 00 00 00 00   2.48
59946  48270.00   -2267750.2024  5009154.4599  3221294.3560   30.53167896801  114.35726874430       28.1271      7 07 00 00 00 00 00   2.47
59946  48300.00   -2267750.2094  5009154.4834  3221294.3644   30.53167892149  114.35726870982       28.1523      7 07 00 00 00 00 00   2.46
59946  48330.00   -2267750.2044  5009154.4721  3221294.3621   30.53167896051  114.35726871149       28.1405      7 07 00 00 00 00 00   2.45
59946  48360.00   -2267750.2106  5009154.4890  3221294.3677   30.53167892149  114.35726869750       28.1588      7 07 00 00 00 00 00   2.44
59946  48390.00   -2267750.2154  5009154.4937  3221294.3634   30.53167885996  114.35726872312       28.1620      7 07 00 00 00 00 00   2.43
59946  48420.00   -2267750.2080  5009154.4795  3221294.3551   30.53167886871  114.35726871412       28.1440      7 07 00 00 00 00 00   2.42
59946  48450.00   -2267750.2102  5009154.4834  3221294.3577   30.53167886774  114.35726871776       28.1492      7 07 00 00 00 00 00   2.42
59946  48480.00   -2267750.2139  5009154.4921  3221294.3668   30.53167889588  114.35726871509       28.1620      7 07 00 00 00 00 00   2.41
59946  48510.00   -2267750.2140  5009154.4873  3221294.3664   30.53167891261  114.35726873758       28.1580      7 07 00 00 00 00 00   2.40
59946  48540.00   -2267750.2122  5009154.4924  3221294.3637   30.53167887391  114.35726869820       28.1600      7 07 00 00 00 00 00   2.39
59946  48570.00   -2267750.2128  5009154.4887  3221294.3640   30.53167889047  114.35726871995       28.1575      7 07 00 00 00 00 00   2.38
59946  48600.00   -2267750.2089  5009154.5051  3221294.3729   30.53167889854  114.35726861273       28.1735      7 07 00 00 00 00 00   2.37
59946  48630.00   -2267750.2009  5009154.4853  3221294.3671   30.53167895097  114.35726862100       28.1522      7 07 00 00 00 00 00   2.36
59946  48660.00   -2267750.1990  5009154.4789  3221294.3663   30.53167897461  114.35726863074       28.1461      7 07 00 00 00 00 00   2.35
59946  48690.00   -2267750.2028  5009154.4752  3221294.3567   30.53167890889  114.35726868312       28.1397      7 07 00 00 00 00 00   2.34
59946  48720.00   -2267750.2133  5009154.4900  3221294.3647   30.53167888952  114.35726871826       28.1590      7 07 00 00 00 00 00   2.34
59946  48750.00   -2267750.2093  5009154.4863  3221294.3579   30.53167885968  114.35726869712       28.1513      7 07 00 00 00 00 00   2.33
59946  48780.00   -2267750.2052  5009154.4914  3221294.3665   30.53167891325  114.35726863578       28.1581      7 07 00 00 00 00 00   2.32
59946  48810.00   -2267750.2123  5009154.4860  3221294.3648   30.53167890865  114.35726872616       28.1556      7 07 00 00 00 00 00   2.31
59946  48840.00   -2267750.2112  5009154.4693  3221294.3605   30.53167894664  114.35726878824       28.1399      7 07 00 00 00 00 00   2.30
59946  48870.00   -2267750.2138  5009154.4947  3221294.3712   30.53167891933  114.35726870295       28.1662      7 07 00 00 00 00 00   2.29
59946  48900.00   -2267750.2059  5009154.4844  3221294.3628   30.53167891232  114.35726867257       28.1510      7 07 00 00 00 00 00   2.28
59946  48930.00   -2267750.2106  5009154.4928  3221294.3568   30.53167882120  114.35726868149       28.1562      7 07 00 00 00 00 00   2.28
59946  48960.00   -2267750.2089  5009154.4898  3221294.3691   30.53167893306  114.35726867757       28.1595      7 07 00 00 00 00 00   2.27
59946  48990.00   -2267750.2075  5009154.4901  3221294.3619   30.53167887834  114.35726866344       28.1556      7 07 00 00 00 00 00   2.26
59946  49020.00   -2267750.2083  5009154.4865  3221294.3600   30.53167887722  114.35726868594       28.1521      7 07 00 00 00 00 00   2.25
59946  49050.00   -2267750.2274  5009154.5001  3221294.3631   30.53167880812  114.35726880906       28.1712      7 07 00 00 00 00 00   2.24
59946  49080.00   -2267750.2176  5009154.4974  3221294.3736   30.53167891959  114.35726872784       28.1709      7 07 00 00 00 00 00   2.24
59946  49110.00   -2267750.2133  5009154.4938  3221294.3719   30.53167892907  114.35726870282       28.1657      7 07 00 00 00 00 00   2.23
59946  49140.00   -2267750.2195  5009154.4893  3221294.3657   30.53167888823  114.35726878077       28.1611      7 07 00 00 00 00 00   2.22
59946  49170.00   -2267750.2126  5009154.4913  3221294.3631   30.53167887286  114.35726870702       28.1590      7 07 00 00 00 00 00   2.21
59946  49200.00   -2267750.2105  5009154.4894  3221294.3693   30.53167893252  114.35726869474       28.1599      7 07 00 00 00 00 00   2.21
59946  49230.00   -2267750.2096  5009154.5037  3221294.3729   30.53167890278  114.35726862474       28.1726      7 07 00 00 00 00 00   2.20
59946  49260.00   -2267750.2106  5009154.4950  3221294.3715   30.53167892670  114.35726867199       28.1654      7 07 00 00 00 00 00   2.19
59946  49290.00   -2267750.2114  5009154.4925  3221294.3614   30.53167885655  114.35726869022       28.1587      7 07 00 00 00 00 00   2.18
59946  49320.00   -2267750.2124  5009154.4934  3221294.3633   30.53167886635  114.35726869527       28.1607      7 07 00 00 00 00 00   2.18
59946  49350.00   -2267750.2164  5009154.4983  3221294.3665   30.53167886241  114.35726871256       28.1675      7 07 00 00 00 00 00   2.17
59946  49380.00   -2267750.2160  5009154.4858  3221294.3675   30.53167892339  114.35726876246       28.1581      7 07 00 00 00 00 00   2.16
59946  49410.00   -2267750.2142  5009154.4930  3221294.3650   30.53167887738  114.35726871436       28.1618      7 07 00 00 00 00 00   2.16
59946  49440.00   -2267750.2147  5009154.5081  3221294.3724   30.53167887046  114.35726865445       28.1777      7 07 00 00 00 00 00   2.15
59946  49470.00   -2267750.2229  5009154.4877  3221294.3562   30.53167881495  114.35726881951       28.1563      7 07 00 00 00 00 00   2.14
59946  49500.00   -2267750.2061  5009154.4819  3221294.3605   30.53167890375  114.35726868557       28.1480      7 07 00 00 00 00 00   2.14
59946  49530.00   -2267750.2027  5009154.4783  3221294.3642   30.53167895410  114.35726866820       28.1458      7 07 00 00 00 00 00   2.13
59946  49560.00   -2267750.2118  5009154.4855  3221294.3589   30.53167886557  114.35726872394       28.1520      7 07 00 00 00 00 00   2.12
59946  49590.00   -2267750.2140  5009154.5059  3221294.3702   30.53167886399  114.35726865671       28.1745      7 07 00 00 00 00 00   2.12
59946  49620.00   -2267750.2160  5009154.4981  3221294.3660   30.53167886045  114.35726870907       28.1670      7 07 00 00 00 00 00   2.11
59946  49650.00   -2267750.2194  5009154.5045  3221294.3708   30.53167886430  114.35726871431       28.1757      7 07 00 00 00 00 00   2.11
59946  49680.00   -2267750.2104  5009154.4871  3221294.3648   30.53167890740  114.35726870372       28.1557      7 07 00 00 00 00 00   2.10
59946  49710.00   -2267750.2052  5009154.4779  3221294.3651   30.53167895796  114.35726869392       28.1468      7 07 00 00 00 00 00   2.09
59946  49740.00   -2267750.2050  5009154.4827  3221294.3846   30.53167909014  114.35726867094       28.1605      7 07 00 00 00 00 00   2.09
59946  49770.00   -2267750.2156  5009154.4951  3221294.3690   30.53167889721  114.35726871897       28.1660      7 07 00 00 00 00 00   2.08
59946  49800.00   -2267750.2124  5009154.4972  3221294.3738   30.53167893127  114.35726867876       28.1690      7 07 00 00 00 00 00   2.08
59946  49830.00   -2267750.2120  5009154.5034  3221294.3805   30.53167895836  114.35726864875       28.1771      7 07 00 00 00 00 00   2.07
59946  49860.00   -2267750.2122  5009154.4902  3221294.3723   30.53167895003  114.35726870717       28.1627      7 07 00 00 00 00 00   2.07
59946  49890.00   -2267750.2147  5009154.4851  3221294.3633   30.53167889619  114.35726875341       28.1549      7 07 00 00 00 00 00   2.06
59946  49920.00   -2267750.2150  5009154.4837  3221294.3596   30.53167887279  114.35726876198       28.1521      7 07 00 00 00 00 00   2.06
59946  49950.00   -2267750.2155  5009154.4901  3221294.3696   30.53167892296  114.35726873905       28.1624      7 07 00 00 00 00 00   2.05
59946  49980.00   -2267750.2102  5009154.4801  3221294.3579   30.53167888377  114.35726873229       28.1467      7 07 00 00 00 00 00   2.05
59946  50010.00   -2267750.2156  5009154.4955  3221294.3668   30.53167887809  114.35726871747       28.1652      7 07 00 00 00 00 00   2.04
59946  50040.00   -2267750.2230  5009154.4971  3221294.3644   30.53167883943  114.35726878069       28.1679      7 07 00 00 00 00 00   2.04
59946  50070.00   -2267750.2209  5009154.5042  3221294.3738   30.53167888629  114.35726872953       28.1774      7 07 00 00 00 00 00   2.03
59946  50100.00   -2267750.2220  5009154.4990  3221294.3678   30.53167885892  114.35726876303       28.1708      7 07 00 00 00 00 00   2.03
59946  50130.00   -2267750.2080  5009154.4970  3221294.3665   30.53167888430  114.35726863881       28.1635      7 07 00 00 00 00 00   2.02
59946  50160.00   -2267750.2209  5009154.4948  3221294.3628   30.53167884021  114.35726877060       28.1645      7 07 00 00 00 00 00   2.02
59946  50190.00   -2267750.2224  5009154.4919  3221294.3600   30.53167882763  114.35726879746       28.1614      7 07 00 00 00 00 00   2.02
59946  50220.00   -2267750.2175  5009154.5025  3221294.3717   30.53167888379  114.35726870469       28.1739      7 07 00 00 00 00 00   2.01
59946  50250.00   -2267750.2203  5009154.4882  3221294.3649   30.53167888505  114.35726879259       28.1602      7 07 00 00 00 00 00   2.01
59946  50280.00   -2267750.2131  5009154.4966  3221294.3629   30.53167884785  114.35726868866       28.1632      7 07 00 00 00 00 00   2.00
59946  50310.00   -2267750.2218  5009154.4937  3221294.3765   30.53167894916  114.35726878351       28.1709      7 07 00 00 00 00 00   2.00
59946  50340.00   -2267750.2234  5009154.5014  3221294.3622   30.53167880324  114.35726876536       28.1702      7 07 00 00 00 00 00   2.00
59946  50370.00   -2267750.2162  5009154.4912  3221294.3654   30.53167888401  114.35726874111       28.1614      7 07 00 00 00 00 00   1.99
59946  50400.00   -2267750.2218  5009154.5110  3221294.3819   30.53167891906  114.35726870879       28.1873      7 07 00 00 00 00 00   1.99
59946  50430.00   -2267750.2254  5009154.5055  3221294.3757   30.53167888707  114.35726876697       28.1811      7 07 00 00 00 00 00   1.99
59946  50460.00   -2267750.2242  5009154.4971  3221294.3709   30.53167888736  114.35726879187       28.1716      7 07 00 00 00 00 00   1.98
59946  50490.00   -2267750.2163  5009154.4843  3221294.3579   30.53167885473  114.35726877207       28.1522      7 07 00 00 00 00 00   1.98
59946  50520.00   -2267750.2168  5009154.4912  3221294.3576   30.53167882276  114.35726874744       28.1576      7 07 00 00 00 00 00   1.98
59946  50550.00   -2267750.2168  5009154.4901  3221294.3512   30.53167877766  114.35726875195       28.1535      7 07 00 00 00 00 00   1.97
59946  50580.00   -2267750.2163  5009154.4947  3221294.3646   30.53167886348  114.35726872746       28.1638      7 07 00 00 00 00 00   1.97
59946  50610.00   -2267750.2178  5009154.4984  3221294.3724   30.53167890555  114.35726872545       28.1711      7 07 00 00 00 00 00   1.97
59946  50640.00   -2267750.2203  5009154.5043  3221294.3849   30.53167897334  114.35726872364       28.1830      7 07 00 00 00 00 00   1.96
59946  50670.00   -2267750.2203  5009154.5104  3221294.3795   30.53167890599  114.35726869806       28.1850      7 07 00 00 00 00 00   1.96
59946  50700.00   -2267750.2264  5009154.5190  3221294.3904   30.53167894349  114.35726871836       28.1995      7 07 00 00 00 00 00   1.96
59946  50730.00   -2267750.2249  5009154.5245  3221294.3960   30.53167896639  114.35726868069       28.2061      7 07 00 00 00 00 00   1.96
59946  50760.00   -2267750.2159  5009154.4873  3221294.3651   30.53167889900  114.35726875485       28.1580      7 07 00 00 00 00 00   1.95
59946  50790.00   -2267750.2130  5009154.4834  3221294.3641   30.53167891295  114.35726874401       28.1534      7 07 00 00 00 00 00   1.95
59946  50820.00   -2267750.2157  5009154.4936  3221294.3651   30.53167887313  114.35726872589       28.1629      7 07 00 00 00 00 00   1.95
59946  50850.00   -2267750.2222  5009154.5026  3221294.3743   30.53167889484  114.35726874969       28.1769      7 07 00 00 00 00 00   1.95
59946  50880.00   -2267750.2182  5009154.4961  3221294.3751   30.53167893530  114.35726873905       28.1708      7 07 00 00 00 00 00   1.95
59946  50910.00   -2267750.2213  5009154.4924  3221294.3721   30.53167892117  114.35726878398       28.1675      7 07 00 00 00 00 00   1.94
59946  50940.00   -2267750.2201  5009154.4943  3221294.3805   30.53167898104  114.35726876434       28.1728      7 07 00 00 00 00 00   1.94
59946  50970.00   -2267750.2239  5009154.5090  3221294.3842   30.53167894142  114.35726873750       28.1876      7 07 00 00 00 00 00   1.94
59946  51000.00   -2267750.2348  5009154.5117  3221294.3864   30.53167892697  114.35726882971       28.1947      7 07 00 00 00 00 00   1.94
59946  51030.00   -2267750.2263  5009154.5108  3221294.3800   30.53167889660  114.35726875283       28.1877      7 07 00 00 00 00 00   1.94
59946  51060.00   -2267750.2201  5009154.4856  3221294.3637   30.53167888737  114.35726880203       28.1574      7 07 00 00 00 00 00   1.94
59946  51090.00   -2267750.2352  5009154.5204  3221294.3890   30.53167891019  114.35726879610       28.2030      7 07 00 00 00 00 00   2.00
59946  51120.00   -2267750.2282  5009154.5074  3221294.3700   30.53167882924  114.35726878549       28.1807      7 07 00 00 00 00 00   2.00
59946  51150.00   -2267750.2250  5009154.4922  3221294.3691   30.53167889257  114.35726882073       28.1671      7 07 00 00 00 00 00   2.00
59946  51180.00   -2267750.2260  5009154.4870  3221294.3638   30.53167887080  114.35726885218       28.1607      7 07 00 00 00 00 00   2.00
59946  51210.00   -2267750.2303  5009154.5063  3221294.3726   30.53167885067  114.35726880955       28.1819      7 07 00 00 00 00 00   2.00
59946  51240.00   -2267750.2233  5009154.4929  3221294.3689   30.53167889077  114.35726880142       28.1670      7 07 00 00 00 00 00   2.00
59946  51270.00   -2267750.2195  5009154.4942  3221294.3695   30.53167889717  114.35726875955       28.1669      7 07 00 00 00 00 00   2.00
59946  51300.00   -2267750.2209  5009154.4937  3221294.3653   30.53167886434  114.35726877465       28.1649      7 07 00 00 00 00 00   2.00
59946  51330.00   -2267750.2192  5009154.4924  3221294.3745   30.53167894398  114.35726876484       28.1679      7 07 00 00 00 00 00   2.00
59946  51360.00   -2267750.2211  5009154.4866  3221294.3639   30.53167888240  114.35726880776       28.1587      7 07 00 00 00 00 00   2.00
59946  51390.00   -2267750.2271  5009154.4867  3221294.3595   30.53167883680  114.35726886386       28.1587      7 07 00 00 00 00 00   2.00
59946  51420.00   -2267750.2251  5009154.5034  3221294.3716   30.53167886430  114.35726877310       28.1772      7 07 00 00 00 00 00   2.00
59946  51450.00   -2267750.2213  5009154.4991  3221294.3755   30.53167891964  114.35726875516       28.1745      7 07 00 00 00 00 00   2.00
59946  51480.00   -2267750.2187  5009154.5020  3221294.3758   30.53167891526  114.35726871831       28.1760      7 07 00 00 00 00 00   2.00
59946  51510.00   -2267750.2235  5009154.5026  3221294.3786   30.53167892544  114.35726876147       28.1795      7 07 00 00 00 00 00   2.00
59946  51540.00   -2267750.2147  5009154.4934  3221294.3758   30.53167895896  114.35726871798       28.1678      7 07 00 00 00 00 00   2.00
59946  51570.00   -2267750.2207  5009154.4922  3221294.3657   30.53167887425  114.35726877961       28.1639      7 07 00 00 00 00 00   2.00
59946  51600.00   -2267750.2189  5009154.4843  3221294.3635   30.53167889363  114.35726879609       28.1559      7 07 00 00 00 00 00   2.00
59946  51630.00   -2267750.2146  5009154.4837  3221294.3633   30.53167890254  114.35726875824       28.1538      7 07 00 00 00 00 00   2.00
59946  51660.00   -2267750.2276  5009154.4990  3221294.3724   30.53167888480  114.35726881618       28.1751      7 07 00 00 00 00 00   2.00
59946  51690.00   -2267750.2214  5009154.4874  3221294.3611   30.53167885683  114.35726880750       28.1580      7 07 00 00 00 00 00   2.00
59946  51720.00   -2267750.2297  5009154.4919  3221294.3676   30.53167887325  114.35726886679       28.1678      7 07 00 00 00 00 00   2.00
59946  51750.00   -2267750.2146  5009154.4756  3221294.3477   30.53167881491  114.35726879338       28.1395      7 07 00 00 00 00 00   2.00
59946  51780.00   -2267750.2132  5009154.4773  3221294.3522   30.53167884535  114.35726877291       28.1426      7 07 00 00 00 00 00   2.00
59946  51810.00   -2267750.2095  5009154.4649  3221294.3430   30.53167883272  114.35726879036       28.1269      7 07 00 00 00 00 00   2.00
59946  51840.00   -2267750.2174  5009154.4912  3221294.3646   30.53167887581  114.35726875245       28.1613      6 06 00 00 00 00 00   2.72
59946  51870.00   -2267750.2184  5009154.4894  3221294.3588   30.53167883618  114.35726877002       28.1574      6 06 00 00 00 00 00   2.72
59946  51900.00   -2267750.2251  5009154.4976  3221294.3615   30.53167881015  114.35726879754       28.1676      6 06 00 00 00 00 00   2.73
59946  51930.00   -2267750.2230  5009154.4894  3221294.3596   30.53167883378  114.35726881321       28.1594      6 06 00 00 00 00 00   2.73
59946  51960.00   -2267750.2152  5009154.4721  3221294.3515   30.53167885766  114.35726881433       28.1389      6 06 00 00 00 00 00   2.73
59946  51990.00   -2267750.2164  5009154.4838  3221294.3586   30.53167886195  114.35726877487       28.1522      6 06 00 00 00 00 00   2.73
59946  52020.00   -2267750.2190  5009154.5035  3221294.3664   30.53167883507  114.35726871515       28.1725      6 06 00 00 00 00 00   2.74
59946  52050.00   -2267750.2128  5009154.4978  3221294.3638   30.53167885079  114.35726868082       28.1645      6 06 00 00 00 00 00   2.74
59946  52080.00   -2267750.2171  5009154.4880  3221294.3586   30.53167884308  114.35726876387       28.1557      6 06 00 00 00 00 00   2.74
59946  52110.00   -2267750.2149  5009154.4982  3221294.3649   30.53167885335  114.35726869937       28.1661      6 06 00 00 00 00 00   2.74
59946  52140.00   -2267750.2096  5009154.4700  3221294.3374   30.53167876799  114.35726876985       28.1282      6 06 00 00 00 00 00   2.75
59946  52170.00   -2267750.2115  5009154.4702  3221294.3374   30.53167876347  114.35726878668       28.1290      6 06 00 00 00 00 00   2.75
59946  52200.00   -2267750.2151  5009154.4754  3221294.3444   30.53167878928  114.35726879838       28.1379      6 06 00 00 00 00 00   2.75
59946  52230.00   -2267750.2124  5009154.4878  3221294.3514   30.53167879709  114.35726871950       28.1503      6 06 00 00 00 00 00   2.75
59946  52260.00   -2267750.2227  5009154.5032  3221294.3639   30.53167881011  114.35726875112       28.1723      6 06 00 00 00 00 00   2.75
59946  52290.00   -2267750.2119  5009154.4787  3221294.3550   30.53167886384  114.35726875393       28.1448      6 06 00 00 00 00 00   2.75
59946  52320.00   -2267750.2153  5009154.4812  3221294.3525   30.53167882709  114.35726877568       28.1466      6 06 00 00 00 00 00   2.76
59946  52350.00   -2267750.2107  5009154.4725  3221294.3478   30.53167883553  114.35726876907       28.1358      6 06 00 00 00 00 00   2.76
59946  52380.00   -2267750.2100  5009154.4788  3221294.3563   30.53167887716  114.35726873594       28.1448      6 06 00 00 00 00 00   2.76
59946  52410.00   -2267750.2101  5009154.4795  3221294.3606   30.53167890743  114.35726873336       28.1476      6 06 00 00 00 00 00   2.76
59946  52440.00   -2267750.2235  5009154.4918  3221294.3726   30.53167892413  114.35726880826       28.1680      6 06 00 00 00 00 00   2.76
59946  52470.00   -2267750.2174  5009154.4828  3221294.3605   30.53167887850  114.35726878833       28.1527      6 06 00 00 00 00 00   2.76
59946  52500.00   -2267750.2236  5009154.4935  3221294.3670   30.53167887277  114.35726880186       28.1666      6 06 00 00 00 00 00   2.76
59946  52530.00   -2267750.2091  5009154.4689  3221294.3529   30.53167889365  114.35726876950       28.1350      6 06 00 00 00 00 00   2.76
59946  52560.00   -2267750.2113  5009154.4892  3221294.3630   30.53167888335  114.35726870341       28.1568      6 06 00 00 00 00 00   2.76
59946  52590.00   -2267750.2141  5009154.5015  3221294.3643   30.53167883652  114.35726867698       28.1681      6 06 00 00 00 00 00   2.76
59946  52620.00   -2267750.2105  5009154.4937  3221294.3638   30.53167887255  114.35726867602       28.1604      6 06 00 00 00 00 00   2.76
59946  52650.00   -2267750.2270  5009154.4974  3221294.3768   30.53167892617  114.35726881734       28.1758      6 06 00 00 00 00 00   2.76
59946  52680.00   -2267750.2262  5009154.4977  3221294.3669   30.53167885003  114.35726880803       28.1708      6 06 00 00 00 00 00   2.76
59946  52710.00   -2267750.2203  5009154.4880  3221294.3605   30.53167885171  114.35726879359       28.1578      6 06 00 00 00 00 00   2.76
59946  52740.00   -2267750.2158  5009154.4931  3221294.3614   30.53167884558  114.35726872951       28.1607      6 06 00 00 00 00 00   2.76
59946  52770.00   -2267750.2109  5009154.4843  3221294.3550   30.53167884197  114.35726872057       28.1488      6 06 00 00 00 00 00   2.76
59946  52800.00   -2267750.2173  5009154.4678  3221294.3511   30.53167886902  114.35726885201       28.1361      6 06 00 00 00 00 00   2.76
59946  52830.00   -2267750.2246  5009154.5006  3221294.3676   30.53167884619  114.35726878023       28.1728      6 06 00 00 00 00 00   2.76
59946  52860.00   -2267750.2115  5009154.4832  3221294.3557   30.53167885155  114.35726873088       28.1485      6 06 00 00 00 00 00   2.75
59946  52890.00   -2267750.2005  5009154.4799  3221294.3458   30.53167880864  114.35726864087       28.1370      6 06 00 00 00 00 00   2.75
59946  52920.00   -2267750.1934  5009154.4627  3221294.3346   30.53167880689  114.35726864735       28.1153      6 06 00 00 00 00 00   2.75
59946  52950.00   -2267750.1813  5009154.4494  3221294.3317   30.53167886253  114.35726858921       28.0990      6 06 00 00 00 00 00   2.75
59946  52980.00   -2267750.2006  5009154.4802  3221294.3492   30.53167883385  114.35726864050       28.1390      6 06 00 00 00 00 00   2.75
59946  53010.00   -2267750.2012  5009154.4856  3221294.3562   30.53167886451  114.35726862264       28.1470      6 06 00 00 00 00 00   2.74
59946  53040.00   -2267750.2026  5009154.4892  3221294.3620   30.53167889197  114.35726862066       28.1532      6 06 00 00 00 00 00   2.74
59946  53070.00   -2267750.2040  5009154.4724  3221294.3419   30.53167880334  114.35726870629       28.1304      6 06 00 00 00 00 00   2.74
59946  53100.00   -2267750.2211  5009154.4906  3221294.3577   30.53167881754  114.35726879008       28.1587      6 06 00 00 00 00 00   2.74
59946  53130.00   -2267750.2096  5009154.4984  3221294.3553   30.53167878851  114.35726864808       28.1595      6 06 00 00 00 00 00   2.73
59946  53160.00   -2267750.2183  5009154.4944  3221294.3636   30.53167885314  114.35726874796       28.1637      6 06 00 00 00 00 00   2.73
59946  53190.00   -2267750.2174  5009154.4948  3221294.3640   30.53167885609  114.35726873716       28.1639      6 06 00 00 00 00 00   2.73
59946  53220.00   -2267750.2172  5009154.4819  3221294.3499   30.53167880041  114.35726879073       28.1465      6 06 00 00 00 00 00   2.73
59946  53250.00   -2267750.2236  5009154.4941  3221294.3745   30.53167892943  114.35726879887       28.1709      6 06 00 00 00 00 00   2.72
59946  53280.00   -2267750.2151  5009154.4546  3221294.3492   30.53167891305  114.35726888839       28.1240      6 06 00 00 00 00 00   2.72
59946  53310.00   -2267750.2179  5009154.4775  3221294.3529   30.53167884136  114.35726881566       28.1449      6 06 00 00 00 00 00   2.71
59946  53340.00   -2267750.2182  5009154.4911  3221294.3634   30.53167886505  114.35726876070       28.1609      6 06 00 00 00 00 00   2.71
59946  53370.00   -2267750.2041  5009154.4872  3221294.3498   30.53167880297  114.35726864327       28.1459      6 06 00 00 00 00 00   2.71
59946  53400.00   -2267750.2146  5009154.5007  3221294.3623   30.53167882354  114.35726868570       28.1667      6 06 00 00 00 00 00   2.70
59946  53430.00   -2267750.2147  5009154.5047  3221294.3608   30.53167879496  114.35726866900       28.1691      6 06 00 00 00 00 00   2.70
59946  53460.00   -2267750.2122  5009154.4862  3221294.3536   30.53167882057  114.35726872409       28.1500      6 06 00 00 00 00 00   2.69
59946  53490.00   -2267750.2072  5009154.4689  3221294.3483   30.53167886141  114.35726875188       28.1320      6 06 00 00 00 00 00   2.69
59946  53520.00   -2267750.2149  5009154.4890  3221294.3584   30.53167884167  114.35726873801       28.1556      6 06 00 00 00 00 00   2.68
59946  53550.00   -2267750.2086  5009154.4837  3221294.3480   30.53167879483  114.35726870134       28.1439      6 06 00 00 00 00 00   2.68
59946  53580.00   -2267750.2071  5009154.4812  3221294.3528   30.53167884482  114.35726869794       28.1439      6 06 00 00 00 00 00   2.67
59946  53610.00   -2267750.2182  5009154.4874  3221294.3581   30.53167883965  114.35726877664       28.1554      6 06 00 00 00 00 00   2.67
59946  53640.00   -2267750.2252  5009154.5060  3221294.3655   30.53167880624  114.35726876367       28.1762      6 06 00 00 00 00 00   2.66
59946  53670.00   -2267750.2218  5009154.5104  3221294.3623   30.53167876999  114.35726871170       28.1768      6 06 00 00 00 00 00   2.66
59946  53700.00   -2267750.2144  5009154.5011  3221294.3600   30.53167880434  114.35726868196       28.1658      6 06 00 00 00 00 00   2.65
59946  53730.00   -2267750.2085  5009154.4783  3221294.3535   30.53167886053  114.35726872332       28.1425      6 06 00 00 00 00 00   2.65
59946  53760.00   -2267750.2113  5009154.4835  3221294.3561   30.53167885303  114.35726872791       28.1488      6 06 00 00 00 00 00   2.64
59946  53790.00   -2267750.2223  5009154.4859  3221294.3599   30.53167885219  114.35726882195       28.1565      6 06 00 00 00 00 00   2.63
59946  53820.00   -2267750.2178  5009154.4816  3221294.3510   30.53167880924  114.35726879784       28.1471      6 06 00 00 00 00 00   2.63
59946  53850.00   -2267750.2270  5009154.5070  3221294.3672   30.53167881177  114.35726877590       28.1785      6 06 00 00 00 00 00   2.62
59946  53880.00   -2267750.2084  5009154.4873  3221294.3536   30.53167882337  114.35726868391       28.1495      6 06 00 00 00 00 00   2.61
59946  53910.00   -2267750.2031  5009154.4790  3221294.3481   30.53167882571  114.35726866954       28.1383      6 06 00 00 00 00 00   2.61
59946  53940.00   -2267750.2148  5009154.4929  3221294.3572   30.53167881641  114.35726872023       28.1580      6 06 00 00 00 00 00   2.60
59946  53970.00   -2267750.2136  5009154.4892  3221294.3557   30.53167882256  114.35726872521       28.1539      6 06 00 00 00 00 00   2.59
59946  54000.00   -2267750.2130  5009154.4920  3221294.3539   30.53167879736  114.35726870768       28.1550      6 06 00 00 00 00 00   2.59
59946  54030.00   -2267750.2087  5009154.4857  3221294.3559   30.53167884745  114.35726869359       28.1496      6 06 00 00 00 00 00   2.58
59946  54060.00   -2267750.2215  5009154.4900  3221294.3539   30.53167878976  114.35726879668       28.1564      6 06 00 00 00 00 00   2.57
59946  54090.00   -2267750.2245  5009154.5040  3221294.3600   30.53167877274  114.35726876438       28.1716      6 06 00 00 00 00 00   2.57
59946  54120.00   -2267750.2270  5009154.5089  3221294.3629   30.53167877080  114.35726876755       28.1778      7 07 00 00 00 00 00   2.16
59946  54150.00   -2267750.2100  5009154.5030  3221294.3584   30.53167879219  114.35726863208       28.1648      7 07 00 00 00 00 00   2.16
59946  54180.00   -2267750.2203  5009154.5118  3221294.3652   30.53167878881  114.35726869183       28.1789      7 07 00 00 00 00 00   2.16
59946  54210.00   -2267750.2128  5009154.4969  3221294.3648   30.53167886203  114.35726868442       28.1643      8 08 00 00 00 00 00   1.97
59946  54240.00   -2267750.2192  5009154.4984  3221294.3624   30.53167882542  114.35726873836       28.1666      8 08 00 00 00 00 00   1.97
59946  54270.00   -2267750.2252  5009154.4962  3221294.3554   30.53167876859  114.35726880511       28.1634      8 08 00 00 00 00 00   1.97
59946  54300.00   -2267750.2144  5009154.4905  3221294.3527   30.53167879210  114.35726872690       28.1537      8 08 00 00 00 00 00   1.97
59946  54330.00   -2267750.2226  5009154.4981  3221294.3590   30.53167879393  114.35726877284       28.1658      8 08 00 00 00 00 00   1.97
59946  54360.00   -2267750.2185  5009154.4951  3221294.3638   30.53167885139  114.35726874574       28.1645      8 08 00 00 00 00 00   1.97
59946  54390.00   -2267750.2167  5009154.4860  3221294.3639   30.53167889389  114.35726876842       28.1567      8 08 00 00 00 00 00   1.97
59946  54420.00   -2267750.2173  5009154.4926  3221294.3581   30.53167881989  114.35726874516       28.1591      8 08 00 00 00 00 00   1.97
59946  54450.00   -2267750.2231  5009154.5079  3221294.3644   30.53167879391  114.35726873447       28.1764      8 08 00 00 00 00 00   1.97
59946  54480.00   -2267750.2181  5009154.4947  3221294.3598   30.53167882297  114.35726874447       28.1619      8 08 00 00 00 00 00   1.97
59946  54510.00   -2267750.2088  5009154.4857  3221294.3501   30.53167880186  114.35726869395       28.1466      8 08 00 00 00 00 00   1.97
59946  54540.00   -2267750.2224  5009154.4997  3221294.3598   30.53167879325  114.35726876340       28.1674      8 08 00 00 00 00 00   1.97
59946  54570.00   -2267750.2190  5009154.5074  3221294.3560   30.53167873847  114.35726869845       28.1703      8 08 00 00 00 00 00   1.97
59946  54600.00   -2267750.2072  5009154.4877  3221294.3487   30.53167878577  114.35726867100       28.1470      8 08 00 00 00 00 00   1.97
59946  54630.00   -2267750.2140  5009154.4948  3221294.3582   30.53167881764  114.35726870472       28.1597      8 08 00 00 00 00 00   1.97
59946  54660.00   -2267750.2175  5009154.4857  3221294.3552   30.53167882520  114.35726877698       28.1523      8 08 00 00 00 00 00   1.97
59946  54690.00   -2267750.2199  5009154.4868  3221294.3577   30.53167883610  114.35726879584       28.1553      8 08 00 00 00 00 00   1.97
59946  54720.00   -2267750.2182  5009154.4934  3221294.3616   30.53167884150  114.35726875137       28.1618      8 08 00 00 00 00 00   1.97
59946  54750.00   -2267750.2125  5009154.4911  3221294.3534   30.53167879806  114.35726870649       28.1538      8 08 00 00 00 00 00   1.97
59946  54780.00   -2267750.2148  5009154.4821  3221294.3530   30.53167882855  114.35726876710       28.1475      8 08 00 00 00 00 00   1.97
59946  54810.00   -2267750.2124  5009154.4932  3221294.3487   30.53167875322  114.35726869679       28.1531      9 09 00 00 00 00 00   1.92
59946  54840.00   -2267750.2155  5009154.5045  3221294.3523   30.53167872803  114.35726867718       28.1648      9 09 00 00 00 00 00   1.92
59946  54870.00   -2267750.2283  5009154.5061  3221294.3520   30.53167869482  114.35726879206       28.1705      9 09 00 00 00 00 00   1.92
59946  54900.00   -2267750.2194  5009154.4857  3221294.3531   30.53167880519  114.35726879528       28.1519      9 09 00 00 00 00 00   1.92
59946  54930.00   -2267750.2088  5009154.4845  3221294.3555   30.53167884928  114.35726869953       28.1484      9 09 00 00 00 00 00   1.92
59946  54960.00   -2267750.2258  5009154.5163  3221294.3637   30.53167874818  114.35726872450       28.1836      9 09 00 00 00 00 00   1.91
59946  54990.00   -2267750.2233  5009154.5061  3221294.3574   30.53167874655  114.35726874438       28.1715      9 09 00 00 00 00 00   1.91
59946  55020.00   -2267750.2237  5009154.5024  3221294.3585   30.53167876988  114.35726876420       28.1693      9 09 00 00 00 00 00   1.91
59946  55050.00   -2267750.2118  5009154.4838  3221294.3558   30.53167884864  114.35726873144       28.1491      9 09 00 00 00 00 00   1.91
59946  55080.00   -2267750.2198  5009154.4872  3221294.3536   30.53167880275  114.35726879245       28.1535      9 09 00 00 00 00 00   1.91
59946  55110.00   -2267750.2172  5009154.4918  3221294.3552   30.53167880101  114.35726874777       28.1570      9 09 00 00 00 00 00   1.91
59946  55140.00   -2267750.2141  5009154.4811  3221294.3491   30.53167880346  114.35726876415       28.1444      9 09 00 00 00 00 00   1.90
59946  55170.00   -2267750.2258  5009154.5076  3221294.3600   30.53167875505  114.35726876201       28.1749      9 09 00 00 00 00 00   1.90
59946  55200.00   -2267750.2297  5009154.5014  3221294.3585   30.53167876239  114.35726882547       28.1707      9 09 00 00 00 00 00   1.90
59946  55230.00   -2267750.2279  5009154.4991  3221294.3534   30.53167873536  114.35726881841       28.1656      9 09 00 00 00 00 00   1.90
59946  55260.00   -2267750.2171  5009154.4818  3221294.3511   30.53167881060  114.35726879046       28.1470      9 09 00 00 00 00 00   1.89
59946  55290.00   -2267750.2054  5009154.4732  3221294.3450   30.53167882165  114.35726871607       28.1330      9 09 00 00 00 00 00   1.89
59946  55320.00   -2267750.2198  5009154.4868  3221294.3494   30.53167877189  114.35726879456       28.1510      9 09 00 00 00 00 00   1.89
59946  55350.00   -2267750.2123  5009154.4856  3221294.3470   30.53167877233  114.35726872867       28.1462      9 09 00 00 00 00 00   1.89
59946  55380.00   -2267750.2107  5009154.4707  3221294.3534   30.53167888746  114.35726877674       28.1372      9 09 00 00 00 00 00   1.88
59946  55410.00   -2267750.2138  5009154.4917  3221294.3609   30.53167885122  114.35726871667       28.1586      8 08 00 00 00 00 00   2.43
59946  55440.00   -2267750.2173  5009154.4793  3221294.3578   30.53167887240  114.35726880226       28.1485      8 08 00 00 00 00 00   2.43
59946  55470.00   -2267750.2147  5009154.4796  3221294.3610   30.53167890141  114.35726877631       28.1495      8 08 00 00 00 00 00   2.43
59946  55500.00   -2267750.2187  5009154.4989  3221294.3618   30.53167881979  114.35726873173       28.1665      8 08 00 00 00 00 00   2.43
59946  55530.00   -2267750.2055  5009154.4665  3221294.3542   30.53167892028  114.35726874615       28.1325      8 08 00 00 00 00 00   2.44
59946  55560.00   -2267750.2185  5009154.4895  3221294.3599   30.53167884405  114.35726877063       28.1580      8 08 00 00 00 00 00   2.44
59946  55590.00   -2267750.2132  5009154.4749  3221294.3639   30.53167894657  114.35726878228       28.1468      8 08 00 00 00 00 00   2.44
59946  55620.00   -2267750.2105  5009154.4791  3221294.3593   30.53167889782  114.35726873901       28.1467      8 08 00 00 00 00 00   2.44
59946  55650.00   -2267750.2137  5009154.4735  3221294.3529   30.53167886550  114.35726879401       28.1402      8 08 00 00 00 00 00   2.44
59946  55680.00   -2267750.2034  5009154.4981  3221294.3659   30.53167888332  114.35726859016       28.1624      8 08 00 00 00 00 00   2.44
59946  55710.00   -2267750.1982  5009154.4777  3221294.3571   30.53167891002  114.35726862816       28.1402      8 08 00 00 00 00 00   2.44
59946  55740.00   -2267750.2068  5009154.4687  3221294.3582   30.53167893988  114.35726874856       28.1366      8 08 00 00 00 00 00   2.44
59946  55770.00   -2267750.1977  5009154.4707  3221294.3526   30.53167890508  114.35726865379       28.1322      8 08 00 00 00 00 00   2.44
59946  55800.00   -2267750.2198  5009154.4920  3221294.3621   30.53167884850  114.35726877240       28.1616      8 08 00 00 00 00 00   2.44
59946  55830.00   -2267750.2133  5009154.4770  3221294.3535   30.53167885636  114.35726877486       28.1431      8 08 00 00 00 00 00   2.44
59946  55860.00   -2267750.2184  5009154.4924  3221294.3504   30.53167875882  114.35726875665       28.1555      8 08 00 00 00 00 00   2.44
59946  55890.00   -2267750.1955  5009154.4430  3221294.3448   30.53167896442  114.35726875184       28.1057      8 08 00 00 00 00 00   2.44
59946  55920.00   -2267750.2024  5009154.4498  3221294.3469   30.53167893978  114.35726878795       28.1146      8 08 00 00 00 00 00   2.44
59946  55950.00   -2267750.2064  5009154.4555  3221294.3538   30.53167896174  114.35726880175       28.1240      8 08 00 00 00 00 00   2.44
59946  55980.00   -2267750.2210  5009154.4800  3221294.3532   30.53167882706  114.35726883494       28.1481      8 08 00 00 00 00 00   2.44
59946  56010.00   -2267750.2017  5009154.4635  3221294.3517   30.53167892084  114.35726872230       28.1275      8 08 00 00 00 00 00   2.44
59946  56040.00   -2267750.2129  5009154.4795  3221294.3592   30.53167889079  114.35726875989       28.1478      8 08 00 00 00 00 00   2.44
59946  56070.00   -2267750.2161  5009154.4788  3221294.3591   30.53167888702  114.35726879332       28.1484      8 08 00 00 00 00 00   2.44
59946  56100.00   -2267750.1940  5009154.4301  3221294.3459   30.53167902998  114.35726879289       28.0957      8 08 00 00 00 00 00   2.44
59946  56130.00   -2267750.2183  5009154.4859  3221294.3507   30.53167878825  114.35726878384       28.1504      8 08 00 00 00 00 00   2.43
59946  56160.00   -2267750.2029  5009154.4433  3221294.3493   30.53167898422  114.35726882046       28.1109      8 08 00 00 00 00 00   2.43
59946  56190.00   -2267750.2053  5009154.4531  3221294.3521   30.53167896058  114.35726880187       28.1208      8 08 00 00 00 00 00   2.43
59946  56220.00   -2267750.2060  5009154.4581  3221294.3486   30.53167891073  114.35726878691       28.1232      8 08 00 00 00 00 00   2.43
59946  56250.00   -2267750.2067  5009154.4697  3221294.3496   30.53167886953  114.35726874383       28.1331      8 08 00 00 00 00 00   2.43
59946  56280.00   -2267750.2168  5009154.4916  3221294.3540   30.53167879267  114.35726874518       28.1561      8 08 00 00 00 00 00   2.42
59946  56310.00   -2267750.2096  5009154.4775  3221294.3539   30.53167886410  114.35726873777       28.1424      8 08 00 00 00 00 00   2.42
59946  56340.00   -2267750.2156  5009154.4837  3221294.3538   30.53167882653  114.35726876817       28.1494      8 08 00 00 00 00 00   2.42
59946  56370.00   -2267750.2108  5009154.4879  3221294.3537   30.53167881759  114.35726870411       28.1509      8 08 00 00 00 00 00   2.41
59946  56400.00   -2267750.2236  5009154.5017  3221294.3540   30.53167873750  114.35726876637       28.1664      8 08 00 00 00 00 00   2.41
59946  56430.00   -2267750.2109  5009154.4612  3221294.3536   30.53167892755  114.35726881944       28.1300      8 08 00 00 00 00 00   2.41
59946  56460.00   -2267750.2095  5009154.4673  3221294.3595   30.53167895100  114.35726877987       28.1372      8 08 00 00 00 00 00   2.40
59946  56490.00   -2267750.2110  5009154.4729  3221294.3570   30.53167890522  114.35726877092       28.1409      8 08 00 00 00 00 00   2.40
59946  56520.00   -2267750.2020  5009154.4631  3221294.3503   30.53167891107  114.35726872761       28.1266      8 08 00 00 00 00 00   2.40
59946  56550.00   -2267750.2067  5009154.4640  3221294.3580   30.53167895806  114.35726876778       28.1329      8 08 00 00 00 00 00   2.39
59946  56580.00   -2267750.2124  5009154.4915  3221294.3523   30.53167878841  114.35726870337       28.1536      8 08 00 00 00 00 00   2.39
59946  56610.00   -2267750.2070  5009154.4672  3221294.3523   30.53167889983  114.35726875645       28.1326      8 08 00 00 00 00 00   2.38
59946  56640.00   -2267750.2111  5009154.4857  3221294.3535   30.53167882441  114.35726871681       28.1492      8 08 00 00 00 00 00   2.38
59946  56670.00   -2267750.2110  5009154.4702  3221294.3542   30.53167889454  114.35726878200       28.1373      8 08 00 00 00 00 00   2.38
59946  56700.00   -2267750.2004  5009154.4490  3221294.3525   30.53167898945  114.35726877285       28.1161      8 08 00 00 00 00 00   2.37
59946  56730.00   -2267750.2041  5009154.4629  3221294.3487   30.53167889516  114.35726874773       28.1264      8 08 00 00 00 00 00   2.37
59946  56760.00   -2267750.2088  5009154.4668  3221294.3492   30.53167887413  114.35726877595       28.1313      8 08 00 00 00 00 00   2.36
59946  56790.00   -2267750.2140  5009154.4766  3221294.3510   30.53167883700  114.35726878265       28.1418      7 07 00 00 00 00 00   4.01
59946  56820.00   -2267750.2060  5009154.4454  3221294.3459   30.53167894337  114.35726884127       28.1119      7 07 00 00 00 00 00   4.00
59946  56850.00   -2267750.2175  5009154.4850  3221294.3513   30.53167879774  114.35726877970       28.1498      7 07 00 00 00 00 00   3.98
59946  56880.00   -2267750.2116  5009154.4754  3221294.3483   30.53167882639  114.35726876586       28.1386      7 07 00 00 00 00 00   3.96
59946  56910.00   -2267750.2143  5009154.4992  3221294.3519   30.53167874913  114.35726868887       28.1601      7 07 00 00 00 00 00   3.94
59946  56940.00   -2267750.2227  5009154.4973  3221294.3522   30.53167874361  114.35726877669       28.1618      7 07 00 00 00 00 00   3.92
59946  56970.00   -2267750.2246  5009154.5085  3221294.3511   30.53167868475  114.35726874659       28.1706      7 07 00 00 00 00 00   3.90
59946  57000.00   -2267750.2143  5009154.4810  3221294.3508   30.53167881712  114.35726876732       28.1453      7 07 00 00 00 00 00   3.88
59946  57030.00   -2267750.2159  5009154.4746  3221294.3506   30.53167883949  114.35726880956       28.1407      7 07 00 00 00 00 00   3.86
59946  57060.00   -2267750.2135  5009154.4714  3221294.3507   30.53167885764  114.35726880057       28.1374      9 09 00 00 00 00 00   1.75
59946  57090.00   -2267750.2076  5009154.4755  3221294.3539   30.53167887649  114.35726872689       28.1401      9 09 00 00 00 00 00   1.75
59946  57120.00   -2267750.2141  5009154.4766  3221294.3533   30.53167885498  114.35726878399       28.1430      9 09 00 00 00 00 00   1.75
59946  57150.00   -2267750.2206  5009154.4868  3221294.3473   30.53167875390  114.35726880153       28.1503      9 09 00 00 00 00 00   1.75
59946  57180.00   -2267750.2229  5009154.4956  3221294.3447   30.53167869268  114.35726878582       28.1566      9 09 00 00 00 00 00   1.75
59946  57210.00   -2267750.2179  5009154.4873  3221294.3452   30.53167874023  114.35726877401       28.1486      9 09 00 00 00 00 00   1.75
59946  57240.00   -2267750.2038  5009154.4530  3221294.3409   30.53167887658  114.35726878802       28.1145      9 09 00 00 00 00 00   1.75
59946  57270.00   -2267750.2019  5009154.4567  3221294.3481   30.53167892116  114.35726875385       28.1204      9 09 00 00 00 00 00   1.75
59946  57300.00   -2267750.2123  5009154.4834  3221294.3500   30.53167880430  114.35726873772       28.1460      9 09 00 00 00 00 00   1.75
59946  57330.00   -2267750.2089  5009154.4740  3221294.3565   30.53167890072  114.35726874539       28.1407      9 09 00 00 00 00 00   1.75
59946  57360.00   -2267750.2122  5009154.4712  3221294.3528   30.53167887696  114.35726878940       28.1379      9 09 00 00 00 00 00   1.76
59946  57390.00   -2267750.2129  5009154.4765  3221294.3460   30.53167880129  114.35726877365       28.1388      9 09 00 00 00 00 00   1.76
59946  57420.00   -2267750.2247  5009154.4971  3221294.3497   30.53167872161  114.35726879638       28.1611      9 09 00 00 00 00 00   1.76
59946  57450.00   -2267750.2218  5009154.4869  3221294.3481   30.53167875739  114.35726881249       28.1512      9 09 00 00 00 00 00   1.76
59946  57480.00   -2267750.2114  5009154.4798  3221294.3465   30.53167879399  114.35726874487       28.1411      9 09 00 00 00 00 00   1.76
59946  57510.00   -2267750.2132  5009154.4742  3221294.3437   30.53167879209  114.35726878566       28.1360      9 09 00 00 00 00 00   1.76
59946  57540.00   -2267750.2156  5009154.4708  3221294.3552   30.53167889103  114.35726882349       28.1400      9 09 00 00 00 00 00   1.76
59946  57570.00   -2267750.2199  5009154.4930  3221294.3577   30.53167880980  114.35726876841       28.1602      9 09 00 00 00 00 00   1.76
59946  57600.00   -2267750.2124  5009154.4748  3221294.3477   30.53167882292  114.35726877535       28.1381      9 09 00 00 00 00 00   1.75
59946  57630.00   -2267750.2120  5009154.4814  3221294.3434   30.53167876232  114.35726874354       28.1410      9 09 00 00 00 00 00   1.75
59946  57660.00   -2267750.2121  5009154.4794  3221294.3553   30.53167886237  114.35726875341       28.1455      9 09 00 00 00 00 00   1.75
59946  57690.00   -2267750.2211  5009154.4793  3221294.3530   30.53167882825  114.35726883926       28.1474      9 09 00 00 00 00 00   1.75
59946  57720.00   -2267750.2123  5009154.4650  3221294.3523   30.53167889897  114.35726881634       28.1327      9 09 00 00 00 00 00   1.75
59946  57750.00   -2267750.2111  5009154.4650  3221294.3455   30.53167884831  114.35726880579       28.1289      9 09 00 00 00 00 00   1.75
59946  57780.00   -2267750.2071  5009154.4760  3221294.3472   30.53167882324  114.35726871986       28.1369      9 09 00 00 00 00 00   1.75
59946  57810.00   -2267750.2155  5009154.4776  3221294.3465   30.53167879500  114.35726879326       28.1408      9 09 00 00 00 00 00   1.75
59946  57840.00   -2267750.2206  5009154.4913  3221294.3512   30.53167876530  114.35726878208       28.1558      9 09 00 00 00 00 00   1.75
59946  57870.00   -2267750.2150  5009154.4694  3221294.3489   30.53167884941  114.35726882319       28.1354      9 09 00 00 00 00 00   1.75
59946  57900.00   -2267750.2303  5009154.5038  3221294.3580   30.53167874766  114.35726882110       28.1725      9 09 00 00 00 00 00   1.75
59946  57930.00   -2267750.2197  5009154.4962  3221294.3497   30.53167873503  114.35726875296       28.1585      9 09 00 00 00 00 00   1.75
59946  57960.00   -2267750.2171  5009154.5007  3221294.3522   30.53167874008  114.35726870917       28.1624      9 09 00 00 00 00 00   1.75
59946  57990.00   -2267750.2131  5009154.4779  3221294.3520   30.53167884110  114.35726876925       28.1430      9 09 00 00 00 00 00   1.74
59946  58020.00   -2267750.2135  5009154.4760  3221294.3479   30.53167881679  114.35726878123       28.1396      9 09 00 00 00 00 00   1.74
59946  58050.00   -2267750.2101  5009154.4730  3221294.3509   30.53167885895  114.35726876156       28.1375      9 09 00 00 00 00 00   1.74
59946  58080.00   -2267750.2140  5009154.4921  3221294.3626   30.53167886263  114.35726871629       28.1598      9 09 00 00 00 00 00   1.74
59946  58110.00   -2267750.2167  5009154.4853  3221294.3548   30.53167882536  114.35726877102       28.1515      9 09 00 00 00 00 00   1.74
59946  58140.00   -2267750.2156  5009154.4815  3221294.3546   30.53167884160  114.35726877656       28.1480      9 09 00 00 00 00 00   1.74
59946  58170.00   -2267750.2140  5009154.4841  3221294.3574   30.53167885580  114.35726875070       28.1509      9 09 00 00 00 00 00   1.74
59946  58200.00   -2267750.2132  5009154.4891  3221294.3516   30.53167879109  114.35726872169       28.1516      9 09 00 00 00 00 00   1.74
59946  58230.00   -2267750.2216  5009154.4925  3221294.3538   30.53167877845  114.35726878668       28.1584      9 09 00 00 00 00 00   1.73
59946  58260.00   -2267750.2135  5009154.4849  3221294.3505   30.53167879955  114.35726874203       28.1479      9 09 00 00 00 00 00   1.73
59946  58290.00   -2267750.2164  5009154.4834  3221294.3536   30.53167882492  114.35726877651       28.1493      9 09 00 00 00 00 00   1.73
59946  58320.00   -2267750.2207  5009154.5057  3221294.3594   30.53167876850  114.35726872160       28.1713      9 09 00 00 00 00 00   1.73
59946  58350.00   -2267750.2176  5009154.5060  3221294.3599   30.53167877695  114.35726869059       28.1707      9 09 00 00 00 00 00   1.73
59946  58380.00   -2267750.2110  5009154.4867  3221294.3488   30.53167878358  114.35726871081       28.1475      9 09 00 00 00 00 00   1.73
59946  58410.00   -2267750.2145  5009154.4816  3221294.3558   30.53167885308  114.35726876634       28.1484      7 07 00 00 00 00 00   2.72
59946  58440.00   -2267750.2212  5009154.4932  3221294.3512   30.53167875653  114.35726877993       28.1575      7 07 00 00 00 00 00   2.73
59946  58470.00   -2267750.2180  5009154.4885  3221294.3511   30.53167878103  114.35726876966       28.1526      7 07 00 00 00 00 00   2.74
59946  58500.00   -2267750.2165  5009154.4780  3221294.3482   30.53167880491  114.35726880102       28.1424      7 07 00 00 00 00 00   2.75
59946  58530.00   -2267750.2212  5009154.4965  3221294.3569   30.53167878628  114.35726876596       28.1630      7 07 00 00 00 00 00   2.76
59946  58560.00   -2267750.2129  5009154.4933  3221294.3580   30.53167882383  114.35726870033       28.1581      7 07 00 00 00 00 00   2.77
59946  58590.00   -2267750.2119  5009154.4755  3221294.3469   30.53167881433  114.35726876723       28.1381      7 07 00 00 00 00 00   2.78
59946  58620.00   -2267750.2190  5009154.5036  3221294.3571   30.53167876238  114.35726871405       28.1679      8 08 00 00 00 00 00   2.25
59946  58650.00   -2267750.2131  5009154.4834  3221294.3525   30.53167882245  114.35726874558       28.1476      8 08 00 00 00 00 00   2.25
59946  58680.00   -2267750.2099  5009154.4703  3221294.3592   30.53167893538  114.35726877126       28.1396      8 08 00 00 00 00 00   2.26
59946  58710.00   -2267750.2140  5009154.4765  3221294.3433   30.53167877807  114.35726878321       28.1378      8 08 00 00 00 00 00   2.27
59946  58740.00   -2267750.2132  5009154.4756  3221294.3427   30.53167877899  114.35726878027       28.1365      8 08 00 00 00 00 00   2.27
59946  58770.00   -2267750.2183  5009154.4785  3221294.3509   30.53167882024  114.35726881515       28.1448      8 08 00 00 00 00 00   2.28
59946  58800.00   -2267750.2197  5009154.4953  3221294.3515   30.53167875281  114.35726875641       28.1587      8 08 00 00 00 00 00   2.29
59946  58830.00   -2267750.2346  5009154.5163  3221294.3669   30.53167875678  114.35726880786       28.1883      8 08 00 00 00 00 00   2.29
59946  58860.00   -2267750.2100  5009154.4874  3221294.3615   30.53167888146  114.35726869878       28.1542      8 08 00 00 00 00 00   2.30
59946  58890.00   -2267750.2133  5009154.4899  3221294.3566   30.53167882707  114.35726871936       28.1549      8 08 00 00 00 00 00   2.30
59946  58920.00   -2267750.2083  5009154.4795  3221294.3495   30.53167882449  114.35726871625       28.1413      8 08 00 00 00 00 00   2.31
59946  58950.00   -2267750.2096  5009154.4884  3221294.3486   30.53167877752  114.35726869099       28.1483      8 08 00 00 00 00 00   2.31
59946  58980.00   -2267750.2123  5009154.4810  3221294.3425   30.53167875638  114.35726874820       28.1404      8 08 00 00 00 00 00   2.32
59946  59010.00   -2267750.2135  5009154.4874  3221294.3562   30.53167883390  114.35726873159       28.1527      8 08 00 00 00 00 00   2.32
59946  59040.00   -2267750.2174  5009154.4933  3221294.3607   30.53167883625  114.35726874352       28.1611      8 08 00 00 00 00 00   2.33
59946  59070.00   -2267750.2208  5009154.4932  3221294.3619   30.53167884017  114.35726877570       28.1628      8 08 00 00 00 00 00   2.33
59946  59100.00   -2267750.2331  5009154.5046  3221294.3706   30.53167883691  114.35726884413       28.1806      8 08 00 00 00 00 00   2.34
59946  59130.00   -2267750.2164  5009154.4855  3221294.3577   30.53167884768  114.35726876767       28.1530      8 08 00 00 00 00 00   2.34
59946  59160.00   -2267750.2170  5009154.4872  3221294.3552   30.53167881997  114.35726876563       28.1533      9 09 00 00 00 00 00   1.77
59946  59190.00   -2267750.2128  5009154.4736  3221294.3413   30.53167877697  114.35726878426       28.1341      9 09 00 00 00 00 00   1.77
59946  59220.00   -2267750.2170  5009154.4950  3221294.3548   30.53167878411  114.35726873290       28.1592      9 09 00 00 00 00 00   1.78
59946  59250.00   -2267750.2244  5009154.4911  3221294.3613   30.53167883758  114.35726881904       28.1621      9 09 00 00 00 00 00   1.78
59946  59280.00   -2267750.2111  5009154.4784  3221294.3475   30.53167880861  114.35726874801       28.1404      9 09 00 00 00 00 00   1.78
59946  59310.00   -2267750.2090  5009154.4789  3221294.3509   30.53167883660  114.35726872600       28.1418      9 09 00 00 00 00 00   1.78
59946  59340.00   -2267750.2069  5009154.4829  3221294.3468   30.53167879174  114.35726868874       28.1420      9 09 00 00 00 00 00   1.78
59946  59370.00   -2267750.2137  5009154.4932  3221294.3513   30.53167877073  114.35726870906       28.1549      9 09 00 00 00 00 00   1.79
59946  59400.00   -2267750.2053  5009154.4792  3221294.3489   30.53167882643  114.35726868931       28.1397      9 09 00 00 00 00 00   1.79
59946  59430.00   -2267750.2081  5009154.4703  3221294.3505   30.53167887120  114.35726875446       28.1346      8 08 00 00 00 00 00   2.42
59946  59460.00   -2267750.2140  5009154.4772  3221294.3517   30.53167884054  114.35726878045       28.1426      8 08 00 00 00 00 00   2.42
59946  59490.00   -2267750.2002  5009154.4676  3221294.3490   30.53167888521  114.35726869009       28.1288      8 08 00 00 00 00 00   2.43
59946  59520.00   -2267750.2002  5009154.4658  3221294.3441   30.53167885547  114.35726869876       28.1249      8 08 00 00 00 00 00   2.43
59946  59550.00   -2267750.2100  5009154.4777  3221294.3486   30.53167882161  114.35726874084       28.1400      8 08 00 00 00 00 00   2.44
59946  59580.00   -2267750.2057  5009154.4664  3221294.3489   30.53167887971  114.35726874824       28.1298      8 08 00 00 00 00 00   2.44
59946  59610.00   -2267750.2040  5009154.4720  3221294.3451   30.53167883003  114.35726870778       28.1316      8 08 00 00 00 00 00   2.44
59946  59640.00   -2267750.2085  5009154.4596  3221294.3411   30.53167884207  114.35726880402       28.1215      8 08 00 00 00 00 00   2.45
59946  59670.00   -2267750.2078  5009154.4638  3221294.3491   30.53167888775  114.35726877907       28.1285      8 08 00 00 00 00 00   2.45
59946  59700.00   -2267750.2025  5009154.4537  3221294.3439   30.53167889953  114.35726877267       28.1161      8 08 00 00 00 00 00   2.46
59946  59730.00   -2267750.2087  5009154.4758  3221294.3529   30.53167886600  114.35726873619       28.1402      8 08 00 00 00 00 00   2.46
59946  59760.00   -2267750.2143  5009154.4782  3221294.3577   30.53167888206  114.35726877945       28.1465      8 08 00 00 00 00 00   2.47
59946  59790.00   -2267750.2081  5009154.4746  3221294.3475   30.53167882995  114.35726873535       28.1364      8 08 00 00 00 00 00   2.47
59946  59820.00   -2267750.2029  5009154.4586  3221294.3379   30.53167883145  114.35726875548       28.1171      8 08 00 00 00 00 00   2.47
59946  59850.00   -2267750.2183  5009154.4846  3221294.3508   30.53167879449  114.35726878934       28.1495      8 08 00 00 00 00 00   2.48
59946  59880.00   -2267750.2177  5009154.4840  3221294.3573   30.53167884884  114.35726878688       28.1521      9 09 00 00 00 00 00   1.82
59946  59910.00   -2267750.2181  5009154.4842  3221294.3549   30.53167882886  114.35726878903       28.1512      9 09 00 00 00 00 00   1.82
59946  59940.00   -2267750.2184  5009154.4749  3221294.3508   30.53167883457  114.35726883229       28.1420      9 09 00 00 00 00 00   1.82
59946  59970.00   -2267750.2176  5009154.4807  3221294.3533   30.53167883152  114.35726880005       28.1474      9 09 00 00 00 00 00   1.82
59946  60000.00   -2267750.2191  5009154.4773  3221294.3513   30.53167882686  114.35726882806       28.1443      9 09 00 00 00 00 00   1.82
59946  60030.00   -2267750.2173  5009154.4778  3221294.3493   30.53167881293  114.35726880982       28.1430      9 09 00 00 00 00 00   1.83
59946  60060.00   -2267750.2119  5009154.4742  3221294.3448   30.53167880374  114.35726877403       28.1360      9 09 00 00 00 00 00   1.83
59946  60090.00   -2267750.2164  5009154.4730  3221294.3650   30.53167895664  114.35726882177       28.1469      9 09 00 00 00 00 00   1.83
59946  60120.00   -2267750.2153  5009154.4758  3221294.3557   30.53167887513  114.35726879851       28.1440      9 09 00 00 00 00 00   1.83
59946  60150.00   -2267750.2115  5009154.4708  3221294.3520   30.53167887425  114.35726878459       28.1369      9 09 00 00 00 00 00   1.83
59946  60180.00   -2267750.2212  5009154.4788  3221294.3544   30.53167884115  114.35726884161       28.1478      9 09 00 00 00 00 00   1.83
59946  60210.00   -2267750.2106  5009154.4747  3221294.3520   30.53167885922  114.35726875846       28.1396      9 09 00 00 00 00 00   1.83
59946  60240.00   -2267750.2196  5009154.4811  3221294.3575   30.53167885876  114.35726881678       28.1507      9 09 00 00 00 00 00   1.83
59946  60270.00   -2267750.2170  5009154.4836  3221294.3559   30.53167884050  114.35726878119       28.1509      9 09 00 00 00 00 00   1.84
59946  60300.00   -2267750.2156  5009154.4865  3221294.3600   30.53167886258  114.35726875559       28.1547      9 09 00 00 00 00 00   1.84
59946  60330.00   -2267750.2083  5009154.4709  3221294.3567   30.53167891610  114.35726875313       28.1382      9 09 00 00 00 00 00   1.84
59946  60360.00   -2267750.2097  5009154.4729  3221294.3529   30.53167887551  114.35726875817       28.1383      9 09 00 00 00 00 00   1.84
59946  60390.00   -2267750.2123  5009154.4791  3221294.3543   30.53167885550  114.35726875615       28.1448      9 09 00 00 00 00 00   1.84
59946  60420.00   -2267750.2125  5009154.4843  3221294.3510   30.53167880841  114.35726873563       28.1473      9 09 00 00 00 00 00   1.84
59946  60450.00   -2267750.2142  5009154.4787  3221294.3544   30.53167885508  114.35726877569       28.1452      9 09 00 00 00 00 00   1.84
59946  60480.00   -2267750.2105  5009154.4702  3221294.3456   30.53167882871  114.35726877732       28.1328      9 09 00 00 00 00 00   1.84
59946  60510.00   -2267750.2167  5009154.4796  3221294.3479   30.53167879587  114.35726879568       28.1435      9 09 00 00 00 00 00   1.84
59946  60540.00   -2267750.2156  5009154.4821  3221294.3581   30.53167886654  114.35726877464       28.1503      9 09 00 00 00 00 00   1.84
59946  60570.00   -2267750.2119  5009154.4828  3221294.3578   30.53167886799  114.35726873616       28.1493      9 09 00 00 00 00 00   1.84
59946  60600.00   -2267750.2182  5009154.4835  3221294.3505   30.53167879657  114.35726879377       28.1484      9 09 00 00 00 00 00   1.84
59946  60630.00   -2267750.2133  5009154.4795  3221294.3510   30.53167882675  114.35726876405       28.1439      9 09 00 00 00 00 00   1.84
59946  60660.00   -2267750.2136  5009154.4783  3221294.3533   30.53167884925  114.35726877167       28.1442      9 09 00 00 00 00 00   1.84
59946  60690.00   -2267750.2175  5009154.4823  3221294.3515   30.53167881060  114.35726879158       28.1478      8 08 00 00 00 00 00   2.56
59946  60720.00   -2267750.2202  5009154.4929  3221294.3478   30.53167873250  114.35726877121       28.1552      8 08 00 00 00 00 00   2.57
59946  60750.00   -2267750.2112  5009154.4662  3221294.3466   30.53167885177  114.35726880134       28.1305      8 08 00 00 00 00 00   2.57
59946  60780.00   -2267750.2201  5009154.4891  3221294.3538   30.53167879533  114.35726878665       28.1552      8 08 00 00 00 00 00   2.57
59946  60810.00   -2267750.2131  5009154.4786  3221294.3509   30.53167882995  114.35726876549       28.1430      8 08 00 00 00 00 00   2.57
59946  60840.00   -2267750.2203  5009154.4834  3221294.3565   30.53167883965  114.35726881339       28.1522      8 08 00 00 00 00 00   2.57
59946  60870.00   -2267750.2093  5009154.4769  3221294.3498   30.53167883566  114.35726873699       28.1398      8 08 00 00 00 00 00   2.58
59946  60900.00   -2267750.2179  5009154.4844  3221294.3489   30.53167878110  114.35726878618       28.1482      8 08 00 00 00 00 00   2.58
59946  60930.00   -2267750.2085  5009154.4679  3221294.3454   30.53167884103  114.35726876776       28.1302      8 08 00 00 00 00 00   2.58
59946  60960.00   -2267750.2075  5009154.4699  3221294.3553   30.53167891112  114.35726875065       28.1364      8 08 00 00 00 00 00   2.58
59946  60990.00   -2267750.2127  5009154.4842  3221294.3517   30.53167881356  114.35726873778       28.1477      8 08 00 00 00 00 00   2.58
59946  61020.00   -2267750.2109  5009154.4888  3221294.3525   30.53167880420  114.35726870148       28.1510      8 08 00 00 00 00 00   2.58
59946  61050.00   -2267750.2114  5009154.4655  3221294.3510   30.53167888902  114.35726880669       28.1322      8 08 00 00 00 00 00   2.58
59946  61080.00   -2267750.2141  5009154.4711  3221294.3513   30.53167886285  114.35726880729       28.1376      8 08 00 00 00 00 00   2.59
59946  61110.00   -2267750.2172  5009154.4847  3221294.3455   30.53167875474  114.35726877817       28.1465      8 08 00 00 00 00 00   2.59
59946  61140.00   -2267750.2111  5009154.4750  3221294.3404   30.53167876727  114.35726876233       28.1342      8 08 00 00 00 00 00   2.59
59946  61170.00   -2267750.2087  5009154.4651  3221294.3317   30.53167874571  114.35726878188       28.1211      8 08 00 00 00 00 00   2.59
59946  61200.00   -2267750.2211  5009154.4934  3221294.3535   30.53167877370  114.35726877815       28.1588      8 08 00 00 00 00 00   2.59
59946  61230.00   -2267750.2025  5009154.4727  3221294.3526   30.53167888771  114.35726869050       28.1355      8 08 00 00 00 00 00   2.59
59946  61260.00   -2267750.2171  5009154.4925  3221294.3593   30.53167883003  114.35726874457       28.1596      8 08 00 00 00 00 00   2.59
59946  61290.00   -2267750.2157  5009154.4905  3221294.3554   30.53167881053  114.35726873928       28.1556      8 08 00 00 00 00 00   2.59
59946  61320.00   -2267750.2084  5009154.4833  3221294.3468   30.53167878720  114.35726870167       28.1429      8 08 00 00 00 00 00   2.59
59946  61350.00   -2267750.2204  5009154.5097  3221294.3659   30.53167880338  114.35726870123       28.1776      8 08 00 00 00 00 00   2.59
59946  61380.00   -2267750.2175  5009154.4929  3221294.3583   30.53167881954  114.35726874621       28.1595      8 08 00 00 00 00 00   2.59
59946  61410.00   -2267750.2145  5009154.4869  3221294.3558   30.53167883057  114.35726874326       28.1525      8 08 00 00 00 00 00   2.59
59946  61440.00   -2267750.2186  5009154.4856  3221294.3526   30.53167880405  114.35726878801       28.1513      8 08 00 00 00 00 00   2.59
59946  61470.00   -2267750.2194  5009154.4929  3221294.3495   30.53167874736  114.35726876452       28.1557      8 08 00 00 00 00 00   2.59
59946  61500.00   -2267750.2201  5009154.4923  3221294.3491   30.53167874587  114.35726877338       28.1553      8 08 00 00 00 00 00   2.59
59946  61530.00   -2267750.2143  5009154.4899  3221294.3543   30.53167880690  114.35726872887       28.1541      8 08 00 00 00 00 00   2.59
59946  61560.00   -2267750.2124  5009154.4797  3221294.3524   30.53167883832  114.35726875408       28.1443      8 08 00 00 00 00 00   2.59
59946  61590.00   -2267750.2096  5009154.4865  3221294.3518   30.53167881079  114.35726869888       28.1485      8 08 00 00 00 00 00   2.59
59946  61620.00   -2267750.2124  5009154.4797  3221294.3568   30.53167887295  114.35726875499       28.1466      8 08 00 00 00 00 00   2.59
59946  61650.00   -2267750.2138  5009154.4792  3221294.3504   30.53167882253  114.35726877034       28.1434      8 08 00 00 00 00 00   2.59
59946  61680.00   -2267750.2045  5009154.4766  3221294.3477   30.53167882956  114.35726869310       28.1367      8 08 00 00 00 00 00   2.59
59946  61710.00   -2267750.2085  5009154.4737  3221294.3485   30.53167884055  114.35726874310       28.1363      8 08 00 00 00 00 00   2.59
59946  61740.00   -2267750.2119  5009154.4738  3221294.3456   30.53167881074  114.35726877555       28.1361      8 08 00 00 00 00 00   2.59
59946  61770.00   -2267750.2139  5009154.4886  3221294.3675   30.53167891598  114.35726873054       28.1596      8 08 00 00 00 00 00   2.59
59946  61800.00   -2267750.2159  5009154.4865  3221294.3503   30.53167878727  114.35726875905       28.1499      8 08 00 00 00 00 00   2.58
59946  61830.00   -2267750.2040  5009154.4735  3221294.3514   30.53167887234  114.35726870130       28.1360      9 09 00 00 00 00 00   1.96
59946  61860.00   -2267750.2154  5009154.4898  3221294.3594   30.53167884527  114.35726873987       28.1569      9 09 00 00 00 00 00   1.95
59946  61890.00   -2267750.2211  5009154.5003  3221294.3562   30.53167876585  114.35726874865       28.1655      9 09 00 00 00 00 00   1.95
59946  61920.00   -2267750.2156  5009154.4871  3221294.3523   30.53167880101  114.35726875346       28.1513      9 09 00 00 00 00 00   1.95
59946  61950.00   -2267750.2092  5009154.4862  3221294.3519   30.53167881329  114.35726869665       28.1481      9 09 00 00 00 00 00   1.95
59946  61980.00   -2267750.2132  5009154.4780  3221294.3501   30.53167882624  114.35726876939       28.1421      9 09 00 00 00 00 00   1.95
59946  62010.00   -2267750.2156  5009154.4850  3221294.3539   30.53167882162  114.35726876228       28.1505      9 09 00 00 00 00 00   1.95
59946  62040.00   -2267750.2186  5009154.4854  3221294.3483   30.53167877086  114.35726878863       28.1490      9 09 00 00 00 00 00   1.95
59946  62070.00   -2267750.2092  5009154.4701  3221294.3458   30.53167883355  114.35726876551       28.1323      9 09 00 00 00 00 00   1.95
59946  62100.00   -2267750.2009  5009154.4647  3221294.3439   30.53167885699  114.35726870945       28.1242      9 09 00 00 00 00 00   1.95
59946  62130.00   -2267750.2083  5009154.4670  3221294.3474   30.53167886017  114.35726877025       28.1304      9 09 00 00 00 00 00   1.94
59946  62160.00   -2267750.2134  5009154.4751  3221294.3536   30.53167886507  114.35726878362       28.1417      9 09 00 00 00 00 00   1.94
59946  62190.00   -2267750.2071  5009154.4787  3221294.3516   30.53167884637  114.35726870889       28.1413      9 09 00 00 00 00 00   1.94
59946  62220.00   -2267750.2179  5009154.4829  3221294.3487   30.53167878619  114.35726879297       28.1470      9 09 00 00 00 00 00   1.94
59946  62250.00   -2267750.2151  5009154.4794  3221294.3446   30.53167877389  114.35726878101       28.1411      9 09 00 00 00 00 00   1.94
59946  62280.00   -2267750.2122  5009154.4821  3221294.3543   30.53167884352  114.35726874219       28.1471      9 09 00 00 00 00 00   1.94
59946  62310.00   -2267750.2123  5009154.4838  3221294.3552   30.53167884373  114.35726873560       28.1490      9 09 00 00 00 00 00   1.94
59946  62340.00   -2267750.2143  5009154.4808  3221294.3553   30.53167885227  114.35726876807       28.1474      9 09 00 00 00 00 00   1.93
59946  62370.00   -2267750.2139  5009154.4887  3221294.3615   30.53167886895  114.35726873044       28.1566      9 09 00 00 00 00 00   1.93
59946  62400.00   -2267750.2066  5009154.4732  3221294.3527   30.53167887901  114.35726872760       28.1374      9 09 00 00 00 00 00   1.93
59946  62430.00   -2267750.2072  5009154.4807  3221294.3489   30.53167881689  114.35726870079       28.1416      9 09 00 00 00 00 00   1.93
59946  62460.00   -2267750.2190  5009154.4957  3221294.3545   30.53167877559  114.35726874838       28.1603      9 09 00 00 00 00 00   1.93
59946  62490.00   -2267750.2187  5009154.4985  3221294.3608   30.53167881382  114.35726873318       28.1656      9 09 00 00 00 00 00   1.92
59946  62520.00   -2267750.2063  5009154.4692  3221294.3522   30.53167889222  114.35726874157       28.1339      9 09 00 00 00 00 00   1.92
59946  62550.00   -2267750.2182  5009154.4842  3221294.3509   30.53167879687  114.35726879051       28.1492      9 09 00 00 00 00 00   1.92
59946  62580.00   -2267750.2067  5009154.4588  3221294.3472   30.53167889646  114.35726878995       28.1233      9 09 00 00 00 00 00   1.92
59946  62610.00   -2267750.2152  5009154.4831  3221294.3488   30.53167879087  114.35726876706       28.1462      9 09 00 00 00 00 00   1.92
59946  62640.00   -2267750.2214  5009154.4940  3221294.3616   30.53167883323  114.35726877889       28.1635      9 09 00 00 00 00 00   1.91
59946  62670.00   -2267750.2205  5009154.4991  3221294.3561   30.53167877096  114.35726874776       28.1643      9 09 00 00 00 00 00   1.91
59946  62700.00   -2267750.2196  5009154.4965  3221294.3539   30.53167876582  114.35726875082       28.1609      9 09 00 00 00 00 00   1.91
59946  62730.00   -2267750.2106  5009154.4893  3221294.3602   30.53167886216  114.35726869652       28.1553      9 09 00 00 00 00 00   1.91
59946  62760.00   -2267750.2177  5009154.4866  3221294.3515   30.53167879293  114.35726877536       28.1512      9 09 00 00 00 00 00   1.91
59946  62790.00   -2267750.2126  5009154.4786  3221294.3542   30.53167885664  114.35726876066       28.1445      9 09 00 00 00 00 00   1.90
59946  62820.00   -2267750.2138  5009154.4883  3221294.3574   30.53167883878  114.35726873050       28.1541      9 09 00 00 00 00 00   1.90
59946  62850.00   -2267750.2063  5009154.4823  3221294.3490   30.53167881312  114.35726868515       28.1425      9 09 00 00 00 00 00   1.90
59946  62880.00   -2267750.2147  5009154.4865  3221294.3534   30.53167881371  114.35726874675       28.1510      9 09 00 00 00 00 00   1.90
59946  62910.00   -2267750.2161  5009154.4911  3221294.3607   30.53167884825  114.35726874025       28.1589      9 09 00 00 00 00 00   1.89
59946  62940.00   -2267750.2128  5009154.4805  3221294.3548   30.53167885324  114.35726875461       28.1464      9 09 00 00 00 00 00   1.89
59946  62970.00   -2267750.2075  5009154.4843  3221294.3504   30.53167881308  114.35726868763       28.1453      9 09 00 00 00 00 00   1.89
59946  63000.00   -2267750.2064  5009154.4832  3221294.3532   30.53167884142  114.35726868279       28.1454      9 09 00 00 00 00 00   1.89
59946  63030.00   -2267750.2093  5009154.4783  3221294.3453   30.53167879474  114.35726873146       28.1385      9 09 00 00 00 00 00   1.88
59946  63060.00   -2267750.2134  5009154.4782  3221294.3519   30.53167883922  114.35726877063       28.1433      8 08 00 00 00 00 00   2.28
59946  63090.00   -2267750.2129  5009154.4782  3221294.3503   30.53167882750  114.35726876575       28.1424      8 08 00 00 00 00 00   2.28
59946  63120.00   -2267750.2163  5009154.4896  3221294.3507   30.53167877645  114.35726874883       28.1526      8 08 00 00 00 00 00   2.27
59946  63150.00   -2267750.2058  5009154.4743  3221294.3465   30.53167882780  114.35726871459       28.1348      9 09 00 00 00 00 00   1.81
59946  63180.00   -2267750.2029  5009154.4747  3221294.3449   30.53167881856  114.35726868605       28.1333      9 09 00 00 00 00 00   1.82
59946  63210.00   -2267750.2070  5009154.4668  3221294.3454   30.53167884798  114.35726875910       28.1288      9 09 00 00 00 00 00   1.82
59946  63240.00   -2267750.2066  5009154.4728  3221294.3468   30.53167883492  114.35726872872       28.1340      9 09 00 00 00 00 00   1.82
59946  63270.00   -2267750.2141  5009154.4776  3221294.3500   30.53167882559  114.35726877950       28.1421      9 09 00 00 00 00 00   1.82
59946  63300.00   -2267750.2167  5009154.4944  3221294.3543   30.53167878350  114.35726873208       28.1584      9 09 00 00 00 00 00   1.82
59946  63330.00   -2267750.2201  5009154.4903  3221294.3539   30.53167879135  114.35726878170       28.1562      9 09 00 00 00 00 00   1.83
59946  63360.00   -2267750.2133  5009154.4789  3221294.3502   30.53167882312  114.35726876717       28.1429      9 09 00 00 00 00 00   1.83
59946  63390.00   -2267750.2093  5009154.4683  3221294.3459   30.53167884114  114.35726877355       28.1310      9 09 00 00 00 00 00   1.83
59946  63420.00   -2267750.2096  5009154.4592  3221294.3495   30.53167890631  114.35726881641       28.1258      9 09 00 00 00 00 00   1.83
59946  63450.00   -2267750.2119  5009154.4656  3221294.3471   30.53167885691  114.35726881082       28.1305      9 09 00 00 00 00 00   1.83
59946  63480.00   -2267750.2068  5009154.4762  3221294.3467   30.53167881960  114.35726871633       28.1367      9 09 00 00 00 00 00   1.84
59946  63510.00   -2267750.2153  5009154.4781  3221294.3501   30.53167882171  114.35726878882       28.1430      9 09 00 00 00 00 00   1.84
59946  63540.00   -2267750.2121  5009154.4738  3221294.3469   30.53167882101  114.35726877680       28.1369      9 09 00 00 00 00 00   1.84
59946  63570.00   -2267750.2077  5009154.4710  3221294.3486   30.53167885394  114.35726874728       28.1339      9 09 00 00 00 00 00   1.84
59946  63600.00   -2267750.2106  5009154.4714  3221294.3482   30.53167884417  114.35726877301       28.1351      9 09 00 00 00 00 00   1.84
59946  63630.00   -2267750.2063  5009154.4758  3221294.3546   30.53167888342  114.35726871294       28.1403      9 09 00 00 00 00 00   1.84
59946  63660.00   -2267750.2116  5009154.4817  3221294.3557   30.53167885742  114.35726873813       28.1473      9 09 00 00 00 00 00   1.84
59946  63690.00   -2267750.2234  5009154.4932  3221294.3535   30.53167877003  114.35726880070       28.1595      9 09 00 00 00 00 00   1.85
59946  63720.00   -2267750.2217  5009154.4979  3221294.3585   30.53167879215  114.35726876437       28.1650      9 09 00 00 00 00 00   1.85
59946  63750.00   -2267750.2150  5009154.4859  3221294.3523   30.53167880699  114.35726875273       28.1501      9 09 00 00 00 00 00   1.85
59946  63780.00   -2267750.2101  5009154.4744  3221294.3508   30.53167885258  114.35726875530       28.1386      9 09 00 00 00 00 00   1.85
59946  63810.00   -2267750.2051  5009154.4763  3221294.3509   30.53167885471  114.35726869951       28.1383      9 09 00 00 00 00 00   1.85
59946  63840.00   -2267750.2123  5009154.4792  3221294.3481   30.53167880748  114.35726875619       28.1418      9 09 00 00 00 00 00   1.85
59946  63870.00   -2267750.2171  5009154.4910  3221294.3518   30.53167877756  114.35726875102       28.1546      9 09 00 00 00 00 00   1.85
59946  63900.00   -2267750.2141  5009154.4919  3221294.3566   30.53167881686  114.35726871844       28.1567      9 09 00 00 00 00 00   1.85
59946  63930.00   -2267750.2093  5009154.4767  3221294.3502   30.53167883964  114.35726873754       28.1398      9 09 00 00 00 00 00   1.85
59946  63960.00   -2267750.2070  5009154.4721  3221294.3462   30.53167883261  114.35726873587       28.1333      9 09 00 00 00 00 00   1.85
59946  63990.00   -2267750.2053  5009154.4638  3221294.3417   30.53167883480  114.35726875570       28.1240      9 09 00 00 00 00 00   1.85
59946  64020.00   -2267750.2125  5009154.4792  3221294.3593   30.53167889422  114.35726875797       28.1475      9 09 00 00 00 00 00   1.85
59946  64050.00   -2267750.2077  5009154.4868  3221294.3556   30.53167884242  114.35726867966       28.1499      9 09 00 00 00 00 00   1.85
59946  64080.00   -2267750.2062  5009154.4791  3221294.3530   30.53167885726  114.35726869835       28.1420      9 09 00 00 00 00 00   1.86
59946  64110.00   -2267750.2087  5009154.4894  3221294.3517   30.53167879970  114.35726867803       28.1503      9 09 00 00 00 00 00   1.86
59946  64140.00   -2267750.2199  5009154.4950  3221294.3558   30.53167878689  114.35726875936       28.1608      9 09 00 00 00 00 00   1.86
59946  64170.00   -2267750.2036  5009154.4719  3221294.3491   30.53167886186  114.35726870446       28.1334      9 09 00 00 00 00 00   1.86
59946  64200.00   -2267750.2138  5009154.4901  3221294.3552   30.53167881415  114.35726872320       28.1545      9 09 00 00 00 00 00   1.85
59946  64230.00   -2267750.2122  5009154.4872  3221294.3526   30.53167880920  114.35726872031       28.1503      9 09 00 00 00 00 00   1.85
59946  64260.00   -2267750.2251  5009154.5014  3221294.3556   30.53167874903  114.35726878238       28.1675      9 09 00 00 00 00 00   1.85
59946  64290.00   -2267750.2174  5009154.4857  3221294.3491   30.53167877821  114.35726877662       28.1492      9 09 00 00 00 00 00   1.85
59946  64320.00   -2267750.2115  5009154.4888  3221294.3547   30.53167882016  114.35726870633       28.1524      9 09 00 00 00 00 00   1.85
59946  64350.00   -2267750.2230  5009154.4957  3221294.3563   30.53167878134  114.35726878664       28.1627      9 09 00 00 00 00 00   1.85
59946  64380.00   -2267750.2155  5009154.4869  3221294.3520   30.53167879974  114.35726875269       28.1509      9 09 00 00 00 00 00   1.85
59946  64410.00   -2267750.2124  5009154.4681  3221294.3502   30.53167886990  114.35726880409       28.1342      9 09 00 00 00 00 00   1.85
59946  64440.00   -2267750.2179  5009154.4894  3221294.3502   30.53167877082  114.35726876528       28.1528      9 09 00 00 00 00 00   1.85
59946  64470.00   -2267750.2165  5009154.4894  3221294.3516   30.53167878371  114.35726875213       28.1530      9 09 00 00 00 00 00   1.85
59946  64500.00   -2267750.2090  5009154.4794  3221294.3496   30.53167882460  114.35726872365       28.1415      9 09 00 00 00 00 00   1.85
59946  64530.00   -2267750.2233  5009154.4998  3221294.3492   30.53167870886  114.35726877155       28.1624      9 09 00 00 00 00 00   1.85
59946  64560.00   -2267750.2169  5009154.4999  3221294.3564   30.53167877674  114.35726871022       28.1638      9 09 00 00 00 00 00   1.84
59946  64590.00   -2267750.2159  5009154.4833  3221294.3567   30.53167885003  114.35726877236       28.1506      9 09 00 00 00 00 00   1.84
59946  64620.00   -2267750.2133  5009154.4827  3221294.3594   30.53167887839  114.35726875007       28.1506      9 09 00 00 00 00 00   1.84
59946  64650.00   -2267750.2149  5009154.4898  3221294.3545   30.53167880810  114.35726873429       28.1543      9 09 00 00 00 00 00   1.84
59946  64680.00   -2267750.2193  5009154.4913  3221294.3475   30.53167873890  114.35726876992       28.1534      9 09 00 00 00 00 00   1.84
59946  64710.00   -2267750.2233  5009154.4859  3221294.3545   30.53167880798  114.35726883160       28.1542      9 09 00 00 00 00 00   1.84
59946  64740.00   -2267750.2129  5009154.4723  3221294.3519   30.53167886441  114.35726879104       28.1385      9 09 00 00 00 00 00   1.83
59946  64770.00   -2267750.2143  5009154.4780  3221294.3486   30.53167881205  114.35726877931       28.1418      9 09 00 00 00 00 00   1.83
59946  64800.00   -2267750.2211  5009154.4880  3221294.3613   30.53167885628  114.35726880108       28.1585      9 09 00 00 00 00 00   1.83
59946  64830.00   -2267750.2182  5009154.4861  3221294.3553   30.53167882319  114.35726878217       28.1529      9 09 00 00 00 00 00   1.83
59946  64860.00   -2267750.2110  5009154.4793  3221294.3577   30.53167888414  114.35726874290       28.1463      9 09 00 00 00 00 00   1.82
59946  64890.00   -2267750.2238  5009154.5105  3221294.3597   30.53167874533  114.35726873007       28.1763      9 09 00 00 00 00 00   1.82
59946  64920.00   -2267750.2168  5009154.4830  3221294.3479   30.53167878172  114.35726878160       28.1463      9 09 00 00 00 00 00   1.82
59946  64950.00   -2267750.2184  5009154.4915  3221294.3519   30.53167877374  114.35726876057       28.1555      9 09 00 00 00 00 00   1.82
59946  64980.00   -2267750.2290  5009154.5039  3221294.3520   30.53167870285  114.35726880806       28.1690      9 09 00 00 00 00 00   1.81
59946  65010.00   -2267750.2228  5009154.4969  3221294.3495   30.53167872405  114.35726877963       28.1601      9 09 00 00 00 00 00   1.81
59946  65040.00   -2267750.2252  5009154.4981  3221294.3523   30.53167873649  114.35726879696       28.1633      9 09 00 00 00 00 00   1.81
59946  65070.00   -2267750.2211  5009154.4891  3221294.3552   30.53167880478  114.35726879647       28.1562      9 09 00 00 00 00 00   1.81
59946  65100.00   -2267750.2265  5009154.4969  3221294.3516   30.53167873391  114.35726881407       28.1624      9 09 00 00 00 00 00   1.80
59946  65130.00   -2267750.2151  5009154.4871  3221294.3570   30.53167883810  114.35726874805       28.1535      9 09 00 00 00 00 00   1.80
59946  65160.00   -2267750.2159  5009154.4787  3221294.3596   30.53167889186  114.35726879170       28.1485      9 09 00 00 00 00 00   1.80
59946  65190.00   -2267750.2181  5009154.4790  3221294.3569   30.53167886565  114.35726881197       28.1482      9 09 00 00 00 00 00   1.79
59946  65220.00   -2267750.2411  5009154.5070  3221294.3684   30.53167879471  114.35726891011       28.1841      9 09 00 00 00 00 00   1.79
59946  65250.00   -2267750.2571  5009154.5269  3221294.3661   30.53167866380  114.35726897613       28.2043      9 09 00 00 00 00 00   1.79
59946  65280.00   -2267750.2177  5009154.4819  3221294.3565   30.53167885085  114.35726879499       28.1500      8 08 00 00 00 00 00   2.13
59946  65310.00   -2267750.2089  5009154.4761  3221294.3585   30.53167890700  114.35726873690       28.1434      8 08 00 00 00 00 00   2.12
59946  65340.00   -2267750.2141  5009154.4826  3221294.3511   30.53167881239  114.35726875842       28.1466      8 08 00 00 00 00 00   2.12
59946  65370.00   -2267750.2135  5009154.4748  3221294.3575   30.53167889619  114.35726878624       28.1435      8 08 00 00 00 00 00   2.11
59946  65400.00   -2267750.2394  5009154.5036  3221294.3640   30.53167877788  114.35726890776       28.1787      9 09 00 00 00 00 00   1.77
59946  65430.00   -2267750.2269  5009154.4939  3221294.3643   30.53167884405  114.35726883153       28.1667      9 09 00 00 00 00 00   1.76
59946  65460.00   -2267750.2219  5009154.4859  3221294.3562   30.53167882412  114.35726881762       28.1546      9 09 00 00 00 00 00   1.76
59946  65490.00   -2267750.2276  5009154.4942  3221294.3606   30.53167881314  114.35726883628       28.1653      9 09 00 00 00 00 00   1.75
59946  65520.00   -2267750.2297  5009154.4926  3221294.3592   30.53167880478  114.35726886300       28.1640      9 09 00 00 00 00 00   1.75
59946  65550.00   -2267750.2143  5009154.4740  3221294.3555   30.53167888275  114.35726879694       28.1421      9 09 00 00 00 00 00   1.75
59946  65580.00   -2267750.2085  5009154.4797  3221294.3603   30.53167890710  114.35726871772       28.1470      9 09 00 00 00 00 00   1.74
59946  65610.00   -2267750.2180  5009154.4922  3221294.3623   30.53167885240  114.35726875411       28.1611      9 09 00 00 00 00 00   1.74
59946  65640.00   -2267750.2111  5009154.4658  3221294.3546   30.53167891620  114.35726880164       28.1341      9 09 00 00 00 00 00   1.73
59946  65670.00   -2267750.2201  5009154.4832  3221294.3498   30.53167878867  114.35726881205       28.1485      9 09 00 00 00 00 00   1.73
59946  65700.00   -2267750.2182  5009154.4870  3221294.3618   30.53167886998  114.35726877811       28.1570      9 09 00 00 00 00 00   1.72
59946  65730.00   -2267750.2211  5009154.4838  3221294.3625   30.53167888297  114.35726881917       28.1558      9 09 00 00 00 00 00   1.72
59946  65760.00   -2267750.2121  5009154.4740  3221294.3579   30.53167890548  114.35726877646       28.1426      9 09 00 00 00 00 00   1.72
59946  65790.00   -2267750.2174  5009154.4807  3221294.3607   30.53167888924  114.35726879785       28.1512      9 09 00 00 00 00 00   1.71
59946  65820.00   -2267750.2126  5009154.4761  3221294.3550   30.53167887377  114.35726877149       28.1429      9 09 00 00 00 00 00   1.71
59946  65850.00   -2267750.2115  5009154.4725  3221294.3573   30.53167890803  114.35726877675       28.1409      9 09 00 00 00 00 00   1.70
59946  65880.00   -2267750.2222  5009154.4837  3221294.3596   30.53167885933  114.35726883019       28.1547      9 09 00 00 00 00 00   1.70
59946  65910.00   -2267750.2095  5009154.4693  3221294.3584   30.53167893353  114.35726877223       28.1382      9 09 00 00 00 00 00   1.69
59946  65940.00   -2267750.2180  5009154.4889  3221294.3571   30.53167882615  114.35726876769       28.1560      9 09 00 00 00 00 00   1.69
59946  65970.00   -2267750.2252  5009154.4952  3221294.3607   30.53167881381  114.35726880904       28.1653      9 09 00 00 00 00 00   1.68
59946  66000.00   -2267750.2212  5009154.4947  3221294.3638   30.53167884788  114.35726877315       28.1651      9 09 00 00 00 00 00   1.68
59946  66030.00   -2267750.2195  5009154.4856  3221294.3579   30.53167884335  114.35726879657       28.1543      9 09 00 00 00 00 00   1.67
59946  66060.00   -2267750.2204  5009154.4898  3221294.3645   30.53167887482  114.35726878713       28.1613      8 08 00 00 00 00 00   2.56
59946  66090.00   -2267750.2212  5009154.4922  3221294.3643   30.53167886217  114.35726878423       28.1634      8 08 00 00 00 00 00   2.55
59946  66120.00   -2267750.2149  5009154.4769  3221294.3626   30.53167892475  114.35726879025       28.1483      8 08 00 00 00 00 00   2.55
59946  66150.00   -2267750.2184  5009154.4904  3221294.3601   30.53167884216  114.35726876576       28.1588      8 08 00 00 00 00 00   2.55
59946  66180.00   -2267750.2190  5009154.4814  3221294.3674   30.53167893552  114.35726880944       28.1556      8 08 00 00 00 00 00   2.55
59946  66210.00   -2267750.2219  5009154.4845  3221294.3620   30.53167887520  114.35726882434       28.1564      8 08 00 00 00 00 00   2.54
59946  66240.00   -2267750.2191  5009154.4855  3221294.3567   30.53167883493  114.35726879283       28.1535      8 08 00 00 00 00 00   2.54
59946  66270.00   -2267750.2167  5009154.4845  3221294.3613   30.53167887943  114.35726877477       28.1542      8 08 00 00 00 00 00   2.54
59946  66300.00   -2267750.2210  5009154.4987  3221294.3608   30.53167880830  114.35726875404       28.1666      8 08 00 00 00 00 00   2.53
59946  66330.00   -2267750.2162  5009154.4911  3221294.3606   30.53167884744  114.35726874160       28.1589      8 08 00 00 00 00 00   2.53
59946  66360.00   -2267750.2163  5009154.4918  3221294.3558   30.53167880691  114.35726873904       28.1570      8 08 00 00 00 00 00   2.52
59946  66390.00   -2267750.2132  5009154.4639  3221294.3582   30.53167894807  114.35726883046       28.1352      8 08 00 00 00 00 00   2.52
59946  66420.00   -2267750.1935  5009154.4473  3221294.3600   30.53167906833  114.35726871441       28.1161      8 08 00 00 00 00 00   2.52
59946  66450.00   -2267750.2240  5009154.5108  3221294.3640   30.53167877627  114.35726873099       28.1788      8 08 00 00 00 00 00   2.51
59946  66480.00   -2267750.2143  5009154.4744  3221294.3528   30.53167886016  114.35726879580       28.1411      8 08 00 00 00 00 00   2.51
59946  66510.00   -2267750.2260  5009154.5001  3221294.3616   30.53167879880  114.35726879560       28.1699      8 08 00 00 00 00 00   2.50
59946  66540.00   -2267750.2309  5009154.5115  3221294.3649   30.53167876751  114.35726879340       28.1823      8 08 00 00 00 00 00   2.50
59946  66570.00   -2267750.2202  5009154.4837  3221294.3592   30.53167885995  114.35726881163       28.1538      8 08 00 00 00 00 00   2.49
59946  66600.00   -2267750.2210  5009154.4867  3221294.3594   30.53167884732  114.35726880603       28.1565      8 08 00 00 00 00 00   2.49
59946  66630.00   -2267750.2115  5009154.4856  3221294.3552   30.53167883716  114.35726872029       28.1501      9 09 00 00 00 00 00   2.46
59946  66660.00   -2267750.2115  5009154.4767  3221294.3542   30.53167886640  114.35726875940       28.1426      9 09 00 00 00 00 00   2.46
59946  66690.00   -2267750.2360  5009154.5065  3221294.3630   30.53167876430  114.35726886351       28.1791      9 09 00 00 00 00 00   2.45
59946  66720.00   -2267750.2469  5009154.5269  3221294.3615   30.53167864685  114.35726887916       28.1983     10 10 00 00 00 00 00   1.97
59946  66750.00   -2267750.2468  5009154.5491  3221294.3633   30.53167856827  114.35726878272       28.2166     10 10 00 00 00 00 00   1.97
59946  66780.00   -2267750.2263  5009154.5101  3221294.3617   30.53167875764  114.35726875570       28.1779     10 10 00 00 00 00 00   1.97
59946  66810.00   -2267750.2230  5009154.5055  3221294.3631   30.53167879387  114.35726874407       28.1738     10 10 00 00 00 00 00   1.97
59946  66840.00   -2267750.2283  5009154.5033  3221294.3599   30.53167876827  114.35726880376       28.1723     10 10 00 00 00 00 00   1.86
59946  66870.00   -2267750.2361  5009154.5142  3221294.3665   30.53167875908  114.35726883125       28.1870     10 10 00 00 00 00 00   1.95
59946  66900.00   -2267750.2307  5009154.5116  3221294.3612   30.53167873887  114.35726879107       28.1804     10 10 00 00 00 00 00   1.95
59946  66930.00   -2267750.2304  5009154.5092  3221294.3648   30.53167877735  114.35726879854       28.1802     10 10 00 00 00 00 00   1.96
59946  66960.00   -2267750.2326  5009154.5005  3221294.3561   30.53167874192  114.35726885735       28.1697     10 10 00 00 00 00 00   1.96
59946  66990.00   -2267750.2347  5009154.5155  3221294.3639   30.53167873654  114.35726881208       28.1862     10 10 00 00 00 00 00   1.96
59946  67020.00   -2267750.2236  5009154.4984  3221294.3601   30.53167879940  114.35726878105       28.1669     10 10 00 00 00 00 00   1.97
59946  67050.00   -2267750.2265  5009154.5045  3221294.3611   30.53167877598  114.35726878194       28.1733     10 10 00 00 00 00 00   1.97
59946  67080.00   -2267750.2057  5009154.4856  3221294.3540   30.53167883909  114.35726866520       28.1474     10 10 00 00 00 00 00   1.97
59946  67110.00   -2267750.2293  5009154.5079  3221294.3581   30.53167873264  114.35726879370       28.1754      9 09 00 00 00 00 00   2.03
59946  67140.00   -2267750.2271  5009154.5055  3221294.3591   30.53167875461  114.35726878316       28.1732      9 09 00 00 00 00 00   2.03
59946  67170.00   -2267750.2310  5009154.5179  3221294.3650   30.53167874178  114.35726876720       28.1874      9 09 00 00 00 00 00   2.04
59946  67200.00   -2267750.2254  5009154.5113  3221294.3647   30.53167877754  114.35726874219       28.1801      9 09 00 00 00 00 00   2.04
59946  67230.00   -2267750.2179  5009154.4846  3221294.3561   30.53167883606  114.35726878544       28.1520      9 09 00 00 00 00 00   2.04
59946  67260.00   -2267750.2195  5009154.4963  3221294.3651   30.53167885404  114.35726875033       28.1664      9 09 00 00 00 00 00   2.05
59946  67290.00   -2267750.2276  5009154.5109  3221294.3640   30.53167876980  114.35726876528       28.1802      9 09 00 00 00 00 00   2.05
59946  67320.00   -2267750.2321  5009154.5230  3221294.3617   30.53167869314  114.35726875501       28.1901      9 09 00 00 00 00 00   2.05
59946  67350.00   -2267750.2331  5009154.5151  3221294.3615   30.53167872257  114.35726879943       28.1841      9 09 00 00 00 00 00   2.06
59946  67380.00   -2267750.2359  5009154.5106  3221294.3588   30.53167871455  114.35726884459       28.1802      9 09 00 00 00 00 00   2.06
59946  67410.00   -2267750.2406  5009154.5228  3221294.3621   30.53167868066  114.35726883711       28.1932      9 09 00 00 00 00 00   2.06
59946  67440.00   -2267750.2426  5009154.5203  3221294.3657   30.53167871514  114.35726886634       28.1937      9 09 00 00 00 00 00   2.06
59946  67470.00   -2267750.2288  5009154.5135  3221294.3645   30.53167876009  114.35726876524       28.1829      9 09 00 00 00 00 00   2.07
59946  67500.00   -2267750.2332  5009154.5189  3221294.3644   30.53167872905  114.35726878415       28.1886      9 09 00 00 00 00 00   2.07
59946  67530.00   -2267750.2308  5009154.5133  3221294.3629   30.53167874524  114.35726878481       28.1826      9 09 00 00 00 00 00   2.07
59946  67560.00   -2267750.2255  5009154.5192  3221294.3691   30.53167877852  114.35726870911       28.1885      9 09 00 00 00 00 00   2.07
59946  67590.00   -2267750.2308  5009154.5109  3221294.3637   30.53167876111  114.35726879539       28.1811      9 09 00 00 00 00 00   2.07
59946  67620.00   -2267750.2434  5009154.5325  3221294.3689   30.53167868755  114.35726882199       28.2052      9 09 00 00 00 00 00   2.08
59946  67650.00   -2267750.2383  5009154.5253  3221294.3674   30.53167871545  114.35726880487       28.1970      9 09 00 00 00 00 00   2.08
59946  67680.00   -2267750.2320  5009154.5156  3221294.3637   30.53167873919  114.35726878563       28.1853      9 09 00 00 00 00 00   2.08
59946  67710.00   -2267750.2329  5009154.5184  3221294.3651   30.53167873679  114.35726878327       28.1884      9 09 00 00 00 00 00   2.08
59946  67740.00   -2267750.2273  5009154.5085  3221294.3594   30.53167874465  114.35726877263       28.1758      9 09 00 00 00 00 00   2.08
59946  67770.00   -2267750.2200  5009154.4922  3221294.3603   30.53167883373  114.35726877319       28.1609      8 08 00 00 00 00 00   2.19
59946  67800.00   -2267750.2223  5009154.5088  3221294.3683   30.53167882146  114.35726872399       28.1788      8 08 00 00 00 00 00   2.19
59946  67830.00   -2267750.2214  5009154.5118  3221294.3681   30.53167880929  114.35726870166       28.1807      8 08 00 00 00 00 00   2.20
59946  67860.00   -2267750.2210  5009154.5017  3221294.3649   30.53167882757  114.35726874181       28.1710      8 08 00 00 00 00 00   2.20
59946  67890.00   -2267750.2169  5009154.5009  3221294.3610   30.53167880774  114.35726870624       28.1670      8 08 00 00 00 00 00   2.21
59946  67920.00   -2267750.2245  5009154.5050  3221294.3654   30.53167881082  114.35726876081       28.1751      8 08 00 00 00 00 00   2.21
59946  67950.00   -2267750.2236  5009154.5083  3221294.3664   30.53167880664  114.35726873815       28.1779      9 09 00 00 00 00 00   1.78
59946  67980.00   -2267750.2277  5009154.5030  3221294.3659   30.53167881697  114.35726879953       28.1749      9 09 00 00 00 00 00   1.78
59946  68010.00   -2267750.2296  5009154.5091  3221294.3650   30.53167878080  114.35726879143       28.1800      9 09 00 00 00 00 00   1.79
59946  68040.00   -2267750.2230  5009154.5090  3221294.3693   30.53167882706  114.35726872956       28.1797      9 09 00 00 00 00 00   1.79
59946  68070.00   -2267750.2138  5009154.4968  3221294.3702   30.53167890266  114.35726869386       28.1674      9 09 00 00 00 00 00   1.80
59946  68100.00   -2267750.2131  5009154.4923  3221294.3654   30.53167888549  114.35726870696       28.1611      9 09 00 00 00 00 00   1.80
59946  68130.00   -2267750.2210  5009154.5005  3221294.3633   30.53167881950  114.35726874695       28.1693      9 09 00 00 00 00 00   1.81
59946  68160.00   -2267750.2344  5009154.5109  3221294.3638   30.53167875544  114.35726882900       28.1825      9 09 00 00 00 00 00   1.81
59946  68190.00   -2267750.2315  5009154.5104  3221294.3685   30.53167879932  114.35726880406       28.1835      9 09 00 00 00 00 00   1.82
59946  68220.00   -2267750.2250  5009154.5021  3221294.3649   30.53167881824  114.35726877765       28.1727      9 09 00 00 00 00 00   1.82
59946  68250.00   -2267750.2245  5009154.4984  3221294.3607   30.53167880218  114.35726878854       28.1676      8 08 00 00 00 00 00   2.08
59946  68280.00   -2267750.2204  5009154.4855  3221294.3612   30.53167886733  114.35726880545       28.1562      9 09 00 00 00 00 00   1.83
59946  68310.00   -2267750.2182  5009154.4796  3221294.3609   30.53167889366  114.35726881001       28.1507      9 09 00 00 00 00 00   1.84
59946  68340.00   -2267750.2134  5009154.4862  3221294.3626   30.53167888810  114.35726873588       28.1550      9 09 00 00 00 00 00   1.84
59946  68370.00   -2267750.2240  5009154.4947  3221294.3679   30.53167887440  114.35726880001       28.1681      9 09 00 00 00 00 00   1.85
59946  68400.00   -2267750.2157  5009154.4947  3221294.3706   30.53167891126  114.35726872140       28.1665      9 09 00 00 00 00 00   1.85
59946  68430.00   -2267750.2181  5009154.4955  3221294.3667   30.53167887261  114.35726874052       28.1660      9 09 00 00 00 00 00   1.86
59946  68460.00   -2267750.2292  5009154.5024  3221294.3659   30.53167881711  114.35726881696       28.1750      9 09 00 00 00 00 00   1.86
59946  68490.00   -2267750.2227  5009154.4941  3221294.3607   30.53167882315  114.35726879050       28.1635      9 09 00 00 00 00 00   1.87
59946  68520.00   -2267750.2266  5009154.5035  3221294.3633   30.53167879691  114.35726878705       28.1736      9 09 00 00 00 00 00   1.87
59946  68550.00   -2267750.2245  5009154.5000  3221294.3653   30.53167883111  114.35726878214       28.1712      9 09 00 00 00 00 00   1.88
59946  68580.00   -2267750.2240  5009154.5028  3221294.3683   30.53167884354  114.35726876499       28.1746      9 09 00 00 00 00 00   1.88
59946  68610.00   -2267750.2252  5009154.4991  3221294.3691   30.53167886290  114.35726879230       28.1726      9 09 00 00 00 00 00   1.89
59946  68640.00   -2267750.2268  5009154.5016  3221294.3685   30.53167884480  114.35726879721       28.1748      9 09 00 00 00 00 00   1.89
59946  68670.00   -2267750.2251  5009154.5005  3221294.3678   30.53167884739  114.35726878536       28.1731      9 09 00 00 00 00 00   1.90
59946  68700.00   -2267750.2292  5009154.4993  3221294.3726   30.53167888147  114.35726883025       28.1759      9 09 00 00 00 00 00   1.90
59946  68730.00   -2267750.2253  5009154.4976  3221294.3683   30.53167886318  114.35726880061       28.1711      9 09 00 00 00 00 00   1.91
59946  68760.00   -2267750.2246  5009154.4955  3221294.3702   30.53167888723  114.35726880194       28.1702      9 09 00 00 00 00 00   1.91
59946  68790.00   -2267750.2287  5009154.5030  3221294.3685   30.53167883532  114.35726880955       28.1766      9 09 00 00 00 00 00   1.92
59946  68820.00   -2267750.2304  5009154.5158  3221294.3766   30.53167884156  114.35726877014       28.1914      9 09 00 00 00 00 00   1.93
59946  68850.00   -2267750.2277  5009154.5087  3221294.3727   30.53167884636  114.35726877454       28.1829      9 09 00 00 00 00 00   1.93
59946  68880.00   -2267750.2225  5009154.5096  3221294.3715   30.53167884255  114.35726872192       28.1811      9 09 00 00 00 00 00   1.94
59946  68910.00   -2267750.2341  5009154.5312  3221294.3755   30.53167876218  114.35726873908       28.2042      9 09 00 00 00 00 00   1.94
59946  68940.00   -2267750.2300  5009154.5201  3221294.3786   30.53167883984  114.35726874808       28.1957      9 09 00 00 00 00 00   1.95
59946  68970.00   -2267750.2304  5009154.5099  3221294.3739   30.53167884538  114.35726879530       28.1854      9 09 00 00 00 00 00   1.95
59946  69000.00   -2267750.2334  5009154.5187  3221294.3801   30.53167885111  114.35726878672       28.1965      9 09 00 00 00 00 00   1.96
59946  69030.00   -2267750.2294  5009154.5150  3221294.3801   30.53167887384  114.35726876476       28.1922      9 09 00 00 00 00 00   1.96
59946  69060.00   -2267750.2280  5009154.5192  3221294.3829   30.53167888069  114.35726873289       28.1964      9 09 00 00 00 00 00   1.97
59946  69090.00   -2267750.2275  5009154.5116  3221294.3761   30.53167886110  114.35726876119       28.1868      9 09 00 00 00 00 00   1.97
59946  69120.00   -2267750.2246  5009154.5035  3221294.3702   30.53167885431  114.35726876791       28.1765      9 09 00 00 00 00 00   1.98
59946  69150.00   -2267750.2293  5009154.5159  3221294.3772   30.53167884805  114.35726875957       28.1914      9 09 00 00 00 00 00   1.98
59946  69180.00   -2267750.2221  5009154.4989  3221294.3740   30.53167890748  114.35726876426       28.1739      9 09 00 00 00 00 00   1.98
59946  69210.00   -2267750.2303  5009154.4983  3221294.3725   30.53167888289  114.35726884481       28.1755      9 09 00 00 00 00 00   1.99
59946  69240.00   -2267750.2410  5009154.5310  3221294.3871   30.53167883976  114.35726880574       28.2124      9 09 00 00 00 00 00   1.99
59946  69270.00   -2267750.2288  5009154.5123  3221294.3805   30.53167888984  114.35726876998       28.1901      9 09 00 00 00 00 00   2.00
59946  69300.00   -2267750.2291  5009154.5253  3221294.3837   30.53167886014  114.35726871726       28.2020      9 09 00 00 00 00 00   2.00
59946  69330.00   -2267750.2325  5009154.5170  3221294.3810   30.53167886733  114.35726878453       28.1953      9 09 00 00 00 00 00   2.01
59946  69360.00   -2267750.2284  5009154.5011  3221294.3728   30.53167887749  114.35726881402       28.1772      9 09 00 00 00 00 00   2.01
59946  69390.00   -2267750.2309  5009154.5181  3221294.3830   30.53167888099  114.35726876540       28.1966      9 09 00 00 00 00 00   2.02
59946  69420.00   -2267750.2272  5009154.5069  3221294.3703   30.53167883574  114.35726877839       28.1801      9 09 00 00 00 00 00   2.02
59946  69450.00   -2267750.2192  5009154.4979  3221294.3641   30.53167884031  114.35726874135       28.1670      9 09 00 00 00 00 00   2.03
59946  69480.00   -2267750.2244  5009154.5029  3221294.3700   30.53167885547  114.35726876836       28.1758      9 09 00 00 00 00 00   2.03
59946  69510.00   -2267750.2307  5009154.5165  3221294.3819   30.53167887890  114.35726877031       28.1947      9 09 00 00 00 00 00   2.04
59946  69540.00   -2267750.2278  5009154.5156  3221294.3793   30.53167886828  114.35726874653       28.1917      9 09 00 00 00 00 00   2.04
59946  69570.00   -2267750.2347  5009154.5188  3221294.3765   30.53167882005  114.35726879799       28.1952      9 09 00 00 00 00 00   2.04
59946  69600.00   -2267750.2345  5009154.5204  3221294.3783   30.53167882783  114.35726878939       28.1973      9 09 00 00 00 00 00   2.05
59946  69630.00   -2267750.2265  5009154.5175  3221294.3752   30.53167883123  114.35726872623       28.1906      9 09 00 00 00 00 00   2.05
59946  69660.00   -2267750.2333  5009154.5193  3221294.3816   30.53167886050  114.35726878278       28.1977      9 09 00 00 00 00 00   2.06
59946  69690.00   -2267750.2293  5009154.5154  3221294.3846   30.53167890790  114.35726876167       28.1947      9 09 00 00 00 00 00   2.06
59946  69720.00   -2267750.2256  5009154.5157  3221294.3815   30.53167888914  114.35726872572       28.1921      9 09 00 00 00 00 00   2.07
59946  69750.00   -2267750.2225  5009154.5096  3221294.3730   30.53167885422  114.35726872178       28.1819      9 09 00 00 00 00 00   2.07
59946  69780.00   -2267750.2198  5009154.5072  3221294.3704   30.53167884900  114.35726870643       28.1777      9 09 00 00 00 00 00   2.07
59946  69810.00   -2267750.2147  5009154.5079  3221294.3727   30.53167887425  114.35726865534       28.1776      9 09 00 00 00 00 00   2.08
59946  69840.00   -2267750.2254  5009154.5163  3221294.3823   30.53167889330  114.35726872038       28.1929      9 09 00 00 00 00 00   2.08
59946  69870.00   -2267750.2366  5009154.5277  3221294.3853   30.53167884804  114.35726877781       28.2074      9 09 00 00 00 00 00   2.08
59946  69900.00   -2267750.2257  5009154.5114  3221294.3727   30.53167883901  114.35726874414       28.1843      9 09 00 00 00 00 00   2.09
59946  69930.00   -2267750.2237  5009154.5109  3221294.3701   30.53167882452  114.35726872727       28.1819      9 09 00 00 00 00 00   2.09
59946  69960.00   -2267750.2253  5009154.5154  3221294.3785   30.53167886741  114.35726872339       28.1902      9 09 00 00 00 00 00   2.10
59946  69990.00   -2267750.2287  5009154.4991  3221294.3655   30.53167882842  114.35726882586       28.1721      9 09 00 00 00 00 00   2.10
59946  70020.00   -2267750.2298  5009154.5089  3221294.3696   30.53167881750  114.35726879443       28.1822      9 09 00 00 00 00 00   2.10
59946  70050.00   -2267750.2300  5009154.5136  3221294.3724   30.53167881875  114.35726877619       28.1874      9 09 00 00 00 00 00   2.11
59946  70080.00   -2267750.2289  5009154.5112  3221294.3741   30.53167884400  114.35726877595       28.1860      9 09 00 00 00 00 00   2.11
59946  70110.00   -2267750.2375  5009154.5244  3221294.3857   30.53167886330  114.35726880029       28.2053      9 09 00 00 00 00 00   2.11
59946  70140.00   -2267750.2328  5009154.5155  3221294.3803   30.53167886686  114.35726879429       28.1939      9 09 00 00 00 00 00   2.11
59946  70170.00   -2267750.2246  5009154.5039  3221294.3720   30.53167886689  114.35726876602       28.1776      9 09 00 00 00 00 00   2.12
59946  70200.00   -2267750.2240  5009154.4942  3221294.3619   30.53167883005  114.35726880220       28.1647      9 09 00 00 00 00 00   2.12
59946  70230.00   -2267750.2319  5009154.5128  3221294.3834   30.53167890441  114.35726879773       28.1930      9 09 00 00 00 00 00   2.12
59946  70260.00   -2267750.2302  5009154.5084  3221294.3751   30.53167886096  114.35726879999       28.1848      9 09 00 00 00 00 00   2.13
59946  70290.00   -2267750.2351  5009154.5185  3221294.3781   30.53167883332  114.35726880290       28.1959      9 09 00 00 00 00 00   2.13
59946  70320.00   -2267750.2285  5009154.5044  3221294.3765   30.53167889250  114.35726880085       28.1817      9 09 00 00 00 00 00   2.13
59946  70350.00   -2267750.2315  5009154.5110  3221294.3845   30.53167892129  114.35726880125       28.1920      9 09 00 00 00 00 00   2.13
59946  70380.00   -2267750.2330  5009154.5215  3221294.3857   30.53167888354  114.35726877089       28.2014      9 09 00 00 00 00 00   2.14
59946  70410.00   -2267750.2304  5009154.5036  3221294.3763   30.53167888998  114.35726882303       28.1816      9 09 00 00 00 00 00   2.14
59946  70440.00   -2267750.2312  5009154.5070  3221294.3751   30.53167886499  114.35726881572       28.1840      9 09 00 00 00 00 00   2.14
59946  70470.00   -2267750.2277  5009154.4968  3221294.3620   30.53167881270  114.35726882630       28.1681      8 08 00 00 00 00 00   2.48
59946  70500.00   -2267750.2148  5009154.4720  3221294.3477   30.53167882939  114.35726881034       28.1367      8 08 00 00 00 00 00   2.49
59946  70530.00   -2267750.2190  5009154.4771  3221294.3556   30.53167886176  114.35726882882       28.1463      8 08 00 00 00 00 00   2.50
59946  70560.00   -2267750.2189  5009154.4807  3221294.3552   30.53167884363  114.35726881165       28.1489      8 08 00 00 00 00 00   2.51
59946  70590.00   -2267750.2212  5009154.4882  3221294.3615   30.53167885709  114.35726880150       28.1588      8 08 00 00 00 00 00   2.52
59946  70620.00   -2267750.2241  5009154.4802  3221294.3523   30.53167881314  114.35726886339       28.1489      8 08 00 00 00 00 00   2.53
59946  70650.00   -2267750.2351  5009154.5128  3221294.3795   30.53167886814  114.35726882715       28.1922      8 08 00 00 00 00 00   2.54
59946  70680.00   -2267750.2244  5009154.4917  3221294.3655   30.53167886724  114.35726881667       28.1647      8 08 00 00 00 00 00   2.55
59946  70710.00   -2267750.2274  5009154.4886  3221294.3595   30.53167882823  114.35726885836       28.1603      8 08 00 00 00 00 00   2.57
59946  70740.00   -2267750.2260  5009154.4905  3221294.3570   30.53167880287  114.35726883669       28.1600      8 08 00 00 00 00 00   2.58
59946  70770.00   -2267750.2197  5009154.4831  3221294.3567   30.53167884383  114.35726880900       28.1518      8 08 00 00 00 00 00   2.59
59946  70800.00   -2267750.2262  5009154.4887  3221294.3581   30.53167881943  114.35726884659       28.1592      8 08 00 00 00 00 00   2.60
59946  70830.00   -2267750.2288  5009154.4906  3221294.3626   30.53167884085  114.35726886297       28.1639      8 08 00 00 00 00 00   2.61
59946  70860.00   -2267750.2212  5009154.4854  3221294.3610   30.53167886428  114.35726881361       28.1563      8 08 00 00 00 00 00   2.62
59946  70890.00   -2267750.2220  5009154.4939  3221294.3552   30.53167878259  114.35726878472       28.1604      8 08 00 00 00 00 00   2.63
59946  70920.00   -2267750.2236  5009154.4852  3221294.3551   30.53167881563  114.35726883716       28.1540      8 08 00 00 00 00 00   2.64
59946  70950.00   -2267750.2293  5009154.4961  3221294.3629   30.53167882009  114.35726884499       28.1686      8 08 00 00 00 00 00   2.65
59946  70980.00   -2267750.2207  5009154.4890  3221294.3603   30.53167884528  114.35726879332       28.1586      8 08 00 00 00 00 00   2.66
59946  71010.00   -2267750.2193  5009154.4810  3221294.3513   30.53167881124  114.35726881482       28.1473      8 08 00 00 00 00 00   2.67
59946  71040.00   -2267750.2140  5009154.4725  3221294.3542   30.53167887898  114.35726880047       28.1402      8 08 00 00 00 00 00   2.68
59946  71070.00   -2267750.2192  5009154.4895  3221294.3581   30.53167882872  114.35726877735       28.1573      8 08 00 00 00 00 00   2.69
59946  71100.00   -2267750.2180  5009154.4777  3221294.3570   30.53167887183  114.35726881654       28.1472      8 08 00 00 00 00 00   2.70
59946  71130.00   -2267750.2168  5009154.4894  3221294.3566   30.53167882233  114.35726875466       28.1557      8 08 00 00 00 00 00   2.71
59946  71160.00   -2267750.2161  5009154.4839  3221294.3535   30.53167882219  114.35726877206       28.1495      8 08 00 00 00 00 00   2.71
59946  71190.00   -2267750.2089  5009154.4748  3221294.3435   30.53167879610  114.35726874277       28.1347      8 08 00 00 00 00 00   2.72
59946  71220.00   -2267750.2206  5009154.4834  3221294.3512   30.53167879833  114.35726881616       28.1496      8 08 00 00 00 00 00   2.73
59946  71250.00   -2267750.2163  5009154.4781  3221294.3464   30.53167879113  114.35726879836       28.1414      8 08 00 00 00 00 00   2.74
59946  71280.00   -2267750.2222  5009154.4889  3221294.3559   30.53167880832  114.35726880842       28.1568      8 08 00 00 00 00 00   2.75
59946  71310.00   -2267750.2242  5009154.4946  3221294.3624   30.53167883165  114.35726880223       28.1654      8 08 00 00 00 00 00   2.76
59946  71340.00   -2267750.2252  5009154.5006  3221294.3663   30.53167883529  114.35726878675       28.1724      8 08 00 00 00 00 00   2.77
59946  71370.00   -2267750.2245  5009154.4972  3221294.3616   30.53167881346  114.35726879414       28.1671      8 08 00 00 00 00 00   2.78
59946  71400.00   -2267750.2155  5009154.4796  3221294.3550   30.53167885341  114.35726878410       28.1467      8 08 00 00 00 00 00   2.78
59946  71430.00   -2267750.2172  5009154.4856  3221294.3536   30.53167881424  114.35726877447       28.1513      8 08 00 00 00 00 00   2.79
59946  71460.00   -2267750.2227  5009154.4924  3221294.3527   30.53167876852  114.35726879749       28.1581      8 08 00 00 00 00 00   2.80
59946  71490.00   -2267750.2272  5009154.5008  3221294.3678   30.53167884189  114.35726880383       28.1740      8 08 00 00 00 00 00   2.81
59946  71520.00   -2267750.2216  5009154.4901  3221294.3572   30.53167881529  114.35726879692       28.1582      8 08 00 00 00 00 00   2.81
59946  71550.00   -2267750.2088  5009154.4714  3221294.3431   30.53167880805  114.35726875595       28.1319      8 08 00 00 00 00 00   2.82
59946  71580.00   -2267750.2112  5009154.4910  3221294.3527   30.53167879581  114.35726869491       28.1530      8 08 00 00 00 00 00   2.83
59946  71610.00   -2267750.2125  5009154.4961  3221294.3595   30.53167882468  114.35726868475       28.1608      8 08 00 00 00 00 00   2.83
59946  71640.00   -2267750.2121  5009154.4928  3221294.3591   30.53167883680  114.35726869498       28.1580      8 08 00 00 00 00 00   2.84
59946  71670.00   -2267750.2113  5009154.4933  3221294.3574   30.53167882241  114.35726868575       28.1571      8 08 00 00 00 00 00   2.85
59946  71700.00   -2267750.2102  5009154.4763  3221294.3476   30.53167881954  114.35726874839       28.1385      8 08 00 00 00 00 00   2.85
59946  71730.00   -2267750.2173  5009154.4826  3221294.3540   30.53167882976  114.35726878817       28.1492      8 08 00 00 00 00 00   2.86
59946  71760.00   -2267750.2105  5009154.4899  3221294.3516   30.53167879297  114.35726869281       28.1513      8 08 00 00 00 00 00   2.86
59946  71790.00   -2267750.2181  5009154.4974  3221294.3553   30.53167877626  114.35726873231       28.1617      8 08 00 00 00 00 00   2.87
59946  71820.00   -2267750.2176  5009154.4910  3221294.3591   30.53167883385  114.35726875561       28.1585      8 08 00 00 00 00 00   2.87
59946  71850.00   -2267750.2050  5009154.4748  3221294.3474   30.53167883398  114.35726870502       28.1353      8 08 00 00 00 00 00   2.87
59946  71880.00   -2267750.2143  5009154.4969  3221294.3613   30.53167883186  114.35726869854       28.1631      8 08 00 00 00 00 00   2.88
59946  71910.00   -2267750.2043  5009154.4850  3221294.3526   30.53167883363  114.35726865520       28.1457      8 08 00 00 00 00 00   2.88
59946  71940.00   -2267750.2106  5009154.4912  3221294.3539   30.53167880531  114.35726868779       28.1535      8 08 00 00 00 00 00   2.89
59946  71970.00   -2267750.2135  5009154.4993  3221294.3694   30.53167888640  114.35726868069       28.1687      8 08 00 00 00 00 00   2.89
59946  72000.00   -2267750.2095  5009154.4896  3221294.3540   30.53167881486  114.35726868444       28.1519      8 08 00 00 00 00 00   2.89
59946  72030.00   -2267750.2307  5009154.5031  3221294.3686   30.53167883177  114.35726882791       28.1775      8 08 00 00 00 00 00   2.89
59946  72060.00   -2267750.2217  5009154.5033  3221294.3712   30.53167886858  114.35726874159       28.1757      8 08 00 00 00 00 00   2.90
59946  72090.00   -2267750.2128  5009154.4840  3221294.3588   30.53167886982  114.35726873969       28.1511      8 08 00 00 00 00 00   2.90
59946  72120.00   -2267750.2025  5009154.4729  3221294.3436   30.53167881762  114.35726868978       28.1310      8 08 00 00 00 00 00   2.90
59946  72150.00   -2267750.2201  5009154.4941  3221294.3618   30.53167883615  114.35726876593       28.1632      8 08 00 00 00 00 00   2.90
59946  72180.00   -2267750.2210  5009154.4965  3221294.3619   30.53167882598  114.35726876397       28.1655      8 08 00 00 00 00 00   2.90
59946  72210.00   -2267750.2104  5009154.4874  3221294.3592   30.53167886311  114.35726870282       28.1532      8 08 00 00 00 00 00   2.90
59946  72240.00   -2267750.2223  5009154.4917  3221294.3533   30.53167877632  114.35726879659       28.1578      8 08 00 00 00 00 00   2.90
59946  72270.00   -2267750.2137  5009154.4850  3221294.3648   30.53167891040  114.35726874411       28.1553      8 08 00 00 00 00 00   2.90
59946  72300.00   -2267750.2209  5009154.4908  3221294.3607   30.53167884037  114.35726878725       28.1603      8 08 00 00 00 00 00   2.90
59946  72330.00   -2267750.2234  5009154.5010  3221294.3527   30.53167873132  114.35726876748       28.1651      8 08 00 00 00 00 00   2.90
59946  72360.00   -2267750.2132  5009154.4828  3221294.3481   30.53167879067  114.35726874867       28.1448      8 08 00 00 00 00 00   2.90
59946  72390.00   -2267750.2198  5009154.4912  3221294.3575   30.53167881612  114.35726877572       28.1587      8 08 00 00 00 00 00   2.90
59946  72420.00   -2267750.2100  5009154.4836  3221294.3557   30.53167885225  114.35726871444       28.1483      8 08 00 00 00 00 00   2.90
59946  72450.00   -2267750.2091  5009154.4758  3221294.3451   30.53167880381  114.35726873944       28.1364      8 08 00 00 00 00 00   2.89
59946  72480.00   -2267750.2055  5009154.4710  3221294.3475   30.53167884952  114.35726872655       28.1327      8 08 00 00 00 00 00   2.89
59946  72510.00   -2267750.2165  5009154.4834  3221294.3517   30.53167880938  114.35726877797       28.1484      8 08 00 00 00 00 00   2.89
59946  72540.00   -2267750.2121  5009154.4781  3221294.3525   30.53167884588  114.35726875856       28.1431      8 08 00 00 00 00 00   2.89
59946  72570.00   -2267750.2038  5009154.4696  3221294.3463   30.53167884973  114.35726871567       28.1303      8 08 00 00 00 00 00   2.88
59946  72600.00   -2267750.2119  5009154.4716  3221294.3534   30.53167888045  114.35726878466       28.1384      8 08 00 00 00 00 00   2.88
59946  72630.00   -2267750.2155  5009154.4858  3221294.3549   30.53167882649  114.35726875793       28.1515      8 08 00 00 00 00 00   2.88
59946  72660.00   -2267750.2048  5009154.4709  3221294.3407   30.53167879867  114.35726871993       28.1288      8 08 00 00 00 00 00   2.87
59946  72690.00   -2267750.2079  5009154.4713  3221294.3520   30.53167887907  114.35726874812       28.1360      8 08 00 00 00 00 00   2.87
59946  72720.00   -2267750.2138  5009154.4810  3221294.3521   30.53167882794  114.35726876209       28.1458      8 08 00 00 00 00 00   2.87
59946  72750.00   -2267750.2164  5009154.4794  3221294.3543   30.53167884660  114.35726879401       28.1465      8 08 00 00 00 00 00   2.86
59946  72780.00   -2267750.2177  5009154.4782  3221294.3584   30.53167888136  114.35726881145       28.1482      8 08 00 00 00 00 00   2.86
59946  72810.00   -2267750.2133  5009154.4846  3221294.3546   30.53167883342  114.35726874202       28.1496      8 08 00 00 00 00 00   2.85
59946  72840.00   -2267750.2117  5009154.4803  3221294.3561   30.53167886606  114.35726874543       28.1465      8 08 00 00 00 00 00   2.85
59946  72870.00   -2267750.2179  5009154.4877  3221294.3553   30.53167881761  114.35726877228       28.1541      8 08 00 00 00 00 00   2.84
59946  72900.00   -2267750.2123  5009154.4806  3221294.3439   30.53167876874  114.35726875004       28.1407      8 08 00 00 00 00 00   2.84
59946  72930.00   -2267750.2256  5009154.4924  3221294.3594   30.53167881511  114.35726882505       28.1626      8 08 00 00 00 00 00   2.83
59946  72960.00   -2267750.2095  5009154.4799  3221294.3542   30.53167885699  114.35726872613       28.1444      8 08 00 00 00 00 00   2.83
59946  72990.00   -2267750.2137  5009154.4770  3221294.3561   30.53167887603  114.35726877830       28.1446      8 08 00 00 00 00 00   2.82
59946  73020.00   -2267750.2154  5009154.4780  3221294.3530   30.53167884436  114.35726879059       28.1444      8 08 00 00 00 00 00   2.82
59946  73050.00   -2267750.2118  5009154.4778  3221294.3469   30.53167880463  114.35726875705       28.1398      8 08 00 00 00 00 00   2.81
59946  73080.00   -2267750.2079  5009154.4742  3221294.3452   30.53167881379  114.35726873550       28.1348      8 08 00 00 00 00 00   2.81
59946  73110.00   -2267750.2084  5009154.4645  3221294.3492   30.53167888437  114.35726878152       28.1294      8 08 00 00 00 00 00   2.80
59946  73140.00   -2267750.2088  5009154.4823  3221294.3564   30.53167886578  114.35726870898       28.1471      8 08 00 00 00 00 00   2.80
59946  73170.00   -2267750.2096  5009154.4811  3221294.3609   30.53167890401  114.35726872205       28.1487      8 08 00 00 00 00 00   2.79
59946  73200.00   -2267750.2165  5009154.4876  3221294.3637   30.53167888577  114.35726875949       28.1577      8 08 00 00 00 00 00   2.78
59946  73230.00   -2267750.2104  5009154.4720  3221294.3541   30.53167888793  114.35726876825       28.1385      8 08 00 00 00 00 00   2.78
59946  73260.00   -2267750.1969  5009154.4657  3221294.3511   30.53167891585  114.35726866711       28.1272      8 08 00 00 00 00 00   2.77
59946  73290.00   -2267750.2097  5009154.4751  3221294.3526   30.53167886457  114.35726874842       28.1399      8 08 00 00 00 00 00   2.77
59946  73320.00   -2267750.2090  5009154.4752  3221294.3549   30.53167888273  114.35726874144       28.1409      8 08 00 00 00 00 00   2.76
59946  73350.00   -2267750.2039  5009154.4609  3221294.3415   30.53167884858  114.35726875446       28.1210      8 08 00 00 00 00 00   2.75
59946  73380.00   -2267750.2049  5009154.4650  3221294.3482   30.53167888092  114.35726874634       28.1280      8 08 00 00 00 00 00   2.75
59946  73410.00   -2267750.2043  5009154.4640  3221294.3478   30.53167888343  114.35726874469       28.1269      8 08 00 00 00 00 00   2.74
59946  73440.00   -2267750.2141  5009154.4784  3221294.3593   30.53167889462  114.35726877586       28.1474      8 08 00 00 00 00 00   2.74
59946  73470.00   -2267750.2037  5009154.4610  3221294.3519   30.53167892910  114.35726875200       28.1264      8 08 00 00 00 00 00   2.73
59946  73500.00   -2267750.2105  5009154.4848  3221294.3592   30.53167887348  114.35726871453       28.1512      9 09 00 00 00 00 00   2.09
59946  73530.00   -2267750.2151  5009154.4904  3221294.3620   30.53167886329  114.35726873395       28.1586      9 09 00 00 00 00 00   2.10
59946  73560.00   -2267750.2173  5009154.4926  3221294.3635   30.53167886156  114.35726874557       28.1619      9 09 00 00 00 00 00   2.10
59946  73590.00   -2267750.2227  5009154.4951  3221294.3640   30.53167884471  114.35726878629       28.1660      9 09 00 00 00 00 00   2.11
59946  73620.00   -2267750.2184  5009154.4816  3221294.3605   30.53167888165  114.35726880289       28.1521      9 09 00 00 00 00 00   2.11
59946  73650.00   -2267750.2174  5009154.4897  3221294.3670   30.53167890083  114.35726875955       28.1614      9 09 00 00 00 00 00   2.12
59946  73680.00   -2267750.2218  5009154.4889  3221294.3607   30.53167884683  114.35726880486       28.1591      9 09 00 00 00 00 00   2.13
59946  73710.00   -2267750.2285  5009154.4984  3221294.3579   30.53167877254  114.35726882681       28.1676      8 08 00 00 00 00 00   2.72
59946  73740.00   -2267750.2245  5009154.5078  3221294.3598   30.53167875574  114.35726874836       28.1745      8 08 00 00 00 00 00   2.74
59946  73770.00   -2267750.2161  5009154.4855  3221294.3610   30.53167887394  114.35726876452       28.1546      8 08 00 00 00 00 00   2.76
59946  73800.00   -2267750.2166  5009154.4865  3221294.3679   30.53167892284  114.35726876508       28.1591      8 08 00 00 00 00 00   2.78
59946  73830.00   -2267750.2216  5009154.4939  3221294.3737   30.53167892698  114.35726878095       28.1696      9 09 00 00 00 00 00   2.16
59946  73860.00   -2267750.2232  5009154.4982  3221294.3683   30.53167886477  114.35726877764       28.1708      9 09 00 00 00 00 00   2.16
59946  73890.00   -2267750.2209  5009154.4952  3221294.3673   30.53167887347  114.35726876904       28.1672      9 09 00 00 00 00 00   2.17
59946  73920.00   -2267750.2190  5009154.4853  3221294.3658   30.53167890664  114.35726879297       28.1579      9 09 00 00 00 00 00   2.17
59946  73950.00   -2267750.2173  5009154.4752  3221294.3617   30.53167892066  114.35726882073       28.1473      9 09 00 00 00 00 00   2.18
59946  73980.00   -2267750.2101  5009154.4713  3221294.3572   30.53167891522  114.35726876918       28.1394      9 09 00 00 00 00 00   2.18
59946  74010.00   -2267750.2068  5009154.4799  3221294.3655   30.53167894989  114.35726870000       28.1492      9 09 00 00 00 00 00   2.19
59946  74040.00   -2267750.2187  5009154.4927  3221294.3657   30.53167887583  114.35726875827       28.1635      9 09 00 00 00 00 00   2.20
59946  74070.00   -2267750.2331  5009154.5009  3221294.3657   30.53167881401  114.35726886030       28.1751      9 09 00 00 00 00 00   2.20
59946  74100.00   -2267750.2163  5009154.4775  3221294.3620   30.53167891477  114.35726880151       28.1489      9 09 00 00 00 00 00   2.21
59946  74130.00   -2267750.2077  5009154.4787  3221294.3657   30.53167895512  114.35726871466       28.1487      9 09 00 00 00 00 00   2.21
59946  74160.00   -2267750.2129  5009154.4817  3221294.3611   30.53167889670  114.35726875081       28.1505      9 09 00 00 00 00 00   2.22
59946  74190.00   -2267750.2229  5009154.4930  3221294.3621   30.53167883809  114.35726879678       28.1635      9 09 00 00 00 00 00   2.22
59946  74220.00   -2267750.2199  5009154.4842  3221294.3642   30.53167889762  114.35726880660       28.1565      9 09 00 00 00 00 00   2.22
59946  74250.00   -2267750.2207  5009154.4954  3221294.3697   30.53167889178  114.35726876623       28.1685     10 10 00 00 00 00 00   1.57
59946  74280.00   -2267750.2236  5009154.4973  3221294.3621   30.53167881940  114.35726878529       28.1671     10 10 00 00 00 00 00   1.58
59946  74310.00   -2267750.2174  5009154.4914  3221294.3689   30.53167890860  114.35726875126       28.1637     10 10 00 00 00 00 00   1.58
59946  74340.00   -2267750.2185  5009154.4962  3221294.3673   30.53167887401  114.35726874193       28.1670     10 10 00 00 00 00 00   1.58
59946  74370.00   -2267750.2293  5009154.5129  3221294.3703   30.53167880712  114.35726877172       28.1856     10 10 00 00 00 00 00   1.59
59946  74400.00   -2267750.2334  5009154.5105  3221294.3583   30.53167871577  114.35726882173       28.1790     10 10 00 00 00 00 00   1.59
59946  74430.00   -2267750.2208  5009154.4971  3221294.3512   30.53167874013  114.35726875903       28.1604     10 10 00 00 00 00 00   1.59
59946  74460.00   -2267750.2368  5009154.5092  3221294.3645   30.53167876282  114.35726885894       28.1823     10 10 00 00 00 00 00   1.60
59946  74490.00   -2267750.2340  5009154.5089  3221294.3626   30.53167875506  114.35726883417       28.1802     10 10 00 00 00 00 00   1.60
59946  74520.00   -2267750.2302  5009154.5112  3221294.3599   30.53167873174  114.35726878780       28.1792     10 10 00 00 00 00 00   1.61
59946  74550.00   -2267750.2209  5009154.5018  3221294.3673   30.53167884591  114.35726873982       28.1723     10 10 00 00 00 00 00   1.61
59946  74580.00   -2267750.2249  5009154.5070  3221294.3651   30.53167879969  114.35726875626       28.1767     10 10 00 00 00 00 00   1.61
59946  74610.00   -2267750.2282  5009154.5042  3221294.3610   30.53167877279  114.35726879971       28.1736     10 10 00 00 00 00 00   1.62
59946  74640.00   -2267750.2215  5009154.4954  3221294.3615   30.53167882623  114.35726877300       28.1646     10 10 00 00 00 00 00   1.62
59946  74670.00   -2267750.2359  5009154.5053  3221294.3743   30.53167885747  114.35726886777       28.1839     10 10 00 00 00 00 00   1.62
59946  74700.00   -2267750.2443  5009154.5286  3221294.3731   30.53167873459  114.35726884678       28.2046     10 10 00 00 00 00 00   1.63
59946  74730.00   -2267750.2462  5009154.5256  3221294.3751   30.53167875953  114.35726887804       28.2039     10 10 00 00 00 00 00   1.63
59946  74760.00   -2267750.2424  5009154.5172  3221294.3712   30.53167877103  114.35726887803       28.1940     10 10 00 00 00 00 00   1.63
59946  74790.00   -2267750.2333  5009154.5150  3221294.3707   30.53167879334  114.35726880098       28.1888     10 10 00 00 00 00 00   1.63
59946  74820.00   -2267750.2256  5009154.5002  3221294.3622   30.53167880391  114.35726879216       28.1701     10 10 00 00 00 00 00   1.64
59946  74850.00   -2267750.2181  5009154.5062  3221294.3741   30.53167888585  114.35726869510       28.1782     10 10 00 00 00 00 00   1.64
59946  74880.00   -2267750.2245  5009154.5022  3221294.3638   30.53167880999  114.35726877239       28.1721     10 10 00 00 00 00 00   1.64
59946  74910.00   -2267750.2089  5009154.4832  3221294.3614   30.53167890006  114.35726870582       28.1504     10 10 00 00 00 00 00   1.65
59946  74940.00   -2267750.2330  5009154.5009  3221294.3611   30.53167877899  114.35726885864       28.1728     10 10 00 00 00 00 00   1.65
59946  74970.00   -2267750.2342  5009154.5097  3221294.3637   30.53167876004  114.35726883296       28.1814     10 10 00 00 00 00 00   1.65
59946  75000.00   -2267750.2287  5009154.5049  3221294.3653   30.53167880260  114.35726880102       28.1765     10 10 00 00 00 00 00   1.66
59946  75030.00   -2267750.2111  5009154.4919  3221294.3646   30.53167888467  114.35726869003       28.1597     10 10 00 00 00 00 00   1.66
59946  75060.00   -2267750.2061  5009154.4720  3221294.3504   30.53167886657  114.35726872831       28.1350     10 10 00 00 00 00 00   1.66
59946  75090.00   -2267750.2185  5009154.4897  3221294.3587   30.53167883386  114.35726876885       28.1576     10 10 00 00 00 00 00   1.67
59946  75120.00   -2267750.2253  5009154.4792  3221294.3581   30.53167886029  114.35726887959       28.1514     10 10 00 00 00 00 00   1.67
59946  75150.00   -2267750.2280  5009154.5007  3221294.3659   30.53167882600  114.35726881283       28.1732     10 10 00 00 00 00 00   1.67
59946  75180.00   -2267750.2258  5009154.4972  3221294.3639   30.53167882979  114.35726880642       28.1687     10 10 00 00 00 00 00   1.67
59946  75210.00   -2267750.2159  5009154.4849  3221294.3527   30.53167881278  114.35726876509       28.1498     10 10 00 00 00 00 00   1.68
59946  75240.00   -2267750.2202  5009154.4916  3221294.3544   30.53167878942  114.35726877725       28.1575     10 10 00 00 00 00 00   1.68
59946  75270.00   -2267750.2192  5009154.4837  3221294.3595   30.53167886428  114.35726880169       28.1535     10 10 00 00 00 00 00   1.68
59946  75300.00   -2267750.2187  5009154.4870  3221294.3517   30.53167879060  114.35726878318       28.1520     10 10 00 00 00 00 00   1.68
59946  75330.00   -2267750.2264  5009154.4959  3221294.3585   30.53167879183  114.35726881810       28.1651     10 10 00 00 00 00 00   1.69
59946  75360.00   -2267750.2331  5009154.4993  3221294.3616   30.53167878901  114.35726886683       28.1717     10 10 00 00 00 00 00   1.69
59946  75390.00   -2267750.2252  5009154.4814  3221294.3597   30.53167886352  114.35726886897       28.1540     10 10 00 00 00 00 00   1.69
59946  75420.00   -2267750.2335  5009154.5011  3221294.3606   30.53167877283  114.35726886247       28.1729     10 10 00 00 00 00 00   1.69
59946  75450.00   -2267750.2105  5009154.4888  3221294.3576   30.53167884480  114.35726869720       28.1535     10 10 00 00 00 00 00   1.70
59946  75480.00   -2267750.2201  5009154.4932  3221294.3652   30.53167886720  114.35726876982       28.1642     10 10 00 00 00 00 00   1.70
59946  75510.00   -2267750.2153  5009154.4898  3221294.3648   30.53167888730  114.35726873809       28.1596     10 10 00 00 00 00 00   1.70
59946  75540.00   -2267750.2093  5009154.4785  3221294.3582   30.53167889454  114.35726873050       28.1453      9 09 00 00 00 00 00   1.76
59946  75570.00   -2267750.2146  5009154.4841  3221294.3624   30.53167889352  114.35726875687       28.1537      9 09 00 00 00 00 00   1.76
59946  75600.00   -2267750.2172  5009154.4865  3221294.3604   30.53167886366  114.35726877102       28.1555      9 09 00 00 00 00 00   1.77
59946  75630.00   -2267750.2197  5009154.4847  3221294.3560   30.53167883124  114.35726880255       28.1527      9 09 00 00 00 00 00   1.77
59946  75660.00   -2267750.2270  5009154.4864  3221294.3563   30.53167881341  114.35726886424       28.1568      9 09 00 00 00 00 00   1.77
59946  75690.00   -2267750.2159  5009154.4846  3221294.3554   30.53167883451  114.35726876700       28.1509      9 09 00 00 00 00 00   1.77
59946  75720.00   -2267750.2142  5009154.4882  3221294.3649   30.53167889638  114.35726873490       28.1580      9 09 00 00 00 00 00   1.77
59946  75750.00   -2267750.2133  5009154.4816  3221294.3638   30.53167891704  114.35726875518       28.1519      9 09 00 00 00 00 00   1.77
59946  75780.00   -2267750.2207  5009154.4889  3221294.3658   30.53167888860  114.35726879426       28.1613      8 08 00 00 00 00 00   2.17
59946  75810.00   -2267750.2177  5009154.4923  3221294.3609   30.53167884174  114.35726875064       28.1605      8 08 00 00 00 00 00   2.18
59946  75840.00   -2267750.2238  5009154.4927  3221294.3615   30.53167883369  114.35726880711       28.1632      8 08 00 00 00 00 00   2.19
59946  75870.00   -2267750.2263  5009154.4873  3221294.3535   30.53167878911  114.35726885352       28.1558      8 08 00 00 00 00 00   2.19
59946  75900.00   -2267750.2291  5009154.4991  3221294.3557   30.53167875120  114.35726883010       28.1672      8 08 00 00 00 00 00   2.20
59946  75930.00   -2267750.2296  5009154.5005  3221294.3619   30.53167879295  114.35726882852       28.1716      8 08 00 00 00 00 00   2.21
59946  75960.00   -2267750.2207  5009154.4865  3221294.3611   30.53167886162  114.35726880468       28.1570      8 08 00 00 00 00 00   2.22
59946  75990.00   -2267750.2245  5009154.4906  3221294.3596   30.53167882617  114.35726882246       28.1609      8 08 00 00 00 00 00   2.23
59946  76020.00   -2267750.2225  5009154.4922  3221294.3558   30.53167879328  114.35726879645       28.1595      8 08 00 00 00 00 00   2.23
59946  76050.00   -2267750.2309  5009154.5009  3221294.3556   30.53167873951  114.35726883933       28.1692      8 08 00 00 00 00 00   2.24
59946  76080.00   -2267750.2178  5009154.4979  3221294.3637   30.53167883963  114.35726872775       28.1663      8 08 00 00 00 00 00   2.25
59946  76110.00   -2267750.2148  5009154.4836  3221294.3562   30.53167884746  114.35726876089       28.1502      8 08 00 00 00 00 00   2.25
59946  76140.00   -2267750.2172  5009154.5026  3221294.3665   30.53167884293  114.35726870170       28.1712      9 09 00 00 00 00 00   1.74
59946  76170.00   -2267750.2053  5009154.4801  3221294.3533   30.53167885678  114.35726868569       28.1426      9 09 00 00 00 00 00   1.74
59946  76200.00   -2267750.2206  5009154.4807  3221294.3556   30.53167884312  114.35726882794       28.1497      9 09 00 00 00 00 00   1.74
59946  76230.00   -2267750.2129  5009154.4899  3221294.3618   30.53167886783  114.35726871547       28.1573      9 09 00 00 00 00 00   1.74
59946  76260.00   -2267750.2134  5009154.4833  3221294.3514   30.53167881362  114.35726874861       28.1471      9 09 00 00 00 00 00   1.75
59946  76290.00   -2267750.2157  5009154.4889  3221294.3584   30.53167884047  114.35726874609       28.1559      9 09 00 00 00 00 00   1.75
59946  76320.00   -2267750.2215  5009154.4937  3221294.3632   30.53167884671  114.35726878118       28.1641      9 09 00 00 00 00 00   1.75
59946  76350.00   -2267750.2241  5009154.4848  3221294.3620   30.53167886960  114.35726884342       28.1573      9 09 00 00 00 00 00   1.75
59946  76380.00   -2267750.2183  5009154.5005  3221294.3680   30.53167886132  114.35726872082       28.1707      9 09 00 00 00 00 00   1.75
59946  76410.00   -2267750.2153  5009154.4847  3221294.3596   30.53167886774  114.35726876104       28.1529      9 09 00 00 00 00 00   1.76
59946  76440.00   -2267750.2199  5009154.4944  3221294.3625   30.53167884134  114.35726876283       28.1637      9 09 00 00 00 00 00   1.76
59946  76470.00   -2267750.2230  5009154.4921  3221294.3626   30.53167884548  114.35726880140       28.1630      9 09 00 00 00 00 00   1.76
59946  76500.00   -2267750.2245  5009154.5016  3221294.3627   30.53167880455  114.35726877548       28.1711      9 09 00 00 00 00 00   1.76
59946  76530.00   -2267750.2252  5009154.5039  3221294.3639   30.53167880262  114.35726877236       28.1738      9 09 00 00 00 00 00   1.77
59946  76560.00   -2267750.2242  5009154.4949  3221294.3603   30.53167881408  114.35726880103       28.1645      9 09 00 00 00 00 00   1.77
59946  76590.00   -2267750.2137  5009154.4876  3221294.3530   30.53167880715  114.35726873303       28.1513      9 09 00 00 00 00 00   1.77
59946  76620.00   -2267750.2200  5009154.4855  3221294.3603   30.53167886111  114.35726880215       28.1556      9 09 00 00 00 00 00   1.77
59946  76650.00   -2267750.2123  5009154.4877  3221294.3592   30.53167885786  114.35726871970       28.1541      9 09 00 00 00 00 00   1.77
59946  76680.00   -2267750.2161  5009154.4879  3221294.3538   30.53167880763  114.35726875454       28.1528      9 09 00 00 00 00 00   1.78
59946  76710.00   -2267750.2226  5009154.5074  3221294.3612   30.53167877192  114.35726873213       28.1743      9 09 00 00 00 00 00   1.78
59946  76740.00   -2267750.2195  5009154.4970  3221294.3580   30.53167879621  114.35726874794       28.1633      9 09 00 00 00 00 00   1.78
59946  76770.00   -2267750.2263  5009154.4958  3221294.3609   30.53167881100  114.35726881709       28.1663      9 09 00 00 00 00 00   1.78
59946  76800.00   -2267750.2237  5009154.4939  3221294.3623   30.53167883510  114.35726880035       28.1646      9 09 00 00 00 00 00   1.78
59946  76830.00   -2267750.2231  5009154.4955  3221294.3610   30.53167881882  114.35726878825       28.1649      9 09 00 00 00 00 00   1.78
59946  76860.00   -2267750.2244  5009154.4879  3221294.3514   30.53167877394  114.35726883294       28.1546      9 09 00 00 00 00 00   1.79
59946  76890.00   -2267750.2135  5009154.4794  3221294.3563   30.53167886765  114.35726876646       28.1465      9 09 00 00 00 00 00   1.79
59946  76920.00   -2267750.2200  5009154.4898  3221294.3600   30.53167884093  114.35726878320       28.1589      9 09 00 00 00 00 00   1.79
59946  76950.00   -2267750.2228  5009154.4907  3221294.3490   30.53167874651  114.35726880643       28.1550      9 09 00 00 00 00 00   1.79
59946  76980.00   -2267750.2153  5009154.4892  3221294.3543   30.53167880804  114.35726874141       28.1538      9 09 00 00 00 00 00   1.79
59946  77010.00   -2267750.2183  5009154.4871  3221294.3559   30.53167882362  114.35726877851       28.1541      9 09 00 00 00 00 00   1.79
59946  77040.00   -2267750.2158  5009154.4760  3221294.3538   30.53167885794  114.35726880303       28.1434      9 09 00 00 00 00 00   1.79
59946  77070.00   -2267750.2183  5009154.4775  3221294.3490   30.53167881000  114.35726882004       28.1430      9 09 00 00 00 00 00   1.80
59946  77100.00   -2267750.2110  5009154.4784  3221294.3489   30.53167881940  114.35726874653       28.1411      9 09 00 00 00 00 00   1.80
59946  77130.00   -2267750.2164  5009154.4707  3221294.3528   30.53167887196  114.35726883099       28.1389      9 09 00 00 00 00 00   1.80
59946  77160.00   -2267750.2128  5009154.4857  3221294.3563   30.53167884331  114.35726873211       28.1512      9 09 00 00 00 00 00   1.80
59946  77190.00   -2267750.2108  5009154.4796  3221294.3536   30.53167885121  114.35726873976       28.1443      9 09 00 00 00 00 00   1.80
59946  77220.00   -2267750.2063  5009154.4656  3221294.3435   30.53167884000  114.35726875707       28.1266      9 09 00 00 00 00 00   1.80
59946  77250.00   -2267750.2140  5009154.4814  3221294.3495   30.53167880533  114.35726876174       28.1448      9 09 00 00 00 00 00   1.80
59946  77280.00   -2267750.2206  5009154.4892  3221294.3559   30.53167881013  114.35726879139       28.1565      9 09 00 00 00 00 00   1.80
59946  77310.00   -2267750.2270  5009154.4828  3221294.3508   30.53167878542  114.35726887931       28.1512      9 09 00 00 00 00 00   1.80
59946  77340.00   -2267750.2163  5009154.4803  3221294.3516   30.53167882199  114.35726878915       28.1458      9 09 00 00 00 00 00   1.81
59946  77370.00   -2267750.2111  5009154.4869  3221294.3526   30.53167881281  114.35726871098       28.1497      9 09 00 00 00 00 00   1.81
59946  77400.00   -2267750.2052  5009154.4799  3221294.3552   30.53167887323  114.35726868510       28.1433      9 09 00 00 00 00 00   1.81
59946  77430.00   -2267750.2090  5009154.4833  3221294.3541   30.53167884352  114.35726870689       28.1468      9 09 00 00 00 00 00   1.81
59946  77460.00   -2267750.2247  5009154.4899  3221294.3547   30.53167879052  114.35726882685       28.1580      9 09 00 00 00 00 00   1.81
59946  77490.00   -2267750.2166  5009154.4863  3221294.3544   30.53167881841  114.35726876598       28.1520      9 09 00 00 00 00 00   1.81
59946  77520.00   -2267750.2125  5009154.4816  3221294.3567   30.53167886364  114.35726874703       28.1481      9 09 00 00 00 00 00   1.81
59946  77550.00   -2267750.2165  5009154.4859  3221294.3577   30.53167884601  114.35726876652       28.1533      9 09 00 00 00 00 00   1.81
59946  77580.00   -2267750.2160  5009154.4927  3221294.3582   30.53167882289  114.35726873266       28.1588      9 09 00 00 00 00 00   1.81
59946  77610.00   -2267750.2097  5009154.4803  3221294.3571   30.53167887719  114.35726872639       28.1463      9 09 00 00 00 00 00   1.81
59946  77640.00   -2267750.2050  5009154.4712  3221294.3570   30.53167892397  114.35726872079       28.1374      9 09 00 00 00 00 00   1.81
59946  77670.00   -2267750.2145  5009154.4871  3221294.3553   30.53167882568  114.35726874222       28.1524      9 09 00 00 00 00 00   1.81
59946  77700.00   -2267750.2067  5009154.4759  3221294.3527   30.53167886767  114.35726871662       28.1396      9 09 00 00 00 00 00   1.81
59946  77730.00   -2267750.2130  5009154.4730  3221294.3509   30.53167885378  114.35726878898       28.1386      9 09 00 00 00 00 00   1.81
59946  77760.00   -2267750.2086  5009154.4766  3221294.3519   30.53167885504  114.35726873151       28.1403      9 09 00 00 00 00 00   1.81
59946  77790.00   -2267750.2064  5009154.4704  3221294.3500   30.53167887015  114.35726873812       28.1337      9 09 00 00 00 00 00   1.81
59946  77820.00   -2267750.2072  5009154.4768  3221294.3520   30.53167885751  114.35726871800       28.1400      9 09 00 00 00 00 00   1.81
59946  77850.00   -2267750.2090  5009154.4777  3221294.3570   30.53167888914  114.35726873077       28.1440      9 09 00 00 00 00 00   1.81
59946  77880.00   -2267750.2055  5009154.4734  3221294.3438   30.53167881078  114.35726871637       28.1327      9 09 00 00 00 00 00   1.81
59946  77910.00   -2267750.2040  5009154.4721  3221294.3524   30.53167888644  114.35726870766       28.1354      9 09 00 00 00 00 00   1.81
59946  77940.00   -2267750.2061  5009154.4758  3221294.3560   30.53167889432  114.35726871155       28.1409      9 09 00 00 00 00 00   1.81
59946  77970.00   -2267750.2099  5009154.4736  3221294.3564   30.53167889959  114.35726875712       28.1407      9 09 00 00 00 00 00   1.81
59946  78000.00   -2267750.2120  5009154.4753  3221294.3525   30.53167885862  114.35726876981       28.1409      9 09 00 00 00 00 00   1.81
59946  78030.00   -2267750.2068  5009154.4747  3221294.3511   30.53167885994  114.35726872245       28.1378      9 09 00 00 00 00 00   1.80
59946  78060.00   -2267750.2081  5009154.4739  3221294.3440   30.53167880574  114.35726873807       28.1341      9 09 00 00 00 00 00   1.80
59946  78090.00   -2267750.1976  5009154.4592  3221294.3369   30.53167883131  114.35726870256       28.1152      9 09 00 00 00 00 00   1.80
59946  78120.00   -2267750.2065  5009154.4776  3221294.3530   30.53167886296  114.35726870730       28.1409      9 09 00 00 00 00 00   1.80
59946  78150.00   -2267750.2075  5009154.4735  3221294.3489   30.53167884615  114.35726873448       28.1360      9 09 00 00 00 00 00   1.80
59946  78180.00   -2267750.2086  5009154.4665  3221294.3484   30.53167886961  114.35726877549       28.1306      9 09 00 00 00 00 00   1.80
59946  78210.00   -2267750.2145  5009154.4791  3221294.3539   30.53167884832  114.35726877669       28.1454      9 09 00 00 00 00 00   1.80
59946  78240.00   -2267750.2121  5009154.4826  3221294.3587   30.53167887583  114.35726873891       28.1497      9 09 00 00 00 00 00   1.80
59946  78270.00   -2267750.2074  5009154.4796  3221294.3534   30.53167885580  114.35726870742       28.1431      9 09 00 00 00 00 00   1.80
59946  78300.00   -2267750.2114  5009154.4811  3221294.3515   30.53167882765  114.35726873959       28.1447      9 09 00 00 00 00 00   1.79
59946  78330.00   -2267750.2037  5009154.4688  3221294.3513   30.53167889164  114.35726871868       28.1322      9 09 00 00 00 00 00   1.79
59946  78360.00   -2267750.2163  5009154.4801  3221294.3516   30.53167882328  114.35726879006       28.1457      9 09 00 00 00 00 00   1.79
59946  78390.00   -2267750.2179  5009154.4759  3221294.3466   30.53167879928  114.35726882349       28.1404      9 09 00 00 00 00 00   1.79
59946  78420.00   -2267750.2132  5009154.4721  3221294.3418   30.53167878590  114.35726879453       28.1333      9 09 00 00 00 00 00   1.79
59946  78450.00   -2267750.2142  5009154.4839  3221294.3486   30.53167878835  114.35726875375       28.1464      9 09 00 00 00 00 00   1.79
59946  78480.00   -2267750.2071  5009154.4743  3221294.3506   30.53167885658  114.35726872759       28.1374      9 09 00 00 00 00 00   1.79
59946  78510.00   -2267750.2130  5009154.4798  3221294.3481   30.53167880336  114.35726875967       28.1425      9 09 00 00 00 00 00   1.78
59946  78540.00   -2267750.2050  5009154.4745  3221294.3476   30.53167883728  114.35726870672       28.1352      9 09 00 00 00 00 00   1.78
59946  78570.00   -2267750.2084  5009154.4778  3221294.3477   30.53167881693  114.35726872427       28.1391      9 09 00 00 00 00 00   1.78
59946  78600.00   -2267750.2062  5009154.4762  3221294.3451   30.53167880766  114.35726871038       28.1357      9 09 00 00 00 00 00   1.78
59946  78630.00   -2267750.2129  5009154.4747  3221294.3486   30.53167882837  114.35726878107       28.1387      9 09 00 00 00 00 00   1.78
59946  78660.00   -2267750.2096  5009154.4797  3221294.3500   30.53167882479  114.35726872751       28.1422      9 09 00 00 00 00 00   1.78
59946  78690.00   -2267750.2004  5009154.4802  3221294.3474   30.53167882044  114.35726863853       28.1380      9 09 00 00 00 00 00   1.77
59946  78720.00   -2267750.2162  5009154.4900  3221294.3561   30.53167881721  114.35726874673       28.1557      9 09 00 00 00 00 00   1.77
59946  78750.00   -2267750.2093  5009154.4820  3221294.3434   30.53167876456  114.35726871492       28.1405      9 09 00 00 00 00 00   1.77
59946  78780.00   -2267750.1982  5009154.4662  3221294.3343   30.53167878102  114.35726867815       28.1195      9 09 00 00 00 00 00   1.77
59946  78810.00   -2267750.2014  5009154.4702  3221294.3453   30.53167884325  114.35726869061       28.1294      8 08 00 00 00 00 00   2.20
59946  78840.00   -2267750.2092  5009154.4775  3221294.3488   30.53167882537  114.35726873407       28.1397      8 08 00 00 00 00 00   2.19
59946  78870.00   -2267750.2141  5009154.4846  3221294.3477   30.53167877871  114.35726874941       28.1464      8 08 00 00 00 00 00   2.19
59946  78900.00   -2267750.2083  5009154.4868  3221294.3500   30.53167879763  114.35726868567       28.1472      8 08 00 00 00 00 00   2.18
59946  78930.00   -2267750.2028  5009154.4786  3221294.3366   30.53167873810  114.35726866862       28.1320      8 08 00 00 00 00 00   2.18
59946  78960.00   -2267750.2002  5009154.4727  3221294.3372   30.53167877284  114.35726866857       28.1269      8 08 00 00 00 00 00   2.17
59946  78990.00   -2267750.2110  5009154.4873  3221294.3534   30.53167881754  114.35726870835       28.1503      8 08 00 00 00 00 00   2.17
59946  79020.00   -2267750.2119  5009154.4842  3221294.3548   30.53167883947  114.35726873025       28.1490      8 08 00 00 00 00 00   2.16
59946  79050.00   -2267750.2046  5009154.4778  3221294.3464   30.53167881462  114.35726868900       28.1371      8 08 00 00 00 00 00   2.16
59946  79080.00   -2267750.2020  5009154.4741  3221294.3413   30.53167879513  114.35726867963       28.1307      8 08 00 00 00 00 00   2.15
59946  79110.00   -2267750.2075  5009154.4729  3221294.3378   30.53167876257  114.35726873748       28.1299      8 08 00 00 00 00 00   2.14
59946  79140.00   -2267750.2199  5009154.4884  3221294.3474   30.53167874920  114.35726878848       28.1514      8 08 00 00 00 00 00   2.14
59946  79170.00   -2267750.2205  5009154.4855  3221294.3512   30.53167878929  114.35726880676       28.1512      8 08 00 00 00 00 00   2.13
59946  79200.00   -2267750.2154  5009154.4813  3221294.3534   30.53167883359  114.35726877650       28.1472      8 08 00 00 00 00 00   2.13
59946  79230.00   -2267750.1999  5009154.4762  3221294.3497   30.53167885529  114.35726865100       28.1358      8 08 00 00 00 00 00   2.12
59946  79260.00   -2267750.2107  5009154.4862  3221294.3538   30.53167882530  114.35726871071       28.1495      8 08 00 00 00 00 00   2.11
59946  79290.00   -2267750.2076  5009154.4720  3221294.3407   30.53167878839  114.35726874175       28.1307      8 08 00 00 00 00 00   2.11
59946  79320.00   -2267750.2159  5009154.4810  3221294.3455   30.53167877299  114.35726878258       28.1432      8 08 00 00 00 00 00   2.10
59946  79350.00   -2267750.2159  5009154.4781  3221294.3492   30.53167881334  114.35726879458       28.1427      8 08 00 00 00 00 00   2.10
59946  79380.00   -2267750.2128  5009154.4845  3221294.3467   30.53167877287  114.35726873720       28.1454      8 08 00 00 00 00 00   2.09
59946  79410.00   -2267750.2155  5009154.4757  3221294.3453   30.53167879396  114.35726880121       28.1387      8 08 00 00 00 00 00   2.08
59946  79440.00   -2267750.2053  5009154.4763  3221294.3458   30.53167881437  114.35726870112       28.1358      8 08 00 00 00 00 00   2.08
59946  79470.00   -2267750.2080  5009154.4771  3221294.3417   30.53167877502  114.35726872378       28.1353      8 08 00 00 00 00 00   2.07
59946  79500.00   -2267750.2104  5009154.4822  3221294.3464   30.53167878522  114.35726872500       28.1426      8 08 00 00 00 00 00   2.06
59946  79530.00   -2267750.2160  5009154.4820  3221294.3488   30.53167879430  114.35726877907       28.1456      8 08 00 00 00 00 00   2.06
59946  79560.00   -2267750.1991  5009154.4721  3221294.3415   30.53167881098  114.35726866089       28.1281      8 08 00 00 00 00 00   2.05
59946  79590.00   -2267750.2060  5009154.4771  3221294.3470   30.53167881898  114.35726870446       28.1373      8 08 00 00 00 00 00   2.05
59946  79620.00   -2267750.2080  5009154.4740  3221294.3420   30.53167878953  114.35726873717       28.1331      8 08 00 00 00 00 00   2.04
59946  79650.00   -2267750.2063  5009154.4725  3221294.3325   30.53167872580  114.35726872709       28.1264      8 08 00 00 00 00 00   2.03
59946  79680.00   -2267750.2030  5009154.4815  3221294.3309   30.53167868214  114.35726865717       28.1315      8 08 00 00 00 00 00   2.03
59946  79710.00   -2267750.2270  5009154.4947  3221294.3507   30.53167873477  114.35726882877       28.1605      8 08 00 00 00 00 00   2.02
59946  79740.00   -2267750.2160  5009154.4793  3221294.3405   30.53167874044  114.35726879000       28.1393      8 08 00 00 00 00 00   2.02
59946  79770.00   -2267750.2120  5009154.4792  3221294.3427   30.53167876598  114.35726875314       28.1390      8 08 00 00 00 00 00   2.01
59946  79800.00   -2267750.2095  5009154.4828  3221294.3504   30.53167881523  114.35726871332       28.1447      8 08 00 00 00 00 00   2.00
59946  79830.00   -2267750.2006  5009154.4656  3221294.3342   30.53167877797  114.35726870274       28.1199      8 08 00 00 00 00 00   2.00
59946  79860.00   -2267750.2058  5009154.4719  3221294.3393   30.53167878155  114.35726872526       28.1292      8 08 00 00 00 00 00   1.99
59946  79890.00   -2267750.2239  5009154.4902  3221294.3556   30.53167879806  114.35726881801       28.1583      8 08 00 00 00 00 00   1.99
59946  79920.00   -2267750.2175  5009154.4961  3221294.3599   30.53167881843  114.35726873189       28.1629      8 08 00 00 00 00 00   1.98
59946  79950.00   -2267750.2113  5009154.4764  3221294.3448   30.53167879542  114.35726875801       28.1376      8 08 00 00 00 00 00   1.97
59946  79980.00   -2267750.2062  5009154.4749  3221294.3406   30.53167877897  114.35726871621       28.1324      8 08 00 00 00 00 00   1.97
59946  80010.00   -2267750.2145  5009154.4946  3221294.3492   30.53167874768  114.35726870994       28.1552      8 08 00 00 00 00 00   1.96
59946  80040.00   -2267750.2206  5009154.4896  3221294.3506   30.53167876707  114.35726878960       28.1541      8 08 00 00 00 00 00   1.96
59946  80070.00   -2267750.2307  5009154.4938  3221294.3550   30.53167876568  114.35726886774       28.1632      8 08 00 00 00 00 00   1.95
59946  80100.00   -2267750.2327  5009154.4958  3221294.3543   30.53167874757  114.35726887817       28.1652      8 08 00 00 00 00 00   1.94
59946  80130.00   -2267750.2159  5009154.4822  3221294.3443   30.53167875826  114.35726877674       28.1434      8 08 00 00 00 00 00   1.94
59946  80160.00   -2267750.1967  5009154.4754  3221294.3458   30.53167883463  114.35726862354       28.1321      8 08 00 00 00 00 00   1.93
59946  80190.00   -2267750.2285  5009154.4870  3221294.3506   30.53167876309  114.35726887630       28.1549      8 08 00 00 00 00 00   1.93
59946  80220.00   -2267750.2118  5009154.4819  3221294.3496   30.53167880851  114.35726873981       28.1445      8 08 00 00 00 00 00   1.92
59946  80250.00   -2267750.2092  5009154.4823  3221294.3500   30.53167881504  114.35726871289       28.1441      8 08 00 00 00 00 00   1.92
59946  80280.00   -2267750.2052  5009154.4738  3221294.3496   30.53167885463  114.35726871127       28.1357      8 08 00 00 00 00 00   1.91
59946  80310.00   -2267750.2137  5009154.4750  3221294.3481   30.53167882218  114.35726878760       28.1389      8 08 00 00 00 00 00   1.91
59946  80340.00   -2267750.2230  5009154.4868  3221294.3590   30.53167884000  114.35726882478       28.1570      8 08 00 00 00 00 00   1.90
59946  80370.00   -2267750.2260  5009154.4869  3221294.3505   30.53167876799  114.35726885309       28.1539      8 08 00 00 00 00 00   1.90
59946  80400.00   -2267750.2149  5009154.4800  3221294.3517   30.53167882745  114.35726877708       28.1451      8 08 00 00 00 00 00   1.89
59946  80430.00   -2267750.2111  5009154.4792  3221294.3485   30.53167881274  114.35726874439       28.1416      8 08 00 00 00 00 00   1.88
59946  80460.00   -2267750.2036  5009154.4692  3221294.3365   30.53167877580  114.35726871599       28.1249      8 08 00 00 00 00 00   1.88
59946  80490.00   -2267750.2040  5009154.4685  3221294.3336   30.53167875546  114.35726872262       28.1230      8 08 00 00 00 00 00   1.87
59946  80520.00   -2267750.2110  5009154.4754  3221294.3403   30.53167876483  114.35726875992       28.1343      8 08 00 00 00 00 00   1.87
59946  80550.00   -2267750.2015  5009154.4700  3221294.3399   30.53167880259  114.35726869288       28.1266      8 08 00 00 00 00 00   1.87
59946  80580.00   -2267750.2026  5009154.4759  3221294.3395   30.53167877268  114.35726867773       28.1314      8 08 00 00 00 00 00   1.86
59946  80610.00   -2267750.2107  5009154.4800  3221294.3454   30.53167878599  114.35726873769       28.1404      8 08 00 00 00 00 00   1.86
59946  80640.00   -2267750.2116  5009154.4787  3221294.3521   30.53167884218  114.35726875106       28.1431      8 08 00 00 00 00 00   1.85
59946  80670.00   -2267750.2138  5009154.4836  3221294.3594   30.53167887387  114.35726875087       28.1514      8 08 00 00 00 00 00   1.85
59946  80700.00   -2267750.2094  5009154.4750  3221294.3465   30.53167881818  114.35726874623       28.1366      8 08 00 00 00 00 00   1.84
59946  80730.00   -2267750.1950  5009154.4716  3221294.3385   30.53167879754  114.35726862436       28.1248      8 08 00 00 00 00 00   1.84
59946  80760.00   -2267750.2070  5009154.4689  3221294.3324   30.53167873875  114.35726874946       28.1238      8 08 00 00 00 00 00   1.83
59946  80790.00   -2267750.2111  5009154.4761  3221294.3427   30.53167878066  114.35726875800       28.1362      8 08 00 00 00 00 00   1.83
59946  80820.00   -2267750.2104  5009154.4781  3221294.3454   30.53167879447  114.35726874180       28.1389      8 08 00 00 00 00 00   1.82
59946  80850.00   -2267750.2067  5009154.4778  3221294.3513   30.53167884828  114.35726870910       28.1403      8 08 00 00 00 00 00   1.82
59946  80880.00   -2267750.2014  5009154.4717  3221294.3415   30.53167880801  114.35726868479       28.1287      8 08 00 00 00 00 00   1.82
59946  80910.00   -2267750.2115  5009154.4779  3221294.3587   30.53167889643  114.35726875396       28.1458      8 08 00 00 00 00 00   1.81
59946  80940.00   -2267750.2124  5009154.4762  3221294.3501   30.53167883510  114.35726876934       28.1404      8 08 00 00 00 00 00   1.81
59946  80970.00   -2267750.1950  5009154.4761  3221294.3456   30.53167883381  114.35726860463       28.1319      8 08 00 00 00 00 00   1.80
59946  81000.00   -2267750.2018  5009154.4848  3221294.3468   30.53167879334  114.35726863236       28.1417      8 08 00 00 00 00 00   1.80
59946  81030.00   -2267750.2024  5009154.4762  3221294.3401   30.53167877662  114.35726867487       28.1318      8 08 00 00 00 00 00   1.80
59946  81060.00   -2267750.2111  5009154.4789  3221294.3469   30.53167880136  114.35726874549       28.1404      8 08 00 00 00 00 00   1.79
59946  81090.00   -2267750.2036  5009154.4739  3221294.3484   30.53167884810  114.35726869603       28.1347      8 08 00 00 00 00 00   1.79
59946  81120.00   -2267750.2040  5009154.4702  3221294.3419   30.53167881246  114.35726871565       28.1286      8 08 00 00 00 00 00   1.79
59946  81150.00   -2267750.1997  5009154.4711  3221294.3402   30.53167880351  114.35726867069       28.1269      8 08 00 00 00 00 00   1.78
59946  81180.00   -2267750.2038  5009154.4719  3221294.3409   30.53167879776  114.35726870667       28.1294      8 08 00 00 00 00 00   1.78
59946  81210.00   -2267750.2002  5009154.4649  3221294.3342   30.53167878203  114.35726870199       28.1192      9 09 00 00 00 00 00   1.52
59946  81240.00   -2267750.2025  5009154.4674  3221294.3312   30.53167874418  114.35726871390       28.1204      9 09 00 00 00 00 00   1.52
59946  81270.00   -2267750.1955  5009154.4619  3221294.3360   30.53167881736  114.35726867061       28.1161      9 09 00 00 00 00 00   1.52
59946  81300.00   -2267750.2009  5009154.4617  3221294.3402   30.53167884023  114.35726872238       28.1200      9 09 00 00 00 00 00   1.52
59946  81330.00   -2267750.1906  5009154.4553  3221294.3249   30.53167876825  114.35726865255       28.1035      9 09 00 00 00 00 00   1.51
59946  81360.00   -2267750.2001  5009154.4620  3221294.3343   30.53167879501  114.35726871333       28.1169      9 09 00 00 00 00 00   1.51
59946  81390.00   -2267750.2004  5009154.4741  3221294.3386   30.53167877732  114.35726866495       28.1287      9 09 00 00 00 00 00   1.51
59946  81420.00   -2267750.1947  5009154.4641  3221294.3363   30.53167881196  114.35726865347       28.1177      9 09 00 00 00 00 00   1.50
59946  81450.00   -2267750.1856  5009154.4591  3221294.3301   30.53167880165  114.35726858929       28.1073      9 09 00 00 00 00 00   1.50
59946  81480.00   -2267750.1808  5009154.4524  3221294.3219   30.53167877527  114.35726857184       28.0962      9 09 00 00 00 00 00   1.50
59946  81510.00   -2267750.1980  5009154.4688  3221294.3458   30.53167886008  114.35726866433       28.1273      9 09 00 00 00 00 00   1.50
59946  81540.00   -2267750.1937  5009154.4619  3221294.3335   30.53167880142  114.35726865344       28.1142      9 09 00 00 00 00 00   1.49
59946  81570.00   -2267750.1906  5009154.4613  3221294.3277   30.53167876438  114.35726862695       28.1097      9 09 00 00 00 00 00   1.49
59946  81600.00   -2267750.1838  5009154.4506  3221294.3244   30.53167879597  114.35726860835       28.0972      9 09 00 00 00 00 00   1.49
59946  81630.00   -2267750.1978  5009154.4635  3221294.3338   30.53167878891  114.35726868594       28.1170      9 09 00 00 00 00 00   1.49
59946  81660.00   -2267750.2181  5009154.4841  3221294.3509   30.53167879755  114.35726878939       28.1491      8 08 00 00 00 00 00   2.06
59946  81690.00   -2267750.2060  5009154.4692  3221294.3428   30.53167881953  114.35726873915       28.1290      8 08 00 00 00 00 00   2.06
59946  81720.00   -2267750.1927  5009154.4644  3221294.3332   30.53167878984  114.35726863338       28.1156      8 08 00 00 00 00 00   2.06
59946  81750.00   -2267750.1909  5009154.4610  3221294.3282   30.53167876879  114.35726863113       28.1098      8 08 00 00 00 00 00   2.06
59946  81780.00   -2267750.1954  5009154.4647  3221294.3332   30.53167878390  114.35726865759       28.1168      8 08 00 00 00 00 00   2.05
59946  81810.00   -2267750.1984  5009154.4764  3221294.3409   30.53167878923  114.35726863599       28.1310      8 08 00 00 00 00 00   2.05
59946  81840.00   -2267750.2007  5009154.4728  3221294.3401   30.53167879369  114.35726867323       28.1286      8 08 00 00 00 00 00   2.05
59946  81870.00   -2267750.1931  5009154.4539  3221294.3225   30.53167874975  114.35726868207       28.1021      8 08 00 00 00 00 00   2.04
59946  81900.00   -2267750.2011  5009154.4645  3221294.3373   30.53167880602  114.35726871225       28.1208      8 08 00 00 00 00 00   2.04
59946  81930.00   -2267750.2056  5009154.4710  3221294.3435   30.53167881815  114.35726872786       28.1306      8 08 00 00 00 00 00   2.04
59946  81960.00   -2267750.2101  5009154.4797  3221294.3506   30.53167882884  114.35726873315       28.1426      8 08 00 00 00 00 00   2.03
59946  81990.00   -2267750.2096  5009154.4720  3221294.3487   30.53167884741  114.35726876065       28.1354      8 08 00 00 00 00 00   2.03
59946  82020.00   -2267750.1992  5009154.4722  3221294.3437   30.53167882689  114.35726866113       28.1294      8 08 00 00 00 00 00   2.03
59946  82050.00   -2267750.1878  5009154.4605  3221294.3284   30.53167877835  114.35726860314       28.1084      8 08 00 00 00 00 00   2.02
59946  82080.00   -2267750.2057  5009154.4683  3221294.3397   30.53167879963  114.35726874027       28.1266      8 08 00 00 00 00 00   2.02
59946  82110.00   -2267750.2105  5009154.4743  3221294.3460   30.53167881461  114.35726875929       28.1362      8 08 00 00 00 00 00   2.01
59946  82140.00   -2267750.2152  5009154.4751  3221294.3489   30.53167882477  114.35726880092       28.1400      8 08 00 00 00 00 00   2.01
59946  82170.00   -2267750.2103  5009154.4796  3221294.3480   30.53167880879  114.35726873566       28.1413      8 08 00 00 00 00 00   2.01
59946  82200.00   -2267750.2117  5009154.4727  3221294.3400   30.53167877253  114.35726877810       28.1324      8 08 00 00 00 00 00   2.00
59946  82230.00   -2267750.2098  5009154.4823  3221294.3530   30.53167883712  114.35726871825       28.1458      8 08 00 00 00 00 00   2.00
59946  82260.00   -2267750.2065  5009154.4707  3221294.3405   30.53167879523  114.35726873741       28.1292      8 08 00 00 00 00 00   2.00
59946  82290.00   -2267750.2073  5009154.4750  3221294.3418   30.53167878561  114.35726872587       28.1335      8 08 00 00 00 00 00   1.99
59946  82320.00   -2267750.2127  5009154.4839  3221294.3476   30.53167878279  114.35726873890       28.1453      8 08 00 00 00 00 00   1.99
59946  82350.00   -2267750.2064  5009154.4864  3221294.3503   30.53167880538  114.35726866907       28.1464      8 08 00 00 00 00 00   1.98
59946  82380.00   -2267750.2043  5009154.4744  3221294.3424   30.53167879768  114.35726870062       28.1322      8 08 00 00 00 00 00   1.98
59946  82410.00   -2267750.1979  5009154.4701  3221294.3348   30.53167876947  114.35726865807       28.1228      8 08 00 00 00 00 00   1.98
59946  82440.00   -2267750.2042  5009154.4674  3221294.3390   30.53167880100  114.35726872926       28.1249      8 08 00 00 00 00 00   1.97
59946  82470.00   -2267750.2131  5009154.4700  3221294.3445   30.53167881628  114.35726880331       28.1330      8 08 00 00 00 00 00   1.97
59946  82500.00   -2267750.2066  5009154.4680  3221294.3425   30.53167882117  114.35726874983       28.1281      8 08 00 00 00 00 00   1.96
59946  82530.00   -2267750.2123  5009154.4763  3221294.3489   30.53167882574  114.35726876821       28.1399      8 08 00 00 00 00 00   1.96
59946  82560.00   -2267750.2047  5009154.4712  3221294.3479   30.53167885377  114.35726871843       28.1327      8 08 00 00 00 00 00   1.96
59946  82590.00   -2267750.2017  5009154.4730  3221294.3438   30.53167882005  114.35726868174       28.1309      8 08 00 00 00 00 00   1.95
59946  82620.00   -2267750.2076  5009154.4819  3221294.3527   30.53167884047  114.35726869951       28.1446      8 08 00 00 00 00 00   1.95
59946  82650.00   -2267750.2162  5009154.4754  3221294.3561   30.53167887771  114.35726880969       28.1442      8 08 00 00 00 00 00   1.94
59946  82680.00   -2267750.2108  5009154.4682  3221294.3505   30.53167887458  114.35726878889       28.1338      8 08 00 00 00 00 00   1.94
59946  82710.00   -2267750.2098  5009154.4648  3221294.3444   30.53167884315  114.35726879371       28.1277      8 08 00 00 00 00 00   1.94
59946  82740.00   -2267750.2155  5009154.4767  3221294.3457   30.53167879280  114.35726879691       28.1398      8 08 00 00 00 00 00   1.93
59946  82770.00   -2267750.2099  5009154.4705  3221294.3448   30.53167882247  114.35726877051       28.1323      8 08 00 00 00 00 00   1.93
59946  82800.00   -2267750.2076  5009154.4720  3221294.3547   30.53167889781  114.35726874247       28.1378      8 08 00 00 00 00 00   1.93
59946  82830.00   -2267750.2149  5009154.4671  3221294.3438   30.53167881931  114.35726883293       28.1310      9 09 00 00 00 00 00   1.54
59946  82860.00   -2267750.2096  5009154.4758  3221294.3453   30.53167880499  114.35726874459       28.1368      9 09 00 00 00 00 00   1.54
59946  82890.00   -2267750.2141  5009154.4695  3221294.3457   30.53167882605  114.35726881489       28.1336      9 09 00 00 00 00 00   1.54
59946  82920.00   -2267750.1944  5009154.4576  3221294.3334   30.53167881694  114.35726867838       28.1110      9 09 00 00 00 00 00   1.53
59946  82950.00   -2267750.2061  5009154.4659  3221294.3400   30.53167881143  114.35726875461       28.1250      9 09 00 00 00 00 00   1.53
59946  82980.00   -2267750.2037  5009154.4699  3221294.3473   30.53167885655  114.35726871378       28.1310      9 09 00 00 00 00 00   1.53
59946  83010.00   -2267750.1977  5009154.4633  3221294.3440   30.53167886975  114.35726868504       28.1220      9 09 00 00 00 00 00   1.53
59946  83040.00   -2267750.2111  5009154.4827  3221294.3506   30.53167881422  114.35726872987       28.1453      9 09 00 00 00 00 00   1.53
59946  83070.00   -2267750.2016  5009154.4726  3221294.3445   30.53167882712  114.35726868226       28.1310      9 09 00 00 00 00 00   1.53
59946  83100.00   -2267750.2066  5009154.4725  3221294.3433   30.53167880837  114.35726873073       28.1321      9 09 00 00 00 00 00   1.53
59946  83130.00   -2267750.2097  5009154.4776  3221294.3418   30.53167876987  114.35726873803       28.1363      9 09 00 00 00 00 00   1.53
59946  83160.00   -2267750.2128  5009154.4793  3221294.3509   30.53167882807  114.35726875994       28.1434      9 09 00 00 00 00 00   1.53
59946  83190.00   -2267750.2145  5009154.4699  3221294.3482   30.53167884247  114.35726881662       28.1353      9 09 00 00 00 00 00   1.53
59946  83220.00   -2267750.2048  5009154.4811  3221294.3505   30.53167883201  114.35726867669       28.1418      9 09 00 00 00 00 00   1.53
59946  83250.00   -2267750.2050  5009154.4743  3221294.3485   30.53167884474  114.35726870793       28.1355      8 08 00 00 00 00 00   1.71
59946  83280.00   -2267750.2134  5009154.4885  3221294.3571   30.53167883647  114.35726872599       28.1540      8 08 00 00 00 00 00   1.71
59946  83310.00   -2267750.1999  5009154.4772  3221294.3483   30.53167884043  114.35726864659       28.1358      8 08 00 00 00 00 00   1.71
59946  83340.00   -2267750.1892  5009154.4715  3221294.3476   30.53167887894  114.35726856986       28.1273      8 08 00 00 00 00 00   1.71
59946  83370.00   -2267750.2007  5009154.4740  3221294.3458   30.53167883290  114.35726866839       28.1323      8 08 00 00 00 00 00   1.71
59946  83400.00   -2267750.2066  5009154.4695  3221294.3406   30.53167880017  114.35726874304       28.1283      8 08 00 00 00 00 00   1.71
59946  83430.00   -2267750.2040  5009154.4837  3221294.3438   30.53167877046  114.35726865750       28.1402      8 08 00 00 00 00 00   1.71
59946  83460.00   -2267750.2041  5009154.4861  3221294.3483   30.53167879573  114.35726864859       28.1444      8 08 00 00 00 00 00   1.71
59946  83490.00   -2267750.2175  5009154.4804  3221294.3467   30.53167878140  114.35726879984       28.1439      8 08 00 00 00 00 00   1.71
59946  83520.00   -2267750.2118  5009154.4799  3221294.3450   30.53167878108  114.35726874800       28.1406      8 08 00 00 00 00 00   1.71
59946  83550.00   -2267750.2014  5009154.4719  3221294.3421   30.53167881220  114.35726868384       28.1291      8 08 00 00 00 00 00   1.71
59946  83580.00   -2267750.2174  5009154.4660  3221294.3460   30.53167883616  114.35726886080       28.1322      8 08 00 00 00 00 00   1.71
59946  83610.00   -2267750.2038  5009154.4778  3221294.3471   30.53167882113  114.35726868093       28.1371      8 08 00 00 00 00 00   1.71
59946  83640.00   -2267750.2074  5009154.4752  3221294.3467   30.53167882231  114.35726872638       28.1362      8 08 00 00 00 00 00   1.71
59946  83670.00   -2267750.2070  5009154.4728  3221294.3406   30.53167878597  114.35726873317       28.1310      8 08 00 00 00 00 00   1.71
59946  83700.00   -2267750.2175  5009154.4935  3221294.3516   30.53167876499  114.35726874361       28.1566      8 08 00 00 00 00 00   1.72
59946  83730.00   -2267750.2082  5009154.4704  3221294.3350   30.53167874999  114.35726875447       28.1268      8 08 00 00 00 00 00   1.72
59946  83760.00   -2267750.2139  5009154.4702  3221294.3526   30.53167887654  114.35726880923       28.1375      8 08 00 00 00 00 00   1.72
59946  83790.00   -2267750.2195  5009154.4843  3221294.3519   30.53167880141  114.35726880224       28.1503      8 08 00 00 00 00 00   1.72
59946  83820.00   -2267750.2172  5009154.4825  3221294.3428   30.53167874295  114.35726878818       28.1434      8 08 00 00 00 00 00   1.72
59946  83850.00   -2267750.2077  5009154.4763  3221294.3490   30.53167883470  114.35726872413       28.1383      8 08 00 00 00 00 00   1.72
59946  83880.00   -2267750.2058  5009154.4652  3221294.3390   30.53167880736  114.35726875450       28.1238      8 08 00 00 00 00 00   1.72
59946  83910.00   -2267750.2150  5009154.4713  3221294.3467   30.53167882397  114.35726881527       28.1358      8 08 00 00 00 00 00   1.72
59946  83940.00   -2267750.1968  5009154.4727  3221294.3412   30.53167881039  114.35726863598       28.1277      8 08 00 00 00 00 00   1.72
59946  83970.00   -2267750.2081  5009154.4818  3221294.3468   30.53167879396  114.35726870503       28.1416      8 08 00 00 00 00 00   1.72
59946  84000.00   -2267750.2115  5009154.4713  3221294.3432   30.53167880366  114.35726878185       28.1328      8 08 00 00 00 00 00   1.72
59946  84030.00   -2267750.2136  5009154.4710  3221294.3426   30.53167879642  114.35726880309       28.1329      8 08 00 00 00 00 00   1.72
59946  84060.00   -2267750.2162  5009154.4674  3221294.3399   30.53167878546  114.35726884309       28.1297      8 08 00 00 00 00 00   1.72
59946  84090.00   -2267750.2079  5009154.4780  3221294.3483   30.53167882226  114.35726871960       28.1393      8 08 00 00 00 00 00   1.72
59946  84120.00   -2267750.2137  5009154.4768  3221294.3393   30.53167874586  114.35726877901       28.1359      8 08 00 00 00 00 00   1.73
59946  84150.00   -2267750.2160  5009154.4870  3221294.3478   30.53167876576  114.35726875767       28.1490      8 08 00 00 00 00 00   1.73
59946  84180.00   -2267750.2164  5009154.4812  3221294.3464   30.53167877772  114.35726878621       28.1439      8 08 00 00 00 00 00   1.73
59946  84210.00   -2267750.2174  5009154.4821  3221294.3470   30.53167877746  114.35726879137       28.1453      8 08 00 00 00 00 00   1.73
59946  84240.00   -2267750.2147  5009154.4690  3221294.3409   30.53167878926  114.35726882178       28.1309      8 08 00 00 00 00 00   1.73
59946  84270.00   -2267750.2156  5009154.4815  3221294.3398   30.53167872676  114.35726877683       28.1405      7 07 00 00 00 00 00   2.18
59946  84300.00   -2267750.2219  5009154.4742  3221294.3438   30.53167877622  114.35726886826       28.1390      7 07 00 00 00 00 00   2.18
59946  84330.00   -2267750.2120  5009154.4775  3221294.3427   30.53167877321  114.35726875967       28.1376      7 07 00 00 00 00 00   2.18
59946  84360.00   -2267750.2096  5009154.4843  3221294.3488   30.53167879649  114.35726870859       28.1452      7 07 00 00 00 00 00   2.17
59946  84390.00   -2267750.2174  5009154.4736  3221294.3479   30.53167881908  114.35726882841       28.1391      7 07 00 00 00 00 00   2.17
59946  84420.00   -2267750.2096  5009154.4765  3221294.3495   30.53167883460  114.35726874154       28.1394      7 07 00 00 00 00 00   2.17
59946  84450.00   -2267750.2156  5009154.4639  3221294.3406   30.53167880663  114.35726885234       28.1271      7 07 00 00 00 00 00   2.16
59946  84480.00   -2267750.2109  5009154.4834  3221294.3479   30.53167879055  114.35726872469       28.1445      7 07 00 00 00 00 00   2.16
59946  84510.00   -2267750.2152  5009154.4939  3221294.3555   30.53167879831  114.35726872070       28.1581      7 07 00 00 00 00 00   2.16
59946  84540.00   -2267750.2117  5009154.4647  3221294.3409   30.53167881286  114.35726881220       28.1265      7 07 00 00 00 00 00   2.16
59946  84570.00   -2267750.2135  5009154.4780  3221294.3506   30.53167882918  114.35726877210       28.1425      7 07 00 00 00 00 00   2.15
59946  84600.00   -2267750.2160  5009154.4851  3221294.3453   30.53167875389  114.35726876539       28.1462      7 07 00 00 00 00 00   2.15
59946  84630.00   -2267750.2154  5009154.4753  3221294.3420   30.53167877019  114.35726880208       28.1367      7 07 00 00 00 00 00   2.15
59946  84660.00   -2267750.2138  5009154.4676  3221294.3498   30.53167886610  114.35726881973       28.1341      7 07 00 00 00 00 00   2.15
59946  84690.00   -2267750.2189  5009154.4917  3221294.3528   30.53167877943  114.35726876492       28.1563      7 07 00 00 00 00 00   2.14
59946  84720.00   -2267750.2190  5009154.4786  3221294.3421   30.53167875076  114.35726882229       28.1407      7 07 00 00 00 00 00   2.14
59946  84750.00   -2267750.2117  5009154.4596  3221294.3385   30.53167881577  114.35726883401       28.1213      7 07 00 00 00 00 00   2.14
59946  84780.00   -2267750.2111  5009154.4677  3221294.3402   30.53167879559  114.35726879389       28.1283      7 07 00 00 00 00 00   2.14
59946  84810.00   -2267750.2146  5009154.4806  3221294.3469   30.53167878739  114.35726877181       28.1431      7 07 00 00 00 00 00   2.14
59946  84840.00   -2267750.2178  5009154.4905  3221294.3431   30.53167871120  114.35726875938       28.1500      7 07 00 00 00 00 00   2.13
59946  84870.00   -2267750.2226  5009154.4855  3221294.3410   30.53167870637  114.35726882680       28.1468      7 07 00 00 00 00 00   2.13
59946  84900.00   -2267750.2223  5009154.4776  3221294.3382   30.53167871854  114.35726885727       28.1390      7 07 00 00 00 00 00   2.13
59946  84930.00   -2267750.2233  5009154.4851  3221294.3475   30.53167875751  114.35726883531       28.1500      7 07 00 00 00 00 00   2.13
59946  84960.00   -2267750.2138  5009154.4851  3221294.3477   30.53167877644  114.35726874397       28.1467      7 07 00 00 00 00 00   2.13
59946  84990.00   -2267750.2167  5009154.4930  3221294.3528   30.53167877758  114.35726873812       28.1566      7 07 00 00 00 00 00   2.13
59946  85020.00   -2267750.2186  5009154.4730  3221294.3440   30.53167878944  114.35726884176       28.1371      7 07 00 00 00 00 00   2.12
59946  85050.00   -2267750.2181  5009154.4808  3221294.3563   30.53167885378  114.35726880347       28.1493      7 07 00 00 00 00 00   2.12
59946  85080.00   -2267750.2171  5009154.4957  3221294.3563   30.53167879295  114.35726873006       28.1606      7 07 00 00 00 00 00   2.12
59946  85110.00   -2267750.2145  5009154.4752  3221294.3499   30.53167883359  114.35726879345       28.1403      7 07 00 00 00 00 00   2.12
59946  85140.00   -2267750.2029  5009154.4647  3221294.3421   30.53167883937  114.35726872909       28.1240      7 07 00 00 00 00 00   2.12
59946  85170.00   -2267750.2090  5009154.4740  3221294.3421   30.53167878819  114.35726874656       28.1335      7 07 00 00 00 00 00   2.12
59946  85200.00   -2267750.2120  5009154.4726  3221294.3466   30.53167882356  114.35726878090       28.1357      7 07 00 00 00 00 00   2.12
59946  85230.00   -2267750.2126  5009154.4682  3221294.3423   30.53167880786  114.35726880549       28.1303      7 07 00 00 00 00 00   2.12
59946  85260.00   -2267750.2071  5009154.4705  3221294.3357   30.53167875703  114.35726874424       28.1267      7 07 00 00 00 00 00   2.12
59946  85290.00   -2267750.2025  5009154.4666  3221294.3374   30.53167879535  114.35726871692       28.1230      7 07 00 00 00 00 00   2.12
59946  85320.00   -2267750.2122  5009154.4531  3221294.3358   30.53167882052  114.35726886678       28.1150      7 07 00 00 00 00 00   2.12
59946  85350.00   -2267750.2202  5009154.4478  3221294.3318   30.53167879666  114.35726896552       28.1116      7 07 00 00 00 00 00   2.11
59946  85380.00   -2267750.2230  5009154.4571  3221294.3325   30.53167875782  114.35726895233       28.1203      7 07 00 00 00 00 00   2.11
59946  85410.00   -2267750.2295  5009154.4847  3221294.3494   30.53167876170  114.35726889544       28.1529      7 07 00 00 00 00 00   2.11
59946  85440.00   -2267750.2222  5009154.4656  3221294.3359   30.53167875031  114.35726890857       28.1284      7 07 00 00 00 00 00   2.11
59946  85470.00   -2267750.2195  5009154.4741  3221294.3449   30.53167879022  114.35726884622       28.1387      7 07 00 00 00 00 00   2.11
59946  85500.00   -2267750.2169  5009154.4706  3221294.3442   30.53167880431  114.35726883678       28.1347      7 07 00 00 00 00 00   2.11
59946  85530.00   -2267750.2164  5009154.4675  3221294.3500   30.53167886295  114.35726884514       28.1350      7 07 00 00 00 00 00   2.11
59946  85560.00   -2267750.2056  5009154.4750  3221294.3482   30.53167883822  114.35726870991       28.1362      7 07 00 00 00 00 00   2.11
59946  85590.00   -2267750.2136  5009154.4685  3221294.3337   30.53167873757  114.35726881375       28.1266      7 07 00 00 00 00 00   2.11
59946  85620.00   -2267750.2109  5009154.4668  3221294.3314   30.53167873194  114.35726879571       28.1231      7 07 00 00 00 00 00   2.11
59946  85650.00   -2267750.2129  5009154.4660  3221294.3425   30.53167881820  114.35726881785       28.1287      7 07 00 00 00 00 00   2.11
59946  85680.00   -2267750.2010  5009154.4713  3221294.3522   30.53167889380  114.35726868302       28.1336      7 07 00 00 00 00 00   2.11
59946  85710.00   -2267750.2116  5009154.4724  3221294.3508   30.53167885792  114.35726877834       28.1376      7 07 00 00 00 00 00   2.11
59946  85740.00   -2267750.2166  5009154.4673  3221294.3436   30.53167881388  114.35726884746       28.1316      7 07 00 00 00 00 00   2.11
59946  85770.00   -2267750.2029  5009154.4560  3221294.3395   30.53167885481  114.35726876617       28.1159      7 07 00 00 00 00 00   2.11
59946  85800.00   -2267750.2106  5009154.4645  3221294.3402   30.53167881053  114.35726880246       28.1256      7 07 00 00 00 00 00   2.11
59946  85830.00   -2267750.2197  5009154.4715  3221294.3455   30.53167880566  114.35726885880       28.1370      7 07 00 00 00 00 00   2.11
59946  85860.00   -2267750.2188  5009154.4499  3221294.3325   30.53167879618  114.35726894344       28.1132      7 07 00 00 00 00 00   2.11
59946  85890.00   -2267750.2205  5009154.4736  3221294.3483   30.53167881692  114.35726885702       28.1404      7 07 00 00 00 00 00   2.11
59946  85920.00   -2267750.2150  5009154.4728  3221294.3550   30.53167888241  114.35726880879       28.1412      7 07 00 00 00 00 00   2.11
59946  85950.00   -2267750.2172  5009154.4513  3221294.3432   30.53167887622  114.35726892239       28.1191      7 07 00 00 00 00 00   2.11
59946  85980.00   -2267750.2231  5009154.4569  3221294.3426   30.53167883744  114.35726895399       28.1253      7 07 00 00 00 00 00   2.11
59946  86010.00   -2267750.2217  5009154.4577  3221294.3445   30.53167885117  114.35726893705       28.1264      7 07 00 00 00 00 00   2.11
59946  86040.00   -2267750.2195  5009154.4676  3221294.3493   30.53167885142  114.35726887382       28.1359      7 07 00 00 00 00 00   2.11
59946  86070.00   -2267750.2119  5009154.4701  3221294.3469   30.53167883631  114.35726879135       28.1339      7 07 00 00 00 00 00   2.11
59946  86100.00   -2267750.2238  5009154.4792  3221294.3524   30.53167881913  114.35726886437       28.1481      7 07 00 00 00 00 00   2.11
59946  86130.00   -2267750.2234  5009154.4965  3221294.3647   30.53167884306  114.35726878692       28.1677      5 05 00 00 00 00 00   6.81
59946  86160.00   -2267750.2269  5009154.4617  3221294.3441   30.53167882146  114.35726896931       28.1312      7 07 00 00 00 00 00   2.12
59946  86190.00   -2267750.2101  5009154.4481  3221294.3428   30.53167890042  114.35726886823       28.1139      7 07 00 00 00 00 00   2.12
59946  86220.00   -2267750.2179  5009154.4596  3221294.3478   30.53167887627  114.35726889311       28.1282      7 07 00 00 00 00 00   2.12
59946  86250.00   -2267750.2225  5009154.4722  3221294.3483   30.53167881875  114.35726888235       28.1400      7 07 00 00 00 00 00   2.12
59946  86280.00   -2267750.2216  5009154.4524  3221294.3391   30.53167883132  114.35726895926       28.1195      7 07 00 00 00 00 00   2.12
59946  86310.00   -2267750.2222  5009154.4473  3221294.3413   30.53167886923  114.35726898638       28.1168      7 07 00 00 00 00 00   2.12
59946  86340.00   -2267750.2302  5009154.4580  3221294.3357   30.53167876573  114.35726901702       28.1252      7 07 00 00 00 00 00   2.12
59946  86370.00   -2267750.2190  5009154.4504  3221294.3381   30.53167883744  114.35726894342       28.1164      7 07 00 00 00 00 00   2.12
