MHM Model                                                   FILE TYPE
wuh2                                                        STATION
1                                                           MODELING DURATION (DAY)
2023001                                                     DAY LIST
GPS       L1/L2     0.0111    0.0024                        SYS / FREQUENCY BAND / RMS (meter) / MEAN STD (meter)
Start Field Description                                     COMMENT
AZ                                                          AZIMUTH (deg)
EL                                                          ELEVATION (deg)
P_COR                                                       PSEUDORANGE MULTIPATH CORRECTION (meter)
P_POI                                                       PSEUDORANGE MULTIPATH POINTS
P_STD                                                       PSEUDORANGE MULTIPATH STANDARD DEVIATION (meter)
P_ELI                                                       PSEUDORANGE MULTIPATH ELIMINATION RATE (%)
L_COR                                                       CARRIER PHASE MULTIPATH CORRECTION (meter)
L_POI                                                       CARRIER PHASE MULTIPATH POINTS
L_STD                                                       CARRIER PHASE MULTIPATH STANDARD DEVIATION (meter)
L_ELI                                                       CARRIER PHASE MULTIPATH ELIMINATION RATE (%)
End Field Description                                       COMMENT
                                                            END OF HEADER
                                                            START OF GPS L1/L2 QZS L1/L2 
   AZ   EL     P_COR  P_POI     P_STD     P_ELI     L_COR  L_POI     L_STD     L_ELI
    0   56   -0.3277      2    0.1230    0.0000   -0.0034      2    0.0009    0.0000
    0   58    0.6556      6    0.2705   14.2857    0.0024      7    0.0037    0.0000
    0   59    1.1088      2    0.1670    0.0000    0.0050      2    0.0011    0.0000
    0   61    0.6113      3    0.6258    0.0000   -0.0001      3    0.0019    0.0000
    0   62    0.6321      6    0.2587    0.0000   -0.0010      6    0.0041    0.0000
    0   67    0.8124      2    0.2240    0.0000    0.0036      2    0.0012    0.0000
    0   70    0.2379      4    0.1812    0.0000    0.0060      4    0.0049    0.0000
    0   71   -0.1925      2    0.2410    0.0000    0.0067      2    0.0008    0.0000
    0   72    0.1723      2    0.0717    0.0000   -0.0102      2    0.0009    0.0000
    0   76    0.3353      2    0.0310    0.0000    0.0019      2    0.0008    0.0000
    1   56    0.0729      3    0.2972    0.0000   -0.0008      3    0.0025    0.0000
    1   58    0.4429      7    0.3064    0.0000    0.0025      7    0.0030    0.0000
    1   61    0.4606      2    0.2272    0.0000   -0.0008      2    0.0003    0.0000
    1   62    0.5042      6    0.2777    0.0000   -0.0001      6    0.0023    0.0000
    1   67    0.4006      2    0.2471    0.0000    0.0043      2    0.0021    0.0000
    1   69    0.7768      2    0.1325    0.0000   -0.0003      2    0.0010    0.0000
    1   71    0.2224      6    0.3028    0.0000   -0.0002      6    0.0046    0.0000
    1   75    0.3277      2    0.0914    0.0000    0.0004      2    0.0006    0.0000
    2   56    0.5147      2    0.3066    0.0000   -0.0022      2    0.0023    0.0000
    2   58    0.4027     10    0.2501    0.0000    0.0035     10    0.0049    0.0000
    2   61    0.4857      6    0.2136    0.0000    0.0003      6    0.0032    0.0000
    2   62    0.6911      5    0.2854    0.0000    0.0007      5    0.0042    0.0000
    2   67    0.2608      2    0.1283    0.0000    0.0067      2    0.0019    0.0000
    2   69    0.7556      2    0.0276    0.0000    0.0008      2    0.0014    0.0000
    2   71    0.2396      4    0.3825    0.0000   -0.0010      4    0.0020    0.0000
    2   75   -0.1238      2    0.0240    0.0000    0.0022      2    0.0013    0.0000
    3   56    0.1482      3    0.5736    0.0000   -0.0017      3    0.0033    0.0000
    3   58    0.1646      9    0.3354   10.0000    0.0013     10    0.0041    0.0000
    3   61    0.4711      3    0.6695    0.0000   -0.0030      3    0.0023    0.0000
    3   62    0.6892      4    0.2630    0.0000   -0.0011      4    0.0056    0.0000
    3   63    0.8547      2    0.1322    0.0000    0.0057      2    0.0032    0.0000
    3   68    0.8591      3    0.3079    0.0000    0.0060      3    0.0034    0.0000
    3   70   -0.0140      2    0.0582    0.0000   -0.0033      2    0.0021    0.0000
    3   72   -0.1598      2    0.1548    0.0000   -0.0026      2    0.0032    0.0000
    3   74    0.2078      2    0.4433    0.0000   -0.0013      2    0.0007    0.0000
    4   56    0.6347      2    0.1204    0.0000    0.0037      2    0.0011    0.0000
    4   58    0.4370      8    0.0985    0.0000    0.0030      8    0.0026    0.0000
    4   61    0.8998      5    0.5521    0.0000   -0.0054      5    0.0043    0.0000
    4   62   -0.2417      2    0.3208    0.0000    0.0039      2    0.0003    0.0000
    4   63    0.9597      2    0.1964    0.0000    0.0032      2    0.0011    0.0000
    4   68    0.5006      4    0.0317    0.0000    0.0018      4    0.0018    0.0000
    4   70   -0.1352      2    0.0019    0.0000   -0.0061      2    0.0010    0.0000
    4   72   -0.3225      2    0.4756    0.0000   -0.0008      2    0.0010    0.0000
    4   74    0.1699      2    0.1668    0.0000   -0.0014      2    0.0013    0.0000
    5   56    0.1125      3    0.2703    0.0000   -0.0000      3    0.0018    0.0000
    5   57    0.5992      2    0.1149    0.0000    0.0106      2    0.0002    0.0000
    5   58    0.3536      8    0.2994    0.0000    0.0045      7    0.0016   12.5000
    5   60    0.6239      3    0.3265    0.0000    0.0011      3    0.0009    0.0000
    5   61    0.8475      2    0.1097    0.0000   -0.0053      2    0.0029    0.0000
    5   62   -0.0159      2    0.1629    0.0000    0.0032      2    0.0004    0.0000
    5   63    0.8277      2    0.2240    0.0000    0.0052      2    0.0006    0.0000
    5   68    0.4531      3    0.0898    0.0000   -0.0001      3    0.0020    0.0000
    5   69    0.2731      2    0.5280    0.0000   -0.0029      2    0.0036    0.0000
    5   73    0.3467      3    0.0613    0.0000    0.0017      3    0.0009    0.0000
    6   57    1.0405      2    0.0313    0.0000    0.0092      2    0.0000    0.0000
    6   58    0.2504      6    0.2733    0.0000    0.0062      6    0.0018    0.0000
    6   60    0.4512      3    0.2300    0.0000   -0.0002      3    0.0018    0.0000
    6   61    0.9561      3    0.1649    0.0000   -0.0011      3    0.0012    0.0000
    6   62    0.2129      3    0.2663    0.0000    0.0017      3    0.0006    0.0000
    6   63    0.7873      2    0.4240    0.0000    0.0009      2    0.0014    0.0000
    6   67   -0.0717      2    0.0813    0.0000   -0.0011      2    0.0001    0.0000
    6   69   -0.0158      5    0.3030    0.0000   -0.0012      5    0.0035    0.0000
    6   73   -0.0658      5    0.2087    0.0000   -0.0004      5    0.0025    0.0000
    7   55    0.1797      3    0.6168    0.0000    0.0014      3    0.0016    0.0000
    7   57    0.9930      3    0.1749    0.0000    0.0073      3    0.0026    0.0000
    7   58    0.5273      8    0.4243    0.0000    0.0045      8    0.0036    0.0000
    7   60    0.5368      3    0.6651    0.0000   -0.0013      3    0.0017    0.0000
    7   62   -0.1408      2    0.1710    0.0000    0.0020      2    0.0013    0.0000
    7   64    0.7433      2    0.0735    0.0000    0.0019      2    0.0009    0.0000
    7   67    0.0711      2    0.1911    0.0000    0.0002      2    0.0003    0.0000
    7   69    0.0734      4    0.4211    0.0000   -0.0001      4    0.0026    0.0000
    7   72    0.0585      3    0.0175    0.0000   -0.0030      3    0.0021    0.0000
    8   55    0.8336      2    0.0959    0.0000    0.0013      2    0.0011    0.0000
    8   57    0.8272      2    0.1688    0.0000    0.0043      2    0.0018    0.0000
    8   58    0.5067      7    0.3316    0.0000    0.0037      7    0.0026    0.0000
    8   59    0.6026      3    0.3315    0.0000   -0.0017      3    0.0019    0.0000
    8   60    0.6827      3    0.0494    0.0000    0.0016      3    0.0019    0.0000
    8   63   -0.2932      2    0.1424    0.0000   -0.0008      2    0.0000    0.0000
    8   64    0.2471      2    0.0293    0.0000    0.0032      2    0.0019    0.0000
    8   66    0.0748      2    0.0473    0.0000    0.0014      2    0.0011    0.0000
    8   68   -0.2783      3    0.2111    0.0000   -0.0012      3    0.0004    0.0000
    8   69    1.0900      2    0.0524    0.0000    0.0010      2    0.0015    0.0000
    8   72    0.0038      2    0.2727    0.0000    0.0015      2    0.0003    0.0000
    8   73   -0.1409      2    0.3379    0.0000   -0.0019      2    0.0011    0.0000
    9   55   -0.0235      3    0.2266    0.0000    0.0024      3    0.0022    0.0000
    9   57    0.2144      4    0.3257    0.0000    0.0024      4    0.0021    0.0000
    9   58    0.3189      3    0.3865    0.0000    0.0003      3    0.0018    0.0000
    9   59    0.5107      5    0.2115    0.0000    0.0030      5    0.0026    0.0000
    9   60    0.5341      2    0.1974    0.0000   -0.0010      2    0.0014    0.0000
    9   63   -0.1888      2    0.0519    0.0000    0.0016      2    0.0016    0.0000
    9   64    0.7607      2    0.1942    0.0000    0.0020      2    0.0003    0.0000
    9   66    0.4164      2    0.0389    0.0000   -0.0008      2    0.0004    0.0000
    9   68   -0.4236      2    0.2641    0.0000    0.0003      2    0.0005    0.0000
    9   70    0.7646      2    0.2387    0.0000    0.0027      2    0.0010    0.0000
    9   71    0.0329      3    0.4194    0.0000   -0.0006      3    0.0012    0.0000
    9   74   -0.2536      2    0.1941    0.0000    0.0019      2    0.0007    0.0000
   10   55   -0.2608      2    0.1161    0.0000    0.0031      2    0.0016    0.0000
   10   57    0.4630      4    0.9783    0.0000    0.0035      4    0.0026    0.0000
   10   58    0.6558      2    0.4466    0.0000   -0.0019      2    0.0006    0.0000
   10   59    0.4085      7    0.3261    0.0000    0.0055      7    0.0034    0.0000
   10   63   -0.5009      2    0.0577    0.0000    0.0025      2    0.0006    0.0000
   10   64    0.2745      2    0.0544    0.0000    0.0067      2    0.0012    0.0000
   10   65   -0.1048      2    0.0743    0.0000    0.0005      2    0.0007    0.0000
   10   67   -0.0050      2    0.0985    0.0000    0.0028      2    0.0007    0.0000
   10   70    0.0820      5    0.2614    0.0000   -0.0006      5    0.0029    0.0000
   11   55    0.6262      3    0.1653    0.0000    0.0005      3    0.0018    0.0000
   11   56    0.8108      3    0.4390    0.0000    0.0062      3    0.0002    0.0000
   11   57    0.6595      3    0.1694    0.0000    0.0039      3    0.0019    0.0000
   11   58    0.5129      3    0.2661    0.0000   -0.0002      3    0.0015    0.0000
   11   59    0.5737      8    0.4901    0.0000    0.0052      8    0.0031    0.0000
   11   63   -0.4616      2    0.1577    0.0000    0.0008      2    0.0015    0.0000
   11   65    0.1870      5    0.2185    0.0000    0.0043      5    0.0016    0.0000
   11   67    0.0246      2    0.0386    0.0000    0.0052      2    0.0004    0.0000
   11   70    0.0026      3    0.2116    0.0000   -0.0037      3    0.0035    0.0000
   11   74   -0.2992      2    0.0147    0.0000    0.0009      2    0.0006    0.0000
   12   55   -0.0968      2    0.0867    0.0000   -0.0039      2    0.0004    0.0000
   12   56    1.4670      2    0.3413    0.0000    0.0080      2    0.0008    0.0000
   12   57    0.4440      3    0.1406    0.0000    0.0018      3    0.0003    0.0000
   12   58    0.1714      2    0.1648    0.0000    0.0057      2    0.0004    0.0000
   12   59    0.7038      6    0.3231    0.0000    0.0031      6    0.0026    0.0000
   12   63   -0.8361      2    0.0458    0.0000    0.0029      2    0.0022    0.0000
   12   64   -0.0787      2    0.0754    0.0000    0.0004      2    0.0008    0.0000
   12   65    0.3297      3    0.0646    0.0000    0.0029      3    0.0022    0.0000
   12   66   -0.1347      3    0.3123    0.0000    0.0027      3    0.0028    0.0000
   12   69    0.0053      3    0.1863    0.0000   -0.0008      3    0.0008    0.0000
   13   54   -0.1167      2    0.1012    0.0000   -0.0018      2    0.0010    0.0000
   13   56    0.7670      3    0.1404    0.0000    0.0058      3    0.0024    0.0000
   13   57    0.3772      6    0.2496    0.0000    0.0048      5    0.0011   16.6667
   13   58    0.7047      2    0.1063    0.0000   -0.0010      2    0.0011    0.0000
   13   59    0.6597      6    0.3433    0.0000    0.0034      5    0.0007   16.6667
   13   63   -1.2831      2    0.0554    0.0000    0.0055      2    0.0033    0.0000
   13   64   -0.1828      2    0.3206    0.0000    0.0026      2    0.0015    0.0000
   13   65   -0.1865      5    0.4492    0.0000    0.0018      5    0.0025    0.0000
   13   68    0.0300      4    0.3237    0.0000    0.0023      4    0.0021    0.0000
   13   71    0.9552      2    0.2237    0.0000    0.0037      2    0.0004    0.0000
   13   75   -0.3102      2    0.1258    0.0000    0.0097      2    0.0009    0.0000
   14   54   -0.2546      3    0.1960    0.0000    0.0002      3    0.0021    0.0000
   14   56    0.2144      2    0.0056    0.0000    0.0035      2    0.0011    0.0000
   14   57    0.4180      5    0.4487    0.0000    0.0032      5    0.0023    0.0000
   14   58    0.6319      3    0.3388    0.0000    0.0004      3    0.0023    0.0000
   14   59    0.1793      4    0.3295    0.0000    0.0031      4    0.0013    0.0000
   14   63    0.4890      2    0.0352    0.0000    0.0035      2    0.0018    0.0000
   14   64   -0.5324      4    0.4535    0.0000    0.0018      4    0.0020    0.0000
   14   65   -0.5298      4    0.4062    0.0000    0.0043      4    0.0015    0.0000
   14   67    0.1083      3    0.1511    0.0000    0.0044      3    0.0004    0.0000
   14   71    0.6577      2    0.0504    0.0000    0.0016      2    0.0019    0.0000
   15   54   -0.3514      3    0.0985    0.0000    0.0025      3    0.0007    0.0000
   15   56    0.2697      6    0.6743    0.0000    0.0049      6    0.0027    0.0000
   15   57   -0.1330      3    0.0624    0.0000    0.0026      3    0.0021    0.0000
   15   58    1.1493      3    0.1400    0.0000    0.0058      3    0.0007    0.0000
   15   59    0.1065      5    0.2649    0.0000    0.0052      5    0.0021    0.0000
   15   63   -0.2304      3    0.0732    0.0000    0.0077      3    0.0014    0.0000
   15   64   -0.6832      5    0.2578    0.0000    0.0039      5    0.0009    0.0000
   15   66    0.0754      4    0.3362    0.0000    0.0064      4    0.0009    0.0000
   16   54    0.5859      2    0.1142    0.0000    0.0055      2    0.0034    0.0000
   16   56    0.0793      6    0.4208    0.0000    0.0058      6    0.0029    0.0000
   16   57    0.5612      3    0.3167    0.0000    0.0093      3    0.0007    0.0000
   16   59    0.4665      5    0.5239    0.0000    0.0013      5    0.0018    0.0000
   16   62   -0.3220      4    0.1177    0.0000    0.0046      4    0.0009    0.0000
   16   63   -0.8455      3    0.3509    0.0000    0.0046      3    0.0015    0.0000
   16   64   -0.6826      3    0.0824    0.0000    0.0024      3    0.0015    0.0000
   16   65   -0.5416      2    0.2800    0.0000    0.0029      2    0.0001    0.0000
   16   66    0.4958      4    0.4852    0.0000    0.0031      4    0.0013    0.0000
   17   54    0.1365      3    0.2927    0.0000    0.0045      3    0.0033    0.0000
   17   55    0.5197      5    0.3658    0.0000    0.0078      5    0.0009    0.0000
   17   56    0.3579      4    0.2072    0.0000    0.0037      4    0.0024    0.0000
   17   57    0.3656      3    0.2298    0.0000    0.0045      3    0.0034    0.0000
   17   59    0.0266      4    0.5564    0.0000    0.0026      4    0.0020    0.0000
   17   62   -0.4793      3    0.1246    0.0000    0.0066      3    0.0020    0.0000
   17   63   -0.4733      2    0.0146    0.0000    0.0053      2    0.0016    0.0000
   17   64   -0.6921      5    0.2804    0.0000    0.0023      5    0.0017    0.0000
   17   65   -0.6480      2    0.2051    0.0000   -0.0013      2    0.0003    0.0000
   18   53    0.4078      2    0.3204    0.0000    0.0030      2    0.0010    0.0000
   18   55    0.3942      6    0.3352    0.0000    0.0075      6    0.0011    0.0000
   18   56   -0.2061      3    0.1790    0.0000    0.0052      3    0.0010    0.0000
   18   57    0.8388      2    0.3561    0.0000    0.0030      2    0.0015    0.0000
   18   59    0.2048      4    0.3414    0.0000    0.0049      4    0.0021    0.0000
   18   61    0.0769      3    0.2936    0.0000    0.0059      3    0.0010    0.0000
   18   62   -0.4131      4    0.4940    0.0000    0.0118      4    0.0019    0.0000
   18   63   -0.7492      2    0.0373    0.0000    0.0021      2    0.0005    0.0000
   18   64   -0.7870      4    0.3455    0.0000    0.0026      4    0.0019    0.0000
   18   66    0.8202      2    0.2802    0.0000    0.0026      2    0.0011    0.0000
   18   72    0.6018      2    0.1275    0.0000   -0.0037      2    0.0007    0.0000
   19   53   -0.1146      3    0.1470    0.0000    0.0006      3    0.0021    0.0000
   19   55    0.0776      4    0.1632    0.0000    0.0076      4    0.0033    0.0000
   19   56    0.4129      6    0.3153    0.0000    0.0049      6    0.0011    0.0000
   19   59   -0.0416      5    0.3568    0.0000    0.0042      5    0.0024    0.0000
   19   60   -0.2546      3    0.2161    0.0000    0.0014      3    0.0022    0.0000
   19   61   -0.0210      3    0.2346    0.0000    0.0082      3    0.0036    0.0000
   19   62   -0.0443      3    0.2811    0.0000    0.0084      3    0.0020    0.0000
   19   63   -0.7420      3    0.0428    0.0000    0.0049      3    0.0021    0.0000
   19   64   -0.9839      2    0.1594    0.0000   -0.0015      2    0.0007    0.0000
   19   66    0.7549      2    0.3274    0.0000    0.0063      2    0.0017    0.0000
   20   53   -0.1382      2    0.1050    0.0000    0.0028      2    0.0015    0.0000
   20   54    0.2641      3    0.1443    0.0000    0.0076      3    0.0007    0.0000
   20   55    0.3363      3    0.2403    0.0000    0.0079      3    0.0005    0.0000
   20   56    0.0660      5    0.1873    0.0000    0.0107      5    0.0032    0.0000
   20   59   -0.2148      6    0.2310    0.0000    0.0036      6    0.0014    0.0000
   20   60    0.2595      3    0.2788    0.0000    0.0055      3    0.0046    0.0000
   20   61   -0.4162      6    0.3882    0.0000    0.0089      6    0.0026    0.0000
   20   62   -0.3272      2    0.0801    0.0000    0.0046      2    0.0012    0.0000
   20   66    1.3882      2    0.3924    0.0000    0.0060      2    0.0005    0.0000
   20   72    0.3434      2    0.1231    0.0000   -0.0037      2    0.0027    0.0000
   20   76    0.2746      2    0.0224    0.0000    0.0060      2    0.0014    0.0000
   21   53    0.5445      4    0.4420    0.0000    0.0081      4    0.0015    0.0000
   21   54    0.7218      4    0.2232    0.0000    0.0074      4    0.0014    0.0000
   21   55    0.5530      5    0.3122    0.0000    0.0092      5    0.0021    0.0000
   21   56    0.1961      2    0.1289    0.0000    0.0077      2    0.0015    0.0000
   21   59    0.0118      8    0.2392    0.0000    0.0029      8    0.0025    0.0000
   21   60   -0.2175      7    0.2956    0.0000    0.0082      7    0.0022    0.0000
   21   61   -0.4929      2    0.3043    0.0000    0.0070      2    0.0016    0.0000
   21   65   -1.3217      2    0.2932    0.0000    0.0030      2    0.0003    0.0000
   22   53    0.1013      5    0.2159   16.6667    0.0072      6    0.0017    0.0000
   22   54    0.2334      3    0.2073    0.0000    0.0040      3    0.0017    0.0000
   22   55    0.2623      6    0.1909    0.0000    0.0065      6    0.0022    0.0000
   22   58   -0.0068      2    0.0705    0.0000    0.0032      2    0.0010    0.0000
   22   59   -0.1687     10    0.1673    9.0909    0.0068     11    0.0036    0.0000
   22   60   -0.2334      3    0.1471    0.0000    0.0068      3    0.0010    0.0000
   22   65   -1.1675      2    0.0681    0.0000    0.0038      2    0.0009    0.0000
   22   67    0.7530      2    0.2844    0.0000    0.0031      2    0.0001    0.0000
   22   73    0.3936      2    0.0382    0.0000   -0.0016      2    0.0014    0.0000
   23   52    0.1003      2    0.2762    0.0000    0.0029      2    0.0028    0.0000
   23   53    0.0852      4    0.4620    0.0000    0.0098      4    0.0021    0.0000
   23   54    0.2356      4    0.6604    0.0000    0.0045      4    0.0021    0.0000
   23   55    0.2462      4    0.3053    0.0000    0.0041      4    0.0014    0.0000
   23   58   -0.4576     11    0.4525    0.0000    0.0070     11    0.0045    0.0000
   23   59   -0.2909      4    0.1830    0.0000    0.0059      4    0.0017    0.0000
   23   60    0.0299      2    0.0638    0.0000    0.0054      2    0.0027    0.0000
   23   67    0.4378      2    0.3165    0.0000    0.0046      2    0.0006    0.0000
   24   52    0.3867      7    0.3413    0.0000    0.0059      7    0.0031    0.0000
   24   54    0.6020      6    0.3483   14.2857    0.0052      6    0.0006   14.2857
   24   55   -0.0542      3    0.1489    0.0000    0.0040      3    0.0004    0.0000
   24   57   -0.7221     12    0.5516    0.0000    0.0079     12    0.0028    0.0000
   24   58   -0.2312      2    0.0176    0.0000    0.0086      2    0.0014    0.0000
   24   59   -0.1407      3    0.4304    0.0000    0.0048      3    0.0025    0.0000
   24   60    0.0561      3    0.3087    0.0000    0.0060      3    0.0006    0.0000
   24   65   -0.5282      2    0.1774    0.0000    0.0002      2    0.0011    0.0000
   24   73    0.9365      2    0.0132    0.0000    0.0063      2    0.0001    0.0000
   25   52    0.0853      5    0.2812    0.0000    0.0093      5    0.0056    0.0000
   25   54    0.2305      5    0.3437    0.0000    0.0053      5    0.0015    0.0000
   25   55    0.2925      2    0.3946    0.0000   -0.0004      2    0.0027    0.0000
   25   56   -0.1397     10    0.5691    0.0000    0.0122      9    0.0037   10.0000
   25   57   -0.3057      3    0.2600    0.0000    0.0167      3    0.0014    0.0000
   25   59    0.0823      2    0.1193    0.0000    0.0030      2    0.0002    0.0000
   25   60    0.2004      2    0.0381    0.0000    0.0091      2    0.0005    0.0000
   25   65   -0.2946      2    0.1571    0.0000    0.0001      2    0.0011    0.0000
   25   67    0.7121      2    0.0107    0.0000    0.0048      2    0.0006    0.0000
   26   51    0.4460      4    0.4316    0.0000    0.0118      4    0.0033    0.0000
   26   52   -0.0912      3    0.1965    0.0000    0.0046      3    0.0012    0.0000
   26   53    0.3956      6    0.3521    0.0000    0.0089      6    0.0017    0.0000
   26   54   -0.4498      2    0.0374    0.0000    0.0056      2    0.0030    0.0000
   26   55   -0.2686     10    0.6758    0.0000    0.0107     10    0.0037    0.0000
   26   56   -0.0214      6    0.4482    0.0000    0.0126      6    0.0062    0.0000
   26   59   -0.2683      2    0.2047    0.0000    0.0055      2    0.0001    0.0000
   26   60    0.1942      2    0.0917    0.0000    0.0120      2    0.0026    0.0000
   26   65   -0.5313      2    0.0570    0.0000    0.0012      2    0.0022    0.0000
   26   67    0.5952      2    0.0006    0.0000    0.0046      2    0.0023    0.0000
   27   51    1.1757      2    0.1169    0.0000    0.0152      2    0.0006    0.0000
   27   52   -0.0517      3    0.1245    0.0000    0.0050      3    0.0006    0.0000
   27   53   -0.0458      9    0.5477    0.0000    0.0085      8    0.0023   11.1111
   27   54   -0.3150      8    0.3709    0.0000    0.0087      8    0.0019    0.0000
   27   55   -0.1834      7    0.4329    0.0000    0.0129      7    0.0048    0.0000
   27   59   -0.5967      2    0.2762    0.0000    0.0107      2    0.0007    0.0000
   27   60    0.0865      2    0.2866    0.0000    0.0097      2    0.0006    0.0000
   27   65   -0.4854      2    0.1587    0.0000    0.0011      2    0.0006    0.0000
   28   50    0.6601      4    0.4610    0.0000    0.0131      4    0.0011    0.0000
   28   51   -0.3040      3    0.1849    0.0000    0.0090      3    0.0015    0.0000
   28   52    0.3919      5    0.3189    0.0000    0.0106      5    0.0021    0.0000
   28   53    0.3156      6    0.5115    0.0000    0.0099      6    0.0011    0.0000
   28   54    0.1442     12    0.2783    0.0000    0.0096     12    0.0071    0.0000
   28   59   -0.3796      2    0.3494    0.0000    0.0117      2    0.0017    0.0000
   28   60    0.3600      2    0.1483    0.0000    0.0123      2    0.0025    0.0000
   28   68    0.6834      2    0.4145    0.0000   -0.0036      2    0.0003    0.0000
   29   50   -0.2268      2    0.1215    0.0000    0.0109      2    0.0026    0.0000
   29   51   -0.2070      6    0.4185    0.0000    0.0114      6    0.0012    0.0000
   29   52   -0.2743      6    0.3519    0.0000    0.0100      6    0.0021    0.0000
   29   53    0.4026      9    0.2801   10.0000    0.0093     10    0.0051    0.0000
   29   54    0.2107      4    0.3373    0.0000    0.0064      4    0.0048    0.0000
   29   59   -0.6812      2    0.4223    0.0000    0.0110      2    0.0007    0.0000
   29   60    0.0410      3    0.0995    0.0000    0.0163      3    0.0020    0.0000
   29   65   -0.3374      2    0.3181    0.0000    0.0034      2    0.0007    0.0000
   30   49    0.5246      4    0.4096    0.0000    0.0131      4    0.0038    0.0000
   30   50   -0.4252      4    0.0552    0.0000    0.0106      4    0.0022    0.0000
   30   51   -0.2537      7    0.7235    0.0000    0.0120      7    0.0018    0.0000
   30   52    0.3685      9    0.2087   10.0000    0.0096     10    0.0046    0.0000
   30   53    0.3876      3    0.1263    0.0000    0.0110      3    0.0046    0.0000
   30   54   -0.3685      3    0.1908    0.0000    0.0029      3    0.0025    0.0000
   30   59    0.1296      3    0.2152    0.0000    0.0084      3    0.0032    0.0000
   30   60    0.5198      2    0.0204    0.0000    0.0127      2    0.0011    0.0000
   30   68    0.7400      2    0.4180    0.0000   -0.0058      2    0.0021    0.0000
   31   48    0.5967      2    0.5531    0.0000    0.0115      2    0.0018    0.0000
   31   49    0.2647      7    0.3789    0.0000    0.0122      7    0.0020    0.0000
   31   51    0.3329      9    0.4039    0.0000    0.0144      8    0.0023   11.1111
   31   52    0.4000      9    0.2114    0.0000    0.0099      9    0.0063    0.0000
   31   53   -0.3028      2    0.0621    0.0000    0.0057      2    0.0001    0.0000
   31   59   -0.0851      2    0.1145    0.0000    0.0095      2    0.0009    0.0000
   31   60    0.6719      2    0.0959    0.0000    0.0124      2    0.0002    0.0000
   31   66   -0.3301      2    0.2699    0.0000    0.0032      2    0.0001    0.0000
   31   74    0.6150      2    0.2899    0.0000    0.0039      2    0.0003    0.0000
   32   48    0.3349      9    0.6870    0.0000    0.0117      9    0.0035    0.0000
   32   50   -0.1830      7    0.2273    0.0000    0.0084      7    0.0043    0.0000
   32   51    0.2853     10    0.3594    0.0000    0.0070     10    0.0073    0.0000
   32   52    0.0308      3    0.2572    0.0000    0.0088      3    0.0018    0.0000
   32   53    0.4532      3    0.2197    0.0000    0.0035      3    0.0029    0.0000
   32   59   -0.0461      2    0.1452    0.0000    0.0066      2    0.0018    0.0000
   32   60    0.2522      2    0.0826    0.0000    0.0062      2    0.0012    0.0000
   32   68    0.2461      2    0.1428    0.0000   -0.0022      2    0.0014    0.0000
   33   46   -0.2570      2    0.1711    0.0000    0.0098      2    0.0006    0.0000
   33   47    0.1253      6    0.1159   14.2857    0.0127      7    0.0032    0.0000
   33   50   -0.2188     15    0.4420    0.0000    0.0097     15    0.0055    0.0000
   33   52    0.2545      3    0.0312    0.0000    0.0057      3    0.0013    0.0000
   33   53    0.5642      2    0.2835    0.0000    0.0063      2    0.0012    0.0000
   33   59   -0.2546      2    0.1703    0.0000    0.0086      2    0.0014    0.0000
   33   60    0.3854      2    0.1051    0.0000    0.0089      2    0.0019    0.0000
   33   66   -0.1019      2    0.2685    0.0000    0.0027      2    0.0026    0.0000
   33   68   -0.0389      2    0.0588    0.0000   -0.0009      2    0.0006    0.0000
   34   45   -0.1153      3    0.3511    0.0000    0.0123      3    0.0028    0.0000
   34   46   -0.2567      3    0.2923    0.0000    0.0121      3    0.0016    0.0000
   34   47    0.3717      4    0.3198    0.0000    0.0156      4    0.0014    0.0000
   34   49    0.1714      9    0.2932    0.0000    0.0107      9    0.0075    0.0000
   34   50    0.0612      6    0.4910    0.0000    0.0116      6    0.0040    0.0000
   34   51   -0.2172      2    0.1310    0.0000    0.0024      2    0.0039    0.0000
   34   53    0.3421      3    0.1576    0.0000    0.0065      3    0.0014    0.0000
   34   59   -0.0915      2    0.6421    0.0000    0.0052      2    0.0015    0.0000
   34   60    0.6720      2    0.0490    0.0000    0.0089      2    0.0015    0.0000
   34   66   -0.6409      2    0.1669    0.0000    0.0006      2    0.0016    0.0000
   35   44    0.8889      4    0.4825    0.0000    0.0085      4    0.0030    0.0000
   35   45   -0.0970      2    0.0157    0.0000    0.0069      2    0.0018    0.0000
   35   46   -0.0283      3    0.3292    0.0000    0.0140      3    0.0027    0.0000
   35   47    0.0960      2    0.3500    0.0000    0.0139      2    0.0002    0.0000
   35   48    0.0424      8    0.5167    0.0000    0.0121      8    0.0067    0.0000
   35   49    0.1445      6    0.3666    0.0000    0.0092      6    0.0031    0.0000
   35   50   -0.2107      3    0.3381    0.0000    0.0083      3    0.0003    0.0000
   35   51    0.2700      3    0.0981    0.0000   -0.0013      3    0.0010    0.0000
   35   53    0.1962      2    0.1275    0.0000    0.0048      2    0.0014    0.0000
   35   59    0.2772      3    0.6833    0.0000    0.0050      3    0.0039    0.0000
   35   60    0.2328      3    0.1028    0.0000    0.0076      3    0.0013    0.0000
   35   66   -0.6246      2    0.1229    0.0000    0.0014      2    0.0003    0.0000
   36   43    0.3526      8    0.5115    0.0000    0.0084      8    0.0016    0.0000
   36   44    0.6151      7    0.4971    0.0000    0.0088      7    0.0026    0.0000
   36   45    0.7362      4    0.3411    0.0000    0.0057      4    0.0008    0.0000
   36   46    0.5520      8    0.4377    0.0000    0.0116      8    0.0054    0.0000
   36   47   -0.0688     10    0.4060    0.0000    0.0114     10    0.0036    0.0000
   36   48    0.0723      8    0.5519    0.0000    0.0098      8    0.0023    0.0000
   36   49    0.0625      9    0.6108    0.0000    0.0097      9    0.0037    0.0000
   36   50    0.0314      6    0.1471    0.0000    0.0024      5    0.0012   16.6667
   36   51    0.0741      7    0.4017    0.0000    0.0009      7    0.0031    0.0000
   36   52    0.1892      7    0.3336    0.0000    0.0088      6    0.0025   14.2857
   36   53    0.5442      4    0.2631    0.0000    0.0087      4    0.0015    0.0000
   36   59   -0.4299      2    0.3697    0.0000    0.0095      2    0.0001    0.0000
   36   60    0.1515      2    0.0493    0.0000    0.0094      2    0.0002    0.0000
   36   68    0.7688      2    0.1581    0.0000   -0.0021      2    0.0004    0.0000
   37   35    0.2004      2    0.1398    0.0000    0.0043      2    0.0039    0.0000
   37   36    0.3416      5    0.7677    0.0000   -0.0004      5    0.0014    0.0000
   37   37    0.7451      4    0.2457    0.0000    0.0020      4    0.0019    0.0000
   37   38    0.7467      5    0.3319    0.0000    0.0081      5    0.0022    0.0000
   37   39    0.4937      4    0.5767    0.0000    0.0114      4    0.0017    0.0000
   37   40    0.2491      5    0.6705    0.0000    0.0041      5    0.0041    0.0000
   37   41    0.4330      8    0.4244    0.0000    0.0092      8    0.0061    0.0000
   37   42    0.3499     15    0.4313    6.2500    0.0109     15    0.0057    6.2500
   37   43    0.5667     11    0.6694    0.0000    0.0165     11    0.0074    0.0000
   37   44    0.5784      8    0.6609    0.0000    0.0154      8    0.0055    0.0000
   37   45    0.5297     13    0.3488    0.0000    0.0137     12    0.0033    7.6923
   37   46   -0.0140     14    0.3448    6.6667    0.0121     15    0.0034    0.0000
   37   47    0.3344     14    0.2895    6.6667    0.0099     14    0.0022    6.6667
   37   48    0.1389     10    0.4367    9.0909    0.0115     11    0.0034    0.0000
   37   49    0.1197     11    0.4060    0.0000    0.0098     11    0.0014    0.0000
   37   50   -0.0622      9    0.3525    0.0000    0.0077      9    0.0028    0.0000
   37   51   -0.4970     11    0.3434    8.3333    0.0035     12    0.0025    0.0000
   37   52    0.0912     10    0.2518    9.0909    0.0042     11    0.0031    0.0000
   37   53    0.2941      7    0.3958    0.0000    0.0018      7    0.0021    0.0000
   37   54    0.7160      5    0.3858    0.0000    0.0011      5    0.0024    0.0000
   37   55    0.0980      4    0.0510    0.0000    0.0002      4    0.0022    0.0000
   37   56    0.4860      4    0.1275    0.0000    0.0012      4    0.0028    0.0000
   37   57   -0.2836      4    0.3908    0.0000    0.0028      4    0.0008    0.0000
   37   58   -0.2218      5    0.3369    0.0000    0.0029      5    0.0025    0.0000
   37   59   -0.6098      2    0.0927    0.0000    0.0057      2    0.0003    0.0000
   37   60    0.7246      2    0.3659    0.0000    0.0095      2    0.0014    0.0000
   37   66   -0.6835      2    0.2225    0.0000    0.0056      2    0.0017    0.0000
   37   75    0.6060      2    0.5133    0.0000    0.0014      2    0.0016    0.0000
   38   31    1.8193      2    0.5874    0.0000   -0.0054      2    0.0034    0.0000
   38   32    1.6045      5    0.4258    0.0000   -0.0004      5    0.0032    0.0000
   38   33    0.4984      5    0.3255    0.0000    0.0054      5    0.0030    0.0000
   38   34   -0.0597      4    0.5210    0.0000    0.0011      4    0.0036    0.0000
   38   35    0.5347      3    0.7788    0.0000   -0.0027      3    0.0018    0.0000
   38   37    0.6366      6    0.7786    0.0000    0.0075      5    0.0017   16.6667
   38   38    0.0893      9    0.2948   10.0000    0.0115     10    0.0037    0.0000
   38   39    0.0962      8    0.9879    0.0000    0.0125      7    0.0023   12.5000
   38   40    0.2815     10    0.5419    0.0000    0.0082     10    0.0024    0.0000
   38   41   -0.0287      9    0.4732    0.0000    0.0083      9    0.0058    0.0000
   38   42    0.1472      4    0.6973    0.0000    0.0100      4    0.0030    0.0000
   38   45    0.4292      7    0.3372   12.5000    0.0152      8    0.0048    0.0000
   38   46    0.2187      6    0.4593    0.0000    0.0073      5    0.0017   16.6667
   38   48    0.2382      3    0.3516    0.0000    0.0161      3    0.0045    0.0000
   38   49   -0.2807      3    0.4565    0.0000    0.0077      3    0.0015    0.0000
   38   50    0.2027      3    0.3475    0.0000   -0.0072      3    0.0024    0.0000
   38   52    0.4082      3    0.5287    0.0000    0.0102      3    0.0030    0.0000
   38   53    0.3007      2    0.3524    0.0000   -0.0015      2    0.0023    0.0000
   38   54    0.5025      6    0.0721   14.2857    0.0017      7    0.0024    0.0000
   38   55    0.0745      8    0.1902   11.1111   -0.0021      9    0.0029    0.0000
   38   56    0.1793      6    0.8163    0.0000   -0.0015      6    0.0039    0.0000
   38   57   -0.2762      4    0.2255    0.0000   -0.0007      4    0.0008    0.0000
   38   59   -0.1735      6    0.1659    0.0000    0.0020      6    0.0062    0.0000
   38   60    0.2372      6    0.3478    0.0000   -0.0006      6    0.0051    0.0000
   38   61   -0.2899      3    0.4180    0.0000   -0.0057      3    0.0020    0.0000
   38   66   -0.7575      2    0.0361    0.0000    0.0076      2    0.0004    0.0000
   38   69    0.4253      2    0.1063    0.0000    0.0002      2    0.0004    0.0000
   39   14    3.5701      3    1.8570    0.0000   -0.0204      3    0.0037    0.0000
   39   16    2.4399      5    1.2665    0.0000    0.0186      5    0.0118    0.0000
   39   17   -2.6156      5    1.7261    0.0000   -0.0157      5    0.0108    0.0000
   39   28    1.8031      3    0.3034    0.0000   -0.0126      3    0.0031    0.0000
   39   29    0.9098      5    0.4141    0.0000    0.0003      5    0.0033    0.0000
   39   30   -0.2499      4    1.4192    0.0000   -0.0014      4    0.0015    0.0000
   39   31    0.7625      3    0.1946    0.0000   -0.0017      3    0.0022    0.0000
   39   34   -0.2451      8    0.6129    0.0000    0.0055      8    0.0030    0.0000
   39   35    0.7576      9    0.6417   10.0000    0.0073      9    0.0033   10.0000
   39   36   -0.6731      9    0.2266   10.0000    0.0063      9    0.0018   10.0000
   39   37   -0.2614      4    0.8659    0.0000    0.0100      4    0.0039    0.0000
   39   40    0.3498      6    0.5894    0.0000    0.0081      6    0.0037    0.0000
   39   44   -0.5696      9    0.4898    0.0000    0.0206      8    0.0024   11.1111
   39   45    0.2762      6    0.4621    0.0000    0.0048      5    0.0006   16.6667
   39   47    0.5292      4    0.3241    0.0000    0.0129      4    0.0032    0.0000
   39   49   -0.6611      3    0.2414    0.0000    0.0103      3    0.0026    0.0000
   39   50   -0.2114      3    0.2871    0.0000   -0.0011      3    0.0006    0.0000
   39   52   -0.2190      2    0.2087    0.0000    0.0073      2    0.0022    0.0000
   39   56    0.2480      3    0.1453    0.0000   -0.0025      3    0.0017    0.0000
   39   57   -0.0556      4    0.2493    0.0000   -0.0060      4    0.0039    0.0000
   39   58    0.4615      6    0.4551    0.0000   -0.0063      6    0.0038    0.0000
   39   59    0.2500      6    0.2556    0.0000   -0.0025      6    0.0044    0.0000
   39   60    0.1011      5    0.3268    0.0000    0.0005      5    0.0053    0.0000
   39   62   -0.1091      4    0.4003    0.0000   -0.0079      4    0.0005    0.0000
   39   63   -0.2396      3    0.3431    0.0000   -0.0025      3    0.0013    0.0000
   40   13   -1.4904      3    1.3251    0.0000    0.0145      3    0.0080    0.0000
   40   15    2.6087      6    1.7855    0.0000   -0.0252      6    0.0077    0.0000
   40   16    2.1724      5    2.2339    0.0000   -0.0224      5    0.0109    0.0000
   40   18   -1.9494      5    1.4786    0.0000   -0.0275      5    0.0065    0.0000
   40   19    0.8475      6    1.5847    0.0000    0.0036      6    0.0073    0.0000
   40   20   -0.9242      4    0.7623    0.0000   -0.0042      4    0.0057    0.0000
   40   25    0.8899      2    1.5692    0.0000   -0.0113      2    0.0018    0.0000
   40   26   -0.8718      5    0.3919    0.0000   -0.0107      5    0.0035    0.0000
   40   27    0.3038      5    0.8623    0.0000   -0.0027      5    0.0029    0.0000
   40   28    0.6309      2    1.5835    0.0000   -0.0049      2    0.0023    0.0000
   40   31    1.0086      7    0.5514    0.0000    0.0069      7    0.0042    0.0000
   40   32    0.2427      9    0.7452   10.0000    0.0064      9    0.0033   10.0000
   40   33    0.2703      9    0.4418   10.0000    0.0149     10    0.0039    0.0000
   40   39    0.0219      5    0.5971    0.0000    0.0113      5    0.0038    0.0000
   40   43    0.1401      5    0.4716    0.0000    0.0189      5    0.0032    0.0000
   40   44   -0.4813      7    0.4729   12.5000    0.0130      8    0.0052    0.0000
   40   47    0.3488      3    0.5574    0.0000    0.0115      3    0.0009    0.0000
   40   48   -0.7829      2    0.1872    0.0000    0.0134      2    0.0022    0.0000
   40   50    0.0320      3    0.2911    0.0000    0.0031      3    0.0022    0.0000
   40   51   -0.6093      3    0.3150    0.0000    0.0082      3    0.0024    0.0000
   40   58   -0.0153      2    0.0070    0.0000   -0.0086      2    0.0000    0.0000
   40   59   -0.0463      6    0.5303    0.0000   -0.0044      6    0.0061    0.0000
   40   60   -0.1867      5    0.2023    0.0000   -0.0001      5    0.0081    0.0000
   40   61    0.2163      4    0.2124    0.0000   -0.0012      4    0.0007    0.0000
   40   63   -0.1624      2    0.1718    0.0000   -0.0029      2    0.0003    0.0000
   40   64   -0.1040      4    0.3654    0.0000   -0.0007      4    0.0029    0.0000
   40   66   -0.6879      2    0.4146    0.0000    0.0060      2    0.0011    0.0000
   40   69    0.2898      2    0.1490    0.0000    0.0019      2    0.0010    0.0000
   41   13   -0.6583      7    1.1704    0.0000    0.0204      7    0.0113    0.0000
   41   14   -0.9796      8    2.3492    0.0000    0.0192      8    0.0062    0.0000
   41   15    0.6940      5    1.1853    0.0000   -0.0012      5    0.0075    0.0000
   41   16   -0.6367      5    1.9096    0.0000   -0.0184      5    0.0098    0.0000
   41   17    0.8831     11    2.2283    0.0000   -0.0074     10    0.0069    9.0909
   41   18   -0.4975      9    1.9246   10.0000   -0.0046     10    0.0085    0.0000
   41   19   -1.0278      5    1.4568    0.0000   -0.0057      5    0.0062    0.0000
   41   20    1.9476      6    2.0087    0.0000   -0.0128      5    0.0018   16.6667
   41   21    1.0601     10    1.7404    0.0000   -0.0169     10    0.0064    0.0000
   41   22    0.9502      9    1.5781    0.0000   -0.0171      9    0.0041    0.0000
   41   23   -0.5533      3    0.2935    0.0000    0.0011      3    0.0085    0.0000
   41   24    0.3673      6    0.9063    0.0000    0.0027      6    0.0033    0.0000
   41   25    0.4143      5    0.5683    0.0000   -0.0186      5    0.0024    0.0000
   41   26   -0.1002      5    0.4610    0.0000    0.0008      5    0.0031    0.0000
   41   27    0.6894      5    0.6437    0.0000    0.0005      5    0.0031    0.0000
   41   28    1.7893      8    0.7978    0.0000   -0.0005      8    0.0044    0.0000
   41   29    0.6573     13    0.9029    7.1429    0.0055     14    0.0065    0.0000
   41   30   -0.4727     15    0.5789    6.2500    0.0043     16    0.0055    0.0000
   41   31    1.2277      8    0.8694    0.0000    0.0032      8    0.0029    0.0000
   41   32    0.7405      5    1.4406    0.0000   -0.0046      5    0.0041    0.0000
   41   33    1.0047      6    0.9932    0.0000    0.0063      6    0.0048    0.0000
   41   34    1.6324      5    0.6920    0.0000    0.0078      5    0.0017    0.0000
   41   35    0.4962      5    0.5957    0.0000    0.0055      5    0.0029    0.0000
   41   36    0.2574      5    1.3159    0.0000    0.0010      5    0.0100    0.0000
   41   37    0.5286      6    0.7245    0.0000    0.0090      6    0.0035    0.0000
   41   38   -0.0426     10    0.5770    0.0000    0.0099     10    0.0038    0.0000
   41   39    0.1135      4    0.3659    0.0000    0.0168      4    0.0042    0.0000
   41   42    0.2313      3    0.4441    0.0000    0.0182      3    0.0028    0.0000
   41   43    0.3766      9    0.5038    0.0000    0.0134      9    0.0017    0.0000
   41   44    0.0307      2    0.1579    0.0000    0.0118      2    0.0009    0.0000
   41   46    0.7025      3    0.4732    0.0000    0.0110      3    0.0037    0.0000
   41   48    0.0204      3    0.3864    0.0000    0.0135      3    0.0027    0.0000
   41   49   -0.4137      2    0.3393    0.0000    0.0029      2    0.0026    0.0000
   41   51   -0.3007      3    0.3650    0.0000    0.0074      3    0.0003    0.0000
   41   59   -0.3669      2    0.0473    0.0000    0.0097      2    0.0014    0.0000
   41   60   -0.2459      6    0.2690    0.0000   -0.0032      6    0.0085    0.0000
   41   61   -0.2108      2    0.1294    0.0000   -0.0106      2    0.0000    0.0000
   41   62   -0.7058      3    0.1899    0.0000   -0.0009      3    0.0006    0.0000
   41   63    0.0119      4    0.3150    0.0000   -0.0022      4    0.0026    0.0000
   41   65   -0.0638      3    0.2230    0.0000    0.0009      3    0.0009    0.0000
   41   66   -0.4173      4    0.3466    0.0000    0.0037      4    0.0030    0.0000
   42   13    0.1019      2    2.4277    0.0000    0.0192      2    0.0031    0.0000
   42   14   -2.5590      4    2.0403    0.0000    0.0196      4    0.0056    0.0000
   42   15   -1.6796      6    0.8397    0.0000    0.0194      6    0.0031    0.0000
   42   16   -0.4570      3    1.4013    0.0000    0.0201      3    0.0017    0.0000
   42   19   -0.0112      6    1.3810    0.0000   -0.0099      6    0.0070    0.0000
   42   20    0.5595      3    1.0458    0.0000   -0.0140      3    0.0039    0.0000
   42   21    0.5515      7    0.5340   12.5000   -0.0001      8    0.0047    0.0000
   42   22   -0.7226     13    0.8516    0.0000   -0.0108     13    0.0052    0.0000
   42   23   -0.6378     16    1.1154    5.8824   -0.0085     16    0.0073    5.8824
   42   24    0.4138     15    0.9067    0.0000   -0.0004     15    0.0065    0.0000
   42   25    0.5114      9    0.6211    0.0000   -0.0072      8    0.0033   11.1111
   42   26   -0.2872      8    1.0612    0.0000    0.0039      8    0.0049    0.0000
   42   27    0.3400     13    0.8397    0.0000    0.0038     13    0.0045    0.0000
   42   28    1.2029      9    0.9243    0.0000   -0.0015      8    0.0034   11.1111
   42   34   -0.1830      5    1.2179    0.0000   -0.0072      5    0.0013    0.0000
   42   35    0.3838      5    0.5402    0.0000   -0.0043      5    0.0025    0.0000
   42   36    1.2208      6    0.3384   14.2857    0.0025      7    0.0065    0.0000
   42   37    0.8277      8    0.6991    0.0000    0.0068      8    0.0040    0.0000
   42   38    1.1233      5    0.5040    0.0000    0.0099      5    0.0011    0.0000
   42   39    0.2655      6    0.4403    0.0000    0.0108      6    0.0026    0.0000
   42   40    0.5993      9    0.7026    0.0000    0.0059      9    0.0041    0.0000
   42   41    0.3783     12    0.5375    7.6923    0.0084     13    0.0049    0.0000
   42   42    0.4684     14    0.3694    6.6667    0.0113     15    0.0053    0.0000
   42   43    0.3998     13    0.3459    0.0000    0.0097     12    0.0040    7.6923
   42   44   -0.6220      4    0.3760    0.0000    0.0029      4    0.0048    0.0000
   42   45   -0.1116      5    0.3465    0.0000    0.0062      5    0.0021    0.0000
   42   46    0.1608      8    0.2650    0.0000    0.0067      8    0.0064    0.0000
   42   47    0.1296      3    0.3363    0.0000    0.0062      3    0.0020    0.0000
   42   48   -0.3909      3    0.1338    0.0000    0.0132      3    0.0014    0.0000
   42   49   -0.2229      3    0.1528    0.0000    0.0110      3    0.0027    0.0000
   42   51    0.0487      3    0.5025    0.0000    0.0096      3    0.0017    0.0000
   42   58   -0.1982      2    0.2122    0.0000    0.0083      2    0.0006    0.0000
   42   60   -0.3477      3    0.0619    0.0000    0.0095      3    0.0014    0.0000
   42   61   -0.1653      2    0.0249    0.0000   -0.0063      2    0.0015    0.0000
   42   62   -0.0404      3    0.1520    0.0000   -0.0024      3    0.0016    0.0000
   42   64   -0.0312      4    0.2068    0.0000   -0.0049      4    0.0014    0.0000
   42   66    0.1670      3    0.3778    0.0000    0.0011      3    0.0018    0.0000
   42   67   -0.1112      2    0.0819    0.0000   -0.0033      2    0.0031    0.0000
   42   69    0.8296      2    0.0230    0.0000    0.0013      2    0.0008    0.0000
   43   14    0.5992      3    1.7931    0.0000    0.0279      3    0.0038    0.0000
   43   15    1.6197      4    1.5562    0.0000    0.0201      4    0.0124    0.0000
   43   16    0.7391      3    0.7913    0.0000    0.0224      3    0.0103    0.0000
   43   17   -0.9495      5    1.2256    0.0000    0.0154      5    0.0021    0.0000
   43   18    0.1394      4    1.5855    0.0000    0.0130      4    0.0016    0.0000
   43   19    1.3215      9    0.7250   10.0000   -0.0006     10    0.0070    0.0000
   43   20    0.7390     13    1.0305    7.1429   -0.0031     13    0.0033    7.1429
   43   21    0.0067      8    1.2070    0.0000   -0.0010      8    0.0062    0.0000
   43   24    0.6175      4    0.7380    0.0000    0.0017      4    0.0039    0.0000
   43   25    0.8415     16    0.7037    5.8824   -0.0058     15    0.0038   11.7647
   43   26    0.3660     10    1.1510    0.0000    0.0024      9    0.0028   10.0000
   43   27   -0.0349      2    0.8810    0.0000    0.0027      2    0.0012    0.0000
   43   28    1.3487      5    0.5618    0.0000    0.0008      5    0.0045    0.0000
   43   29   -0.7649      8    0.3170   11.1111   -0.0050      8    0.0026   11.1111
   43   30   -0.3642      8    0.9215    0.0000   -0.0015      7    0.0033   12.5000
   43   31    0.9617      5    0.4304    0.0000    0.0027      5    0.0044    0.0000
   43   32    1.0430      5    0.3561    0.0000   -0.0059      5    0.0070    0.0000
   43   33    0.2276      3    0.6869    0.0000    0.0005      3    0.0048    0.0000
   43   35   -0.0922      3    0.2043    0.0000    0.0116      3    0.0018    0.0000
   43   36    0.1662      4    0.6423    0.0000    0.0077      4    0.0024    0.0000
   43   41    0.1865      5    0.3905    0.0000    0.0185      5    0.0043    0.0000
   43   42    0.6069      8    0.5468    0.0000    0.0148      8    0.0038    0.0000
   43   43   -0.2069      2    0.3424    0.0000    0.0095      2    0.0012    0.0000
   43   44    0.5676      5    0.1508    0.0000    0.0150      5    0.0036    0.0000
   43   45    0.2617      9    0.4739    0.0000    0.0110      9    0.0023    0.0000
   43   47    0.1001      2    0.2175    0.0000    0.0052      2    0.0020    0.0000
   43   48    0.1058      7    0.3782    0.0000    0.0100      7    0.0030    0.0000
   43   49   -0.2549      8    0.3972    0.0000    0.0044      7    0.0012   12.5000
   43   50   -0.3730      6    0.3444    0.0000    0.0035      6    0.0040    0.0000
   43   51   -0.1822      3    0.0566    0.0000    0.0021      3    0.0065    0.0000
   43   58   -0.0724      2    0.3497    0.0000    0.0062      2    0.0007    0.0000
   43   60    0.1310      2    0.1071    0.0000    0.0109      2    0.0023    0.0000
   43   63    0.3326      4    0.2194    0.0000   -0.0069      4    0.0012    0.0000
   43   65   -0.0079      4    0.5188    0.0000   -0.0046      4    0.0007    0.0000
   43   66   -0.1495      3    0.4355    0.0000   -0.0000      3    0.0031    0.0000
   43   67   -0.2751      2    0.3017    0.0000   -0.0067      2    0.0015    0.0000
   43   68    0.1638      2    0.1441    0.0000   -0.0040      2    0.0008    0.0000
   44   15    0.2887      7    1.1105    0.0000    0.0109      7    0.0087    0.0000
   44   16    1.2394      8    1.0418    0.0000    0.0027      7    0.0044   12.5000
   44   17    0.7269     10    1.2211    0.0000    0.0020     10    0.0075    0.0000
   44   18   -0.8605     13    1.4195    0.0000    0.0110     13    0.0081    0.0000
   44   22    0.3984      8    0.9720    0.0000   -0.0059      8    0.0082    0.0000
   44   23    0.2644     12    0.6373    0.0000   -0.0038     11    0.0027    8.3333
   44   24    0.7305      7    0.9528    0.0000    0.0004      7    0.0040    0.0000
   44   25   -0.9350      2    0.2722    0.0000   -0.0139      2    0.0010    0.0000
   44   26   -1.2638      7    1.1447    0.0000   -0.0064      7    0.0068    0.0000
   44   27   -0.0647     11    1.2965    0.0000    0.0010     11    0.0050    0.0000
   44   28    1.3531      5    0.8570    0.0000   -0.0048      5    0.0027    0.0000
   44   30   -1.0057      2    0.2218    0.0000   -0.0024      2    0.0037    0.0000
   44   31    0.9570      5    0.8582    0.0000   -0.0016      5    0.0041    0.0000
   44   32    0.1540      5    0.6908    0.0000   -0.0048      5    0.0046    0.0000
   44   34    0.5060      3    0.5845    0.0000    0.0086      3    0.0064    0.0000
   44   35    0.2266      3    0.3090    0.0000    0.0081      3    0.0026    0.0000
   44   40    0.1140      5    0.5292    0.0000    0.0166      5    0.0035    0.0000
   44   41    0.2967      9    0.6427    0.0000    0.0099      9    0.0079    0.0000
   44   45    0.3180      3    0.5205    0.0000    0.0130      3    0.0012    0.0000
   44   46   -0.0042      5    0.6667    0.0000    0.0052      5    0.0039    0.0000
   44   47   -0.4174      8    0.6825    0.0000    0.0110      8    0.0028    0.0000
   44   49   -0.0684      3    0.3334    0.0000    0.0058      3    0.0014    0.0000
   44   50    0.0294      3    0.0912    0.0000    0.0041      3    0.0023    0.0000
   44   51    0.3620      3    0.1559    0.0000   -0.0021      3    0.0022    0.0000
   44   52   -0.5304      4    0.2974    0.0000    0.0044      4    0.0014    0.0000
   44   53   -0.3741      4    0.3605    0.0000    0.0070      4    0.0022    0.0000
   44   58   -0.2787      2    0.1192    0.0000    0.0055      2    0.0015    0.0000
   44   60   -0.1587      2    0.1388    0.0000    0.0124      2    0.0003    0.0000
   44   64    0.2185      3    0.3671    0.0000   -0.0011      3    0.0008    0.0000
   44   66    0.0371      5    0.4075    0.0000   -0.0027      5    0.0048    0.0000
   44   68    0.1245      3    0.2394    0.0000   -0.0042      3    0.0008    0.0000
   44   69    0.8141      2    0.0418    0.0000   -0.0008      2    0.0016    0.0000
   45   10    0.5673      4    2.9111    0.0000    0.0175      4    0.0051    0.0000
   45   13    0.2434      4    2.9235    0.0000    0.0010      4    0.0049    0.0000
   45   14   -0.8001      6    2.2010    0.0000    0.0154      5    0.0053   16.6667
   45   15   -0.7456      4    2.1966    0.0000    0.0108      4    0.0148    0.0000
   45   16    0.3716     12    1.3675    0.0000   -0.0011     12    0.0127    0.0000
   45   17    0.8192      2    0.2345    0.0000   -0.0133      2    0.0019    0.0000
   45   19    0.2225      6    1.4315    0.0000    0.0002      6    0.0057    0.0000
   45   20    0.2074      2    2.4474    0.0000   -0.0129      2    0.0047    0.0000
   45   21    0.7476      8    1.0059    0.0000   -0.0217      8    0.0047    0.0000
   45   22   -0.5517      7    0.6198   12.5000   -0.0134      8    0.0062    0.0000
   45   23   -1.0445     10    0.9418    0.0000   -0.0060      9    0.0028   10.0000
   45   24   -0.4614     10    0.7400    0.0000   -0.0039      9    0.0038   10.0000
   45   25   -0.1219      3    0.5019    0.0000   -0.0180      3    0.0032    0.0000
   45   28    1.6022      6    1.1881    0.0000   -0.0074      6    0.0095    0.0000
   45   33   -1.0711      7    0.6124    0.0000    0.0029      7    0.0063    0.0000
   45   34   -0.3137      8    0.7635   11.1111    0.0073      8    0.0038   11.1111
   45   39   -0.6397      5    0.8726    0.0000    0.0086      5    0.0024    0.0000
   45   40    0.2589      5    0.6956    0.0000    0.0052      5    0.0028    0.0000
   45   41   -0.5735      4    0.5630    0.0000    0.0115      4    0.0025    0.0000
   45   44   -0.6260      4    0.1683    0.0000    0.0110      4    0.0015    0.0000
   45   47   -0.3840      3    0.6356    0.0000    0.0147      3    0.0034    0.0000
   45   48    0.1667      8    0.3114    0.0000    0.0055      8    0.0021    0.0000
   45   49    0.8805      3    0.4858    0.0000    0.0060      3    0.0027    0.0000
   45   50   -0.0369      3    0.3107    0.0000    0.0049      3    0.0021    0.0000
   45   54   -0.0892      4    0.3135    0.0000    0.0096      4    0.0064    0.0000
   45   55    0.2834      3    0.0364    0.0000    0.0085      3    0.0023    0.0000
   45   58   -0.7417      2    0.0635    0.0000    0.0089      2    0.0014    0.0000
   45   60    0.1678      2    0.2888    0.0000    0.0094      2    0.0015    0.0000
   45   65    0.1585      2    0.2211    0.0000   -0.0053      2    0.0001    0.0000
   45   66   -0.5150      2    0.1469    0.0000    0.0045      2    0.0006    0.0000
   45   67    0.0642      3    0.1074    0.0000   -0.0050      3    0.0023    0.0000
   45   69    0.5487      5    0.3025    0.0000   -0.0021      5    0.0031    0.0000
   46   11    0.9549     11    1.0901    8.3333    0.0149     12    0.0142    0.0000
   46   14   -1.8281      6    1.2940    0.0000   -0.0155      6    0.0090    0.0000
   46   15   -1.0164      4    2.2856    0.0000   -0.0049      4    0.0063    0.0000
   46   17   -0.0884      6    0.9551    0.0000   -0.0101      6    0.0085    0.0000
   46   19   -1.5247      8    1.2712    0.0000   -0.0149      8    0.0115    0.0000
   46   20   -0.1460     18    0.8922    0.0000   -0.0156     17    0.0085    5.5556
   46   21   -0.0478      8    1.5531    0.0000   -0.0131      8    0.0057    0.0000
   46   22   -0.7829      5    0.7875    0.0000   -0.0025      5    0.0048    0.0000
   46   24    1.2115      2    0.5081    0.0000   -0.0036      2    0.0028    0.0000
   46   25    0.4977      4    0.5221    0.0000    0.0039      4    0.0021    0.0000
   46   29    0.2748      5    1.4618    0.0000    0.0013      5    0.0042    0.0000
   46   30   -3.1448      2    0.3902    0.0000    0.0125      2    0.0036    0.0000
   46   32    0.6259      2    1.0409    0.0000    0.0029      2    0.0013    0.0000
   46   33    0.3329      4    0.4631    0.0000    0.0100      4    0.0049    0.0000
   46   35   -0.9695      5    0.9637    0.0000   -0.0014      5    0.0087    0.0000
   46   36    0.7083      3    0.4691    0.0000    0.0079      3    0.0007    0.0000
   46   38   -1.0824      6    0.4337    0.0000    0.0142      6    0.0029    0.0000
   46   39   -0.2455      4    0.4704    0.0000    0.0060      4    0.0026    0.0000
   46   40   -0.5132      5    0.5446    0.0000    0.0105      5    0.0026    0.0000
   46   44   -0.1856      3    0.6636    0.0000    0.0119      3    0.0015    0.0000
   46   47   -0.7842      3    0.4330    0.0000    0.0125      3    0.0013    0.0000
   46   48   -0.1789      4    0.1773    0.0000    0.0058      4    0.0008    0.0000
   46   49    0.3594      2    0.2434    0.0000    0.0057      2    0.0022    0.0000
   46   50   -0.0262      8    0.8136    0.0000    0.0062      8    0.0029    0.0000
   46   56   -0.1104      5    0.2049    0.0000    0.0066      5    0.0017    0.0000
   46   58   -0.3616      3    0.3622    0.0000    0.0105      3    0.0033    0.0000
   46   60   -0.3322      2    0.0162    0.0000    0.0049      2    0.0026    0.0000
   46   65    0.3770      2    0.4199    0.0000   -0.0041      2    0.0003    0.0000
   46   66    0.2116      4    0.3737    0.0000   -0.0013      4    0.0045    0.0000
   46   68    0.4706      3    0.5011    0.0000   -0.0103      3    0.0023    0.0000
   46   70    0.6045      3    0.2053    0.0000   -0.0065      3    0.0007    0.0000
   47   11   -0.8888      9    2.2491    0.0000    0.0220      9    0.0097    0.0000
   47   12   -1.9577      5    1.6691    0.0000    0.0179      5    0.0070    0.0000
   47   13    0.0392      6    1.3265    0.0000    0.0004      6    0.0085    0.0000
   47   17   -2.1388      6    0.8120   14.2857   -0.0065      7    0.0081    0.0000
   47   18   -1.0772     16    1.0336    5.8824   -0.0049     16    0.0105    5.8824
   47   19   -2.0699      8    1.2162   11.1111   -0.0037      9    0.0041    0.0000
   47   20   -1.3146      4    0.6837    0.0000   -0.0068      4    0.0075    0.0000
   47   21    0.4273      5    0.7659    0.0000   -0.0001      5    0.0022    0.0000
   47   25    0.5816      2    0.3559    0.0000   -0.0021      2    0.0060    0.0000
   47   26    0.2118      5    1.4781    0.0000   -0.0145      5    0.0083    0.0000
   47   30   -0.1213      3    0.9334    0.0000   -0.0000      3    0.0023    0.0000
   47   31    1.0031      5    1.1327    0.0000    0.0112      5    0.0034    0.0000
   47   32    1.7472      4    0.8678    0.0000    0.0094      4    0.0038    0.0000
   47   36    0.4044      2    0.4174    0.0000    0.0044      2    0.0006    0.0000
   47   37    0.0150     10    0.6362    0.0000    0.0114      9    0.0025   10.0000
   47   38    0.4415      4    0.8080    0.0000    0.0088      4    0.0037    0.0000
   47   39    0.4293      3    0.2374    0.0000    0.0112      3    0.0042    0.0000
   47   40    0.0320      3    0.5910    0.0000    0.0120      3    0.0030    0.0000
   47   43    0.5415      4    0.6567    0.0000    0.0065      4    0.0023    0.0000
   47   47   -0.3806      3    0.1494    0.0000    0.0115      3    0.0013    0.0000
   47   48   -0.2095      3    0.1149    0.0000    0.0077      3    0.0006    0.0000
   47   49   -0.7040      3    0.1799    0.0000    0.0070      3    0.0014    0.0000
   47   51    0.3922      5    0.3643    0.0000    0.0026      5    0.0018    0.0000
   47   57    0.0734      3    0.1943    0.0000   -0.0005      3    0.0022    0.0000
   47   58   -0.1372      5    0.2550    0.0000    0.0036      5    0.0023    0.0000
   47   60    0.0259      2    0.2588    0.0000    0.0052      2    0.0004    0.0000
   47   66    0.2642      4    0.4356    0.0000   -0.0061      4    0.0046    0.0000
   47   68    0.4390      2    0.1225    0.0000   -0.0135      2    0.0013    0.0000
   47   69    0.1741      2    0.1341    0.0000   -0.0075      2    0.0052    0.0000
   47   70   -0.1706      2    0.0940    0.0000   -0.0027      2    0.0013    0.0000
   48   12   -0.5324     12    0.8243   14.2857    0.0190     14    0.0157    0.0000
   48   16    1.0607     12    1.4823    0.0000   -0.0073     12    0.0112    0.0000
   48   17   -0.8008     13    1.5552    0.0000   -0.0087     12    0.0056    7.6923
   48   18   -1.7292      9    1.1849    0.0000    0.0130      9    0.0141    0.0000
   48   21   -0.1883      2    0.7562    0.0000    0.0082      2    0.0056    0.0000
   48   22   -0.2989      4    1.1918    0.0000   -0.0091      4    0.0036    0.0000
   48   26   -1.2179      2    0.2122    0.0000    0.0022      2    0.0003    0.0000
   48   27   -0.0593      4    0.6449    0.0000    0.0072      4    0.0067    0.0000
   48   30    0.8222      2    0.2585    0.0000    0.0079      2    0.0013    0.0000
   48   31    1.4069      7    1.4928    0.0000    0.0083      7    0.0064    0.0000
   48   32    0.4651      3    0.7635    0.0000   -0.0046      3    0.0024    0.0000
   48   36   -0.4302      4    0.6323    0.0000    0.0085      4    0.0043    0.0000
   48   37    0.4027      4    0.4143    0.0000    0.0123      4    0.0035    0.0000
   48   38    0.1010      7    0.9229    0.0000    0.0088      7    0.0027    0.0000
   48   39    0.2800      8    0.8700    0.0000    0.0082      8    0.0044    0.0000
   48   43    0.3697      3    0.5872    0.0000    0.0040      3    0.0024    0.0000
   48   46   -0.5830      3    0.2498    0.0000    0.0073      3    0.0010    0.0000
   48   47   -0.1190      3    0.2225    0.0000    0.0105      3    0.0021    0.0000
   48   49   -0.0809      3    0.0351    0.0000    0.0089      3    0.0026    0.0000
   48   52   -0.3844      4    0.3362    0.0000    0.0027      4    0.0012    0.0000
   48   58   -0.4540      4    0.5159    0.0000    0.0034      4    0.0022    0.0000
   48   59   -0.3672      4    0.2142    0.0000    0.0010      4    0.0007    0.0000
   48   60    0.0282      3    0.2370    0.0000    0.0054      3    0.0011    0.0000
   48   66    0.0639      2    0.3688    0.0000   -0.0001      2    0.0016    0.0000
   48   67    0.4954      3    0.0872    0.0000   -0.0114      3    0.0005    0.0000
   48   69    0.2569      5    0.2638    0.0000   -0.0070      5    0.0054    0.0000
   48   71   -0.1109      3    0.2983    0.0000   -0.0050      3    0.0014    0.0000
   49   12   -1.1926      8    1.3827    0.0000    0.0025      7    0.0048   12.5000
   49   13   -0.9202      4    1.0305    0.0000   -0.0151      4    0.0059    0.0000
   49   14   -0.8441      6    1.7939    0.0000   -0.0269      5    0.0028   16.6667
   49   15   -0.0741     13    1.3298   13.3333   -0.0107     14    0.0067    6.6667
   49   16    0.0215      6    1.6877    0.0000   -0.0210      6    0.0041    0.0000
   49   19    0.4902      4    0.8093    0.0000   -0.0033      4    0.0058    0.0000
   49   22   -1.0852      4    2.1140    0.0000   -0.0020      4    0.0071    0.0000
   49   23    0.7885      2    0.7581    0.0000    0.0020      2    0.0056    0.0000
   49   27   -0.7609      2    0.7460    0.0000   -0.0027      2    0.0033    0.0000
   49   28    1.0323      3    0.8117    0.0000   -0.0051      3    0.0022    0.0000
   49   29    0.4199      2    1.2663    0.0000   -0.0050      2    0.0035    0.0000
   49   30   -1.7434      5    1.5253    0.0000   -0.0021      5    0.0076    0.0000
   49   32    0.5466      4    0.3794    0.0000   -0.0010      4    0.0078    0.0000
   49   33   -1.5542      2    0.2268    0.0000    0.0022      2    0.0076    0.0000
   49   35    0.9125      3    0.6559    0.0000    0.0083      3    0.0044    0.0000
   49   36    1.2547      3    0.6413    0.0000    0.0103      3    0.0033    0.0000
   49   37    0.9732      5    0.3521    0.0000    0.0114      5    0.0023    0.0000
   49   38    0.7006      2    0.3870    0.0000    0.0098      2    0.0000    0.0000
   49   39    0.5895      5    0.3150    0.0000    0.0075      5    0.0094    0.0000
   49   40   -0.4304      3    0.3673    0.0000   -0.0003      3    0.0021    0.0000
   49   42    0.0551      4    0.9573    0.0000    0.0097      4    0.0033    0.0000
   49   46   -0.1665      4    0.3944    0.0000    0.0090      4    0.0033    0.0000
   49   47   -0.1300      3    0.4250    0.0000    0.0068      3    0.0017    0.0000
   49   49   -0.0789      3    0.2526    0.0000    0.0067      3    0.0044    0.0000
   49   53    0.3813      4    0.1087    0.0000    0.0054      4    0.0015    0.0000
   49   54    0.4918      2    0.0752    0.0000    0.0036      2    0.0002    0.0000
   49   58   -0.3478      2    0.1133    0.0000    0.0028      2    0.0021    0.0000
   49   59   -0.0307      2    0.2869    0.0000    0.0067      2    0.0017    0.0000
   49   60   -0.0868      8    0.3060    0.0000    0.0028      8    0.0022    0.0000
   49   66   -0.5829      2    0.0211    0.0000    0.0002      2    0.0009    0.0000
   49   68    0.2251      2    0.0222    0.0000   -0.0086      2    0.0006    0.0000
   49   70    0.4405      2    0.0353    0.0000   -0.0075      2    0.0017    0.0000
   49   72    0.1424      2    0.2048    0.0000   -0.0037      2    0.0011    0.0000
   50   12   -0.7249      3    0.0468    0.0000   -0.0087      3    0.0125    0.0000
   50   13   -2.1444     19    2.0113    5.0000   -0.0193     19    0.0135    5.0000
   50   14   -1.5049     11    1.2978    0.0000   -0.0162     11    0.0107    0.0000
   50   15    3.0297      2    0.7956    0.0000   -0.0021      2    0.0010    0.0000
   50   19   -0.1499      5    0.9049    0.0000   -0.0072      5    0.0043    0.0000
   50   23   -0.0937      5    1.2263    0.0000    0.0042      5    0.0041    0.0000
   50   28    1.0146      6    0.8796    0.0000   -0.0046      6    0.0019    0.0000
   50   29   -1.0194      6    1.1522    0.0000   -0.0108      5    0.0025   16.6667
   50   33    0.0139      4    1.0631    0.0000    0.0059      4    0.0034    0.0000
   50   34    0.1726      3    0.4314    0.0000    0.0040      3    0.0022    0.0000
   50   35   -0.2510      4    0.2256    0.0000    0.0033      4    0.0042    0.0000
   50   36    0.8592      5    0.4006    0.0000    0.0007      5    0.0037    0.0000
   50   38   -0.3209      4    0.9259    0.0000    0.0123      4    0.0133    0.0000
   50   40   -0.0037      2    0.5254    0.0000    0.0067      2    0.0019    0.0000
   50   41   -0.1731      5    0.2900   16.6667    0.0043      6    0.0037    0.0000
   50   42    0.2625      3    0.4534    0.0000    0.0134      3    0.0023    0.0000
   50   46    0.4590      3    0.4111    0.0000    0.0067      3    0.0010    0.0000
   50   47   -0.0209      3    0.4274    0.0000    0.0035      3    0.0044    0.0000
   50   49    0.2853      2    0.0221    0.0000    0.0056      2    0.0017    0.0000
   50   54    0.4098      4    0.1042    0.0000    0.0053      4    0.0009    0.0000
   50   58   -0.1484      3    0.0776    0.0000    0.0031      3    0.0011    0.0000
   50   59   -0.2732      2    0.0246    0.0000    0.0051      2    0.0023    0.0000
   50   61   -0.3422      7    0.1062   12.5000    0.0056      8    0.0026    0.0000
   50   68    0.1830      2    0.0303    0.0000   -0.0046      2    0.0014    0.0000
   50   69    0.6532      2    0.0434    0.0000   -0.0003      2    0.0018    0.0000
   50   70    0.1747      3    0.5832    0.0000   -0.0067      3    0.0008    0.0000
   50   72    0.2023      2    0.0723    0.0000   -0.0018      2    0.0023    0.0000
   51   11   -0.7498      2    0.0311    0.0000   -0.0184      2    0.0114    0.0000
   51   12   -2.2894      7    1.4647   12.5000   -0.0224      8    0.0137    0.0000
   51   13   -1.4121     14    2.5677    0.0000    0.0026     13    0.0120    7.1429
   51   14    0.4587      3    2.8223    0.0000   -0.0139      3    0.0013    0.0000
   51   20    0.4176      5    1.3490    0.0000   -0.0005      5    0.0078    0.0000
   51   24    1.4600      5    1.7576    0.0000   -0.0098      5    0.0040    0.0000
   51   28    0.4648      5    0.5408    0.0000   -0.0047      5    0.0017    0.0000
   51   29   -0.9980      5    1.5384    0.0000   -0.0017      5    0.0054    0.0000
   51   33    0.5227      2    0.5268    0.0000   -0.0028      2    0.0079    0.0000
   51   34    0.1123      8    0.5185   11.1111   -0.0023      9    0.0057    0.0000
   51   35   -0.3631      6    0.9342    0.0000   -0.0018      6    0.0016    0.0000
   51   37   -0.6258      4    0.6660    0.0000    0.0056      4    0.0010    0.0000
   51   41    0.2477      5    0.1733    0.0000    0.0059      5    0.0020    0.0000
   51   42    0.4087      4    0.2178    0.0000    0.0072      4    0.0034    0.0000
   51   45    0.3921      2    0.5613    0.0000    0.0103      2    0.0009    0.0000
   51   46   -0.6950      4    0.2332    0.0000    0.0012      4    0.0041    0.0000
   51   48    0.0417      3    0.3965    0.0000    0.0059      3    0.0016    0.0000
   51   55    0.1059      5    0.3159    0.0000    0.0046      5    0.0016    0.0000
   51   58   -0.1632      2    0.0617    0.0000    0.0045      2    0.0003    0.0000
   51   59   -0.4583      2    0.3402    0.0000    0.0077      2    0.0009    0.0000
   51   62    0.0338      3    0.1977    0.0000    0.0040      3    0.0026    0.0000
   51   66   -0.5067      2    0.0274    0.0000    0.0001      2    0.0014    0.0000
   51   69    0.4104      2    0.1513    0.0000   -0.0049      2    0.0049    0.0000
   51   71    0.0935      2    0.0277    0.0000   -0.0048      2    0.0026    0.0000
   52   10   -1.4452      3    1.2428    0.0000   -0.0085      3    0.0088    0.0000
   52   11   -2.1528      7    1.2638   12.5000   -0.0053      8    0.0131    0.0000
   52   12   -2.1289      4    1.3293    0.0000   -0.0124      4    0.0148    0.0000
   52   13   -0.8739      5    1.4652    0.0000    0.0160      5    0.0096    0.0000
   52   14    0.2897      5    1.2354    0.0000   -0.0032      5    0.0034    0.0000
   52   20    0.9179      5    1.0201    0.0000    0.0050      5    0.0052    0.0000
   52   24    1.0795      2    0.3771    0.0000   -0.0066      2    0.0056    0.0000
   52   25    2.1372      3    0.8359    0.0000   -0.0126      3    0.0045    0.0000
   52   27    0.7060      6    1.3880    0.0000   -0.0014      5    0.0027   16.6667
   52   30   -1.0210      5    0.6539    0.0000    0.0016      5    0.0061    0.0000
   52   33   -0.7146      5    1.1011    0.0000   -0.0021      5    0.0036    0.0000
   52   34    1.3821      3    0.5270    0.0000    0.0022      3    0.0024    0.0000
   52   35   -0.5993      7    0.6361    0.0000   -0.0033      7    0.0057    0.0000
   52   37   -0.2661      4    0.6679    0.0000    0.0118      4    0.0048    0.0000
   52   40    0.4834      3    0.3248    0.0000    0.0058      3    0.0040    0.0000
   52   42   -0.3112      2    0.0565    0.0000    0.0057      2    0.0000    0.0000
   52   43   -0.1124      3    1.1829    0.0000    0.0029      3    0.0016    0.0000
   52   45   -0.1935      4    0.4070    0.0000    0.0085      4    0.0014    0.0000
   52   46    0.0317      3    0.3619    0.0000   -0.0005      3    0.0019    0.0000
   52   48   -0.0930      4    0.3322    0.0000    0.0070      4    0.0021    0.0000
   52   56   -0.1934      4    0.2852    0.0000    0.0004      4    0.0021    0.0000
   52   58    0.0261      2    0.0372    0.0000    0.0059      2    0.0002    0.0000
   52   59   -0.0009      2    0.0401    0.0000    0.0051      2    0.0006    0.0000
   52   62    0.2247      2    0.0678    0.0000    0.0048      2    0.0028    0.0000
   52   69    0.0793      4    0.1737    0.0000   -0.0020      4    0.0028    0.0000
   52   71    0.3746      2    0.1134    0.0000   -0.0088      2    0.0018    0.0000
   52   73    0.2970      2    0.4869    0.0000   -0.0023      2    0.0000    0.0000
   53   10   -0.2347      2    0.0016    0.0000   -0.0246      2    0.0078    0.0000
   53   11   -1.3675      3    1.5047    0.0000   -0.0014      3    0.0114    0.0000
   53   13   -1.6170      2    1.4605    0.0000   -0.0110      2    0.0073    0.0000
   53   14    0.3286      8    1.7166    0.0000   -0.0147      7    0.0071   12.5000
   53   21   -0.9338      4    2.2564    0.0000   -0.0101      4    0.0068    0.0000
   53   25   -0.4357      6    0.7512    0.0000   -0.0145      6    0.0076    0.0000
   53   26   -1.0243      6    0.5696    0.0000   -0.0074      6    0.0054    0.0000
   53   30    0.8459      2    0.5562    0.0000   -0.0033      2    0.0005    0.0000
   53   31    0.3113      3    0.5019    0.0000   -0.0007      3    0.0044    0.0000
   53   32   -0.5771      6    0.8667    0.0000   -0.0098      6    0.0033    0.0000
   53   33    0.2485      3    0.8228    0.0000    0.0009      3    0.0009    0.0000
   53   34    0.4959      3    0.0890    0.0000   -0.0000      3    0.0016    0.0000
   53   36   -0.3185      7    0.5149   12.5000    0.0064      8    0.0046    0.0000
   53   40   -0.0501      4    0.6431    0.0000    0.0029      4    0.0025    0.0000
   53   43   -0.8230      3    0.3991    0.0000    0.0069      3    0.0013    0.0000
   53   44   -0.6429      2    0.2960    0.0000    0.0046      2    0.0007    0.0000
   53   45    0.4913      3    0.3980    0.0000    0.0106      3    0.0025    0.0000
   53   46    0.5917      3    0.6065    0.0000    0.0008      3    0.0014    0.0000
   53   48    0.6138      2    0.6663    0.0000    0.0048      2    0.0029    0.0000
   53   57   -0.2550      3    0.2147    0.0000   -0.0020      3    0.0037    0.0000
   53   59   -0.5410      2    0.1421    0.0000    0.0035      2    0.0006    0.0000
   53   63   -0.2059      3    0.1559    0.0000    0.0009      3    0.0017    0.0000
   53   66   -0.5279      2    0.0686    0.0000   -0.0008      2    0.0001    0.0000
   53   69    0.3534      3    0.3815    0.0000    0.0000      3    0.0037    0.0000
   54   14   -0.3504      5    1.3865    0.0000   -0.0008      5    0.0076    0.0000
   54   15    0.8712      5    1.7177    0.0000   -0.0057      5    0.0058    0.0000
   54   21   -0.6436      5    0.6393    0.0000   -0.0057      5    0.0068    0.0000
   54   25   -1.4775      5    0.3529   16.6667   -0.0076      6    0.0040    0.0000
   54   26   -1.6096      5    1.0903    0.0000    0.0058      5    0.0056    0.0000
   54   31    0.2612      9    0.3767    0.0000   -0.0107      9    0.0053    0.0000
   54   32   -0.2631      2    0.2229    0.0000   -0.0066      2    0.0042    0.0000
   54   33   -0.7647      4    0.3624    0.0000   -0.0045      4    0.0039    0.0000
   54   36    0.1401      7    1.0660    0.0000    0.0031      7    0.0016    0.0000
   54   39   -0.3163      3    0.2989    0.0000   -0.0026      3    0.0043    0.0000
   54   44   -0.3635      4    0.6597    0.0000    0.0089      4    0.0021    0.0000
   54   45    0.0080      7    0.7145    0.0000    0.0033      6    0.0013   14.2857
   54   47    0.1838      3    0.3317    0.0000    0.0040      3    0.0011    0.0000
   54   57   -0.3357      6    0.0885   14.2857    0.0026      7    0.0028    0.0000
   54   59   -0.0714      3    0.4354    0.0000    0.0033      3    0.0016    0.0000
   54   64   -0.0848      3    0.2205    0.0000   -0.0029      3    0.0005    0.0000
   54   66   -0.5962      2    0.2467    0.0000   -0.0014      2    0.0002    0.0000
   54   70    0.4840      2    0.2712    0.0000   -0.0076      2    0.0007    0.0000
   54   72    0.6839      2    0.2681    0.0000   -0.0074      2    0.0011    0.0000
   54   74    0.2020      2    0.1553    0.0000   -0.0018      2    0.0005    0.0000
   55   14    0.4174      5    1.2722    0.0000   -0.0062      5    0.0066    0.0000
   55   15   -0.3268      6    2.2450    0.0000    0.0046      6    0.0131    0.0000
   55   21   -1.0250      3    0.8858    0.0000    0.0007      3    0.0028    0.0000
   55   22   -0.0684      2    0.7497    0.0000   -0.0023      2    0.0026    0.0000
   55   24    0.2460      5    0.7813    0.0000   -0.0113      5    0.0042    0.0000
   55   26   -1.2053      4    1.6828    0.0000   -0.0022      4    0.0035    0.0000
   55   30    0.6552      4    0.6451    0.0000   -0.0085      4    0.0025    0.0000
   55   31   -0.7439      2    0.2824    0.0000   -0.0188      2    0.0005    0.0000
   55   32    0.4684      8    0.5578   11.1111   -0.0105      9    0.0058    0.0000
   55   35   -0.1125      5    0.5076    0.0000   -0.0048      5    0.0053    0.0000
   55   37    0.3531      4    0.3427    0.0000    0.0014      4    0.0058    0.0000
   55   39    0.4778      5    1.2107    0.0000   -0.0021      5    0.0020    0.0000
   55   44   -0.2666      4    0.3230    0.0000   -0.0014      4    0.0041    0.0000
   55   45   -0.2816      7    0.8826    0.0000    0.0014      7    0.0026    0.0000
   55   47    0.1073      3    0.7894    0.0000   -0.0013      3    0.0012    0.0000
   55   57   -0.4827      2    0.1270    0.0000    0.0059      2    0.0016    0.0000
   55   58   -0.0009      3    0.0756    0.0000    0.0005      3    0.0027    0.0000
   55   59    0.0446      2    0.0139    0.0000    0.0008      2    0.0018    0.0000
   55   65   -0.2813      2    0.2114    0.0000   -0.0006      2    0.0022    0.0000
   55   70   -0.0648      2    0.1127    0.0000   -0.0090      2    0.0021    0.0000
   56   14    0.5489      5    0.4301    0.0000   -0.0111      5    0.0065    0.0000
   56   15   -0.0828      4    0.7781    0.0000    0.0101      4    0.0104    0.0000
   56   22   -1.1848      4    1.4460    0.0000    0.0022      4    0.0058    0.0000
   56   23    1.0113      4    0.5214    0.0000   -0.0095      4    0.0121    0.0000
   56   24    0.1890      2    1.2914    0.0000   -0.0040      2    0.0016    0.0000
   56   27   -0.3878      5    1.7597    0.0000   -0.0106      5    0.0059    0.0000
   56   29   -1.7590      3    0.7548    0.0000   -0.0122      3    0.0044    0.0000
   56   30    0.4853      3    0.6149    0.0000   -0.0097      3    0.0050    0.0000
   56   31    0.3426      5    0.4328    0.0000   -0.0152      5    0.0035    0.0000
   56   32   -0.4455      5    1.2972    0.0000   -0.0116      5    0.0056    0.0000
   56   34    0.9506      2    0.7809    0.0000   -0.0092      2    0.0020    0.0000
   56   35    0.1711      2    0.6532    0.0000   -0.0100      2    0.0013    0.0000
   56   37   -0.1570      3    0.4944    0.0000   -0.0026      3    0.0018    0.0000
   56   38    0.5451      5    0.6768    0.0000   -0.0029      5    0.0044    0.0000
   56   44   -0.8486      3    0.2990    0.0000    0.0000      3    0.0016    0.0000
   56   45   -0.4972      4    0.4488    0.0000   -0.0013      4    0.0020    0.0000
   56   46   -0.7064      5    0.8174    0.0000    0.0010      5    0.0027    0.0000
   56   47    0.0346      3    0.4984    0.0000   -0.0061      3    0.0018    0.0000
   56   57   -0.1787      2    0.4442    0.0000    0.0050      2    0.0014    0.0000
   56   58    0.5111      2    0.0239    0.0000    0.0003      2    0.0004    0.0000
   56   59   -0.2333      4    0.1814    0.0000    0.0003      4    0.0028    0.0000
   56   65   -0.3578      3    0.2026    0.0000   -0.0011      3    0.0003    0.0000
   56   66   -0.6058      2    0.2914    0.0000   -0.0016      2    0.0006    0.0000
   56   69    0.5117      2    0.2391    0.0000   -0.0003      2    0.0014    0.0000
   56   71   -0.1457      2    0.3122    0.0000   -0.0049      2    0.0013    0.0000
   56   73    0.8720      2    0.1241    0.0000    0.0012      2    0.0009    0.0000
   57   15   -0.5434      3    1.3700    0.0000   -0.0288      3    0.0124    0.0000
   57   16   -1.9602      4    0.6618    0.0000   -0.0033      4    0.0055    0.0000
   57   22    0.9430      7    0.7875   12.5000   -0.0239      8    0.0110    0.0000
   57   23    1.4249      3    0.2357    0.0000   -0.0221      3    0.0013    0.0000
   57   27   -0.8040      5    0.5485    0.0000   -0.0107      5    0.0064    0.0000
   57   29   -0.8252      4    0.5136    0.0000   -0.0140      4    0.0018    0.0000
   57   30    1.1871      4    0.6938    0.0000   -0.0103      4    0.0033    0.0000
   57   33    0.3106      4    0.5546    0.0000   -0.0065      4    0.0034    0.0000
   57   34    0.1900      5    0.7648    0.0000   -0.0006      5    0.0022    0.0000
   57   38   -0.2379      9    0.6395    0.0000   -0.0008      9    0.0043    0.0000
   57   44   -0.3009      5    0.8380    0.0000    0.0031      5    0.0023    0.0000
   57   46   -0.4543      5    0.4240    0.0000   -0.0016      5    0.0036    0.0000
   57   47   -0.3451      2    0.0083    0.0000    0.0032      2    0.0001    0.0000
   57   57   -0.3398      3    0.2530    0.0000    0.0050      3    0.0036    0.0000
   57   59    0.1157      5    0.2931    0.0000   -0.0019      5    0.0016    0.0000
   57   66   -0.3474      4    0.2350    0.0000    0.0002      4    0.0014    0.0000
   58   15   -0.5384      5    0.8886    0.0000   -0.0291      5    0.0139    0.0000
   58   21   -1.0628      2    0.3334    0.0000   -0.0191      2    0.0065    0.0000
   58   22   -1.2383      8    1.6638    0.0000   -0.0136      8    0.0139    0.0000
   58   28   -0.6467      9    0.6162   10.0000   -0.0138     10    0.0070    0.0000
   58   29   -0.2065      3    1.4465    0.0000   -0.0073      3    0.0036    0.0000
   58   30    0.0950      3    0.3248    0.0000   -0.0050      3    0.0040    0.0000
   58   33    0.2861      6    0.5921    0.0000    0.0008      6    0.0036    0.0000
   58   34    0.1857      2    0.2432    0.0000    0.0008      2    0.0004    0.0000
   58   37    0.1435      4    0.3649    0.0000   -0.0025      4    0.0043    0.0000
   58   39    0.9706      2    0.1470    0.0000   -0.0052      2    0.0019    0.0000
   58   43   -0.5650      4    0.2104    0.0000    0.0059      4    0.0031    0.0000
   58   44    0.7875      3    0.7336    0.0000    0.0031      3    0.0027    0.0000
   58   46   -0.2891      3    0.2012    0.0000    0.0019      3    0.0021    0.0000
   58   47    0.0168      4    0.4449    0.0000    0.0008      4    0.0025    0.0000
   58   57   -0.7177      2    0.0588    0.0000    0.0093      2    0.0021    0.0000
   58   59   -0.0638      3    0.5846    0.0000   -0.0032      3    0.0035    0.0000
   58   60   -0.2004      2    0.1802    0.0000   -0.0014      2    0.0004    0.0000
   58   66   -0.5134      4    0.4478    0.0000    0.0012      4    0.0011    0.0000
   58   71    0.0827      2    0.0877    0.0000   -0.0045      2    0.0024    0.0000
   58   73    0.9996      2    0.3910    0.0000    0.0028      2    0.0014    0.0000
   58   75    0.2205      2    0.3735    0.0000   -0.0006      2    0.0003    0.0000
   59   16   -1.2799      5    1.0855    0.0000    0.0025      5    0.0087    0.0000
   59   21   -1.3432      5    1.6329    0.0000   -0.0217      5    0.0037    0.0000
   59   23    1.1656      4    0.9376    0.0000    0.0018      4    0.0041    0.0000
   59   27    0.1238      6    1.0577    0.0000   -0.0228      6    0.0042    0.0000
   59   28   -2.1031      6    0.8588    0.0000   -0.0029      6    0.0033    0.0000
   59   29   -0.1330      4    0.5717    0.0000   -0.0023      4    0.0015    0.0000
   59   33   -0.4476      4    0.8763    0.0000   -0.0076      4    0.0061    0.0000
   59   34    0.9462      4    0.9637    0.0000   -0.0004      4    0.0025    0.0000
   59   37    0.3241      4    0.5846    0.0000   -0.0079      4    0.0034    0.0000
   59   39   -0.4408      4    0.5211    0.0000   -0.0032      4    0.0014    0.0000
   59   43    0.6514      3    0.4392    0.0000    0.0037      3    0.0053    0.0000
   59   44    0.5425      4    0.5170    0.0000   -0.0000      4    0.0037    0.0000
   59   46    0.2129      3    0.8027    0.0000   -0.0003      3    0.0029    0.0000
   59   48    1.0997      2    0.3998    0.0000   -0.0024      2    0.0003    0.0000
   59   57   -0.4885      2    0.0456    0.0000    0.0022      2    0.0008    0.0000
   59   59   -0.2739      3    0.0880    0.0000   -0.0024      3    0.0023    0.0000
   59   60    0.1792      3    0.1894    0.0000   -0.0034      3    0.0016    0.0000
   59   66   -0.4420      2    0.0508    0.0000    0.0017      2    0.0007    0.0000
   59   67    0.0066      2    0.0887    0.0000    0.0045      2    0.0002    0.0000
   59   69    0.2704      2    0.3100    0.0000    0.0010      2    0.0013    0.0000
   59   72    0.2224      2    0.1309    0.0000   -0.0022      2    0.0001    0.0000
   59   74    0.5891      2    0.0630    0.0000    0.0013      2    0.0008    0.0000
   60   15   -1.3136      2    0.0949    0.0000   -0.0306      2    0.0130    0.0000
   60   16   -2.1126      5    0.8339    0.0000   -0.0010      5    0.0090    0.0000
   60   20   -0.5316      6    1.4717    0.0000   -0.0224      6    0.0081    0.0000
   60   23    1.2731      5    0.5890    0.0000   -0.0162      5    0.0039    0.0000
   60   26    0.9110      3    0.5774    0.0000   -0.0269      3    0.0055    0.0000
   60   27    0.2118      2    0.7695    0.0000   -0.0192      2    0.0032    0.0000
   60   28   -0.6957      8    0.8650    0.0000   -0.0056      8    0.0110    0.0000
   60   32   -0.2779      4    0.8048    0.0000   -0.0141      4    0.0069    0.0000
   60   34    0.4622      4    0.4416    0.0000   -0.0123      4    0.0013    0.0000
   60   36    0.5912      4    0.5742    0.0000   -0.0142      4    0.0063    0.0000
   60   39   -0.1810      3    0.4723    0.0000   -0.0051      3    0.0013    0.0000
   60   43    0.3484      6    1.4341    0.0000   -0.0029      6    0.0042    0.0000
   60   45   -0.5883      3    0.9213    0.0000   -0.0073      3    0.0008    0.0000
   60   48    0.2574      4    0.6860    0.0000   -0.0030      4    0.0033    0.0000
   60   57   -0.2293      2    0.1122    0.0000    0.0037      2    0.0016    0.0000
   60   59    0.0620      2    0.3558    0.0000    0.0036      2    0.0010    0.0000
   60   67    0.0669      2    0.1056    0.0000    0.0061      2    0.0002    0.0000
   60   76    0.3198      2    0.2419    0.0000    0.0011      2    0.0040    0.0000
   61   15   -1.8654      5    1.3238    0.0000   -0.0087      5    0.0109    0.0000
   61   17    0.0721      4    1.1134    0.0000   -0.0048      4    0.0032    0.0000
   61   19    0.0337      5    0.6698    0.0000   -0.0279      5    0.0089    0.0000
   61   23    0.3103      4    1.1558    0.0000   -0.0250      4    0.0047    0.0000
   61   25    0.9817      2    1.5596    0.0000   -0.0300      2    0.0047    0.0000
   61   26    0.3525      4    0.7468    0.0000   -0.0290      4    0.0048    0.0000
   61   27    0.2471      5    0.5316    0.0000   -0.0300      5    0.0077    0.0000
   61   29   -0.3291      4    0.7528    0.0000   -0.0039      4    0.0037    0.0000
   61   31   -0.0973      2    0.4090    0.0000   -0.0166      2    0.0003    0.0000
   61   32   -0.8330      3    0.4620    0.0000   -0.0244      3    0.0011    0.0000
   61   35   -0.0170      5    0.6522    0.0000   -0.0154      5    0.0027    0.0000
   61   36    1.0228      3    0.1716    0.0000   -0.0141      3    0.0039    0.0000
   61   40   -1.2869      4    0.8494    0.0000   -0.0059      4    0.0022    0.0000
   61   42   -0.4804      3    0.4743    0.0000   -0.0078      3    0.0023    0.0000
   61   43    0.3559      4    0.3516    0.0000   -0.0029      4    0.0039    0.0000
   61   45   -0.4164      4    0.9746    0.0000   -0.0078      4    0.0023    0.0000
   61   49   -0.2160      2    0.3109    0.0000   -0.0011      2    0.0018    0.0000
   61   56   -0.4971      2    0.2277    0.0000    0.0040      2    0.0006    0.0000
   61   58   -0.5221      2    0.1144    0.0000    0.0027      2    0.0009    0.0000
   61   61    0.1543      3    0.2728    0.0000   -0.0032      3    0.0009    0.0000
   61   66   -0.7494      2    0.2528    0.0000    0.0023      2    0.0012    0.0000
   61   67   -0.1865      2    0.2923    0.0000    0.0037      2    0.0024    0.0000
   61   72    0.1993      2    0.2574    0.0000   -0.0033      2    0.0018    0.0000
   61   76    0.1572      3    0.2722    0.0000    0.0024      3    0.0057    0.0000
   62   15   -1.1461      5    0.7155    0.0000   -0.0131      5    0.0075    0.0000
   62   17    0.1932      4    0.3043    0.0000   -0.0011      4    0.0021    0.0000
   62   18    1.2857      3    1.1285    0.0000   -0.0312      3    0.0048    0.0000
   62   19    1.3789      2    0.7892    0.0000   -0.0295      2    0.0023    0.0000
   62   23   -1.7119      4    0.7117    0.0000   -0.0240      4    0.0038    0.0000
   62   25   -0.1895      5    0.4385    0.0000   -0.0172      5    0.0050    0.0000
   62   26   -0.5924      3    0.1852    0.0000   -0.0290      3    0.0013    0.0000
   62   27    0.3344      2    0.6080    0.0000   -0.0205      2    0.0005    0.0000
   62   29    0.2280      4    0.8069    0.0000   -0.0116      4    0.0033    0.0000
   62   31    0.4420      5    0.7086    0.0000   -0.0185      5    0.0039    0.0000
   62   35    0.1028      8    0.5134    0.0000   -0.0089      8    0.0058    0.0000
   62   40    0.2572      3    0.3778    0.0000   -0.0092      3    0.0020    0.0000
   62   42   -0.3714      5    0.6126    0.0000   -0.0059      5    0.0043    0.0000
   62   43    0.5923      2    0.3205    0.0000   -0.0032      2    0.0023    0.0000
   62   45   -0.0121      2    0.3180    0.0000   -0.0060      2    0.0026    0.0000
   62   49   -0.1169      3    0.1196    0.0000   -0.0001      3    0.0016    0.0000
   62   56   -0.8614      2    0.2108    0.0000    0.0022      2    0.0016    0.0000
   62   58   -0.1377      2    0.1258    0.0000    0.0008      2    0.0013    0.0000
   62   61    0.1875      2    0.4958    0.0000   -0.0019      2    0.0001    0.0000
   62   66   -0.5835      2    0.3371    0.0000    0.0022      2    0.0004    0.0000
   62   68   -0.4569      3    0.1852    0.0000   -0.0028      3    0.0013    0.0000
   62   69    0.4970      2    0.0148    0.0000   -0.0011      2    0.0006    0.0000
   62   76    0.0411      2    0.0068    0.0000    0.0012      2    0.0059    0.0000
   63   15   -1.0498      4    1.0638    0.0000   -0.0050      4    0.0066    0.0000
   63   17   -0.3219      6    1.8431    0.0000   -0.0141      6    0.0102    0.0000
   63   18    0.7426      5    0.8153    0.0000   -0.0274      5    0.0046    0.0000
   63   23   -1.6277      2    0.0423    0.0000   -0.0258      2    0.0010    0.0000
   63   24   -0.3796      9    1.7563    0.0000   -0.0161      8    0.0034   11.1111
   63   25    2.3005      2    0.1745    0.0000   -0.0165      2    0.0001    0.0000
   63   26    0.9820      4    0.5763    0.0000   -0.0212      4    0.0043    0.0000
   63   29    0.8534      4    0.4477    0.0000   -0.0119      4    0.0094    0.0000
   63   30   -0.5857      3    0.3656    0.0000   -0.0149      3    0.0044    0.0000
   63   34    0.3610      2    0.7327    0.0000   -0.0178      2    0.0029    0.0000
   63   35    0.7697      5    0.8359    0.0000   -0.0073      5    0.0054    0.0000
   63   41   -0.3660      4    0.5343    0.0000   -0.0109      4    0.0024    0.0000
   63   42    0.3522      6    0.1383    0.0000   -0.0047      6    0.0031    0.0000
   63   44    0.3571      3    0.6790    0.0000   -0.0017      3    0.0043    0.0000
   63   49    0.0599      2    0.0329    0.0000    0.0014      2    0.0002    0.0000
   63   50   -0.1376      2    0.0142    0.0000    0.0025      2    0.0012    0.0000
   63   56   -0.3942      3    0.1615    0.0000    0.0068      3    0.0008    0.0000
   63   58    0.0422      2    0.2521    0.0000    0.0037      2    0.0025    0.0000
   63   62    0.1871      2    0.3477    0.0000   -0.0024      2    0.0011    0.0000
   63   68   -0.4907      2    0.2042    0.0000    0.0006      2    0.0010    0.0000
   63   73    0.1187      2    0.3749    0.0000   -0.0025      2    0.0012    0.0000
   63   76    0.2663      2    0.2810    0.0000    0.0004      2    0.0015    0.0000
   64   15   -0.1485      5    0.8491    0.0000   -0.0042      5    0.0059    0.0000
   64   17    0.9003     11    0.9775    0.0000   -0.0249     11    0.0125    0.0000
   64   23   -0.5989      5    1.0471    0.0000   -0.0111      5    0.0016    0.0000
   64   24   -0.5455      5    1.4548    0.0000   -0.0035      5    0.0060    0.0000
   64   25    1.0581      8    0.4115   11.1111    0.0004      9    0.0112    0.0000
   64   30   -0.8214      8    1.0766   11.1111   -0.0088      8    0.0029   11.1111
   64   34    0.1814      5    0.6103    0.0000   -0.0136      5    0.0043    0.0000
   64   36    0.3683      4    0.3467    0.0000   -0.0123      4    0.0064    0.0000
   64   41    0.0302      7    0.5648    0.0000   -0.0133      7    0.0021    0.0000
   64   42    0.1048      4    0.6628    0.0000   -0.0086      4    0.0017    0.0000
   64   44    0.8506      4    0.3989    0.0000   -0.0076      4    0.0018    0.0000
   64   50    0.1893      3    0.4609    0.0000   -0.0008      3    0.0024    0.0000
   64   56   -0.5969      2    0.1278    0.0000    0.0073      2    0.0014    0.0000
   64   58    0.0007      3    0.3081    0.0000    0.0028      3    0.0008    0.0000
   64   62    0.5655      2    0.2500    0.0000    0.0015      2    0.0012    0.0000
   64   66   -0.9496      2    0.4045    0.0000    0.0026      2    0.0010    0.0000
   64   76    0.5981      2    0.2811    0.0000    0.0006      2    0.0040    0.0000
   65   15   -1.5551      4    0.6984    0.0000    0.0073      4    0.0043    0.0000
   65   16   -0.1425      6    1.5433    0.0000   -0.0199      6    0.0074    0.0000
   65   17   -0.1084      4    1.3897    0.0000   -0.0161      4    0.0094    0.0000
   65   22   -0.6973      2    0.4069    0.0000   -0.0164      2    0.0010    0.0000
   65   23   -1.1827      3    0.9939    0.0000   -0.0179      3    0.0033    0.0000
   65   24    0.5557     12    1.3366    0.0000   -0.0065     11    0.0071    8.3333
   65   25    0.3038      2    0.2016    0.0000   -0.0051      2    0.0137    0.0000
   65   29    0.6878      4    1.1218    0.0000   -0.0177      4    0.0067    0.0000
   65   30   -0.2402      5    0.5423    0.0000   -0.0127      5    0.0054    0.0000
   65   33   -0.9113      3    1.4677    0.0000   -0.0288      3    0.0090    0.0000
   65   36   -0.6273      3    0.5899    0.0000   -0.0181      3    0.0043    0.0000
   65   41    0.2141      9    0.4561   10.0000   -0.0116     10    0.0059    0.0000
   65   44    0.9611      2    0.7967    0.0000   -0.0103      2    0.0030    0.0000
   65   50   -0.1136      3    0.2363    0.0000   -0.0009      3    0.0015    0.0000
   65   56   -0.5694      3    0.1365    0.0000    0.0049      3    0.0008    0.0000
   65   58   -0.0345      2    0.0369    0.0000    0.0075      2    0.0008    0.0000
   65   62    0.5554      3    0.2705    0.0000    0.0002      3    0.0034    0.0000
   65   66   -0.7839      2    0.1777    0.0000    0.0036      2    0.0005    0.0000
   65   69    0.1472      4    0.3742    0.0000    0.0022      4    0.0006    0.0000
   65   75    0.5192      2    0.0698    0.0000    0.0004      2    0.0014    0.0000
   66   15   -0.5892      9    1.4630    0.0000   -0.0113      9    0.0106    0.0000
   66   16   -0.2936      2    0.9722    0.0000   -0.0192      2    0.0020    0.0000
   66   17   -0.0794      5    2.0242    0.0000   -0.0162      5    0.0051    0.0000
   66   22    1.0852      5    0.4746    0.0000   -0.0212      5    0.0044    0.0000
   66   23    1.0054      3    0.5832    0.0000    0.0009      3    0.0008    0.0000
   66   24    1.1032      6    1.0669    0.0000   -0.0095      6    0.0081    0.0000
   66   29    0.8987      4    1.4635    0.0000   -0.0193      4    0.0027    0.0000
   66   30   -1.3508      4    0.8952    0.0000   -0.0143      4    0.0049    0.0000
   66   33   -0.3897      5    1.0979    0.0000   -0.0210      5    0.0047    0.0000
   66   36    1.0018      4    0.6194    0.0000   -0.0019      4    0.0049    0.0000
   66   40    0.3273      2    0.0687    0.0000   -0.0069      2    0.0002    0.0000
   66   41    0.2801      7    0.3359    0.0000   -0.0068      7    0.0017    0.0000
   66   42    0.4543      2    0.1721    0.0000   -0.0083      2    0.0003    0.0000
   66   43    0.4577      4    0.5941    0.0000   -0.0048      4    0.0002    0.0000
   66   51   -0.2814      3    0.1642    0.0000    0.0009      3    0.0018    0.0000
   66   58    0.1072      2    0.0674    0.0000    0.0111      2    0.0000    0.0000
   66   63    0.6102      2    0.1023    0.0000   -0.0037      2    0.0014    0.0000
   66   69    0.1192      3    0.5021    0.0000    0.0023      3    0.0013    0.0000
   66   73    0.0174      2    0.0582    0.0000   -0.0024      2    0.0018    0.0000
   67   14    0.2834      2    3.0191    0.0000   -0.0493      2    0.0004    0.0000
   67   15    0.4373      7    0.4978   12.5000   -0.0236      8    0.0166    0.0000
   67   17   -0.6269      4    1.3524    0.0000   -0.0140      4    0.0049    0.0000
   67   21   -0.5672      6    1.3633    0.0000   -0.0203      6    0.0071    0.0000
   67   22    0.8168      2    0.2431    0.0000    0.0022      2    0.0023    0.0000
   67   23    0.6784      4    0.6926    0.0000   -0.0017      4    0.0024    0.0000
   67   24    0.0960      4    0.7503    0.0000   -0.0157      4    0.0039    0.0000
   67   28    0.8337      5    1.4373    0.0000   -0.0166      5    0.0094    0.0000
   67   30   -1.1203      4    0.6942    0.0000   -0.0054      4    0.0061    0.0000
   67   32    0.2948      4    0.6568    0.0000   -0.0211      4    0.0034    0.0000
   67   37    0.9699      3    0.1642    0.0000    0.0020      3    0.0031    0.0000
   67   40    0.6210      3    0.9619    0.0000   -0.0105      3    0.0046    0.0000
   67   41    0.8110      3    0.5397    0.0000   -0.0113      3    0.0018    0.0000
   67   42    0.6079      4    0.4843    0.0000   -0.0118      4    0.0035    0.0000
   67   43    0.5553      4    0.1265    0.0000   -0.0072      4    0.0017    0.0000
   67   51   -0.1138      3    0.2490    0.0000    0.0006      3    0.0006    0.0000
   67   55    0.1804      2    0.4155    0.0000    0.0039      2    0.0016    0.0000
   67   58    0.3364      3    0.2433    0.0000    0.0050      3    0.0015    0.0000
   67   63    0.2562      2    0.1948    0.0000   -0.0089      2    0.0026    0.0000
   67   69    0.3224      4    0.2939    0.0000    0.0018      4    0.0008    0.0000
   67   76    0.3470      2    0.2984    0.0000    0.0019      2    0.0041    0.0000
   68   14   -1.4931      6    2.3451    0.0000   -0.0354      6    0.0076    0.0000
   68   15   -0.4951      5    1.1964    0.0000    0.0029      5    0.0089    0.0000
   68   17    0.7432      5    0.7724    0.0000   -0.0148      5    0.0060    0.0000
   68   20    0.2702      4    1.2386    0.0000   -0.0182      4    0.0024    0.0000
   68   22    0.9495      5    1.3357    0.0000   -0.0047      5    0.0006    0.0000
   68   24    0.6425      4    1.1620    0.0000   -0.0145      4    0.0053    0.0000
   68   27    1.3603      2    0.4173    0.0000   -0.0008      2    0.0002    0.0000
   68   28    0.6615      3    0.8080    0.0000   -0.0062      3    0.0067    0.0000
   68   31    0.0537      4    0.8693    0.0000   -0.0071      4    0.0069    0.0000
   68   32    1.2153      4    0.1645    0.0000   -0.0178      4    0.0025    0.0000
   68   37    1.3081      3    0.5381    0.0000   -0.0058      3    0.0007    0.0000
   68   40    0.5489      8    0.5196    0.0000   -0.0130      7    0.0015   12.5000
   68   42    0.1190      6    0.2377    0.0000   -0.0130      6    0.0020    0.0000
   68   51   -0.4032      2    0.1632    0.0000    0.0011      2    0.0009    0.0000
   68   55    0.1626      3    0.6117    0.0000    0.0048      3    0.0027    0.0000
   68   63    0.0272      2    0.0071    0.0000   -0.0109      2    0.0003    0.0000
   68   65   -0.6385      2    0.0363    0.0000    0.0028      2    0.0013    0.0000
   69   13   -2.6295      2    3.1582    0.0000   -0.0158      2    0.0043    0.0000
   69   15   -2.0118      4    1.0627    0.0000    0.0086      4    0.0042    0.0000
   69   17   -0.5626      5    1.5324    0.0000   -0.0222      5    0.0070    0.0000
   69   19    0.5303      2    0.0631    0.0000   -0.0310      2    0.0071    0.0000
   69   20   -0.1434      4    1.4344    0.0000   -0.0287      4    0.0052    0.0000
   69   21   -0.5984      5    0.6268    0.0000    0.0006      5    0.0074    0.0000
   69   24    0.9838      4    0.5271    0.0000   -0.0268      4    0.0028    0.0000
   69   27   -0.4887      4    0.9526    0.0000   -0.0043      4    0.0010    0.0000
   69   31   -0.0708      8    0.7088    0.0000   -0.0146      8    0.0110    0.0000
   69   37    0.7817      4    0.5945    0.0000   -0.0067      4    0.0009    0.0000
   69   39    0.7428      3    0.3274    0.0000   -0.0073      3    0.0034    0.0000
   69   40    1.2165      5    0.3420    0.0000   -0.0094      5    0.0024    0.0000
   69   42    0.2972      7    0.4271    0.0000   -0.0105      7    0.0056    0.0000
   69   52   -0.3402      3    0.0937    0.0000    0.0017      3    0.0013    0.0000
   69   55    0.1097      2    0.2934    0.0000    0.0043      2    0.0022    0.0000
   69   57    0.3183      2    0.0099    0.0000    0.0017      2    0.0002    0.0000
   69   63   -0.1310      2    0.2476    0.0000   -0.0067      2    0.0025    0.0000
   69   65   -0.4374      2    0.4116    0.0000    0.0012      2    0.0014    0.0000
   69   70   -0.3431      2    0.0350    0.0000    0.0012      2    0.0001    0.0000
   69   76    0.3706      2    0.0140    0.0000    0.0008      2    0.0021    0.0000
   70   15   -1.0894      5    1.2806    0.0000   -0.0053      5    0.0016    0.0000
   70   17   -0.6694      4    1.4366    0.0000   -0.0285      4    0.0032    0.0000
   70   19    0.0599      5    0.6462    0.0000   -0.0261      5    0.0084    0.0000
   70   20   -0.4351      3    0.6745    0.0000    0.0020      3    0.0038    0.0000
   70   21    0.6435      2    1.2102    0.0000    0.0082      2    0.0014    0.0000
   70   24   -1.4732      4    0.5411    0.0000   -0.0138      4    0.0017    0.0000
   70   26    2.7456      3    0.2744    0.0000   -0.0160      3    0.0060    0.0000
   70   27    1.9415      2    0.1550    0.0000   -0.0053      2    0.0058    0.0000
   70   30    1.3939      3    1.0278    0.0000   -0.0243      3    0.0011    0.0000
   70   31    0.0643      6    0.5014    0.0000   -0.0157      6    0.0052    0.0000
   70   37    0.1825      3    0.1595    0.0000   -0.0044      3    0.0006    0.0000
   70   39    0.7473      6    0.4233    0.0000   -0.0048      6    0.0018    0.0000
   70   42    0.3188      3    0.6755    0.0000   -0.0083      3    0.0040    0.0000
   70   43    0.1368      2    0.2978    0.0000   -0.0180      2    0.0024    0.0000
   70   52   -0.2662      3    0.1770    0.0000   -0.0009      3    0.0017    0.0000
   70   55   -0.9535      3    0.3802    0.0000   -0.0024      3    0.0007    0.0000
   70   57    0.0753      3    0.3701    0.0000    0.0022      3    0.0010    0.0000
   70   64    0.4130      2    0.0497    0.0000   -0.0054      2    0.0032    0.0000
   70   69    0.2437      2    0.3658    0.0000   -0.0013      2    0.0003    0.0000
   70   70   -0.1869      2    0.0551    0.0000    0.0028      2    0.0016    0.0000
   70   76    0.5169      2    0.1184    0.0000    0.0037      2    0.0011    0.0000
   71   15   -0.2193      4    1.0328    0.0000   -0.0074      4    0.0033    0.0000
   71   17    0.3153      5    1.0465    0.0000   -0.0367      5    0.0044    0.0000
   71   18   -0.1094      5    1.3290    0.0000   -0.0165      5    0.0032    0.0000
   71   20    0.6435      5    0.9254    0.0000   -0.0037      5    0.0061    0.0000
   71   24    0.1052      4    1.0263    0.0000   -0.0068      4    0.0072    0.0000
   71   26    2.6156      5    0.9823    0.0000   -0.0077      5    0.0029    0.0000
   71   30    0.4701      5    0.5103    0.0000   -0.0331      5    0.0028    0.0000
   71   31   -0.9871      4    0.4817    0.0000   -0.0123      4    0.0051    0.0000
   71   37   -0.1066      3    0.4464    0.0000    0.0055      3    0.0044    0.0000
   71   39    0.4294      7    0.3060    0.0000    0.0003      7    0.0037    0.0000
   71   41    0.3170      4    0.3482    0.0000   -0.0019      4    0.0013    0.0000
   71   43    0.4891      3    0.3247    0.0000   -0.0201      3    0.0012    0.0000
   71   52   -0.1393      2    0.2366    0.0000    0.0022      2    0.0002    0.0000
   71   57   -0.0366      2    0.0318    0.0000    0.0057      2    0.0006    0.0000
   71   64   -0.0547      2    0.4110    0.0000   -0.0011      2    0.0003    0.0000
   71   65   -0.4310      2    0.2103    0.0000    0.0046      2    0.0006    0.0000
   71   74    0.1424      2    0.0882    0.0000   -0.0015      2    0.0000    0.0000
   71   76    0.6058      2    0.3950    0.0000    0.0037      2    0.0004    0.0000
   72   15   -0.7244      5    0.9171    0.0000   -0.0034      5    0.0024    0.0000
   72   17    0.7606      7    0.7990   12.5000   -0.0411      8    0.0124    0.0000
   72   18   -1.1725      2    1.0492    0.0000   -0.0324      2    0.0040    0.0000
   72   19   -0.3159      5    1.1591    0.0000   -0.0166      5    0.0050    0.0000
   72   24    0.2918      4    0.6509    0.0000   -0.0085      4    0.0109    0.0000
   72   25    1.1215      5    0.5784    0.0000   -0.0103      5    0.0071    0.0000
   72   29    1.0232      4    0.7109    0.0000   -0.0260      4    0.0050    0.0000
   72   31   -1.0362      3    1.2086    0.0000   -0.0102      3    0.0008    0.0000
   72   37    0.1959      2    0.0005    0.0000    0.0053      2    0.0019    0.0000
   72   38    0.1908      8    1.1346    0.0000   -0.0015      8    0.0045    0.0000
   72   39    1.1414      2    0.1536    0.0000   -0.0026      2    0.0001    0.0000
   72   41    0.2772      4    0.4005    0.0000   -0.0041      4    0.0031    0.0000
   72   43    0.5250      3    0.1579    0.0000   -0.0189      3    0.0035    0.0000
   72   52    0.1883      2    0.1182    0.0000   -0.0020      2    0.0003    0.0000
   72   54   -0.6136      3    0.3685    0.0000    0.0036      3    0.0012    0.0000
   72   57    0.3003      2    0.0563    0.0000    0.0033      2    0.0008    0.0000
   72   64    0.5879      2    0.1042    0.0000   -0.0012      2    0.0002    0.0000
   72   65   -0.6859      2    0.4318    0.0000    0.0018      2    0.0016    0.0000
   72   71   -0.1375      2    0.2361    0.0000    0.0013      2    0.0004    0.0000
   72   76    0.3588      2    0.0782    0.0000    0.0012      2    0.0026    0.0000
   73   15   -0.4254      4    2.3022    0.0000   -0.0100      4    0.0163    0.0000
   73   16   -0.6529      2    1.8623    0.0000   -0.0188      2    0.0009    0.0000
   73   17   -0.3623      8    1.5085   11.1111   -0.0274      8    0.0082   11.1111
   73   18    0.2992      4    0.8788    0.0000   -0.0009      4    0.0032    0.0000
   73   19   -1.2805      2    0.7243    0.0000   -0.0135      2    0.0090    0.0000
   73   24   -0.8686      5    0.6655    0.0000   -0.0068      5    0.0063    0.0000
   73   25    0.4602      4    1.6309    0.0000   -0.0041      4    0.0065    0.0000
   73   29    0.8204      4    1.3997    0.0000   -0.0240      4    0.0024    0.0000
   73   31   -0.9916      4    1.3497    0.0000   -0.0040      4    0.0026    0.0000
   73   38    0.5204     10    0.4935    0.0000   -0.0025      9    0.0033   10.0000
   73   40    0.4517      4    0.3368    0.0000   -0.0079      4    0.0024    0.0000
   73   43    0.3454      3    0.1157    0.0000   -0.0189      3    0.0020    0.0000
   73   53   -0.0090      3    0.5112    0.0000   -0.0010      3    0.0022    0.0000
   73   54   -0.3527      2    0.0244    0.0000    0.0054      2    0.0001    0.0000
   73   57    0.3395      3    0.3977    0.0000    0.0021      3    0.0011    0.0000
   73   64    0.4218      2    0.3238    0.0000   -0.0039      2    0.0006    0.0000
   73   69    0.6304      2    0.0453    0.0000   -0.0003      2    0.0005    0.0000
   73   76    0.5271      2    0.5554    0.0000    0.0009      2    0.0016    0.0000
   74   15   -0.1068      4    1.4158    0.0000    0.0100      4    0.0088    0.0000
   74   16   -1.4105      5    1.8423    0.0000   -0.0003      5    0.0063    0.0000
   74   17   -0.5073      6    0.9606    0.0000    0.0062      6    0.0040    0.0000
   74   18   -0.3978      3    0.0266    0.0000    0.0004      3    0.0076    0.0000
   74   24    0.5012      8    0.7499   11.1111   -0.0077      9    0.0083    0.0000
   74   28    0.6752      5    0.6033    0.0000   -0.0365      5    0.0067    0.0000
   74   31    0.2635      4    0.5361    0.0000   -0.0048      4    0.0051    0.0000
   74   37    0.2855      3    0.2214    0.0000   -0.0078      3    0.0017    0.0000
   74   38    0.6789      7    0.4458   12.5000   -0.0058      7    0.0026   12.5000
   74   40    0.1142      3    0.5392    0.0000   -0.0069      3    0.0018    0.0000
   74   43    0.1227      3    0.4284    0.0000   -0.0164      3    0.0011    0.0000
   74   53   -0.3888      2    0.2550    0.0000   -0.0022      2    0.0004    0.0000
   74   54    0.1119      3    0.2699    0.0000    0.0015      3    0.0009    0.0000
   74   65   -0.6391      3    0.2555    0.0000   -0.0013      3    0.0032    0.0000
   74   71   -0.0030      2    0.3448    0.0000   -0.0001      2    0.0004    0.0000
   75   15   -0.6102     10    0.7876    0.0000    0.0061      9    0.0079   10.0000
   75   17    0.2135      9    0.6117   10.0000    0.0097      9    0.0073   10.0000
   75   23   -2.0631      2    0.5286    0.0000   -0.0307      2    0.0049    0.0000
   75   24    1.7925      6    1.2512    0.0000   -0.0140      6    0.0092    0.0000
   75   27    0.0347      2    0.1345    0.0000   -0.0260      2    0.0009    0.0000
   75   28    1.0014      2    0.4301    0.0000   -0.0364      2    0.0041    0.0000
   75   31   -0.6765      4    0.9474    0.0000   -0.0111      4    0.0017    0.0000
   75   37    1.3566      8    0.7102    0.0000   -0.0070      7    0.0024   12.5000
   75   38    0.1418      4    0.3439    0.0000   -0.0003      4    0.0014    0.0000
   75   39    0.1478      2    0.2619    0.0000   -0.0044      2    0.0018    0.0000
   75   40    0.1097      2    0.4242    0.0000   -0.0062      2    0.0027    0.0000
   75   43   -0.5104      3    0.5580    0.0000   -0.0186      3    0.0027    0.0000
   75   53   -0.0746      4    0.2977    0.0000   -0.0004      4    0.0007    0.0000
   75   54   -0.0563      2    0.2788    0.0000    0.0022      2    0.0015    0.0000
   75   56    0.3706      2    0.4082    0.0000   -0.0006      2    0.0004    0.0000
   75   65   -0.3632      4    0.5670    0.0000   -0.0023      4    0.0029    0.0000
   75   68    0.8337      2    0.3805    0.0000   -0.0039      2    0.0002    0.0000
   75   75   -0.0764      2    0.1106    0.0000    0.0032      2    0.0023    0.0000
   76   14   -2.6718      3    1.1225    0.0000   -0.0021      3    0.0109    0.0000
   76   15   -0.9173      7    1.1157    0.0000    0.0071      7    0.0157    0.0000
   76   16   -0.0079      5    1.2724    0.0000    0.0118      5    0.0065    0.0000
   76   17   -0.1122      4    0.7425    0.0000    0.0154      4    0.0053    0.0000
   76   23    0.4536      5    1.1720    0.0000   -0.0205      5    0.0032    0.0000
   76   24    0.4570      4    1.3235    0.0000   -0.0093      4    0.0020    0.0000
   76   27    0.4453      5    1.1996    0.0000   -0.0209      5    0.0032    0.0000
   76   31    0.9401      3    0.4772    0.0000   -0.0120      3    0.0011    0.0000
   76   37    0.7887      7    0.7945    0.0000   -0.0066      7    0.0024    0.0000
   76   38    0.1665      3    0.1308    0.0000   -0.0007      3    0.0053    0.0000
   76   39   -0.1678      4    0.9795    0.0000   -0.0063      4    0.0027    0.0000
   76   43    0.3133      3    0.7250    0.0000   -0.0125      3    0.0032    0.0000
   76   53   -0.3538      4    0.7025    0.0000   -0.0029      4    0.0009    0.0000
   76   56    0.1496      3    0.0815    0.0000   -0.0002      3    0.0005    0.0000
   76   64   -0.3263      2    0.1439    0.0000    0.0032      2    0.0020    0.0000
   76   75    0.2482      2    0.5832    0.0000    0.0007      2    0.0013    0.0000
   77   14   -1.5131      7    0.8665    0.0000    0.0014      6    0.0073   14.2857
   77   15    0.5382      6    1.0161    0.0000    0.0078      6    0.0099    0.0000
   77   16    1.4828      3    0.9279    0.0000    0.0124      3    0.0022    0.0000
   77   17    1.3577      4    0.6970    0.0000    0.0090      4    0.0032    0.0000
   77   22    0.6417      4    1.1101    0.0000   -0.0183      4    0.0045    0.0000
   77   24   -0.4097      4    0.5387    0.0000   -0.0086      4    0.0043    0.0000
   77   26    0.9064      4    0.3018    0.0000   -0.0203      4    0.0035    0.0000
   77   31   -0.2540      4    0.5787    0.0000   -0.0114      4    0.0033    0.0000
   77   36    0.5138      7    0.6023    0.0000   -0.0069      7    0.0024    0.0000
   77   38   -0.1109      4    0.5820    0.0000   -0.0039      4    0.0025    0.0000
   77   39   -0.4001      3    0.1338    0.0000   -0.0070      3    0.0016    0.0000
   77   44    0.6539      2    1.0111    0.0000   -0.0092      2    0.0014    0.0000
   77   53    0.0325      5    0.4807    0.0000   -0.0023      5    0.0019    0.0000
   77   56    0.2881      2    0.0018    0.0000   -0.0022      2    0.0011    0.0000
   77   64   -0.5491      2    0.0529    0.0000    0.0002      2    0.0019    0.0000
   77   65    0.7961      2    0.2354    0.0000   -0.0057      2    0.0010    0.0000
   77   68    0.6832      2    0.2642    0.0000   -0.0086      2    0.0019    0.0000
   77   75    0.2000      2    0.2984    0.0000    0.0004      2    0.0006    0.0000
   78   13   -0.5859      6    0.6325    0.0000   -0.0151      6    0.0087    0.0000
   78   14    0.0799      3    1.1832    0.0000    0.0044      3    0.0153    0.0000
   78   15    1.7407      5    0.3703    0.0000   -0.0039      5    0.0064    0.0000
   78   17    1.5137      5    1.3594    0.0000    0.0085      5    0.0107    0.0000
   78   22   -0.1973      5    1.0216    0.0000   -0.0095      5    0.0015    0.0000
   78   24    0.4066      4    0.6610    0.0000   -0.0106      4    0.0027    0.0000
   78   26    0.0916      4    0.8203    0.0000   -0.0207      4    0.0043    0.0000
   78   31   -0.3812      4    0.3936    0.0000   -0.0034      4    0.0037    0.0000
   78   36    0.7425      7    0.5310    0.0000   -0.0028      7    0.0039    0.0000
   78   38    0.3171      6    0.1596   14.2857   -0.0061      7    0.0042    0.0000
   78   44    0.4091      3    0.4813    0.0000   -0.0139      3    0.0020    0.0000
   78   53    0.1377      3    0.4025    0.0000   -0.0007      3    0.0022    0.0000
   78   54    0.1944      2    0.1160    0.0000   -0.0031      2    0.0011    0.0000
   78   56    0.2782      3    0.1703    0.0000    0.0031      3    0.0002    0.0000
   78   65    0.1017      2    0.1775    0.0000   -0.0065      2    0.0009    0.0000
   78   75   -0.1231      2    0.1864    0.0000   -0.0011      2    0.0003    0.0000
   79   12   -1.6431      4    0.4510    0.0000   -0.0234      4    0.0035    0.0000
   79   13   -1.9272      2    0.9226    0.0000   -0.0292      2    0.0040    0.0000
   79   14    0.6036     11    1.3261    0.0000   -0.0246     11    0.0070    0.0000
   79   17    0.2172      4    1.3292    0.0000    0.0032      4    0.0041    0.0000
   79   21    0.3928      5    0.5847    0.0000   -0.0054      5    0.0064    0.0000
   79   24    0.4799      4    0.8165    0.0000   -0.0013      4    0.0026    0.0000
   79   25    0.0823      4    0.9750    0.0000   -0.0193      4    0.0039    0.0000
   79   31    0.1986      3    1.0555    0.0000   -0.0065      3    0.0027    0.0000
   79   35    0.5594      5    0.1538   16.6667   -0.0017      6    0.0041    0.0000
   79   36    0.5272      2    0.2643    0.0000   -0.0016      2    0.0019    0.0000
   79   38    0.1934      8    0.5167    0.0000    0.0012      8    0.0045    0.0000
   79   44    0.1481      3    0.6985    0.0000   -0.0185      3    0.0018    0.0000
   79   54    0.6307      2    0.2766    0.0000   -0.0042      2    0.0010    0.0000
   79   55    0.0511      2    0.2921    0.0000    0.0020      2    0.0007    0.0000
   79   64   -0.5154      2    0.3715    0.0000    0.0031      2    0.0009    0.0000
   79   65   -0.1194      2    0.2521    0.0000   -0.0075      2    0.0005    0.0000
   79   68    0.0168      2    0.2122    0.0000   -0.0032      2    0.0011    0.0000
   79   75    0.3375      2    0.1434    0.0000    0.0000      2    0.0023    0.0000
   80   12   -3.0466      4    0.6944    0.0000   -0.0240      4    0.0038    0.0000
   80   13   -0.4452      4    0.8746    0.0000   -0.0024      4    0.0051    0.0000
   80   14   -0.0433      7    1.3847    0.0000   -0.0070      7    0.0087    0.0000
   80   16   -0.3069      5    0.8588    0.0000    0.0062      5    0.0130    0.0000
   80   20    0.6610      2    0.0564    0.0000   -0.0024      2    0.0042    0.0000
   80   21   -0.6789      3    0.6269    0.0000   -0.0056      3    0.0048    0.0000
   80   24    0.0298      5    0.2488   16.6667   -0.0060      6    0.0115    0.0000
   80   25    0.1347      3    0.5011    0.0000   -0.0152      3    0.0052    0.0000
   80   31   -0.0162      4    1.0458    0.0000   -0.0040      4    0.0033    0.0000
   80   35    1.2208      8    0.8778    0.0000   -0.0071      7    0.0025   12.5000
   80   37   -0.0521      4    0.2648    0.0000   -0.0020      4    0.0038    0.0000
   80   38    0.7495      3    0.4355    0.0000    0.0039      3    0.0023    0.0000
   80   44    0.6999      3    0.8367    0.0000   -0.0147      3    0.0017    0.0000
   80   52    0.2010      3    0.2198    0.0000    0.0020      3    0.0009    0.0000
   80   54   -0.1901      3    0.3245    0.0000   -0.0028      3    0.0009    0.0000
   80   55    0.3031      3    0.3690    0.0000    0.0020      3    0.0010    0.0000
   80   64   -0.6599      2    0.1334    0.0000    0.0012      2    0.0001    0.0000
   80   72   -0.2381      2    0.0831    0.0000   -0.0024      2    0.0000    0.0000
   80   75    0.2198      2    0.2356    0.0000   -0.0016      2    0.0016    0.0000
   81   11   -1.0538      3    0.4961    0.0000   -0.0159      3    0.0104    0.0000
   81   12    1.1920      2    0.6790    0.0000    0.0049      2    0.0027    0.0000
   81   13    0.9608      3    1.3002    0.0000    0.0141      3    0.0038    0.0000
   81   14   -0.3954      4    0.6005    0.0000    0.0064      4    0.0145    0.0000
   81   16   -1.2046      5    0.8292    0.0000    0.0239      5    0.0043    0.0000
   81   20   -0.0217      5    0.4758    0.0000   -0.0079      5    0.0041    0.0000
   81   23    0.1453      3    1.0607    0.0000    0.0041      3    0.0062    0.0000
   81   24    0.0456      6    0.6569    0.0000   -0.0171      5    0.0022   16.6667
   81   31   -0.5142      4    0.3208    0.0000   -0.0027      4    0.0032    0.0000
   81   34   -0.0164      4    0.5758    0.0000   -0.0049      4    0.0046    0.0000
   81   35    1.5734      4    0.5485    0.0000   -0.0080      4    0.0030    0.0000
   81   37    0.0457      4    0.4244    0.0000   -0.0140      4    0.0048    0.0000
   81   38    0.4261      3    0.8394    0.0000    0.0023      3    0.0017    0.0000
   81   44    0.8108      3    0.1438    0.0000   -0.0111      3    0.0015    0.0000
   81   52    0.3368      3    0.2529    0.0000   -0.0024      3    0.0015    0.0000
   81   54    0.2019      2    0.2511    0.0000   -0.0015      2    0.0009    0.0000
   81   55   -0.1394      2    0.1062    0.0000    0.0034      2    0.0007    0.0000
   81   64   -0.7698      2    0.1357    0.0000    0.0013      2    0.0000    0.0000
   81   66    0.2190      2    0.0582    0.0000   -0.0057      2    0.0015    0.0000
   81   68    0.2614      2    0.0635    0.0000   -0.0020      2    0.0022    0.0000
   81   75    0.3622      2    0.1822    0.0000   -0.0027      2    0.0013    0.0000
   82   12    1.1569      6    0.4978    0.0000    0.0030      6    0.0030    0.0000
   82   13   -0.1322      5    0.4811    0.0000   -0.0036      5    0.0046    0.0000
   82   16   -0.9399      4    0.3711    0.0000    0.0063      4    0.0034    0.0000
   82   19    1.6168      3    1.2271    0.0000   -0.0040      3    0.0031    0.0000
   82   20    0.5031      2    1.8562    0.0000   -0.0009      2    0.0021    0.0000
   82   23    0.0588      9    1.2499    0.0000   -0.0062      9    0.0106    0.0000
   82   31    1.0706      3    0.4622    0.0000   -0.0056      3    0.0009    0.0000
   82   34    0.5014      8    0.4591   11.1111    0.0007      8    0.0030   11.1111
   82   36   -0.8470      4    0.5164    0.0000   -0.0089      4    0.0048    0.0000
   82   38    0.5068      3    0.8559    0.0000    0.0028      3    0.0028    0.0000
   82   44    0.1785      3    0.8915    0.0000   -0.0076      3    0.0009    0.0000
   82   52   -0.0393      2    0.1988    0.0000   -0.0011      2    0.0006    0.0000
   82   54   -0.1529      2    0.3650    0.0000   -0.0014      2    0.0003    0.0000
   82   55    0.3369      3    0.1616    0.0000    0.0028      3    0.0023    0.0000
   82   66    0.7728      2    0.3045    0.0000   -0.0099      2    0.0010    0.0000
   82   75    0.3190      2    0.1931    0.0000    0.0007      2    0.0009    0.0000
   83   11    0.7127      6    1.1485    0.0000   -0.0042      6    0.0066    0.0000
   83   13   -0.7040      4    1.4733    0.0000   -0.0024      4    0.0087    0.0000
   83   16   -0.5851      5    1.0313    0.0000    0.0122      5    0.0115    0.0000
   83   19   -0.1092      5    1.3445    0.0000   -0.0046      5    0.0124    0.0000
   83   23    0.2119      7    0.8255   12.5000   -0.0028      8    0.0078    0.0000
   83   31   -0.0755      4    1.1884    0.0000   -0.0040      4    0.0039    0.0000
   83   33    1.4814      4    0.8175    0.0000   -0.0015      4    0.0054    0.0000
   83   34    0.5696      4    0.2979    0.0000   -0.0032      4    0.0046    0.0000
   83   36   -0.2324      4    0.5790    0.0000   -0.0111      4    0.0152    0.0000
   83   38    0.4695      4    0.3240    0.0000    0.0058      4    0.0034    0.0000
   83   44    0.4979      3    0.8374    0.0000   -0.0116      3    0.0023    0.0000
   83   51    0.2531      2    0.2041    0.0000   -0.0037      2    0.0012    0.0000
   83   54    0.1481      4    0.5889    0.0000   -0.0034      4    0.0033    0.0000
   83   63   -0.9084      2    0.0649    0.0000   -0.0007      2    0.0004    0.0000
   83   67    0.7320      2    0.1489    0.0000   -0.0042      2    0.0005    0.0000
   83   79    0.2908      2    0.2087    0.0000   -0.0029      2    0.0014    0.0000
   84   10    2.0127      3    0.9487    0.0000   -0.0123      3    0.0065    0.0000
   84   11    0.2842      2    0.1959    0.0000    0.0001      2    0.0074    0.0000
   84   13    0.0041      5    1.4327    0.0000   -0.0091      5    0.0048    0.0000
   84   16    0.6026      3    0.4944    0.0000    0.0084      3    0.0028    0.0000
   84   18   -0.3828      5    1.0704    0.0000   -0.0084      5    0.0061    0.0000
   84   22    0.7785      5    0.6800    0.0000   -0.0063      5    0.0030    0.0000
   84   23    0.3379      4    0.8331    0.0000    0.0074      4    0.0031    0.0000
   84   31   -0.7460      4    0.7312    0.0000   -0.0080      4    0.0070    0.0000
   84   33    0.2067      8    0.5911    0.0000   -0.0047      8    0.0044    0.0000
   84   35   -0.4795      3    0.5203    0.0000   -0.0234      3    0.0092    0.0000
   84   38   -0.0516      3    0.1328    0.0000    0.0089      3    0.0043    0.0000
   84   44    0.1396      3    0.1792    0.0000   -0.0138      3    0.0007    0.0000
   84   51    0.2996      3    0.1959    0.0000   -0.0046      3    0.0007    0.0000
   84   54    0.5312      5    0.1864    0.0000    0.0005      5    0.0031    0.0000
   84   63   -0.4518      2    0.0541    0.0000    0.0020      2    0.0003    0.0000
   84   66    0.4575      2    0.0871    0.0000   -0.0079      2    0.0013    0.0000
   85   12   -0.8365      3    1.3852    0.0000    0.0056      3    0.0099    0.0000
   85   13   -1.8689      2    1.9691    0.0000   -0.0174      2    0.0094    0.0000
   85   15   -0.2016      5    1.6470    0.0000    0.0031      5    0.0076    0.0000
   85   17   -2.4551      2    1.5295    0.0000   -0.0210      2    0.0002    0.0000
   85   18    0.3599      3    0.1740    0.0000   -0.0135      3    0.0062    0.0000
   85   21    0.2859      3    1.3879    0.0000   -0.0181      3    0.0025    0.0000
   85   22    0.0908      2    0.6814    0.0000   -0.0078      2    0.0016    0.0000
   85   23    0.0516      4    0.5961    0.0000   -0.0008      4    0.0078    0.0000
   85   31   -1.2485      3    0.8587    0.0000   -0.0084      3    0.0049    0.0000
   85   32    0.6377      3    0.2924    0.0000    0.0010      3    0.0047    0.0000
   85   33   -0.4617      5    0.3751    0.0000   -0.0050      5    0.0024    0.0000
   85   35   -0.3025      4    0.8612    0.0000   -0.0039      4    0.0077    0.0000
   85   38   -0.3536      3    0.6607    0.0000    0.0062      3    0.0027    0.0000
   85   44    0.6669      3    1.0129    0.0000   -0.0136      3    0.0018    0.0000
   85   51    0.2617      3    0.2773    0.0000   -0.0028      3    0.0018    0.0000
   85   54    0.4778      5    0.2694    0.0000   -0.0017      5    0.0029    0.0000
   85   63   -0.6011      2    0.3431    0.0000    0.0069      2    0.0011    0.0000
   85   67    0.6495      2    0.3256    0.0000   -0.0103      2    0.0003    0.0000
   85   75   -0.0492      2    0.3185    0.0000    0.0001      2    0.0008    0.0000
   86   12   -0.1077      4    1.4331    0.0000    0.0166      4    0.0072    0.0000
   86   15   -0.4457      4    1.8075    0.0000    0.0005      4    0.0050    0.0000
   86   17   -1.4526      5    0.4128   16.6667   -0.0027      6    0.0081    0.0000
   86   21    0.2375      5    0.9309    0.0000   -0.0174      5    0.0103    0.0000
   86   22   -0.1287      4    0.3812    0.0000    0.0085      4    0.0050    0.0000
   86   31   -1.6335      4    0.6111    0.0000    0.0027      4    0.0070    0.0000
   86   32    0.1107      8    0.7198    0.0000    0.0017      8    0.0051    0.0000
   86   34   -0.4748      3    0.6297    0.0000   -0.0094      3    0.0115    0.0000
   86   38   -0.2952      3    0.2528    0.0000    0.0044      3    0.0005    0.0000
   86   44    0.3715      3    0.2745    0.0000   -0.0149      3    0.0011    0.0000
   86   50   -0.1480      3    0.5262    0.0000   -0.0006      3    0.0029    0.0000
   86   54    0.3247      5    0.2272    0.0000   -0.0024      5    0.0031    0.0000
   86   63   -0.3456      2    0.1583    0.0000    0.0046      2    0.0005    0.0000
   86   66    0.6060      2    0.0838    0.0000   -0.0066      2    0.0008    0.0000
   86   79    0.0750      2    0.0079    0.0000   -0.0018      2    0.0037    0.0000
   87   12    0.3900      5    2.2461    0.0000    0.0134      5    0.0068    0.0000
   87   15   -0.4380      5    0.9027    0.0000    0.0092      5    0.0071    0.0000
   87   16   -1.0268      4    2.6090    0.0000   -0.0013      4    0.0036    0.0000
   87   20    1.1596      5    0.7148    0.0000   -0.0141      5    0.0059    0.0000
   87   22    0.6621      4    0.9526    0.0000    0.0049      4    0.0035    0.0000
   87   31    0.3028      7    1.0910    0.0000    0.0062      7    0.0039    0.0000
   87   32    1.2552      6    0.8032    0.0000    0.0040      6    0.0054    0.0000
   87   34   -0.2606      4    0.6520    0.0000    0.0028      4    0.0081    0.0000
   87   38    0.5744      3    0.7970    0.0000    0.0001      3    0.0004    0.0000
   87   44    0.5961      2    0.2816    0.0000   -0.0106      2    0.0011    0.0000
   87   50   -0.4571      3    0.2182    0.0000   -0.0020      3    0.0012    0.0000
   87   53    0.3324      3    0.2190    0.0000   -0.0032      3    0.0012    0.0000
   87   54    0.1066      2    0.0246    0.0000   -0.0030      2    0.0009    0.0000
   87   62   -0.5091      2    0.2086    0.0000    0.0010      2    0.0014    0.0000
   87   66    0.7510      2    0.0545    0.0000   -0.0047      2    0.0015    0.0000
   87   67    0.9351      2    0.0155    0.0000   -0.0098      2    0.0003    0.0000
   87   79    0.2142      2    0.0796    0.0000   -0.0018      2    0.0024    0.0000
   88   11    0.5099      2    1.1879    0.0000   -0.0039      2    0.0010    0.0000
   88   12    0.2991      3    1.5910    0.0000    0.0174      3    0.0057    0.0000
   88   14    0.5870      3    1.9359    0.0000    0.0161      3    0.0035    0.0000
   88   15   -0.3349      3    0.4928    0.0000    0.0071      3    0.0158    0.0000
   88   16   -0.1367      4    0.8886    0.0000    0.0022      4    0.0036    0.0000
   88   19    0.7768      3    0.5796    0.0000   -0.0138      3    0.0110    0.0000
   88   20    0.6267      2    0.8476    0.0000   -0.0046      2    0.0034    0.0000
   88   22    0.4558      4    0.8870    0.0000    0.0111      4    0.0052    0.0000
   88   30    0.8838      2    0.1099    0.0000    0.0046      2    0.0023    0.0000
   88   31    1.1129     10    0.7030    0.0000    0.0005     10    0.0069    0.0000
   88   33   -0.7298      3    0.2283    0.0000   -0.0118      3    0.0139    0.0000
   88   38   -0.1904      4    0.8066    0.0000    0.0000      4    0.0026    0.0000
   88   44    0.8385      3    0.4474    0.0000   -0.0116      3    0.0033    0.0000
   88   50   -0.2660      3    0.1055    0.0000   -0.0049      3    0.0010    0.0000
   88   53    0.7508      3    0.3518    0.0000   -0.0024      3    0.0016    0.0000
   88   54   -0.1503      2    0.2666    0.0000    0.0001      2    0.0019    0.0000
   88   62   -0.3884      2    0.0257    0.0000    0.0033      2    0.0006    0.0000
   88   67    0.2049      2    0.1171    0.0000   -0.0071      2    0.0015    0.0000
   89   11    0.0403      4    1.2663    0.0000    0.0050      4    0.0146    0.0000
   89   14    0.4201      5    1.2071    0.0000    0.0045      5    0.0064    0.0000
   89   15    0.5093      5    1.3433    0.0000   -0.0107      5    0.0038    0.0000
   89   19    0.2674      5    2.1169    0.0000   -0.0142      5    0.0034    0.0000
   89   22    0.8299      4    1.2507    0.0000    0.0067      4    0.0084    0.0000
   89   30    1.0391      8    0.8665    0.0000   -0.0083      8    0.0064    0.0000
   89   31    0.7169      4    0.9169    0.0000   -0.0090      4    0.0102    0.0000
   89   33   -0.3307      5    0.5884    0.0000    0.0006      5    0.0112    0.0000
   89   38    0.1690      3    0.3440    0.0000   -0.0003      3    0.0019    0.0000
   89   44    0.4671      3    0.2675    0.0000   -0.0059      3    0.0016    0.0000
   89   49    0.0424      3    0.0931    0.0000   -0.0067      3    0.0022    0.0000
   89   53    0.7032      2    0.0217    0.0000   -0.0034      2    0.0017    0.0000
   89   54    0.0728      2    0.2283    0.0000   -0.0020      2    0.0009    0.0000
   89   62   -0.3538      2    0.0756    0.0000    0.0016      2    0.0006    0.0000
   89   66   -0.0882      3    0.1623    0.0000   -0.0027      3    0.0020    0.0000
   90   11   -0.5171      5    0.8395    0.0000    0.0180      5    0.0055    0.0000
   90   14    1.0337      7    2.3696    0.0000    0.0145      7    0.0095    0.0000
   90   15    1.3661      2    1.4644    0.0000    0.0040      2    0.0040    0.0000
   90   18   -0.2282      5    0.7716    0.0000    0.0014      5    0.0082    0.0000
   90   21    1.2841      5    0.5470    0.0000    0.0004      5    0.0074    0.0000
   90   30    0.5266     12    0.6583    0.0000   -0.0123     11    0.0066    8.3333
   90   32   -0.5171      4    0.6281    0.0000   -0.0053      4    0.0081    0.0000
   90   38    1.1247      2    0.8298    0.0000    0.0002      2    0.0021    0.0000
   90   43    0.3335      3    0.2751    0.0000   -0.0071      3    0.0024    0.0000
   90   49    0.4655      3    0.3919    0.0000   -0.0069      3    0.0014    0.0000
   90   52    0.5076      2    0.0419    0.0000   -0.0046      2    0.0022    0.0000
   90   54    0.2025      3    0.2720    0.0000   -0.0039      3    0.0016    0.0000
   90   62   -0.2828      2    0.1391    0.0000    0.0013      2    0.0009    0.0000
   90   66    0.5852      3    0.1119    0.0000    0.0005      3    0.0010    0.0000
   90   79   -0.0395      2    0.1441    0.0000   -0.0020      2    0.0022    0.0000
   91   10   -0.4722      3    1.2613    0.0000    0.0145      3    0.0017    0.0000
   91   13    0.4034      3    0.4562    0.0000    0.0141      3    0.0034    0.0000
   91   14   -0.0469      8    1.1235    0.0000    0.0065      8    0.0108    0.0000
   91   17    0.5251      2    0.7123    0.0000    0.0077      2    0.0052    0.0000
   91   18    0.4755      3    1.8787    0.0000    0.0015      3    0.0066    0.0000
   91   21    1.1552      4    1.2684    0.0000   -0.0002      4    0.0032    0.0000
   91   29    1.2115      5    0.2634    0.0000   -0.0024      5    0.0053    0.0000
   91   30    0.3261      7    0.9498    0.0000   -0.0149      7    0.0069    0.0000
   91   32   -0.3756      4    0.8350    0.0000   -0.0054      4    0.0150    0.0000
   91   37   -0.0524      3    0.7087    0.0000    0.0014      3    0.0011    0.0000
   91   43    0.0240      3    0.3416    0.0000   -0.0026      3    0.0023    0.0000
   91   49    0.2516      2    0.4668    0.0000   -0.0101      2    0.0022    0.0000
   91   52    0.2919      3    0.1818    0.0000   -0.0038      3    0.0012    0.0000
   91   54    0.5482      2    0.2701    0.0000   -0.0053      2    0.0003    0.0000
   91   66    0.1684      4    0.2231    0.0000    0.0022      4    0.0020    0.0000
   91   79   -0.0104      2    0.1245    0.0000   -0.0047      2    0.0033    0.0000
   92   13    0.2540     10    1.1811    0.0000   -0.0008     10    0.0184    0.0000
   92   17    0.2770      5    0.8730    0.0000    0.0100      5    0.0054    0.0000
   92   21   -0.3165      4    0.9692    0.0000    0.0021      4    0.0029    0.0000
   92   29    0.6658      8    0.9783    0.0000   -0.0056      7    0.0038   12.5000
   92   30   -0.0145      4    0.3495    0.0000   -0.0052      4    0.0010    0.0000
   92   31   -0.5017      5    0.8366    0.0000   -0.0065      5    0.0102    0.0000
   92   37    0.2612      4    0.6498    0.0000    0.0047      4    0.0009    0.0000
   92   43   -0.2687      3    0.1217    0.0000   -0.0003      3    0.0018    0.0000
   92   48   -0.1912      3    0.2541    0.0000   -0.0046      3    0.0014    0.0000
   92   52    0.7552      3    0.2449    0.0000   -0.0037      3    0.0012    0.0000
   92   54    0.1531      2    0.1860    0.0000   -0.0072      2    0.0006    0.0000
   92   61    0.0439      2    0.0560    0.0000    0.0005      2    0.0006    0.0000
   92   66    0.5042      2    0.1621    0.0000   -0.0010      2    0.0013    0.0000
   92   73   -0.4261      2    0.0181    0.0000   -0.0022      2    0.0014    0.0000
   93   12   -0.1082      2    1.7809    0.0000   -0.0297      2    0.0005    0.0000
   93   13    0.1226      7    0.6581   12.5000    0.0024      8    0.0092    0.0000
   93   16   -0.4795      5    1.0407    0.0000    0.0014      5    0.0074    0.0000
   93   20   -0.7095      5    0.7045    0.0000    0.0058      5    0.0075    0.0000
   93   28    0.7719      6    0.7333   14.2857   -0.0016      6    0.0017   14.2857
   93   29   -0.5511      5    0.9969    0.0000   -0.0050      5    0.0023    0.0000
   93   31    0.1546      3    0.4381    0.0000   -0.0041      3    0.0080    0.0000
   93   37    0.4147      3    0.5558    0.0000    0.0076      3    0.0016    0.0000
   93   43    0.4861      3    0.3381    0.0000   -0.0025      3    0.0017    0.0000
   93   48    0.5480      3    0.5731    0.0000   -0.0012      3    0.0012    0.0000
   93   51    0.7059      2    0.0922    0.0000   -0.0081      2    0.0025    0.0000
   93   54    0.2430      2    0.2522    0.0000   -0.0024      2    0.0012    0.0000
   93   61   -0.3316      2    0.1429    0.0000   -0.0009      2    0.0004    0.0000
   93   66    0.5860      4    0.2268    0.0000   -0.0033      4    0.0011    0.0000
   93   74    0.2558      2    0.1711    0.0000   -0.0044      2    0.0045    0.0000
   93   79    0.0136      2    0.2393    0.0000   -0.0024      2    0.0029    0.0000
   94   12    0.1336      5    1.8016    0.0000    0.0034      5    0.0179    0.0000
   94   15   -0.4668      3    1.2939    0.0000    0.0150      3    0.0091    0.0000
   94   16    1.0450      2    1.0162    0.0000    0.0156      2    0.0037    0.0000
   94   20   -0.1312      4    1.2393    0.0000    0.0139      4    0.0079    0.0000
   94   27    0.7146      3    0.7061    0.0000   -0.0002      3    0.0032    0.0000
   94   28    0.2093      6    0.7682    0.0000   -0.0041      6    0.0059    0.0000
   94   29   -0.8834      4    0.7645    0.0000   -0.0041      4    0.0021    0.0000
   94   30   -0.3584      5    0.9726    0.0000    0.0026      5    0.0070    0.0000
   94   37   -0.1012      3    0.4627    0.0000    0.0003      3    0.0047    0.0000
   94   43    0.1123      3    0.2977    0.0000    0.0041      3    0.0039    0.0000
   94   47    0.7539      4    0.2596    0.0000   -0.0014      4    0.0020    0.0000
   94   51    0.3956      3    0.3633    0.0000   -0.0072      3    0.0009    0.0000
   94   54    0.3932      3    0.3596    0.0000   -0.0058      3    0.0022    0.0000
   94   61   -0.2051      2    0.7058    0.0000   -0.0014      2    0.0009    0.0000
   94   66    0.4718      2    0.0755    0.0000   -0.0026      2    0.0031    0.0000
   94   79    0.4625      2    0.4301    0.0000   -0.0026      2    0.0032    0.0000
   95   12    0.1559      5    1.3375    0.0000    0.0202      5    0.0079    0.0000
   95   15    0.5345      5    2.2357    0.0000    0.0044      5    0.0062    0.0000
   95   20    0.7351      3    0.5987    0.0000    0.0148      3    0.0092    0.0000
   95   27    0.8646      7    1.4347    0.0000    0.0046      7    0.0048    0.0000
   95   28   -0.0184      2    0.5962    0.0000    0.0017      2    0.0005    0.0000
   95   29   -1.5912      6    0.5335    0.0000    0.0012      6    0.0037    0.0000
   95   30   -0.6403      2    0.5118    0.0000   -0.0102      2    0.0026    0.0000
   95   37    0.2099      4    0.5006    0.0000    0.0001      4    0.0043    0.0000
   95   43   -0.1945      3    0.1530    0.0000    0.0015      3    0.0014    0.0000
   95   47    0.1771      3    0.2635    0.0000   -0.0033      3    0.0028    0.0000
   95   51    0.5138      3    0.4044    0.0000   -0.0059      3    0.0004    0.0000
   95   54    0.1426      2    0.2878    0.0000   -0.0070      2    0.0003    0.0000
   95   60   -0.4353      2    0.2424    0.0000    0.0024      2    0.0009    0.0000
   95   65    0.7508      2    0.0448    0.0000   -0.0018      2    0.0014    0.0000
   95   66    0.1676      2    0.0960    0.0000   -0.0050      2    0.0017    0.0000
   96   12    0.6450      4    0.7482    0.0000    0.0076      4    0.0163    0.0000
   96   14    0.4781      5    1.7909    0.0000   -0.0020      5    0.0045    0.0000
   96   19    0.2177      5    0.0728    0.0000    0.0131      5    0.0083    0.0000
   96   26    0.7570      4    0.7933    0.0000    0.0061      4    0.0019    0.0000
   96   27   -0.1620      5    1.0224    0.0000    0.0055      5    0.0042    0.0000
   96   29   -0.1882      8    1.1938    0.0000    0.0034      8    0.0064    0.0000
   96   36    0.7845      3    0.2868    0.0000   -0.0000      3    0.0029    0.0000
   96   43    0.2891      3    0.4687    0.0000    0.0025      3    0.0007    0.0000
   96   46    0.1149      2    0.0973    0.0000   -0.0044      2    0.0010    0.0000
   96   50    0.7729      3    0.1230    0.0000   -0.0065      3    0.0006    0.0000
   96   54    0.0106      2    0.2180    0.0000   -0.0043      2    0.0009    0.0000
   96   60   -0.1260      2    0.2969    0.0000    0.0029      2    0.0015    0.0000
   96   73   -0.0855      2    0.3032    0.0000   -0.0018      2    0.0008    0.0000
   96   78    0.4421      2    0.4157    0.0000   -0.0026      2    0.0047    0.0000
   97   11    0.0559      5    1.5291    0.0000    0.0315      5    0.0082    0.0000
   97   13   -0.2916      4    0.4709    0.0000    0.0100      4    0.0143    0.0000
   97   19    1.1097      4    0.6098    0.0000    0.0158      4    0.0026    0.0000
   97   25    1.4175      2    0.2847    0.0000   -0.0009      2    0.0016    0.0000
   97   26    0.0802      7    0.8704    0.0000    0.0006      7    0.0020    0.0000
   97   28   -0.4340      7    0.6156   12.5000    0.0048      8    0.0039    0.0000
   97   36    0.2955      4    0.3579    0.0000   -0.0001      4    0.0024    0.0000
   97   42    0.2426      3    0.2468    0.0000    0.0052      3    0.0010    0.0000
   97   46    0.0859      3    0.3204    0.0000   -0.0039      3    0.0009    0.0000
   97   50    0.6713      3    0.0725    0.0000   -0.0044      3    0.0005    0.0000
   97   54    0.3119      2    0.0358    0.0000   -0.0034      2    0.0018    0.0000
   97   60   -0.2808      2    0.0603    0.0000    0.0050      2    0.0017    0.0000
   97   65    0.6960      2    0.3407    0.0000   -0.0065      2    0.0003    0.0000
   97   66    0.3937      2    0.2305    0.0000   -0.0028      2    0.0012    0.0000
   97   73   -0.0310      2    0.3138    0.0000   -0.0026      2    0.0008    0.0000
   98   11   -0.2039      5    1.0121    0.0000    0.0321      5    0.0095    0.0000
   98   12   -1.0370      2    0.3158    0.0000    0.0105      2    0.0124    0.0000
   98   13   -0.9376      4    0.8205    0.0000    0.0055      4    0.0079    0.0000
   98   18    0.0006      5    0.5122    0.0000    0.0130      5    0.0064    0.0000
   98   25    0.7897      4    0.9477    0.0000    0.0039      4    0.0018    0.0000
   98   26   -1.2660      4    0.6240    0.0000    0.0042      4    0.0059    0.0000
   98   28   -0.4632      7    1.2324    0.0000    0.0050      7    0.0034    0.0000
   98   36    0.0534      3    0.4624    0.0000    0.0013      3    0.0067    0.0000
   98   42    0.9491      3    0.3630    0.0000    0.0035      3    0.0003    0.0000
   98   45   -0.2420      2    0.0901    0.0000   -0.0032      2    0.0016    0.0000
   98   46    0.0721      2    0.1410    0.0000   -0.0035      2    0.0001    0.0000
   98   49    1.2950      2    0.0363    0.0000   -0.0092      2    0.0026    0.0000
   98   54    0.3343      3    0.4970    0.0000   -0.0033      3    0.0024    0.0000
   98   59   -0.0343      2    0.0783    0.0000   -0.0002      2    0.0015    0.0000
   98   73   -0.2600      3    0.5430    0.0000   -0.0001      3    0.0015    0.0000
   98   78    0.5559      2    0.3610    0.0000    0.0021      2    0.0045    0.0000
   99   10   -0.7180      5    1.2533    0.0000    0.0379      5    0.0102    0.0000
   99   12    0.0336      5    0.8312    0.0000    0.0321      5    0.0089    0.0000
   99   18   -0.0047      5    0.9594    0.0000    0.0150      5    0.0040    0.0000
   99   24    0.3587      3    0.6171    0.0000    0.0002      3    0.0023    0.0000
   99   25   -0.9523      7    0.8915    0.0000    0.0019      7    0.0024    0.0000
   99   27    0.4626      5    0.4143    0.0000   -0.0063      5    0.0042    0.0000
   99   28    0.3822      4    1.1554    0.0000    0.0055      4    0.0038    0.0000
   99   36   -0.0824      3    0.2660    0.0000    0.0027      3    0.0017    0.0000
   99   42    0.9441      3    0.4000    0.0000    0.0006      3    0.0015    0.0000
   99   45    0.4726      3    0.4641    0.0000   -0.0027      3    0.0017    0.0000
   99   49    0.8115      3    0.2932    0.0000   -0.0100      3    0.0004    0.0000
   99   54    0.3382      2    0.2950    0.0000   -0.0013      2    0.0005    0.0000
   99   59   -0.3594      2    0.1265    0.0000    0.0005      2    0.0000    0.0000
   99   64    0.5071      2    0.4257    0.0000   -0.0048      2    0.0004    0.0000
   99   66    0.5143      2    0.2859    0.0000   -0.0064      2    0.0012    0.0000
   99   73    0.1127      2    0.3945    0.0000   -0.0013      2    0.0017    0.0000
   99   78   -0.1181      2    0.0417    0.0000    0.0004      2    0.0025    0.0000
  100   11    1.2276      6    2.3401    0.0000    0.0395      5    0.0014   16.6667
  100   17    0.7173      3    0.7031    0.0000    0.0265      3    0.0109    0.0000
  100   24    0.4315      7    0.9545    0.0000    0.0062      7    0.0036    0.0000
  100   25    0.1882      2    0.3856    0.0000    0.0032      2    0.0057    0.0000
  100   26    1.1622      3    0.4941    0.0000   -0.0028      3    0.0023    0.0000
  100   27    0.5970      6    0.4383    0.0000    0.0008      6    0.0056    0.0000
  100   35    0.1744      3    0.3071    0.0000    0.0051      3    0.0034    0.0000
  100   42    0.0516      3    0.2966    0.0000   -0.0019      3    0.0002    0.0000
  100   44   -0.2689      2    0.1068    0.0000   -0.0005      2    0.0013    0.0000
  100   45    0.2502      2    0.1599    0.0000   -0.0046      2    0.0008    0.0000
  100   49    0.6604      3    0.3865    0.0000   -0.0117      3    0.0014    0.0000
  100   54    0.5071      2    0.1130    0.0000   -0.0002      2    0.0007    0.0000
  100   59   -0.0867      2    0.1492    0.0000    0.0036      2    0.0015    0.0000
  100   64    0.7426      2    0.1577    0.0000   -0.0055      2    0.0008    0.0000
  100   66   -0.0443      2    0.1372    0.0000   -0.0056      2    0.0006    0.0000
  100   73   -0.1186      2    0.3046    0.0000   -0.0005      2    0.0019    0.0000
  100   78    0.5698      2    0.4496    0.0000   -0.0011      2    0.0052    0.0000
  101   17    1.0198      5    1.4954    0.0000    0.0367      5    0.0106    0.0000
  101   23    0.1957      5    0.2837    0.0000    0.0111      5    0.0037    0.0000
  101   24   -0.0396      4    0.9195    0.0000    0.0056      4    0.0021    0.0000
  101   26    0.5429      4    0.8260    0.0000   -0.0178      4    0.0034    0.0000
  101   27   -0.4233      4    0.4697    0.0000   -0.0060      4    0.0014    0.0000
  101   35   -0.2866      4    0.5231    0.0000    0.0011      4    0.0011    0.0000
  101   41   -0.0985      3    0.3803    0.0000    0.0073      3    0.0030    0.0000
  101   44    0.0832      3    0.2613    0.0000   -0.0018      3    0.0009    0.0000
  101   48    0.7348      3    0.2956    0.0000   -0.0070      3    0.0006    0.0000
  101   54    0.2905      3    0.4589    0.0000   -0.0034      3    0.0013    0.0000
  101   58   -0.3669      2    0.0156    0.0000    0.0070      2    0.0013    0.0000
  101   64    0.6546      2    0.0309    0.0000   -0.0049      2    0.0012    0.0000
  101   73    0.2702      3    0.4215    0.0000   -0.0034      3    0.0008    0.0000
  102   16    1.1977      4    1.5797    0.0000    0.0300      4    0.0086    0.0000
  102   22    0.6720      4    1.0403    0.0000    0.0098      4    0.0039    0.0000
  102   23    0.1686      5    1.1036    0.0000    0.0077      5    0.0034    0.0000
  102   25    0.0873      5    0.7308    0.0000   -0.0038      5    0.0014    0.0000
  102   26   -1.6337      2    0.7725    0.0000    0.0029      2    0.0013    0.0000
  102   27    0.3308      2    0.8403    0.0000   -0.0003      2    0.0019    0.0000
  102   35   -0.3811      3    0.7111    0.0000    0.0125      3    0.0044    0.0000
  102   41   -0.3027      3    0.3076    0.0000    0.0005      3    0.0011    0.0000
  102   43   -0.3604      2    0.5053    0.0000    0.0013      2    0.0002    0.0000
  102   44    0.3497      2    1.0371    0.0000   -0.0063      2    0.0002    0.0000
  102   48    0.4389      4    0.4188    0.0000   -0.0049      4    0.0028    0.0000
  102   54    0.1260      2    0.0415    0.0000   -0.0014      2    0.0014    0.0000
  102   58   -0.0372      2    0.2792    0.0000    0.0040      2    0.0007    0.0000
  102   63    0.9507      2    0.0851    0.0000   -0.0072      2    0.0011    0.0000
  102   66    0.4992      2    0.0299    0.0000   -0.0083      2    0.0018    0.0000
  102   78    0.5674      2    0.4688    0.0000   -0.0021      2    0.0049    0.0000
  103   16    0.5250      4    2.2372    0.0000    0.0014      4    0.0054    0.0000
  103   22    0.5549      6    0.8855    0.0000    0.0087      6    0.0096    0.0000
  103   23   -0.1877      3    0.8445    0.0000    0.0122      3    0.0046    0.0000
  103   24   -0.3704      4    0.6161    0.0000    0.0010      4    0.0050    0.0000
  103   26   -1.1127      5    0.8246    0.0000    0.0061      5    0.0033    0.0000
  103   34   -0.5101      3    0.5482    0.0000    0.0073      3    0.0044    0.0000
  103   41   -0.5019      3    0.3851    0.0000    0.0003      3    0.0019    0.0000
  103   43   -0.0119      4    0.3849    0.0000   -0.0035      4    0.0055    0.0000
  103   47    0.9107      3    0.3562    0.0000   -0.0073      3    0.0013    0.0000
  103   58   -0.1793      3    0.2400    0.0000    0.0016      3    0.0023    0.0000
  103   63    0.5817      2    0.1250    0.0000   -0.0091      2    0.0011    0.0000
  103   78   -0.0877      2    0.6687    0.0000   -0.0004      2    0.0053    0.0000
  104   15    0.1886      3    1.9471    0.0000    0.0287      3    0.0083    0.0000
  104   16    0.3969      2    0.3845    0.0000   -0.0079      2    0.0018    0.0000
  104   21    0.8575      5    0.6550    0.0000    0.0057      5    0.0074    0.0000
  104   22   -0.4122      5    0.7752    0.0000    0.0017      5    0.0066    0.0000
  104   24   -1.4595      4    0.8220    0.0000   -0.0014      4    0.0065    0.0000
  104   26   -0.8076      3    0.5171    0.0000    0.0199      3    0.0069    0.0000
  104   34   -0.3874      4    0.3666    0.0000   -0.0007      4    0.0021    0.0000
  104   41    0.2459      2    0.0565    0.0000    0.0027      2    0.0021    0.0000
  104   42    0.0184      2    0.0713    0.0000   -0.0040      2    0.0020    0.0000
  104   47    0.7155      3    0.4337    0.0000   -0.0143      3    0.0013    0.0000
  104   53    0.3835      3    0.2049    0.0000   -0.0011      3    0.0012    0.0000
  104   57   -0.1795      3    0.2536    0.0000   -0.0016      3    0.0013    0.0000
  104   63    0.4096      2    0.0376    0.0000   -0.0088      2    0.0012    0.0000
  104   66    0.6573      2    0.2773    0.0000   -0.0070      2    0.0004    0.0000
  104   72    0.2092      2    0.0184    0.0000   -0.0037      2    0.0016    0.0000
  104   73   -0.5363      2    0.3025    0.0000   -0.0048      2    0.0001    0.0000
  104   78    0.1671      2    0.4347    0.0000    0.0011      2    0.0042    0.0000
  105   15    0.7606      5    2.0159    0.0000    0.0348      5    0.0134    0.0000
  105   20    0.3631      4    0.8762    0.0000    0.0086      4    0.0067    0.0000
  105   21    0.3176      6    0.9639    0.0000    0.0016      6    0.0065    0.0000
  105   23   -0.3367      5    1.2690    0.0000   -0.0030      5    0.0042    0.0000
  105   25   -0.3191      4    0.6829    0.0000    0.0052      4    0.0047    0.0000
  105   34    0.1048      3    0.4651    0.0000    0.0037      3    0.0018    0.0000
  105   40   -0.4480      3    0.3246    0.0000    0.0040      3    0.0022    0.0000
  105   42    0.0614      4    0.1296    0.0000   -0.0053      4    0.0046    0.0000
  105   46    0.8162      3    0.3348    0.0000   -0.0145      3    0.0030    0.0000
  105   53    0.2156      2    0.2123    0.0000   -0.0011      2    0.0000    0.0000
  105   57    0.1283      2    0.1628    0.0000    0.0022      2    0.0008    0.0000
  106   14    0.6108      4    1.0615    0.0000    0.0077      4    0.0127    0.0000
  106   19    0.9960      2    0.8756    0.0000    0.0241      2    0.0007    0.0000
  106   20    1.0357      5    0.5590    0.0000    0.0169      5    0.0079    0.0000
  106   21   -0.3890      3    0.6908    0.0000    0.0149      3    0.0057    0.0000
  106   22   -0.4020      4    0.4984    0.0000    0.0080      4    0.0034    0.0000
  106   25   -0.5569      5    0.1966    0.0000    0.0075      5    0.0051    0.0000
  106   33    0.0130      4    0.4411    0.0000   -0.0036      4    0.0030    0.0000
  106   40   -0.0630      4    0.2008    0.0000    0.0055      4    0.0026    0.0000
  106   41   -0.3851      3    0.3054    0.0000   -0.0036      3    0.0021    0.0000
  106   46    0.6187      3    0.4607    0.0000   -0.0127      3    0.0018    0.0000
  106   53    0.0765      2    0.2888    0.0000   -0.0021      2    0.0017    0.0000
  106   56    0.0195      2    0.0529    0.0000   -0.0007      2    0.0005    0.0000
  106   62    0.4070      2    0.4722    0.0000   -0.0054      2    0.0000    0.0000
  106   66    0.4627      2    0.0663    0.0000   -0.0077      2    0.0040    0.0000
  106   72    0.1243      2    0.4763    0.0000   -0.0029      2    0.0014    0.0000
  107   14    0.9497      5    1.2091    0.0000    0.0319      5    0.0180    0.0000
  107   19    0.8395      5    1.2542    0.0000    0.0160      5    0.0052    0.0000
  107   20   -0.1868      5    1.5837    0.0000    0.0029      5    0.0066    0.0000
  107   21    0.0692      3    0.0956    0.0000    0.0067      3    0.0038    0.0000
  107   22   -0.6571      3    2.3101    0.0000    0.0120      3    0.0036    0.0000
  107   24   -0.5840      4    1.0067    0.0000    0.0096      4    0.0053    0.0000
  107   33    0.5895      4    0.2614    0.0000   -0.0037      4    0.0015    0.0000
  107   40    0.2520      3    0.8063    0.0000    0.0010      3    0.0017    0.0000
  107   41    0.2010      3    0.1264    0.0000    0.0034      3    0.0031    0.0000
  107   45    0.3697      4    0.3405    0.0000   -0.0097      4    0.0015    0.0000
  107   53    0.1650      3    0.0898    0.0000    0.0002      3    0.0019    0.0000
  107   56    0.0376      3    0.2297    0.0000   -0.0010      3    0.0016    0.0000
  107   62    0.2738      3    0.5026    0.0000   -0.0027      3    0.0012    0.0000
  108   13    0.3735      5    3.0078    0.0000    0.0176      5    0.0149    0.0000
  108   18    0.2143      5    1.3905    0.0000   -0.0011      5    0.0077    0.0000
  108   19   -0.7334      5    0.7413    0.0000    0.0026      5    0.0051    0.0000
  108   21    0.3431      4    0.7194    0.0000    0.0040      4    0.0027    0.0000
  108   24   -0.9468      4    0.3588    0.0000    0.0189      4    0.0021    0.0000
  108   32    0.3490      3    0.6472    0.0000   -0.0001      3    0.0029    0.0000
  108   39   -0.0216      4    0.3461    0.0000    0.0067      4    0.0018    0.0000
  108   40    0.3842      4    0.7530    0.0000    0.0008      4    0.0049    0.0000
  108   45    0.4046      3    0.2516    0.0000   -0.0078      3    0.0020    0.0000
  108   53    0.2371      2    0.0060    0.0000    0.0002      2    0.0019    0.0000
  108   56    0.2341      2    0.0293    0.0000   -0.0032      2    0.0012    0.0000
  108   61    0.4789      2    0.2086    0.0000   -0.0069      2    0.0009    0.0000
  108   66    0.5282      2    0.0869    0.0000   -0.0069      2    0.0001    0.0000
  108   71    0.5459      2    0.1544    0.0000    0.0023      2    0.0032    0.0000
  109   12    2.7779      2    2.0087    0.0000    0.0140      2    0.0044    0.0000
  109   13    0.7757      3    1.7506    0.0000    0.0331      3    0.0073    0.0000
  109   17   -0.2046      5    0.8165    0.0000    0.0338      5    0.0076    0.0000
  109   18    0.0068      4    1.1193    0.0000    0.0123      4    0.0118    0.0000
  109   19   -0.1210      2    0.9806    0.0000    0.0018      2    0.0013    0.0000
  109   20    0.0674      5    1.0865    0.0000   -0.0031      5    0.0071    0.0000
  109   23    0.1514      4    0.3673    0.0000    0.0070      4    0.0034    0.0000
  109   32    0.0163      4    0.9347    0.0000    0.0037      4    0.0040    0.0000
  109   39   -0.5403      6    0.4070    0.0000    0.0077      6    0.0035    0.0000
  109   44    0.4293      3    0.3058    0.0000   -0.0038      3    0.0035    0.0000
  109   52   -0.0439      3    0.0848    0.0000    0.0012      3    0.0010    0.0000
  109   55   -0.2840      3    0.0968    0.0000   -0.0020      3    0.0015    0.0000
  109   61    0.7584      2    0.2713    0.0000   -0.0063      2    0.0015    0.0000
  109   65    0.4804      2    0.2027    0.0000   -0.0060      2    0.0007    0.0000
  109   71   -0.3904      2    0.2830    0.0000   -0.0011      2    0.0021    0.0000
  110   12   -0.1320      3    1.9261    0.0000   -0.0105      3    0.0066    0.0000
  110   16    0.5565      3    1.0396    0.0000    0.0235      3    0.0047    0.0000
  110   17    0.3232      4    1.4652    0.0000    0.0075      4    0.0112    0.0000
  110   18    0.2723      4    1.5456    0.0000    0.0031      4    0.0031    0.0000
  110   19    0.2912      5    1.1238    0.0000   -0.0055      5    0.0049    0.0000
  110   23   -0.2657      5    0.9652    0.0000    0.0110      5    0.0054    0.0000
  110   31    0.6299      3    0.4381    0.0000    0.0055      3    0.0023    0.0000
  110   38   -0.0328      3    0.1535    0.0000    0.0107      3    0.0014    0.0000
  110   39    0.1220      5    0.3907    0.0000    0.0075      5    0.0027    0.0000
  110   43    0.5538      2    0.1497    0.0000   -0.0063      2    0.0031    0.0000
  110   44    1.0332      2    0.2265    0.0000   -0.0024      2    0.0023    0.0000
  110   52    0.2061      2    0.0319    0.0000    0.0014      2    0.0001    0.0000
  110   55   -0.3266      2    0.0029    0.0000   -0.0008      2    0.0011    0.0000
  110   61    0.3667      2    0.0819    0.0000   -0.0076      2    0.0024    0.0000
  111   15   -2.5518      2    0.0326    0.0000    0.0099      2    0.0089    0.0000
  111   16    1.1358      4    1.5263    0.0000    0.0100      4    0.0036    0.0000
  111   17   -1.2509      5    1.8576    0.0000   -0.0150      5    0.0081    0.0000
  111   18   -0.3766      4    0.9344    0.0000   -0.0036      4    0.0058    0.0000
  111   19    0.8220      2    0.6466    0.0000   -0.0052      2    0.0075    0.0000
  111   22    0.8971      4    1.2762    0.0000    0.0004      4    0.0089    0.0000
  111   31   -0.0908      4    0.9966    0.0000    0.0070      4    0.0027    0.0000
  111   38   -0.1622      7    0.3884    0.0000    0.0039      7    0.0036    0.0000
  111   43    0.4096      4    0.4001    0.0000   -0.0049      4    0.0011    0.0000
  111   52    0.3752      3    0.0412    0.0000   -0.0040      3    0.0018    0.0000
  111   54   -0.4914      4    0.2116    0.0000   -0.0012      4    0.0031    0.0000
  111   60    0.5247      2    0.2009    0.0000   -0.0023      2    0.0006    0.0000
  111   65    0.3743      2    0.1910    0.0000   -0.0071      2    0.0004    0.0000
  111   70   -0.0442      2    0.1513    0.0000   -0.0003      2    0.0001    0.0000
  112   15   -0.6724      5    1.0874    0.0000    0.0184      5    0.0103    0.0000
  112   16    0.3088      5    1.4291    0.0000   -0.0114      5    0.0093    0.0000
  112   17   -0.4562      2    2.4410    0.0000   -0.0034      2    0.0016    0.0000
  112   18   -1.6348      3    0.9616    0.0000   -0.0006      3    0.0012    0.0000
  112   22   -0.1234      4    0.8320    0.0000   -0.0065      4    0.0039    0.0000
  112   30   -0.4528      2    0.6782    0.0000    0.0089      2    0.0011    0.0000
  112   31    0.8922      2    0.2120    0.0000    0.0126      2    0.0006    0.0000
  112   37   -0.4732      5    0.3783    0.0000    0.0006      5    0.0042    0.0000
  112   38   -0.1834      4    0.2204    0.0000    0.0025      4    0.0039    0.0000
  112   42    0.4174      3    0.6212    0.0000    0.0021      3    0.0004    0.0000
  112   52    0.4369      2    0.0806    0.0000   -0.0067      2    0.0007    0.0000
  112   54   -0.1998      2    0.0950    0.0000    0.0051      2    0.0009    0.0000
  112   60    0.3964      3    0.2540    0.0000   -0.0025      3    0.0012    0.0000
  112   65    0.6562      2    0.2649    0.0000   -0.0062      2    0.0028    0.0000
  112   70    0.0657      2    0.0909    0.0000   -0.0024      2    0.0029    0.0000
  112   76   -0.2852      2    0.0718    0.0000   -0.0014      2    0.0047    0.0000
  113   14    0.0268      5    2.0372    0.0000    0.0430      5    0.0086    0.0000
  113   15   -1.5833      5    2.0905    0.0000    0.0018      5    0.0146    0.0000
  113   16    1.5103      2    0.6253    0.0000   -0.0007      2    0.0061    0.0000
  113   17   -1.8604      5    1.2749    0.0000    0.0093      5    0.0109    0.0000
  113   21   -0.1380      5    1.1298    0.0000    0.0072      5    0.0134    0.0000
  113   30    0.6898      4    0.4985    0.0000    0.0079      4    0.0009    0.0000
  113   37   -0.0993      7    0.4682    0.0000    0.0018      7    0.0042    0.0000
  113   42    0.3692      3    0.4413    0.0000   -0.0026      3    0.0009    0.0000
  113   51   -0.0198      2    0.2703    0.0000   -0.0061      2    0.0004    0.0000
  113   53   -0.0557      3    0.1298    0.0000    0.0017      3    0.0016    0.0000
  113   59    0.6853      2    0.0718    0.0000   -0.0045      2    0.0002    0.0000
  113   76   -0.3832      2    0.3160    0.0000   -0.0016      2    0.0013    0.0000
  114   13    0.3466      6    2.1202    0.0000    0.0071      6    0.0152    0.0000
  114   14   -0.2691      4    0.7829    0.0000   -0.0023      4    0.0081    0.0000
  114   15    1.0085      3    1.0452    0.0000   -0.0012      3    0.0089    0.0000
  114   16    0.8855      5    1.2303    0.0000    0.0171      5    0.0037    0.0000
  114   20    0.7523      3    0.2891    0.0000    0.0175      3    0.0044    0.0000
  114   21   -0.7631      2    0.2457    0.0000    0.0123      2    0.0001    0.0000
  114   29    0.4934      2    1.2969    0.0000    0.0101      2    0.0004    0.0000
  114   30    0.3075      2    0.2691    0.0000    0.0082      2    0.0019    0.0000
  114   36   -0.4489      6    0.4885    0.0000    0.0083      6    0.0025    0.0000
  114   37   -0.5162      2    0.1266    0.0000    0.0048      2    0.0014    0.0000
  114   41    0.6478      4    0.4561    0.0000   -0.0009      4    0.0035    0.0000
  114   51    0.5246      3    0.1680    0.0000   -0.0024      3    0.0016    0.0000
  114   52   -0.2445      2    0.0453    0.0000   -0.0036      2    0.0018    0.0000
  114   59    0.8981      3    0.0597    0.0000   -0.0058      3    0.0016    0.0000
  114   65    0.4057      2    0.0128    0.0000   -0.0080      2    0.0009    0.0000
  114   73   -0.1538      2    0.2383    0.0000   -0.0039      2    0.0013    0.0000
  115   13    1.2896      3    1.3484    0.0000   -0.0128      3    0.0109    0.0000
  115   14   -0.5717      3    1.4694    0.0000   -0.0048      3    0.0106    0.0000
  115   15    0.5653      6    1.1740    0.0000    0.0071      6    0.0115    0.0000
  115   20    0.2427      4    1.3161    0.0000    0.0184      4    0.0063    0.0000
  115   29    0.5767      5    0.5820    0.0000    0.0012      5    0.0069    0.0000
  115   35    0.3365      4    0.3311    0.0000    0.0057      4    0.0015    0.0000
  115   36   -0.1422      4    0.2998    0.0000    0.0083      4    0.0032    0.0000
  115   40    0.6645      3    0.4577    0.0000   -0.0072      3    0.0013    0.0000
  115   51    0.0099      2    0.0693    0.0000   -0.0016      2    0.0006    0.0000
  115   52   -0.1003      3    0.1705    0.0000   -0.0032      3    0.0026    0.0000
  115   58    0.5928      3    0.3195    0.0000   -0.0097      3    0.0020    0.0000
  115   65    0.2271      2    0.0569    0.0000   -0.0095      2    0.0023    0.0000
  115   69    0.4868      2    0.1806    0.0000    0.0037      2    0.0014    0.0000
  115   76   -0.7137      2    0.1966    0.0000   -0.0035      2    0.0006    0.0000
  116   13   -0.1068      3    0.7462    0.0000   -0.0052      3    0.0059    0.0000
  116   14   -1.8882      6    2.1008    0.0000    0.0144      5    0.0026   16.6667
  116   19   -0.2421      4    1.2913    0.0000    0.0218      4    0.0046    0.0000
  116   28    0.1510      4    0.7634    0.0000    0.0082      4    0.0034    0.0000
  116   34    0.2395      3    0.1214    0.0000    0.0049      3    0.0012    0.0000
  116   35    0.1719      4    0.2652    0.0000    0.0024      4    0.0033    0.0000
  116   36    0.4840      2    0.0627    0.0000    0.0106      2    0.0001    0.0000
  116   40    0.5096      3    0.0668    0.0000   -0.0075      3    0.0020    0.0000
  116   50    0.6242      2    0.2876    0.0000   -0.0019      2    0.0002    0.0000
  116   51   -0.5830      3    0.3030    0.0000    0.0005      3    0.0031    0.0000
  116   58    1.0233      2    0.1023    0.0000   -0.0057      2    0.0001    0.0000
  116   69   -0.1121      2    0.0381    0.0000    0.0004      2    0.0022    0.0000
  116   75   -0.0825      2    0.2717    0.0000    0.0011      2    0.0017    0.0000
  117   13    0.1393      2    1.2884    0.0000    0.0206      2    0.0058    0.0000
  117   19    0.6823      4    1.4598    0.0000    0.0331      4    0.0098    0.0000
  117   28    0.4582      4    0.5864    0.0000    0.0079      4    0.0055    0.0000
  117   33   -0.4683      2    0.1305    0.0000    0.0014      2    0.0005    0.0000
  117   34    0.1676      3    0.3696    0.0000    0.0046      3    0.0007    0.0000
  117   35   -0.0679      4    0.3049    0.0000    0.0045      4    0.0034    0.0000
  117   39    0.7882      5    0.2884    0.0000   -0.0038      5    0.0036    0.0000
  117   50   -0.0837      4    0.2673    0.0000   -0.0012      4    0.0026    0.0000
  117   51   -0.0226      2    0.0917    0.0000    0.0019      2    0.0011    0.0000
  117   57    0.5501      2    0.2201    0.0000   -0.0031      2    0.0006    0.0000
  117   64    0.0442      2    0.0494    0.0000   -0.0099      2    0.0010    0.0000
  117   68    0.3004      2    0.2904    0.0000   -0.0034      2    0.0024    0.0000
  117   75   -0.0224      2    0.2563    0.0000   -0.0005      2    0.0036    0.0000
  118   18    0.4424      5    0.5956    0.0000    0.0301      5    0.0042    0.0000
  118   27   -0.8134      4    0.8075    0.0000   -0.0049      4    0.0038    0.0000
  118   33   -0.1739      4    0.2112    0.0000   -0.0021      4    0.0039    0.0000
  118   34   -0.3322      3    0.2151    0.0000    0.0020      3    0.0005    0.0000
  118   38    0.6271      4    0.2950    0.0000   -0.0001      4    0.0018    0.0000
  118   50   -0.0379      6    0.3560    0.0000   -0.0006      6    0.0015    0.0000
  118   57    0.8182      3    0.1439    0.0000   -0.0076      3    0.0021    0.0000
  118   64    0.5874      2    0.2116    0.0000   -0.0085      2    0.0007    0.0000
  118   68    0.4169      2    0.0926    0.0000   -0.0034      2    0.0003    0.0000
  118   75   -0.4631      3    0.3403    0.0000   -0.0003      3    0.0016    0.0000
  119   17    0.3426      4    1.9458    0.0000    0.0333      4    0.0026    0.0000
  119   18    0.2783      2    0.2632    0.0000    0.0346      2    0.0025    0.0000
  119   26   -0.0826      3    0.7380    0.0000   -0.0002      3    0.0016    0.0000
  119   27    0.4822      2    0.0366    0.0000   -0.0034      2    0.0023    0.0000
  119   32   -0.0922      5    0.4880    0.0000    0.0067      5    0.0067    0.0000
  119   34   -0.2291      4    0.4060    0.0000    0.0015      4    0.0012    0.0000
  119   37    0.6832      4    0.3109    0.0000   -0.0032      4    0.0019    0.0000
  119   49    0.0198      6    0.3016    0.0000   -0.0011      6    0.0016    0.0000
  119   56    0.4168      3    0.1236    0.0000   -0.0049      3    0.0021    0.0000
  119   64    0.3941      2    0.3898    0.0000   -0.0068      2    0.0022    0.0000
  119   68    0.3162      2    0.3175    0.0000   -0.0007      2    0.0016    0.0000
  119   75    0.1108      2    0.1180    0.0000    0.0002      2    0.0019    0.0000
  120   17   -0.7201      4    0.3807    0.0000    0.0504      4    0.0060    0.0000
  120   26    0.2505      4    0.5621    0.0000    0.0040      4    0.0040    0.0000
  120   31    0.4931      5    0.4352    0.0000    0.0091      5    0.0050    0.0000
  120   33   -0.5704      4    0.4873    0.0000    0.0005      4    0.0053    0.0000
  120   36    0.8359      2    0.1093    0.0000    0.0064      2    0.0018    0.0000
  120   37    0.6382      2    0.0966    0.0000    0.0032      2    0.0016    0.0000
  120   49    0.0624      5    0.4608    0.0000   -0.0018      5    0.0029    0.0000
  120   56    1.0061      2    0.0865    0.0000   -0.0053      2    0.0015    0.0000
  120   67   -0.2003      2    0.1662    0.0000   -0.0011      2    0.0013    0.0000
  120   72   -0.1751      2    0.0663    0.0000   -0.0003      2    0.0016    0.0000
  120   74   -0.2821      2    0.2812    0.0000   -0.0039      2    0.0006    0.0000
  121   16   -1.4144      5    1.6022    0.0000    0.0514      5    0.0059    0.0000
  121   25    0.7465      4    0.7257    0.0000    0.0103      4    0.0033    0.0000
  121   30   -0.0069      5    0.6620    0.0000    0.0027      5    0.0032    0.0000
  121   32   -0.0622      2    0.5364    0.0000    0.0011      2    0.0000    0.0000
  121   33   -0.8829      2    0.0571    0.0000    0.0059      2    0.0010    0.0000
  121   36    1.0752      4    0.4054    0.0000    0.0032      4    0.0008    0.0000
  121   48    0.0127      6    0.3027    0.0000   -0.0058      6    0.0020    0.0000
  121   55    0.9085      3    0.3812    0.0000   -0.0072      3    0.0025    0.0000
  121   63    0.7615      2    0.3780    0.0000   -0.0036      2    0.0009    0.0000
  121   67    0.2294      2    0.0840    0.0000   -0.0019      2    0.0014    0.0000
  122   16   -0.1770      2    1.4722    0.0000    0.0166      2    0.0032    0.0000
  122   24   -0.6478      3    0.2059    0.0000    0.0240      3    0.0048    0.0000
  122   25   -0.1210      2    1.1597    0.0000    0.0244      2    0.0004    0.0000
  122   29   -0.1328      4    0.2092    0.0000    0.0048      4    0.0026    0.0000
  122   32   -1.1557      4    0.1760    0.0000    0.0065      4    0.0017    0.0000
  122   35    1.1241      4    0.3263    0.0000    0.0036      4    0.0015    0.0000
  122   47   -0.5089      3    0.2143    0.0000   -0.0037      3    0.0001    0.0000
  122   48    0.1102      4    0.1764    0.0000   -0.0025      4    0.0023    0.0000
  122   54    0.7837      2    0.0172    0.0000   -0.0050      2    0.0029    0.0000
  122   55    0.6653      2    0.0360    0.0000   -0.0043      2    0.0000    0.0000
  122   63    0.5266      2    0.3626    0.0000   -0.0072      2    0.0005    0.0000
  122   66    0.3977      2    0.1274    0.0000   -0.0002      2    0.0043    0.0000
  122   74   -0.6122      2    0.2480    0.0000   -0.0048      2    0.0005    0.0000
  123   24   -0.5308      4    1.2496    0.0000    0.0140      4    0.0237    0.0000
  123   28    0.1038      4    0.0772    0.0000   -0.0010      4    0.0028    0.0000
  123   29   -0.9373      2    1.1014    0.0000   -0.0016      2    0.0047    0.0000
  123   31   -0.4442      4    0.2503    0.0000    0.0074      4    0.0018    0.0000
  123   34    0.9538      5    0.2488    0.0000   -0.0019      5    0.0022    0.0000
  123   46   -0.7947      3    0.1911    0.0000   -0.0030      3    0.0015    0.0000
  123   47   -0.2290      4    0.4102    0.0000   -0.0016      4    0.0009    0.0000
  123   48    0.5555      2    0.0496    0.0000   -0.0018      2    0.0000    0.0000
  123   54    0.7603      3    0.4235    0.0000   -0.0048      3    0.0009    0.0000
  123   63    0.9326      2    0.1506    0.0000   -0.0068      2    0.0011    0.0000
  123   66   -0.3613      2    0.3520    0.0000   -0.0001      2    0.0018    0.0000
  124   23    1.7684      5    1.3198    0.0000   -0.0201      5    0.0299    0.0000
  124   27   -0.2628      5    0.3358    0.0000    0.0150      5    0.0049    0.0000
  124   30   -0.9079      3    0.4763    0.0000    0.0097      3    0.0019    0.0000
  124   31   -1.0519      2    0.3634    0.0000    0.0138      2    0.0005    0.0000
  124   33    0.8009      5    0.2764    0.0000    0.0006      5    0.0037    0.0000
  124   45   -0.0104      2    0.1440    0.0000   -0.0017      2    0.0005    0.0000
  124   46   -0.4191      2    0.1649    0.0000   -0.0018      2    0.0001    0.0000
  124   47    0.0089      3    0.3287    0.0000   -0.0021      3    0.0020    0.0000
  124   53    0.8444      4    0.3282    0.0000   -0.0075      4    0.0039    0.0000
  124   65   -0.1435      2    0.2324    0.0000   -0.0011      2    0.0006    0.0000
  124   73   -0.3559      2    0.1976    0.0000   -0.0003      2    0.0011    0.0000
  125   22    0.1817      4    0.9277    0.0000    0.0006      4    0.0088    0.0000
  125   26   -1.5035      4    0.8101    0.0000    0.0111      4    0.0039    0.0000
  125   30   -0.4380      3    0.8115    0.0000    0.0184      3    0.0030    0.0000
  125   32    0.3883      4    0.3205    0.0000    0.0007      4    0.0013    0.0000
  125   45   -0.3480      3    0.0492    0.0000   -0.0058      3    0.0008    0.0000
  125   46    0.4238      2    0.1495    0.0000    0.0014      2    0.0006    0.0000
  125   52    0.6188      2    0.1995    0.0000   -0.0063      2    0.0004    0.0000
  125   62    1.1886      2    0.4058    0.0000   -0.0092      2    0.0018    0.0000
  125   65    0.1505      2    0.2670    0.0000   -0.0002      2    0.0009    0.0000
  125   73   -0.3629      2    0.2080    0.0000   -0.0024      2    0.0025    0.0000
  126   21   -0.1512      3    0.3322    0.0000    0.0041      3    0.0008    0.0000
  126   22    0.8687      3    0.8860    0.0000    0.0085      3    0.0034    0.0000
  126   25   -0.5272      6    1.5411    0.0000    0.0145      6    0.0039    0.0000
  126   29   -0.6108      5    0.5239    0.0000    0.0144      5    0.0035    0.0000
  126   31    0.1645      5    0.5563    0.0000   -0.0009      5    0.0030    0.0000
  126   44   -0.5951      4    0.2920    0.0000   -0.0003      4    0.0042    0.0000
  126   46    0.1702      4    0.0983    0.0000    0.0029      4    0.0021    0.0000
  126   52    0.9428      3    0.0564    0.0000   -0.0024      3    0.0024    0.0000
  126   62    0.9907      2    0.1402    0.0000   -0.0095      2    0.0001    0.0000
  126   64    0.1283      2    0.5491    0.0000   -0.0009      2    0.0019    0.0000
  126   74    0.4173      2    0.1464    0.0000   -0.0026      2    0.0031    0.0000
  127   21    0.7059      4    1.2726    0.0000    0.0006      4    0.0059    0.0000
  127   24    0.0075      6    0.7273    0.0000    0.0351      6    0.0038    0.0000
  127   28   -0.4739      4    0.1581    0.0000    0.0106      4    0.0014    0.0000
  127   30    0.1187      6    0.4708    0.0000    0.0020      6    0.0018    0.0000
  127   43   -0.4365      4    0.3329    0.0000    0.0007      4    0.0021    0.0000
  127   45    0.1426      3    0.1763    0.0000    0.0038      3    0.0012    0.0000
  127   51    0.4643      4    0.1903    0.0000   -0.0026      4    0.0027    0.0000
  127   64    0.2838      3    0.4088    0.0000   -0.0040      3    0.0013    0.0000
  127   71   -0.8070      2    0.0172    0.0000   -0.0018      2    0.0015    0.0000
  127   72   -0.3964      2    0.0631    0.0000   -0.0043      2    0.0002    0.0000
  128   20    1.4685      5    0.3544    0.0000    0.0140      5    0.0133    0.0000
  128   23   -1.2009      5    1.3989    0.0000    0.0222      5    0.0027    0.0000
  128   27   -0.7485      3    0.8998    0.0000   -0.0011      3    0.0017    0.0000
  128   28   -0.3301      2    0.0538    0.0000    0.0062      2    0.0034    0.0000
  128   29    0.0172      5    0.4730    0.0000    0.0059      5    0.0016    0.0000
  128   42   -0.5059      5    0.2278    0.0000   -0.0004      5    0.0013    0.0000
  128   45   -0.0220      4    0.2578    0.0000   -0.0035      4    0.0026    0.0000
  128   50    0.7109      4    0.4347    0.0000   -0.0040      4    0.0036    0.0000
  128   61    0.6488      2    0.2364    0.0000   -0.0057      2    0.0003    0.0000
  128   63    0.6025      3    0.2913    0.0000   -0.0017      3    0.0022    0.0000
  128   72   -0.7748      2    0.1663    0.0000   -0.0011      2    0.0008    0.0000
  129   21    0.5613      3    0.4258    0.0000    0.0300      3    0.0126    0.0000
  129   22    0.9884      4    1.0822    0.0000    0.0280      4    0.0037    0.0000
  129   26   -0.4223      2    0.7852    0.0000    0.0177      2    0.0008    0.0000
  129   27   -1.0675      3    0.3521    0.0000    0.0176      3    0.0020    0.0000
  129   28    0.2012      6    0.5965    0.0000    0.0047      6    0.0028    0.0000
  129   41   -0.4557      5    0.4364    0.0000    0.0059      5    0.0012    0.0000
  129   44    0.0576      4    0.2726    0.0000   -0.0009      4    0.0011    0.0000
  129   49    1.0243      4    0.1253    0.0000   -0.0069      4    0.0037    0.0000
  129   61    0.4694      2    0.0731    0.0000   -0.0067      2    0.0009    0.0000
  129   63    0.2456      2    0.3261    0.0000   -0.0072      2    0.0039    0.0000
  129   71   -0.5699      3    0.0300    0.0000   -0.0021      3    0.0013    0.0000
  130   20   -1.0984      4    1.0853    0.0000    0.0122      4    0.0072    0.0000
  130   21   -0.1547      3    1.4146    0.0000    0.0349      3    0.0085    0.0000
  130   26   -0.5882      6    0.8108    0.0000    0.0069      6    0.0056    0.0000
  130   27   -0.4786      5    0.6435    0.0000    0.0185      5    0.0033    0.0000
  130   40   -0.1836      5    0.3228    0.0000    0.0030      5    0.0009    0.0000
  130   43   -0.0195      3    0.4701    0.0000    0.0021      3    0.0013    0.0000
  130   48    0.6651      3    0.4244    0.0000   -0.0034      3    0.0024    0.0000
  130   61    0.7051      2    0.1136    0.0000   -0.0070      2    0.0013    0.0000
  130   62    0.0314      4    0.3549    0.0000   -0.0021      4    0.0044    0.0000
  130   71   -0.3435      3    0.2280    0.0000   -0.0014      3    0.0002    0.0000
  131   19    1.1570      2    2.9566    0.0000    0.0285      2    0.0022    0.0000
  131   25   -0.8376      8    0.8914    0.0000    0.0095      8    0.0097    0.0000
  131   26    1.0482      3    1.0484    0.0000    0.0038      3    0.0052    0.0000
  131   39   -0.3507      4    0.0613    0.0000    0.0038      4    0.0015    0.0000
  131   43   -0.1110      3    0.0923    0.0000    0.0053      3    0.0013    0.0000
  131   47    0.9847      3    0.0892    0.0000   -0.0080      3    0.0022    0.0000
  131   48    0.5780      2    0.3054    0.0000   -0.0040      2    0.0011    0.0000
  131   60    1.1188      2    0.3017    0.0000   -0.0036      2    0.0000    0.0000
  131   61    0.0864      3    0.1936    0.0000    0.0002      3    0.0016    0.0000
  131   70   -0.2778      4    0.1077    0.0000   -0.0014      4    0.0017    0.0000
  131   73    0.0464      2    0.2405    0.0000   -0.0022      2    0.0013    0.0000
  132   24    0.1384      9    0.8843   10.0000    0.0262     10    0.0092    0.0000
  132   25    0.3392      2    0.0102    0.0000    0.0099      2    0.0001    0.0000
  132   37   -0.5354      2    0.1214    0.0000   -0.0010      2    0.0020    0.0000
  132   38   -0.6433      4    0.3621    0.0000    0.0008      4    0.0006    0.0000
  132   42    0.0090      4    0.1007    0.0000    0.0082      4    0.0024    0.0000
  132   46    0.7369      2    0.0731    0.0000   -0.0073      2    0.0011    0.0000
  132   47    0.5208      2    0.0287    0.0000   -0.0060      2    0.0001    0.0000
  132   60    0.6626      3    0.3014    0.0000   -0.0014      3    0.0002    0.0000
  132   61    0.4855      2    0.3351    0.0000   -0.0032      2    0.0006    0.0000
  132   70   -0.1695      4    0.3574    0.0000   -0.0004      4    0.0037    0.0000
  133   23   -0.0185     10    0.8233    9.0909    0.0261     11    0.0066    0.0000
  133   36   -0.7205      3    0.2723    0.0000    0.0010      3    0.0013    0.0000
  133   37   -0.4324      3    0.4445    0.0000    0.0041      3    0.0028    0.0000
  133   41    0.1856      3    0.2308    0.0000    0.0068      3    0.0019    0.0000
  133   45    0.3059      2    0.2356    0.0000   -0.0072      2    0.0011    0.0000
  133   46    0.6278      3    0.3007    0.0000   -0.0099      3    0.0010    0.0000
  133   59    0.6009      2    0.0351    0.0000   -0.0015      2    0.0004    0.0000
  133   60    0.8488      4    0.1627    0.0000   -0.0032      4    0.0013    0.0000
  133   69   -0.5873      2    0.1888    0.0000    0.0029      2    0.0023    0.0000
  133   70    0.0243      2    0.2146    0.0000   -0.0037      2    0.0004    0.0000
  134   21   -0.5282      3    0.5773    0.0000    0.0119      3    0.0032    0.0000
  134   22    0.2562      8    1.2704    0.0000    0.0133      8    0.0080    0.0000
  134   35   -0.5831      4    0.1744    0.0000    0.0012      4    0.0021    0.0000
  134   36   -0.8104      2    0.1239    0.0000    0.0028      2    0.0033    0.0000
  134   41    0.1811      3    0.0696    0.0000    0.0086      3    0.0037    0.0000
  134   44   -0.0509      3    0.2354    0.0000   -0.0032      3    0.0018    0.0000
  134   45    0.8461      2    0.1826    0.0000   -0.0066      2    0.0006    0.0000
  134   59    0.2563      5    0.0343   16.6667    0.0001      5    0.0018   16.6667
  134   69    0.0534      2    0.0057    0.0000    0.0032      2    0.0024    0.0000
  135   20    0.9856      5    0.4200    0.0000    0.0159      5    0.0049    0.0000
  135   21    0.4162      6    0.7358    0.0000    0.0259      6    0.0065    0.0000
  135   22   -2.0928      2    2.3045    0.0000    0.0155      2    0.0053    0.0000
  135   34   -0.3518      5    0.5523    0.0000   -0.0008      5    0.0044    0.0000
  135   40   -0.0828      4    0.4018    0.0000    0.0025      4    0.0021    0.0000
  135   43    0.8933      3    0.3639    0.0000   -0.0026      3    0.0011    0.0000
  135   44    0.5502      2    0.0554    0.0000   -0.0022      2    0.0003    0.0000
  135   58    0.1556      6    0.2805    0.0000   -0.0032      6    0.0032    0.0000
  135   68   -0.4071      3    0.1790    0.0000    0.0006      3    0.0006    0.0000
  135   69   -0.1831      2    0.0125    0.0000   -0.0060      2    0.0006    0.0000
  136   18    0.0083      3    0.4336    0.0000    0.0144      3    0.0036    0.0000
  136   19    0.2991      5    1.2191    0.0000    0.0329      5    0.0082    0.0000
  136   20   -1.6460      4    0.8948    0.0000    0.0171      4    0.0035    0.0000
  136   21   -0.2227      2    1.8282    0.0000    0.0283      2    0.0012    0.0000
  136   32   -0.3256      3    0.1130    0.0000   -0.0003      3    0.0007    0.0000
  136   33   -0.2734      4    0.2845    0.0000    0.0015      4    0.0017    0.0000
  136   39    0.1287      5    0.2151    0.0000    0.0028      5    0.0029    0.0000
  136   42    0.1827      4    0.3239    0.0000    0.0013      4    0.0023    0.0000
  136   43    0.2068      2    0.3296    0.0000   -0.0024      2    0.0014    0.0000
  136   57   -0.6889      2    0.2858    0.0000    0.0006      2    0.0009    0.0000
  136   58    0.7203      4    0.2559    0.0000   -0.0033      4    0.0049    0.0000
  136   72    0.4116      2    0.0158    0.0000   -0.0000      2    0.0003    0.0000
  136   75    0.5682      2    0.1609    0.0000    0.0017      2    0.0011    0.0000
  137   17    0.4651      5    0.9682    0.0000    0.0178      5    0.0075    0.0000
  137   18   -0.4132      3    0.9608    0.0000    0.0217      3    0.0056    0.0000
  137   19    0.2029      4    0.7909    0.0000    0.0073      4    0.0067    0.0000
  137   20    0.0995      2    0.5728    0.0000    0.0227      2    0.0044    0.0000
  137   31   -0.3823      5    0.2323    0.0000   -0.0044      5    0.0021    0.0000
  137   32   -0.4555      2    0.2412    0.0000   -0.0026      2    0.0021    0.0000
  137   38   -0.1484      4    0.1679    0.0000   -0.0024      4    0.0007    0.0000
  137   41    0.4078      5    0.3990    0.0000    0.0030      5    0.0028    0.0000
  137   56    0.7487      2    0.0380    0.0000   -0.0049      2    0.0006    0.0000
  137   57    0.3971      5    0.2754    0.0000   -0.0038      5    0.0039    0.0000
  137   67   -0.1624      3    0.0914    0.0000   -0.0026      3    0.0012    0.0000
  137   69   -0.1451      2    0.2727    0.0000   -0.0049      2    0.0002    0.0000
  138   16   -1.0142      4    0.8765    0.0000    0.0207      4    0.0017    0.0000
  138   18   -1.8991      3    0.4131    0.0000    0.0484      3    0.0035    0.0000
  138   19    0.2340      2    0.8203    0.0000    0.0297      2    0.0124    0.0000
  138   29   -0.2256      2    0.1842    0.0000   -0.0069      2    0.0046    0.0000
  138   30   -0.3198      5    0.3178    0.0000    0.0005      5    0.0023    0.0000
  138   37   -0.0192      4    0.3495    0.0000    0.0032      4    0.0017    0.0000
  138   40    0.4289      5    0.4118    0.0000    0.0003      5    0.0028    0.0000
  138   55    0.2475      2    0.2638    0.0000   -0.0030      2    0.0036    0.0000
  138   56    0.3689      4    0.1481    0.0000   -0.0073      4    0.0022    0.0000
  138   57    0.1895      2    0.1676    0.0000   -0.0067      2    0.0007    0.0000
  138   66   -0.0046      4    0.1954    0.0000   -0.0006      4    0.0015    0.0000
  138   71   -0.0890      2    0.1051    0.0000    0.0008      2    0.0018    0.0000
  139   28   -1.1044      4    0.3918    0.0000    0.0043      4    0.0027    0.0000
  139   29   -0.6894      3    0.4005    0.0000   -0.0103      3    0.0013    0.0000
  139   36    0.0202      3    0.3317    0.0000   -0.0022      3    0.0014    0.0000
  139   37   -0.0515      2    0.2182    0.0000   -0.0009      2    0.0016    0.0000
  139   38    0.5529      4    0.2274    0.0000    0.0035      4    0.0005    0.0000
  139   39    0.0279      3    0.3790    0.0000    0.0009      3    0.0036    0.0000
  139   54   -0.2287      2    0.2980    0.0000   -0.0021      2    0.0016    0.0000
  139   55    0.4071      2    0.0904    0.0000   -0.0023      2    0.0000    0.0000
  139   56    0.7754      3    0.2383    0.0000   -0.0058      3    0.0019    0.0000
  139   65    0.0299      3    0.0707    0.0000   -0.0041      3    0.0020    0.0000
  139   68   -0.3318      2    0.0836    0.0000   -0.0029      2    0.0001    0.0000
  140   26   -0.7734      4    0.8004    0.0000    0.0056      4    0.0033    0.0000
  140   27   -0.7574      4    0.2738    0.0000    0.0077      4    0.0020    0.0000
  140   35    0.0291      3    0.2075    0.0000   -0.0009      3    0.0012    0.0000
  140   36   -0.4123      3    0.1529    0.0000   -0.0009      3    0.0048    0.0000
  140   37    0.2415      4    0.4820    0.0000   -0.0038      4    0.0009    0.0000
  140   53    0.2398      3    0.0372    0.0000    0.0026      3    0.0020    0.0000
  140   54   -0.1477      2    0.0743    0.0000   -0.0009      2    0.0005    0.0000
  140   55    0.1623      3    0.1746    0.0000   -0.0113      3    0.0020    0.0000
  140   65    0.0279      2    0.4081    0.0000   -0.0009      2    0.0004    0.0000
  140   68   -0.2367      2    0.3586    0.0000   -0.0015      2    0.0005    0.0000
  140   71    0.3686      2    0.2144    0.0000   -0.0013      2    0.0006    0.0000
  140   74    0.2791      2    0.0548    0.0000    0.0007      2    0.0034    0.0000
  141   24   -1.3370      3    0.2868    0.0000    0.0116      3    0.0012    0.0000
  141   25   -1.3959      5    0.4383    0.0000    0.0060      5    0.0046    0.0000
  141   34   -0.6232      3    0.1958    0.0000   -0.0008      3    0.0032    0.0000
  141   35    0.1059      5    0.4754    0.0000    0.0019      5    0.0032    0.0000
  141   36   -0.1079      4    0.1602    0.0000   -0.0004      4    0.0028    0.0000
  141   52    0.5769      3    0.2452    0.0000   -0.0024      3    0.0011    0.0000
  141   53    0.3327      2    0.1121    0.0000   -0.0006      2    0.0003    0.0000
  141   55    0.5351      2    0.2979    0.0000   -0.0063      2    0.0015    0.0000
  141   64   -0.3717      3    0.1295    0.0000   -0.0031      3    0.0007    0.0000
  141   67    0.0696      2    0.0804    0.0000   -0.0015      2    0.0001    0.0000
  142   22   -1.9270      3    0.2697    0.0000    0.0032      3    0.0024    0.0000
  142   23   -0.9677      4    0.1157    0.0000    0.0095      4    0.0049    0.0000
  142   24   -1.0548      2    0.5502    0.0000    0.0185      2    0.0017    0.0000
  142   33    0.7382      4    0.9073    0.0000    0.0025      4    0.0050    0.0000
  142   34    0.0495      7    0.7077    0.0000    0.0056      7    0.0047    0.0000
  142   35    0.1278      2    0.0942    0.0000    0.0037      2    0.0014    0.0000
  142   51   -0.2048      5    0.3456    0.0000   -0.0003      5    0.0027    0.0000
  142   54    0.6007      3    0.3019    0.0000   -0.0042      3    0.0020    0.0000
  142   63   -0.4326      3    0.1596    0.0000    0.0011      3    0.0004    0.0000
  142   67   -0.4438      2    0.2010    0.0000   -0.0012      2    0.0010    0.0000
  142   70    0.1531      2    0.1740    0.0000   -0.0014      2    0.0011    0.0000
  143   20   -0.9344      3    0.6038    0.0000    0.0121      3    0.0091    0.0000
  143   21   -1.5394      5    0.1784    0.0000    0.0086      5    0.0061    0.0000
  143   22   -1.0151      2    0.4137    0.0000    0.0100      2    0.0009    0.0000
  143   32    0.0680      7    0.3752    0.0000   -0.0011      7    0.0035    0.0000
  143   33    0.6254      6    0.4940    0.0000    0.0011      5    0.0023   16.6667
  143   49    0.1099      2    0.2420    0.0000    0.0057      2    0.0001    0.0000
  143   50    0.2918      4    0.2210    0.0000    0.0008      4    0.0033    0.0000
  143   53    0.6841      3    0.1896    0.0000   -0.0061      3    0.0016    0.0000
  143   62   -0.0464      3    0.2726    0.0000   -0.0019      3    0.0008    0.0000
  143   67   -0.2899      2    0.2510    0.0000   -0.0008      2    0.0009    0.0000
  143   75   -0.3457      2    0.2604    0.0000   -0.0047      2    0.0007    0.0000
  144   18   -1.4285      4    0.5379    0.0000    0.0196      4    0.0031    0.0000
  144   19   -0.8400      5    0.6322    0.0000    0.0075      5    0.0125    0.0000
  144   20   -1.8315      2    0.2463    0.0000    0.0026      2    0.0029    0.0000
  144   30    0.7341      4    0.6943    0.0000   -0.0057      4    0.0026    0.0000
  144   31    0.4877      9    0.9717    0.0000   -0.0018      9    0.0041    0.0000
  144   32    0.1197      2    0.0446    0.0000   -0.0010      2    0.0015    0.0000
  144   48    0.1148      4    0.2611    0.0000    0.0049      4    0.0017    0.0000
  144   49    0.4245      2    0.1217    0.0000    0.0010      2    0.0009    0.0000
  144   52    0.4511      2    0.0690    0.0000   -0.0065      2    0.0022    0.0000
  144   53    0.2166      2    0.1334    0.0000   -0.0053      2    0.0012    0.0000
  144   61   -0.2152      4    0.1958    0.0000   -0.0012      4    0.0027    0.0000
  144   66   -0.0499      2    0.2256    0.0000   -0.0011      2    0.0006    0.0000
  144   69    0.2994      2    0.2371    0.0000   -0.0006      2    0.0011    0.0000
  144   73    0.3200      2    0.5044    0.0000   -0.0002      2    0.0012    0.0000
  145   16   -1.9071      4    2.0774    0.0000    0.0314      4    0.0067    0.0000
  145   17   -1.4297      4    0.9535    0.0000    0.0197      4    0.0067    0.0000
  145   28    0.8916      3    0.7349    0.0000   -0.0031      3    0.0035    0.0000
  145   29    0.3537      4    0.6647    0.0000   -0.0073      4    0.0034    0.0000
  145   30   -0.4206      5    0.3221   16.6667   -0.0008      5    0.0011   16.6667
  145   47    0.0340      4    0.5001    0.0000    0.0057      4    0.0012    0.0000
  145   52    0.9981      3    0.4733    0.0000   -0.0056      3    0.0018    0.0000
  145   60    0.1038      4    0.2551    0.0000    0.0006      4    0.0005    0.0000
  145   66   -0.0555      3    0.0559    0.0000   -0.0051      3    0.0015    0.0000
  145   69    0.5169      2    0.3962    0.0000   -0.0014      2    0.0004    0.0000
  146   26    0.3563      3    0.6577    0.0000    0.0048      3    0.0033    0.0000
  146   27    0.6077      5    0.4802    0.0000   -0.0011      5    0.0055    0.0000
  146   28    0.2828      2    0.2130    0.0000   -0.0006      2    0.0033    0.0000
  146   29    0.1878      5    0.2759    0.0000   -0.0067      5    0.0033    0.0000
  146   45    0.2518      4    0.1629    0.0000    0.0013      4    0.0023    0.0000
  146   46    0.0969      3    0.4764    0.0000    0.0024      3    0.0025    0.0000
  146   51    0.5770      3    0.3351    0.0000   -0.0057      3    0.0015    0.0000
  146   58   -0.2829      2    0.0108    0.0000    0.0030      2    0.0005    0.0000
  146   59   -0.5455      3    0.2149    0.0000    0.0006      3    0.0017    0.0000
  146   65   -0.3578      2    0.0312    0.0000   -0.0054      2    0.0001    0.0000
  146   68    0.3637      2    0.0022    0.0000    0.0006      2    0.0004    0.0000
  146   72    0.4672      2    0.2180    0.0000   -0.0017      2    0.0008    0.0000
  147   24    0.7892      4    0.5109    0.0000    0.0078      4    0.0048    0.0000
  147   25    0.0716      5    1.3279    0.0000    0.0100      5    0.0025    0.0000
  147   28    0.1817      5    0.3164    0.0000   -0.0017      5    0.0055    0.0000
  147   43   -0.0472      3    0.3232    0.0000   -0.0022      3    0.0006    0.0000
  147   44    0.3018      5    0.4039    0.0000   -0.0015      5    0.0017    0.0000
  147   50    0.5521      4    0.1630    0.0000   -0.0052      4    0.0021    0.0000
  147   57    0.1229      3    0.1877    0.0000    0.0018      3    0.0009    0.0000
  147   58   -0.3438      2    0.4597    0.0000    0.0044      2    0.0025    0.0000
  147   65   -0.1676      2    0.0421    0.0000   -0.0049      2    0.0006    0.0000
  147   68    0.4987      2    0.1138    0.0000   -0.0005      2    0.0006    0.0000
  147   72    0.0813      2    0.0050    0.0000   -0.0003      2    0.0048    0.0000
  148   21    0.1371      2    0.6105    0.0000    0.0024      2    0.0023    0.0000
  148   22    0.5665      5    0.8736    0.0000    0.0001      5    0.0047    0.0000
  148   23    0.0363      4    0.3417    0.0000   -0.0002      4    0.0021    0.0000
  148   26   -1.2161      2    0.0328    0.0000    0.0001      2    0.0016    0.0000
  148   27   -0.7029      5    0.8434    0.0000   -0.0001      5    0.0023    0.0000
  148   41    0.0365      3    0.3106    0.0000    0.0016      3    0.0001    0.0000
  148   42   -0.3214      4    0.2520    0.0000   -0.0009      4    0.0019    0.0000
  148   49    0.7151      4    0.1999    0.0000   -0.0039      4    0.0020    0.0000
  148   56   -0.1579      4    0.0772    0.0000   -0.0017      4    0.0016    0.0000
  148   64   -0.0449      2    0.0769    0.0000   -0.0054      2    0.0002    0.0000
  148   74    0.3579      2    0.1265    0.0000   -0.0056      2    0.0011    0.0000
  149   19    0.5428      5    0.4264    0.0000    0.0062      5    0.0077    0.0000
  149   20   -0.5042      4    0.4622    0.0000    0.0032      4    0.0057    0.0000
  149   21    0.1003      3    0.9950    0.0000    0.0073      3    0.0022    0.0000
  149   25   -1.0956      4    0.2932    0.0000   -0.0005      4    0.0015    0.0000
  149   26   -1.3456      3    0.2132    0.0000    0.0002      3    0.0034    0.0000
  149   39   -0.3662      2    0.1491    0.0000   -0.0039      2    0.0030    0.0000
  149   40    0.0443      4    0.1929    0.0000    0.0006      4    0.0017    0.0000
  149   41    0.3140      2    0.1720    0.0000    0.0017      2    0.0002    0.0000
  149   48    0.2674      4    0.2207    0.0000   -0.0039      4    0.0017    0.0000
  149   54    0.1042      3    0.2601    0.0000    0.0038      3    0.0003    0.0000
  149   55   -0.3246      3    0.1812    0.0000    0.0014      3    0.0007    0.0000
  149   64   -0.1557      2    0.1178    0.0000   -0.0034      2    0.0014    0.0000
  149   67    0.3931      3    0.0777    0.0000   -0.0036      3    0.0007    0.0000
  149   71    0.2311      2    0.1943    0.0000   -0.0005      2    0.0007    0.0000
  150   18    0.1842      3    2.1874    0.0000    0.0173      3    0.0124    0.0000
  150   24   -0.8783      4    0.2552    0.0000   -0.0001      4    0.0052    0.0000
  150   25   -1.7391      2    0.1509    0.0000    0.0009      2    0.0027    0.0000
  150   37   -0.4383      4    0.6927    0.0000   -0.0009      4    0.0040    0.0000
  150   38   -0.4728      4    0.1508    0.0000   -0.0039      4    0.0024    0.0000
  150   39    0.5845      2    0.0925    0.0000   -0.0054      2    0.0037    0.0000
  150   47    0.4719      4    0.4084    0.0000   -0.0041      4    0.0015    0.0000
  150   53    0.2260      5    0.2448    0.0000    0.0023      5    0.0014    0.0000
  150   63   -0.4554      3    0.1493    0.0000   -0.0064      3    0.0014    0.0000
  150   66    0.4170      3    0.1347    0.0000   -0.0065      3    0.0007    0.0000
  150   71    0.1997      2    0.0453    0.0000   -0.0005      2    0.0012    0.0000
  150   73    0.0005      2    0.2102    0.0000   -0.0078      2    0.0001    0.0000
  151   23   -0.4936      5    0.4400    0.0000    0.0080      5    0.0061    0.0000
  151   35   -0.9238      4    0.9322    0.0000    0.0023      4    0.0012    0.0000
  151   36   -0.3296      4    0.7274    0.0000   -0.0035      4    0.0038    0.0000
  151   46    0.4631      4    0.1730    0.0000   -0.0025      4    0.0028    0.0000
  151   51    0.1522      4    0.2426    0.0000   -0.0002      4    0.0007    0.0000
  151   52   -0.1223      4    0.1134    0.0000   -0.0001      4    0.0021    0.0000
  151   62    0.0839      2    0.0306    0.0000   -0.0094      2    0.0003    0.0000
  151   70    0.1674      2    0.1907    0.0000    0.0007      2    0.0016    0.0000
  151   73    0.1852      2    0.0423    0.0000   -0.0070      2    0.0001    0.0000
  152   21   -0.2656      2    0.3712    0.0000    0.0207      2    0.0044    0.0000
  152   22   -0.4898      5    0.3642    0.0000    0.0240      5    0.0059    0.0000
  152   32   -0.7226      3    0.8685    0.0000    0.0087      3    0.0018    0.0000
  152   33   -0.2762      4    0.5869    0.0000   -0.0025      4    0.0043    0.0000
  152   34   -0.1739      4    0.6177    0.0000   -0.0033      4    0.0045    0.0000
  152   44    0.4311      3    0.2412    0.0000   -0.0002      3    0.0022    0.0000
  152   45    0.4145      3    0.2998    0.0000   -0.0028      3    0.0016    0.0000
  152   49   -0.1179      3    0.1059    0.0000    0.0017      3    0.0013    0.0000
  152   50   -0.0943      4    0.5048    0.0000    0.0004      4    0.0025    0.0000
  152   62   -0.1646      2    0.2311    0.0000   -0.0070      2    0.0006    0.0000
  152   65    0.1823      3    0.0624    0.0000   -0.0012      3    0.0000    0.0000
  152   70    0.1904      2    0.2191    0.0000    0.0022      2    0.0002    0.0000
  153   20   -1.2776      4    0.5260    0.0000    0.0261      4    0.0022    0.0000
  153   21   -0.8623      3    0.4686    0.0000    0.0220      3    0.0030    0.0000
  153   29   -0.2311      3    0.3411    0.0000    0.0161      3    0.0027    0.0000
  153   30   -0.4669      4    1.0604    0.0000    0.0060      4    0.0016    0.0000
  153   31    0.0684      5    0.5785    0.0000    0.0040      5    0.0054    0.0000
  153   43    0.2907      3    0.1038    0.0000    0.0007      3    0.0013    0.0000
  153   44   -0.1748      2    0.2067    0.0000    0.0004      2    0.0017    0.0000
  153   47   -0.4517      3    0.4076    0.0000   -0.0011      3    0.0016    0.0000
  153   48   -0.0230      4    0.5023    0.0000   -0.0007      4    0.0020    0.0000
  153   61   -0.2689      4    0.3030    0.0000   -0.0073      4    0.0015    0.0000
  153   64    0.3518      3    0.3305    0.0000   -0.0017      3    0.0011    0.0000
  153   69    0.8957      3    0.0717    0.0000   -0.0030      3    0.0022    0.0000
  153   72   -0.0529      2    0.0474    0.0000   -0.0092      2    0.0015    0.0000
  154   19   -1.2312      6    0.5326    0.0000   -0.0053      6    0.0053    0.0000
  154   20   -0.3527      2    0.0982    0.0000    0.0058      2    0.0011    0.0000
  154   26   -1.1213      5    1.7292    0.0000    0.0080      5    0.0050    0.0000
  154   27   -0.3082      4    0.3737    0.0000    0.0119      4    0.0042    0.0000
  154   28   -0.4389      5    0.9170    0.0000    0.0129      5    0.0056    0.0000
  154   42    0.4878      4    0.2591    0.0000   -0.0002      4    0.0005    0.0000
  154   45   -0.7176      4    0.1903    0.0000   -0.0004      4    0.0021    0.0000
  154   46    0.1371      4    0.2179    0.0000   -0.0033      4    0.0022    0.0000
  154   60   -0.1948      3    0.2234    0.0000   -0.0028      3    0.0008    0.0000
  154   63   -0.1250      2    0.0645    0.0000   -0.0049      2    0.0001    0.0000
  154   69    0.6869      2    0.0718    0.0000   -0.0055      2    0.0006    0.0000
  155   17   -2.7546      2    0.7676    0.0000    0.0141      2    0.0038    0.0000
  155   18   -0.9084      5    0.6773    0.0000   -0.0029      5    0.0033    0.0000
  155   21   -0.1134      2    0.2424    0.0000   -0.0017      2    0.0016    0.0000
  155   22   -1.4867      4    1.0028    0.0000    0.0006      4    0.0046    0.0000
  155   23   -0.0318      5    0.9674    0.0000   -0.0033      5    0.0054    0.0000
  155   24   -1.3664      4    0.5193    0.0000    0.0059      4    0.0050    0.0000
  155   25   -1.3370      3    0.6662    0.0000    0.0012      3    0.0021    0.0000
  155   40    0.0934      3    0.0447    0.0000    0.0052      3    0.0015    0.0000
  155   41    0.0607      4    0.5095    0.0000    0.0020      4    0.0022    0.0000
  155   42   -0.0142      2    0.2202    0.0000    0.0009      2    0.0004    0.0000
  155   43    0.0050      4    0.1090    0.0000    0.0042      4    0.0021    0.0000
  155   44   -0.6538      4    0.3940    0.0000    0.0056      4    0.0009    0.0000
  155   59   -0.0517      3    0.5545    0.0000   -0.0028      3    0.0007    0.0000
  155   62    0.5519      2    0.0088    0.0000   -0.0077      2    0.0005    0.0000
  155   63    0.1370      2    0.2303    0.0000   -0.0064      2    0.0011    0.0000
  155   68    0.1810      2    0.2095    0.0000   -0.0064      2    0.0002    0.0000
  155   71   -0.0149      2    0.0140    0.0000   -0.0082      2    0.0013    0.0000
  156   16   -2.9877      6    2.2506    0.0000   -0.0037      6    0.0215    0.0000
  156   17   -0.0762      8    1.1196   11.1111   -0.0117      8    0.0081   11.1111
  156   18   -1.2898      4    1.6121    0.0000   -0.0106      4    0.0119    0.0000
  156   19    0.2524      5    1.0497    0.0000   -0.0135      5    0.0030    0.0000
  156   20   -1.3086      4    1.6354    0.0000   -0.0040      4    0.0070    0.0000
  156   21   -1.1264      3    0.2593    0.0000    0.0020      3    0.0041    0.0000
  156   39    0.0202      5    0.6309    0.0000    0.0045      5    0.0025    0.0000
  156   40   -0.4908      5    0.3362    0.0000    0.0073      5    0.0018    0.0000
  156   41   -0.7492      4    0.7456    0.0000    0.0063      4    0.0019    0.0000
  156   42   -1.7065      2    0.2252    0.0000    0.0019      2    0.0018    0.0000
  156   58   -0.4513      2    0.1454    0.0000   -0.0050      2    0.0020    0.0000
  156   59   -0.2327      2    0.1018    0.0000   -0.0078      2    0.0004    0.0000
  156   61   -0.0890      2    0.2253    0.0000   -0.0084      2    0.0006    0.0000
  156   62    0.1303      2    0.1293    0.0000   -0.0091      2    0.0020    0.0000
  156   67    0.3977      2    0.0685    0.0000   -0.0047      2    0.0003    0.0000
  156   70   -0.3310      2    0.0260    0.0000   -0.0052      2    0.0018    0.0000
  157   16   -2.2310      3    0.5262    0.0000    0.0068      3    0.0051    0.0000
  157   37   -0.5680      7    0.3200    0.0000   -0.0015      6    0.0018   14.2857
  157   38   -0.4090      9    0.6376    0.0000   -0.0063      8    0.0032   11.1111
  157   39   -0.4445      3    0.1140    0.0000    0.0005      3    0.0032    0.0000
  157   57   -0.4431      2    0.3340    0.0000   -0.0070      2    0.0013    0.0000
  157   58   -0.1069      2    0.1321    0.0000   -0.0073      2    0.0001    0.0000
  157   60    0.2127      2    0.0105    0.0000   -0.0061      2    0.0006    0.0000
  157   61    0.0705      2    0.2353    0.0000   -0.0053      2    0.0001    0.0000
  157   67    0.4331      2    0.0609    0.0000   -0.0024      2    0.0005    0.0000
  157   70    0.4119      2    0.1138    0.0000   -0.0056      2    0.0012    0.0000
  158   33   -0.1186      4    0.1039    0.0000    0.0041      4    0.0029    0.0000
  158   34   -0.4930      4    0.6262    0.0000    0.0002      4    0.0008    0.0000
  158   35   -0.0843      5    0.2624    0.0000   -0.0024      5    0.0012    0.0000
  158   36   -0.2340      8    0.5216    0.0000   -0.0021      7    0.0014   12.5000
  158   56   -0.1997      3    0.0221    0.0000   -0.0073      3    0.0026    0.0000
  158   57   -0.1557      2    0.0895    0.0000   -0.0022      2    0.0027    0.0000
  158   59    0.1560      3    0.1418    0.0000   -0.0088      3    0.0009    0.0000
  158   60    0.5509      2    0.0586    0.0000   -0.0063      2    0.0004    0.0000
  158   66    0.2206      3    0.2828    0.0000   -0.0052      3    0.0007    0.0000
  158   69    0.5675      2    0.2312    0.0000   -0.0087      2    0.0018    0.0000
  159   29   -0.7995      4    0.3531    0.0000   -0.0095      4    0.0016    0.0000
  159   30   -0.8706      5    0.6044    0.0000   -0.0110      5    0.0012    0.0000
  159   31   -0.3673      4    0.5856    0.0000   -0.0063      4    0.0024    0.0000
  159   32   -0.1424      4    0.4833    0.0000   -0.0064      4    0.0004    0.0000
  159   34    0.1100      4    0.1458    0.0000    0.0014      4    0.0036    0.0000
  159   35   -0.0660      3    0.3515    0.0000   -0.0019      3    0.0032    0.0000
  159   55   -0.0863      3    0.2187    0.0000   -0.0055      3    0.0016    0.0000
  159   56   -0.2148      2    0.0910    0.0000   -0.0073      2    0.0016    0.0000
  159   58    0.1429      4    0.3001    0.0000   -0.0040      4    0.0016    0.0000
  159   65   -0.1003      4    0.5850    0.0000   -0.0055      4    0.0008    0.0000
  159   69   -0.0048      2    0.0207    0.0000   -0.0109      2    0.0010    0.0000
  160   23   -0.8265      3    0.5154    0.0000    0.0148      3    0.0027    0.0000
  160   24   -1.0799      5    0.7316    0.0000    0.0095      5    0.0046    0.0000
  160   25   -1.2239      4    0.4416    0.0000    0.0119      4    0.0025    0.0000
  160   26   -0.4218      4    1.0510    0.0000   -0.0024      4    0.0008    0.0000
  160   27    0.0185      5    0.5041    0.0000   -0.0034      5    0.0034    0.0000
  160   28   -1.4395      4    0.4364    0.0000   -0.0068      4    0.0012    0.0000
  160   32    0.6717      3    0.9471    0.0000    0.0021      3    0.0025    0.0000
  160   33    0.4227      5    0.6157    0.0000    0.0003      5    0.0034    0.0000
  160   54    0.0381      4    0.3969    0.0000   -0.0048      4    0.0010    0.0000
  160   57    0.4021      4    0.1425    0.0000   -0.0027      4    0.0011    0.0000
  160   64    0.2084      4    0.3492    0.0000   -0.0070      4    0.0012    0.0000
  160   68    0.1493      3    0.2201    0.0000   -0.0095      3    0.0006    0.0000
  161   12    0.2750      2    1.4564    0.0000   -0.0300      2    0.0088    0.0000
  161   13   -0.4985      4    1.0743    0.0000   -0.0283      4    0.0028    0.0000
  161   14   -2.1365      5    1.7140    0.0000   -0.0248      5    0.0093    0.0000
  161   15   -1.6663      5    0.8507    0.0000    0.0004      5    0.0053    0.0000
  161   16   -1.2675      4    1.8445    0.0000    0.0105      4    0.0039    0.0000
  161   17   -0.8600      5    0.6374    0.0000    0.0188      5    0.0034    0.0000
  161   18   -0.8361      5    0.6899    0.0000    0.0221      5    0.0024    0.0000
  161   19   -1.0235      4    0.5126    0.0000    0.0262      4    0.0043    0.0000
  161   20   -0.4929      5    1.0876    0.0000    0.0206      5    0.0045    0.0000
  161   21   -1.0215      4    0.2500    0.0000    0.0136      4    0.0047    0.0000
  161   22   -0.7505      5    0.6998    0.0000    0.0083      5    0.0067    0.0000
  161   30    0.4881      2    0.1292    0.0000   -0.0039      2    0.0032    0.0000
  161   31   -0.0205      5    0.9744    0.0000   -0.0037      5    0.0028    0.0000
  161   52   -0.3211      2    0.0801    0.0000   -0.0044      2    0.0006    0.0000
  161   53   -0.3254      4    0.1680    0.0000   -0.0053      4    0.0015    0.0000
  161   55   -0.0594      3    0.0961    0.0000   -0.0068      3    0.0010    0.0000
  161   56    0.1657      3    0.1257    0.0000   -0.0065      3    0.0018    0.0000
  161   63   -0.1665      4    0.1736    0.0000   -0.0082      4    0.0022    0.0000
  161   67   -0.0200      4    0.1901    0.0000   -0.0046      4    0.0021    0.0000
  161   87   -0.2560      2    0.1285    0.0000    0.0073      2    0.0010    0.0000
  161   88   -0.0083      4    0.3668    0.0000    0.0059      4    0.0020    0.0000
  162   29   -0.0208      5    0.4327    0.0000    0.0012      5    0.0039    0.0000
  162   30    0.1217      2    0.5356    0.0000   -0.0091      2    0.0040    0.0000
  162   51    0.0277      3    0.2387    0.0000   -0.0032      3    0.0031    0.0000
  162   52    0.0211      3    0.2102    0.0000   -0.0033      3    0.0014    0.0000
  162   53    0.6022      2    0.0281    0.0000   -0.0068      2    0.0012    0.0000
  162   54    0.4591      4    0.3208    0.0000   -0.0074      4    0.0021    0.0000
  162   62    0.3014      4    0.3603    0.0000   -0.0042      4    0.0009    0.0000
  162   66    0.2700      3    0.3309    0.0000   -0.0012      3    0.0034    0.0000
  162   84   -0.1406      4    0.1842    0.0000    0.0030      4    0.0008    0.0000
  162   85   -0.2611      4    0.2062    0.0000    0.0016      4    0.0013    0.0000
  162   86   -0.2632      3    0.1531    0.0000    0.0026      3    0.0018    0.0000
  162   87   -0.3626      2    0.1294    0.0000    0.0022      2    0.0014    0.0000
  163   27    0.0528      5    0.4121    0.0000    0.0063      5    0.0049    0.0000
  163   28    0.0219      3    0.4369    0.0000    0.0018      3    0.0031    0.0000
  163   49    0.0464      2    0.2532    0.0000   -0.0059      2    0.0011    0.0000
  163   50   -0.3232      4    0.1251    0.0000   -0.0045      4    0.0017    0.0000
  163   51   -0.0636      2    0.3371    0.0000   -0.0049      2    0.0002    0.0000
  163   52   -0.0130      4    0.1539    0.0000   -0.0063      4    0.0032    0.0000
  163   53    0.2822      2    0.1770    0.0000   -0.0072      2    0.0014    0.0000
  163   60    0.3798      2    0.0274    0.0000   -0.0042      2    0.0006    0.0000
  163   61    0.3058      3    0.0972    0.0000   -0.0062      3    0.0020    0.0000
  163   65    0.0494      4    0.1070    0.0000   -0.0042      4    0.0016    0.0000
  163   80   -0.5898      3    0.0535    0.0000    0.0016      3    0.0014    0.0000
  163   81   -0.5819      4    0.0665    0.0000   -0.0001      4    0.0022    0.0000
  163   82   -0.1449      4    0.2559    0.0000    0.0027      4    0.0009    0.0000
  163   83   -0.2711      4    0.4458    0.0000    0.0027      4    0.0013    0.0000
  164   25    0.5215      4    0.5812    0.0000    0.0186      4    0.0040    0.0000
  164   26    0.4690      4    0.4492    0.0000    0.0030      4    0.0038    0.0000
  164   48   -0.5374      5    0.2213    0.0000   -0.0033      5    0.0025    0.0000
  164   49    0.2517      3    0.4132    0.0000   -0.0048      3    0.0006    0.0000
  164   50    0.2544      4    0.1928    0.0000   -0.0034      4    0.0009    0.0000
  164   51    0.3142      3    0.2678    0.0000   -0.0032      3    0.0014    0.0000
  164   59    0.1216      4    0.1633    0.0000   -0.0049      4    0.0022    0.0000
  164   60    0.2115      2    0.2824    0.0000   -0.0063      2    0.0008    0.0000
  164   64    0.3078      4    0.3272    0.0000   -0.0111      4    0.0024    0.0000
  164   75   -0.6527      2    0.0576    0.0000   -0.0005      2    0.0011    0.0000
  164   76   -0.3082      4    0.0888    0.0000   -0.0001      4    0.0017    0.0000
  164   77   -0.2228      4    0.1812    0.0000    0.0011      4    0.0010    0.0000
  164   78   -0.3302      4    0.3664    0.0000    0.0028      4    0.0030    0.0000
  164   79   -0.2515      3    0.4073    0.0000    0.0027      3    0.0010    0.0000
  165   23    0.2118      4    1.0730    0.0000    0.0079      4    0.0072    0.0000
  165   24   -0.6419      5    0.8120    0.0000    0.0215      5    0.0056    0.0000
  165   46   -0.4629      4    0.1562    0.0000    0.0018      4    0.0013    0.0000
  165   47   -0.3086      5    0.4588    0.0000   -0.0011      5    0.0053    0.0000
  165   48   -0.0528      4    0.3319    0.0000   -0.0074      4    0.0017    0.0000
  165   49    0.4534      3    0.1090    0.0000   -0.0068      3    0.0009    0.0000
  165   57    0.0086      2    0.0558    0.0000   -0.0072      2    0.0004    0.0000
  165   58    0.4033      4    0.2588    0.0000   -0.0087      4    0.0008    0.0000
  165   63    0.0362      4    0.4291    0.0000   -0.0115      4    0.0003    0.0000
  165   70    0.0194      2    0.1499    0.0000   -0.0011      2    0.0018    0.0000
  165   71   -0.1966      4    0.2347    0.0000   -0.0007      4    0.0017    0.0000
  165   72   -0.6031      4    0.2459    0.0000    0.0008      4    0.0015    0.0000
  165   73   -0.3539      4    0.2506    0.0000    0.0028      4    0.0010    0.0000
  165   74   -0.4002      3    0.0723    0.0000   -0.0007      3    0.0013    0.0000
  165   75   -0.4884      2    0.0571    0.0000   -0.0036      2    0.0003    0.0000
  166   21   -0.0225      4    0.7649    0.0000   -0.0012      4    0.0042    0.0000
  166   22   -0.4006      4    0.9837    0.0000   -0.0007      4    0.0032    0.0000
  166   44   -1.0956      4    0.2357    0.0000    0.0019      4    0.0013    0.0000
  166   45   -0.2920      7    0.5551    0.0000    0.0029      6    0.0010   14.2857
  166   46    0.0764      4    0.2383    0.0000   -0.0019      4    0.0024    0.0000
  166   47   -0.3026      2    0.0189    0.0000   -0.0052      2    0.0001    0.0000
  166   56    0.0103      4    0.2734    0.0000   -0.0042      4    0.0011    0.0000
  166   57   -0.5575      2    0.2652    0.0000   -0.0053      2    0.0001    0.0000
  166   61    0.3439      3    0.0728    0.0000   -0.0067      3    0.0016    0.0000
  166   62    0.7167      3    0.1504    0.0000   -0.0087      3    0.0019    0.0000
  166   65    0.0204      4    0.1173    0.0000   -0.0036      4    0.0029    0.0000
  166   66   -0.0007      4    0.4485    0.0000   -0.0017      4    0.0011    0.0000
  166   67   -0.1283      4    0.2220    0.0000   -0.0014      4    0.0016    0.0000
  166   68   -0.2744      4    0.5916    0.0000    0.0009      4    0.0028    0.0000
  166   69   -0.4198      3    0.0772    0.0000    0.0001      3    0.0002    0.0000
  166   70   -0.2103      2    0.2327    0.0000   -0.0052      2    0.0022    0.0000
  167    8    0.0148      5    1.7387    0.0000    0.0093      5    0.0088    0.0000
  167   19   -0.3373      3    0.3517    0.0000    0.0081      3    0.0026    0.0000
  167   20    0.4918      5    0.7219    0.0000    0.0002      5    0.0044    0.0000
  167   42   -0.2703      5    0.1449   16.6667    0.0025      6    0.0024    0.0000
  167   43   -0.4541      8    0.2180    0.0000    0.0012      8    0.0017    0.0000
  167   44   -0.3344      4    0.2020    0.0000    0.0002      4    0.0003    0.0000
  167   54   -0.3142      4    0.2911    0.0000   -0.0072      4    0.0024    0.0000
  167   55    0.1772      3    0.3648    0.0000   -0.0092      3    0.0009    0.0000
  167   58    0.0545      4    0.2836    0.0000   -0.0064      4    0.0026    0.0000
  167   59    0.3978      6    0.2009    0.0000   -0.0054      6    0.0038    0.0000
  167   60    0.1965      7    0.2392    0.0000   -0.0046      7    0.0049    0.0000
  167   61    0.1045      5    0.2036    0.0000   -0.0046      5    0.0021    0.0000
  167   62    0.1564      4    0.3020    0.0000   -0.0008      4    0.0018    0.0000
  167   63   -0.2038      4    0.4792    0.0000   -0.0013      4    0.0018    0.0000
  167   64   -0.3626      2    0.3304    0.0000   -0.0001      2    0.0018    0.0000
  168    9   -1.4984      4    1.0975    0.0000    0.0098      4    0.0083    0.0000
  168   10    0.1108      5    2.7718    0.0000   -0.0100      5    0.0081    0.0000
  168   11   -1.0994      5    1.6125    0.0000   -0.0018      5    0.0072    0.0000
  168   12   -0.3741      5    1.5390    0.0000    0.0024      5    0.0099    0.0000
  168   13   -1.3503      5    0.7243    0.0000   -0.0030      5    0.0093    0.0000
  168   14   -2.2881      5    1.5467    0.0000   -0.0030      5    0.0104    0.0000
  168   17   -0.7114      2    1.2545    0.0000    0.0234      2    0.0063    0.0000
  168   18   -0.6187      5    1.6081    0.0000    0.0148      5    0.0054    0.0000
  168   19   -0.5268      2    0.9038    0.0000    0.0103      2    0.0042    0.0000
  168   39   -0.4352      3    0.3493    0.0000    0.0090      3    0.0017    0.0000
  168   40   -0.7456      8    0.2535   11.1111    0.0078      9    0.0029    0.0000
  168   41   -0.5016      8    0.3740    0.0000    0.0048      8    0.0020    0.0000
  168   42   -0.1958      2    0.1471    0.0000   -0.0003      2    0.0002    0.0000
  168   49   -0.3787      3    0.1920    0.0000    0.0023      3    0.0005    0.0000
  168   50   -0.0625      4    0.1154    0.0000   -0.0005      4    0.0021    0.0000
  168   51   -0.0116      6    0.3332    0.0000   -0.0017      6    0.0045    0.0000
  168   52   -0.0897      7    0.2243   12.5000   -0.0033      8    0.0051    0.0000
  168   53   -0.2300      7    0.4672    0.0000   -0.0046      6    0.0018   14.2857
  168   54   -0.2134      4    0.4954    0.0000    0.0009      4    0.0023    0.0000
  168   55   -0.2933      4    0.2260    0.0000    0.0011      4    0.0014    0.0000
  168   56   -0.2487      4    0.0934    0.0000    0.0003      4    0.0026    0.0000
  168   57   -0.1180      4    0.2802    0.0000   -0.0052      4    0.0038    0.0000
  168   58    0.4985      4    0.4223    0.0000   -0.0112      4    0.0016    0.0000
  168   59    0.5621      2    0.2391    0.0000   -0.0105      2    0.0007    0.0000
  169   15   -2.7837      4    2.1418    0.0000    0.0085      4    0.0076    0.0000
  169   16   -1.5261     10    1.3669    0.0000    0.0111     10    0.0075    0.0000
  169   17   -1.4351      8    1.5773    0.0000    0.0144      8    0.0080    0.0000
  169   18   -0.5849      5    0.4799    0.0000    0.0141      5    0.0040    0.0000
  169   19   -1.0129      4    1.0025    0.0000    0.0038      4    0.0061    0.0000
  169   20   -0.6881      5    1.2703    0.0000   -0.0004      5    0.0050    0.0000
  169   21    0.2767      4    0.4144    0.0000    0.0007      4    0.0031    0.0000
  169   22   -0.0237      5    0.8442    0.0000    0.0106      5    0.0054    0.0000
  169   23   -1.0387      4    0.9985    0.0000    0.0040      4    0.0035    0.0000
  169   24   -0.4586      5    0.7630    0.0000   -0.0005      5    0.0029    0.0000
  169   25    0.4572      4    0.3805    0.0000    0.0091      4    0.0061    0.0000
  169   26   -0.1239      5    0.5811    0.0000   -0.0010      5    0.0029    0.0000
  169   27   -0.6731      4    1.2045    0.0000   -0.0026      4    0.0031    0.0000
  169   28   -0.4219      4    0.6972    0.0000   -0.0005      4    0.0046    0.0000
  169   29   -1.0879      5    0.4179    0.0000   -0.0021      5    0.0041    0.0000
  169   30   -0.7148      4    0.8329    0.0000    0.0019      4    0.0026    0.0000
  169   31   -0.0814      4    0.5306    0.0000    0.0008      4    0.0033    0.0000
  169   32   -0.7409      5    0.4292    0.0000    0.0052      5    0.0041    0.0000
  169   33   -0.2572      4    0.5007    0.0000    0.0046      4    0.0029    0.0000
  169   34   -0.7514      4    0.2762    0.0000    0.0114      4    0.0022    0.0000
  169   35   -0.7997      4    0.1841    0.0000    0.0155      4    0.0038    0.0000
  169   36   -0.6597      7    0.3795    0.0000    0.0112      7    0.0031    0.0000
  169   37   -0.7046     12    0.3261    7.6923    0.0079     13    0.0020    0.0000
  169   38   -0.5321     12    0.4104    0.0000    0.0084     12    0.0044    0.0000
  169   39   -0.4140      9    0.3929    0.0000    0.0056      9    0.0080    0.0000
  169   40    0.0648      4    0.3205    0.0000    0.0011      4    0.0010    0.0000
  169   41   -0.6498      4    0.2314    0.0000    0.0006      4    0.0020    0.0000
  169   42   -0.1831      4    0.0608    0.0000   -0.0024      4    0.0025    0.0000
  169   43   -0.2228      4    0.5940    0.0000   -0.0021      4    0.0022    0.0000
  169   44    0.1708      4    0.4531    0.0000    0.0033      4    0.0021    0.0000
  169   45   -0.3999      4    0.3048    0.0000    0.0027      4    0.0006    0.0000
  169   46    0.1944      4    0.1557    0.0000    0.0071      4    0.0017    0.0000
  169   47    0.0709      4    0.3008    0.0000    0.0019      4    0.0028    0.0000
  169   48   -0.2061      5    0.2592    0.0000    0.0034      5    0.0023    0.0000
  169   49   -0.1740      5    0.2882    0.0000   -0.0032      5    0.0026    0.0000
  169   50   -0.1817      4    0.2861    0.0000   -0.0081      4    0.0030    0.0000
  169   51   -0.2307      2    0.2988    0.0000   -0.0093      2    0.0001    0.0000
  169   55    0.1595      2    0.0194    0.0000   -0.0088      2    0.0003    0.0000
  169   56    0.2461      4    0.0983    0.0000   -0.0046      4    0.0010    0.0000
  169   57   -0.0217      3    0.1423    0.0000   -0.0069      3    0.0018    0.0000
  170   14   -2.2067      5    1.7215    0.0000    0.0052      5    0.0048    0.0000
  170   15   -1.1510      4    0.5028    0.0000    0.0036      4    0.0061    0.0000
  170   33   -0.2126      3    0.3892    0.0000   -0.0067      3    0.0009    0.0000
  170   34    0.1273      7    0.4501    0.0000    0.0022      6    0.0014   14.2857
  170   35   -0.1201      9    0.4605    0.0000    0.0041      9    0.0030    0.0000
  170   36   -0.5422      6    0.4021    0.0000    0.0077      6    0.0016    0.0000
  170   46   -0.2874      4    0.2890    0.0000   -0.0032      4    0.0024    0.0000
  170   47   -0.5032      4    0.3704    0.0000    0.0019      4    0.0022    0.0000
  170   48   -0.6423      3    0.3092    0.0000   -0.0040      3    0.0016    0.0000
  170   53    0.1600      3    0.0795    0.0000   -0.0054      3    0.0009    0.0000
  170   54    0.3758      4    0.3227    0.0000   -0.0094      4    0.0024    0.0000
  170   55    0.2681      2    0.0263    0.0000   -0.0090      2    0.0001    0.0000
  171   13    1.1606      4    1.5016    0.0000   -0.0032      4    0.0096    0.0000
  171   30   -0.8251      4    0.6987    0.0000    0.0099      4    0.0013    0.0000
  171   31    0.0270      6    0.5824    0.0000    0.0092      6    0.0020    0.0000
  171   32   -0.9564      9    0.3865    0.0000    0.0007      9    0.0032    0.0000
  171   33   -0.9367      5    0.4569    0.0000    0.0001      5    0.0020    0.0000
  171   34   -0.5941      2    0.3772    0.0000    0.0019      2    0.0014    0.0000
  171   43   -0.2480      4    0.2792    0.0000    0.0060      4    0.0012    0.0000
  171   44   -0.3826      4    0.5779    0.0000    0.0076      4    0.0009    0.0000
  171   45   -0.7036      4    0.4405    0.0000    0.0052      4    0.0040    0.0000
  171   50    0.2644      2    0.4588    0.0000   -0.0085      2    0.0021    0.0000
  171   51    0.2421      4    0.0876    0.0000   -0.0039      4    0.0011    0.0000
  171   52    0.3214      4    0.1667    0.0000   -0.0042      4    0.0044    0.0000
  172    7   -3.4520      5    1.6274    0.0000    0.0329      5    0.0060    0.0000
  172   26   -0.5028      2    0.0738    0.0000    0.0135      2    0.0025    0.0000
  172   27   -0.1834      4    0.7658    0.0000    0.0142      4    0.0046    0.0000
  172   28   -0.5090      5    0.6668    0.0000    0.0119      5    0.0025    0.0000
  172   29   -1.0226      8    0.3392    0.0000    0.0069      7    0.0017   12.5000
  172   30   -1.2053      5    0.3933    0.0000    0.0021      5    0.0018    0.0000
  172   31   -1.8332      3    0.5794    0.0000    0.0035      3    0.0033    0.0000
  172   39   -0.4793      4    0.6550    0.0000    0.0033      4    0.0015    0.0000
  172   40    0.0734      4    0.5767    0.0000    0.0013      4    0.0037    0.0000
  172   41   -0.1922      4    0.5972    0.0000    0.0001      4    0.0006    0.0000
  172   42    0.0694      3    0.1381    0.0000   -0.0010      3    0.0020    0.0000
  172   47    0.0367      3    0.3445    0.0000   -0.0041      3    0.0029    0.0000
  172   48    0.3704      4    0.2222    0.0000   -0.0038      4    0.0023    0.0000
  172   49    0.1817      3    0.1768    0.0000   -0.0019      3    0.0012    0.0000
  172   50   -0.0221      2    0.0122    0.0000   -0.0056      2    0.0004    0.0000
  173    7    0.0361      2    0.6598    0.0000   -0.0180      2    0.0003    0.0000
  173    8   -2.8339      4    0.4730    0.0000    0.0256      4    0.0042    0.0000
  173    9   -1.3479      5    0.4514    0.0000    0.0262      5    0.0043    0.0000
  173   10   -1.7353      5    0.7552    0.0000    0.0231      5    0.0090    0.0000
  173   11   -3.3221      4    0.9457    0.0000    0.0129      4    0.0081    0.0000
  173   23    0.5165      2    0.5588    0.0000    0.0098      2    0.0014    0.0000
  173   24   -1.1004      5    0.3600    0.0000    0.0064      5    0.0019    0.0000
  173   25   -0.2541      4    0.4522    0.0000    0.0097      4    0.0024    0.0000
  173   26   -0.0149      6    0.5144    0.0000    0.0130      5    0.0011   16.6667
  173   27   -0.9450      5    0.1318    0.0000    0.0110      5    0.0034    0.0000
  173   28   -0.7886      4    0.3235    0.0000    0.0059      4    0.0044    0.0000
  173   35   -0.1233      2    0.3305    0.0000   -0.0049      2    0.0012    0.0000
  173   36    0.1174      4    0.2365    0.0000   -0.0028      4    0.0026    0.0000
  173   37    0.1060      4    0.6173    0.0000    0.0033      4    0.0049    0.0000
  173   38    0.1203      4    0.5743    0.0000    0.0041      4    0.0024    0.0000
  173   44   -0.0715      4    0.3474    0.0000   -0.0000      4    0.0034    0.0000
  173   45   -0.2029      4    0.1601    0.0000   -0.0006      4    0.0017    0.0000
  173   46   -0.2418      4    0.1879    0.0000   -0.0005      4    0.0022    0.0000
  174    7   -1.9037      3    1.1502    0.0000   -0.0054      3    0.0020    0.0000
  174    8   -1.0386      5    1.6939    0.0000   -0.0009      5    0.0065    0.0000
  174    9   -0.5155      5    0.7852    0.0000    0.0039      5    0.0085    0.0000
  174   10   -1.0210      2    0.6042    0.0000   -0.0012      2    0.0002    0.0000
  174   12   -2.0785      5    0.2211    0.0000    0.0322      5    0.0053    0.0000
  174   13   -2.8006      4    1.1267    0.0000    0.0243      4    0.0056    0.0000
  174   14   -1.6959      5    1.0509    0.0000    0.0061      5    0.0151    0.0000
  174   15   -2.7841      5    0.6590    0.0000   -0.0046      5    0.0072    0.0000
  174   16   -1.3164      2    0.8759    0.0000    0.0012      2    0.0036    0.0000
  174   20   -1.0843      4    0.5558    0.0000   -0.0066      4    0.0016    0.0000
  174   21   -1.1189      4    0.6828    0.0000   -0.0009      4    0.0027    0.0000
  174   22   -1.1723      5    0.1820    0.0000    0.0012      5    0.0036    0.0000
  174   23   -0.8879      3    0.5718    0.0000    0.0068      3    0.0023    0.0000
  174   24   -1.4454      5    0.4954    0.0000    0.0011      5    0.0037    0.0000
  174   25   -0.9447      4    0.4688    0.0000    0.0076      4    0.0020    0.0000
  174   26   -0.4385      2    0.0350    0.0000    0.0077      2    0.0029    0.0000
  174   31   -0.8964      2    0.4568    0.0000   -0.0046      2    0.0002    0.0000
  174   32   -0.4787      4    1.0041    0.0000   -0.0042      4    0.0064    0.0000
  174   33   -0.0190      4    0.7852    0.0000   -0.0025      4    0.0035    0.0000
  174   34    0.1481      5    0.4210    0.0000   -0.0086      5    0.0057    0.0000
  174   35   -0.3542      2    0.5194    0.0000   -0.0114      2    0.0025    0.0000
  174   40   -0.2746      5    0.1552    0.0000    0.0042      5    0.0035    0.0000
  174   41    0.0734      4    0.5138    0.0000    0.0000      4    0.0019    0.0000
  174   42   -0.3209      4    0.2930    0.0000    0.0014      4    0.0018    0.0000
  174   43    0.0417      3    0.0765    0.0000   -0.0030      3    0.0018    0.0000
  175   10    0.8065      3    0.4233    0.0000    0.0196      3    0.0119    0.0000
  175   11   -1.1587      5    1.3337    0.0000    0.0204      5    0.0088    0.0000
  175   12   -1.1808      5    0.9950    0.0000    0.0187      5    0.0038    0.0000
  175   13    0.1413      3    0.3757    0.0000    0.0058      3    0.0065    0.0000
  175   16    0.5104      3    0.5697    0.0000   -0.0043      3    0.0052    0.0000
  175   17   -1.1622      7    0.6074    0.0000    0.0033      7    0.0060    0.0000
  175   18   -0.4751     10    1.3010    0.0000   -0.0011     10    0.0094    0.0000
  175   19   -1.4809      9    0.6241    0.0000   -0.0031      8    0.0023   11.1111
  175   20   -2.2554      6    0.8030    0.0000   -0.0033      6    0.0024    0.0000
  175   21   -1.7754      8    0.6191    0.0000   -0.0073      8    0.0062    0.0000
  175   22   -1.5265      5    0.3750    0.0000   -0.0010      5    0.0036    0.0000
  175   23   -0.9376      4    0.5438    0.0000    0.0005      4    0.0033    0.0000
  175   28   -0.5179      5    1.1515    0.0000    0.0021      5    0.0024    0.0000
  175   29   -0.4874      4    0.8434    0.0000   -0.0005      4    0.0043    0.0000
  175   30   -0.8364      4    1.0525    0.0000    0.0023      4    0.0026    0.0000
  175   31   -0.0763      3    0.5063    0.0000    0.0010      3    0.0041    0.0000
  175   35   -0.6711      2    0.2861    0.0000    0.0001      2    0.0011    0.0000
  175   36   -0.5859      4    0.3825    0.0000    0.0010      4    0.0016    0.0000
  175   37    0.1203      4    0.1967    0.0000    0.0037      4    0.0014    0.0000
  175   38   -0.1736      4    0.0990    0.0000    0.0085      4    0.0019    0.0000
  175   39   -0.3358      3    0.3830    0.0000    0.0088      3    0.0013    0.0000
  176   13   -0.9776      2    0.5991    0.0000    0.0034      2    0.0123    0.0000
  176   14   -0.4722      8    1.2751    0.0000    0.0067      8    0.0224    0.0000
  176   15   -1.4816     10    1.4874    0.0000   -0.0003     10    0.0158    0.0000
  176   16   -1.0256     13    0.9604    0.0000    0.0088     13    0.0125    0.0000
  176   17   -0.2981      8    1.1791    0.0000    0.0055      7    0.0038   12.5000
  176   18    0.2455      2    0.2686    0.0000   -0.0072      2    0.0051    0.0000
  176   19   -1.2721      5    0.4845    0.0000   -0.0034      5    0.0105    0.0000
  176   20   -0.5151      5    0.6555    0.0000   -0.0041      5    0.0050    0.0000
  176   22   -1.0641      5    0.4441    0.0000   -0.0141      5    0.0030    0.0000
  176   23   -0.8231      4    0.3449    0.0000   -0.0156      4    0.0028    0.0000
  176   24    0.1450      8    1.1444    0.0000   -0.0030      8    0.0085    0.0000
  176   25    0.2430      9    1.3820    0.0000   -0.0061      9    0.0046    0.0000
  176   26   -0.1086      9    1.0578    0.0000    0.0041      8    0.0022   11.1111
  176   27   -0.8698      7    0.3598    0.0000    0.0047      7    0.0047    0.0000
  176   28   -1.0851      5    0.3516    0.0000   -0.0020      5    0.0020    0.0000
  176   31   -0.7434      4    0.5658    0.0000   -0.0010      4    0.0030    0.0000
  176   32   -0.3191      4    0.5295    0.0000   -0.0012      4    0.0020    0.0000
  176   33   -0.4156      5    0.1247    0.0000   -0.0018      5    0.0020    0.0000
  176   34   -0.3653      4    0.2953    0.0000    0.0016      4    0.0023    0.0000
  176   35   -0.7432      2    0.1657    0.0000    0.0030      2    0.0031    0.0000
  177   12   -1.1295      6    0.4815    0.0000    0.0159      6    0.0145    0.0000
  177   13   -0.5534      5    1.0906    0.0000    0.0230      5    0.0111    0.0000
  177   14   -0.0982      2    0.1299    0.0000    0.0074      2    0.0065    0.0000
  177   16   -0.1269      4    1.0632    0.0000   -0.0064      4    0.0089    0.0000
  177   17   -0.0179      7    0.8646    0.0000    0.0038      7    0.0091    0.0000
  177   18   -0.7768      8    1.6217    0.0000    0.0038      8    0.0098    0.0000
  177   19    0.2928      4    1.2197    0.0000    0.0058      4    0.0144    0.0000
  177   20   -0.4855      7    1.3560    0.0000    0.0019      7    0.0028    0.0000
  177   21   -0.7577      8    0.4525   11.1111    0.0004      9    0.0062    0.0000
  177   22   -0.8999      4    1.6329    0.0000   -0.0032      4    0.0055    0.0000
  177   23    0.2306      5    0.9456    0.0000   -0.0024      5    0.0055    0.0000
  177   27   -0.6259      5    0.2487    0.0000    0.0022      5    0.0012    0.0000
  177   28   -0.1352      4    0.4780    0.0000    0.0004      4    0.0024    0.0000
  177   29   -0.3528      7    0.5251    0.0000    0.0021      7    0.0043    0.0000
  177   30   -0.1530      8    0.4090   11.1111   -0.0011      9    0.0020    0.0000
  177   31   -0.8466      4    0.2915    0.0000   -0.0022      4    0.0012    0.0000
  177   32   -0.9524      4    0.7594    0.0000   -0.0026      4    0.0049    0.0000
  177   33   -1.3677      5    0.2447    0.0000   -0.0068      5    0.0014    0.0000
  177   34   -0.9277      4    0.5657    0.0000   -0.0051      4    0.0032    0.0000
  177   35   -1.2782      4    0.3643    0.0000   -0.0042      4    0.0011    0.0000
  177   36   -0.5575      4    0.3245    0.0000    0.0009      4    0.0014    0.0000
  177   37   -0.6216      4    0.3343    0.0000    0.0010      4    0.0012    0.0000
  177   38   -0.4268      4    0.2516    0.0000    0.0044      4    0.0020    0.0000
  178    9   -1.3010      4    0.2372    0.0000    0.0386      4    0.0067    0.0000
  178   10   -0.4412      5    0.6238    0.0000    0.0352      5    0.0075    0.0000
  178   11   -0.8052      4    0.9594    0.0000    0.0165      4    0.0081    0.0000
  178   13   -0.5666      2    0.4935    0.0000   -0.0038      2    0.0006    0.0000
  178   14   -0.0737      5    0.8779    0.0000    0.0072      5    0.0115    0.0000
  178   15   -1.2636      5    1.2268    0.0000    0.0012      5    0.0114    0.0000
  178   17   -0.1022      4    1.1124    0.0000    0.0149      4    0.0048    0.0000
  178   18    0.3028      5    2.9609    0.0000    0.0095      5    0.0082    0.0000
  178   19   -1.7233      4    0.4830    0.0000   -0.0064      4    0.0100    0.0000
  178   20    0.9547      3    0.3341    0.0000    0.0029      3    0.0018    0.0000
  178   22   -0.9786      6    1.0450    0.0000    0.0049      6    0.0065    0.0000
  178   23   -0.3532      8    0.6787   11.1111    0.0041      9    0.0056    0.0000
  178   24   -0.7793      9    0.7180    0.0000    0.0094      8    0.0032   11.1111
  178   25   -0.3072      9    0.6682    0.0000    0.0128      9    0.0036    0.0000
  178   26   -0.1523      7    0.8784    0.0000    0.0094      6    0.0023   14.2857
  178   39   -0.8874      4    0.2281    0.0000    0.0066      4    0.0030    0.0000
  178   40   -0.8391      4    0.2222    0.0000    0.0080      4    0.0020    0.0000
  178   41   -0.6227      4    0.4490    0.0000    0.0053      4    0.0025    0.0000
  178   42   -1.2628      4    0.3398    0.0000    0.0040      4    0.0015    0.0000
  178   43   -0.5052      4    0.2323    0.0000   -0.0003      4    0.0024    0.0000
  178   44   -0.6936      4    0.3634    0.0000    0.0032      4    0.0018    0.0000
  178   45   -0.3733      4    0.3165    0.0000    0.0032      4    0.0011    0.0000
  178   46    0.0410      3    0.1984    0.0000    0.0060      3    0.0007    0.0000
  178   47   -0.5003      4    0.1851    0.0000    0.0032      4    0.0020    0.0000
  178   48   -0.1254      4    0.2392    0.0000    0.0016      4    0.0021    0.0000
  178   49   -0.5062      4    0.2979    0.0000    0.0024      4    0.0011    0.0000
  179    8   -0.1323      4    0.9070    0.0000    0.0268      4    0.0030    0.0000
  179   11   -0.9477      3    0.4090    0.0000    0.0146      3    0.0086    0.0000
  179   12   -1.4786      5    0.7485    0.0000    0.0183      5    0.0065    0.0000
  179   13   -1.1133      4    0.9351    0.0000    0.0115      4    0.0126    0.0000
  179   14    0.2641      4    0.9057    0.0000    0.0242      4    0.0061    0.0000
  179   15   -0.1365      5    0.9142    0.0000    0.0304      5    0.0083    0.0000
  179   16   -0.2577      5    1.4460    0.0000    0.0059      5    0.0172    0.0000
  179   19    0.5792      4    0.3949    0.0000   -0.0162      4    0.0041    0.0000
  179   20   -0.4928      5    1.1226    0.0000   -0.0112      5    0.0107    0.0000
  179   21   -0.4975      5    0.5962    0.0000   -0.0057      5    0.0038    0.0000
  179   22   -0.5401      3    0.3151    0.0000   -0.0078      3    0.0061    0.0000
  179   27    0.5080      4    0.3983    0.0000    0.0052      4    0.0026    0.0000
  179   28   -0.1106      4    0.5484    0.0000    0.0063      4    0.0037    0.0000
  179   29   -1.0028      4    0.5102    0.0000    0.0124      4    0.0032    0.0000
  179   30   -1.2602      5    0.8566    0.0000    0.0051      5    0.0027    0.0000
  179   31   -0.4706      4    0.7550    0.0000    0.0043      4    0.0051    0.0000
  179   32   -0.7277      4    0.2732    0.0000    0.0046      4    0.0007    0.0000
  179   50   -0.4742      3    0.5705    0.0000   -0.0005      3    0.0011    0.0000
  179   51   -0.0389      4    0.1463    0.0000    0.0009      4    0.0039    0.0000
  179   52   -0.2949      4    0.1731    0.0000    0.0064      4    0.0011    0.0000
  179   53   -0.3990      3    0.0705    0.0000    0.0027      3    0.0007    0.0000
  179   54   -0.8375      4    0.1081    0.0000    0.0042      4    0.0025    0.0000
  179   55   -0.8262      4    0.3732    0.0000    0.0022      4    0.0015    0.0000
  179   56   -0.3612      4    0.2803    0.0000   -0.0011      4    0.0008    0.0000
  179   57   -0.4137      4    0.1523    0.0000    0.0051      4    0.0005    0.0000
  180    9   -1.1928      3    1.2779    0.0000    0.0082      3    0.0084    0.0000
  180   10   -1.0418      5    0.4840    0.0000    0.0127      5    0.0056    0.0000
  180   11    0.8969      6    1.7457    0.0000    0.0199      6    0.0069    0.0000
  180   12   -0.5247      5    1.4525    0.0000    0.0099      5    0.0095    0.0000
  180   13   -0.5946      5    0.6705    0.0000    0.0077      5    0.0089    0.0000
  180   15   -0.5191      2    0.1584    0.0000    0.0103      2    0.0047    0.0000
  180   16    0.4346      5    0.2689    0.0000    0.0055      5    0.0052    0.0000
  180   17   -0.4576      5    1.0893    0.0000    0.0036      5    0.0044    0.0000
  180   18    0.0205      4    0.4324    0.0000   -0.0126      4    0.0067    0.0000
  180   33    0.4099      3    0.3964    0.0000    0.0057      3    0.0042    0.0000
  180   34   -0.4849      5    0.4676    0.0000    0.0055      5    0.0040    0.0000
  180   35    0.4568      4    0.4547    0.0000    0.0063      4    0.0030    0.0000
  180   36   -0.3553      4    0.1679    0.0000    0.0062      4    0.0015    0.0000
  180   37    0.2014      4    0.5599    0.0000    0.0021      4    0.0045    0.0000
  180   38    0.4467      4    0.6224    0.0000    0.0111      4    0.0018    0.0000
  180   39   -0.5224      3    0.2841    0.0000    0.0112      3    0.0014    0.0000
  180   58   -0.7783      3    0.1338    0.0000    0.0044      3    0.0011    0.0000
  180   59   -0.7432      4    0.2058    0.0000    0.0010      4    0.0027    0.0000
  180   60   -0.4033      4    0.1357    0.0000    0.0012      4    0.0025    0.0000
  180   61   -0.4438      4    0.2154    0.0000    0.0034      4    0.0006    0.0000
  180   62   -0.4715      3    0.4676    0.0000    0.0047      3    0.0020    0.0000
  181    7   -0.5958      5    1.0473    0.0000    0.0321      5    0.0114    0.0000
  181    8   -0.7991     11    1.0801    0.0000    0.0413     10    0.0077    9.0909
  181    9    0.1102      6    0.8852    0.0000    0.0211      6    0.0062    0.0000
  181   10    1.9376      5    0.6893   16.6667    0.0116      6    0.0039    0.0000
  181   11   -0.8504      2    1.4628    0.0000    0.0084      2    0.0065    0.0000
  181   12   -3.6888      3    0.9982    0.0000   -0.0190      3    0.0122    0.0000
  181   13   -1.4008      5    0.4409    0.0000   -0.0049      5    0.0126    0.0000
  181   14   -1.2214      5    1.5297    0.0000   -0.0034      5    0.0075    0.0000
  181   15   -1.1898      3    0.6803    0.0000    0.0097      3    0.0054    0.0000
  181   40   -0.0610      4    0.1241    0.0000    0.0014      4    0.0019    0.0000
  181   41    0.0100      5    0.4662    0.0000   -0.0009      5    0.0019    0.0000
  181   42    0.2511      4    0.3499    0.0000   -0.0033      4    0.0024    0.0000
  181   43   -0.0918      4    0.1611    0.0000    0.0005      4    0.0022    0.0000
  181   44   -0.4421      4    0.2102    0.0000   -0.0022      4    0.0016    0.0000
  181   45    0.2707      4    0.3562    0.0000    0.0018      4    0.0006    0.0000
  181   63   -0.4394      4    0.1662    0.0000    0.0009      4    0.0005    0.0000
  181   64   -0.7297      4    0.2709    0.0000    0.0006      4    0.0024    0.0000
  181   65   -0.4653      4    0.3365    0.0000   -0.0034      4    0.0009    0.0000
  182    9   -0.1323      8    0.3492    0.0000    0.0126      8    0.0079    0.0000
  182   10   -0.7572      9    0.9421    0.0000    0.0137      9    0.0095    0.0000
  182   11    0.3271      5    1.1287    0.0000    0.0038      5    0.0118    0.0000
  182   12   -1.6689      2    1.2986    0.0000    0.0147      2    0.0053    0.0000
  182   46    0.6629      4    0.4586    0.0000    0.0026      4    0.0020    0.0000
  182   47    0.2877      4    0.0932    0.0000    0.0005      4    0.0013    0.0000
  182   48    0.1554      4    0.2960    0.0000   -0.0004      4    0.0010    0.0000
  182   49    0.2488      4    0.2461    0.0000   -0.0011      4    0.0013    0.0000
  182   50    0.4612      4    0.4925    0.0000   -0.0022      4    0.0017    0.0000
  182   51    0.5915      2    0.0287    0.0000   -0.0034      2    0.0018    0.0000
  182   66   -0.1787      2    0.0520    0.0000   -0.0033      2    0.0000    0.0000
  182   67   -0.4502      4    0.0671    0.0000   -0.0011      4    0.0013    0.0000
  182   68   -0.9104      3    0.2137    0.0000    0.0005      3    0.0007    0.0000
  183    8   -0.5417      5    1.0220    0.0000    0.0216      5    0.0096    0.0000
  183    9    1.6488      3    1.1062    0.0000   -0.0021      3    0.0085    0.0000
  183   11   -2.3058      5    0.4654   16.6667    0.0103      6    0.0045    0.0000
  183   12   -0.4430      3    0.9331    0.0000    0.0207      3    0.0065    0.0000
  183   51    0.0643      2    0.4042    0.0000   -0.0045      2    0.0039    0.0000
  183   52    0.5157      4    0.3410    0.0000    0.0000      4    0.0017    0.0000
  183   53    0.6600      4    0.1835    0.0000    0.0000      4    0.0036    0.0000
  183   54    0.0820      4    0.0529    0.0000   -0.0013      4    0.0020    0.0000
  183   55    0.5125      3    0.2647    0.0000   -0.0028      3    0.0005    0.0000
  183   69   -0.6404      4    0.2231    0.0000   -0.0026      4    0.0017    0.0000
  183   70   -0.5915      2    0.0389    0.0000    0.0003      2    0.0008    0.0000
  184   12    0.2879      2    0.0866    0.0000    0.0288      2    0.0075    0.0000
  184   13    0.0729      5    0.5225    0.0000    0.0148      5    0.0070    0.0000
  184   14    1.1171      3    0.9002    0.0000    0.0240      3    0.0034    0.0000
  184   56   -0.0832      3    0.4190    0.0000   -0.0075      3    0.0005    0.0000
  184   57    0.3613      4    0.3098    0.0000   -0.0072      4    0.0027    0.0000
  184   58    0.3617      4    0.3606    0.0000   -0.0052      4    0.0032    0.0000
  184   59    0.2629      3    0.2009    0.0000   -0.0036      3    0.0010    0.0000
  184   71   -0.8105      4    0.3930    0.0000   -0.0017      4    0.0016    0.0000
  185    9   -0.7065      4    1.7815    0.0000    0.0165      4    0.0129    0.0000
  185   14   -0.8409      2    0.0746    0.0000    0.0223      2    0.0054    0.0000
  185   15   -1.5348      5    0.1533    0.0000    0.0202      5    0.0055    0.0000
  185   16   -0.9905      4    0.6352    0.0000    0.0082      4    0.0045    0.0000
  185   60    0.4743      4    0.2358    0.0000   -0.0068      4    0.0025    0.0000
  185   61    0.6923      4    0.1939    0.0000   -0.0053      4    0.0010    0.0000
  185   62    0.1351      2    0.0236    0.0000   -0.0047      2    0.0009    0.0000
  185   72   -0.9661      3    0.1725    0.0000   -0.0039      3    0.0007    0.0000
  185   73   -0.6824      2    0.0250    0.0000    0.0013      2    0.0032    0.0000
  186   10   -0.4340      5    1.2613    0.0000    0.0290      5    0.0100    0.0000
  186   11   -0.9400      4    0.7003    0.0000    0.0073      4    0.0034    0.0000
  186   17   -0.9662      5    0.4553    0.0000    0.0094      5    0.0042    0.0000
  186   18    0.1923      4    0.8411    0.0000    0.0118      4    0.0058    0.0000
  186   62   -0.0216      2    0.0520    0.0000   -0.0005      2    0.0014    0.0000
  186   63    0.3747      4    0.1453    0.0000   -0.0006      4    0.0029    0.0000
  186   64    0.3119      3    0.2775    0.0000   -0.0041      3    0.0023    0.0000
  186   73   -1.1582      2    0.0037    0.0000   -0.0022      2    0.0023    0.0000
  186   74   -0.5651      2    0.1766    0.0000   -0.0016      2    0.0006    0.0000
  187   11   -0.8574      2    0.4819    0.0000    0.0145      2    0.0022    0.0000
  187   12   -0.1153      5    1.7097    0.0000    0.0247      5    0.0041    0.0000
  187   13   -2.4523      3    1.1015    0.0000    0.0048      3    0.0171    0.0000
  187   19   -0.1636      5    0.6632    0.0000    0.0093      5    0.0053    0.0000
  187   20   -0.0356      5    0.6227    0.0000    0.0163      5    0.0054    0.0000
  187   65   -0.1042      4    0.2665    0.0000   -0.0069      4    0.0015    0.0000
  187   66    0.4801      2    0.3869    0.0000   -0.0066      2    0.0009    0.0000
  187   74   -0.6625      2    0.2433    0.0000    0.0006      2    0.0004    0.0000
  187   75   -0.4143      2    0.1692    0.0000    0.0028      2    0.0014    0.0000
  188   13   -1.9975      2    0.4571    0.0000   -0.0091      2    0.0009    0.0000
  188   14   -0.3361      5    0.5260    0.0000    0.0034      5    0.0054    0.0000
  188   15   -1.7312      3    1.7382    0.0000   -0.0059      3    0.0044    0.0000
  188   21   -0.2431      4    0.4581    0.0000    0.0124      4    0.0066    0.0000
  188   22   -0.2615      5    0.9570    0.0000    0.0119      5    0.0048    0.0000
  188   23    1.2869      2    1.0218    0.0000    0.0087      2    0.0024    0.0000
  188   66    0.5659      2    0.1736    0.0000   -0.0028      2    0.0010    0.0000
  188   67    0.4858      4    0.1842    0.0000   -0.0009      4    0.0023    0.0000
  188   75   -0.9249      2    0.1374    0.0000    0.0008      2    0.0001    0.0000
  189   15   -0.4019      3    1.6821    0.0000   -0.0126      3    0.0095    0.0000
  189   16   -1.7991      5    1.2781    0.0000    0.0080      5    0.0044    0.0000
  189   17    0.6753      3    0.6050    0.0000    0.0082      3    0.0045    0.0000
  189   23    0.6719      3    0.3205    0.0000    0.0149      3    0.0038    0.0000
  189   24    0.7793      4    0.4859    0.0000    0.0171      4    0.0060    0.0000
  189   25    0.0140      3    0.2941    0.0000    0.0195      3    0.0014    0.0000
  189   68    0.4298      4    0.2164    0.0000    0.0030      4    0.0007    0.0000
  189   69    0.3456      2    0.0392    0.0000   -0.0009      2    0.0008    0.0000
  189   76   -0.5287      3    0.1859    0.0000    0.0030      3    0.0009    0.0000
  190   17    0.2551      2    2.0952    0.0000    0.0036      2    0.0009    0.0000
  190   18    1.7877      5    0.9312    0.0000    0.0094      5    0.0096    0.0000
  190   19    0.7538      3    1.2440    0.0000    0.0022      3    0.0027    0.0000
  190   25    0.1042      2    0.2495    0.0000    0.0149      2    0.0017    0.0000
  190   26   -0.3028      5    0.5846    0.0000    0.0072      5    0.0036    0.0000
  190   27    0.6186      3    0.5450    0.0000    0.0067      3    0.0033    0.0000
  190   69    0.0108      2    0.1119    0.0000    0.0004      2    0.0000    0.0000
  190   70    0.1447      2    0.1016    0.0000   -0.0011      2    0.0007    0.0000
  190   77   -0.3789      2    0.1319    0.0000    0.0043      2    0.0015    0.0000
  191   19   -0.7659      2    0.0019    0.0000    0.0029      2    0.0036    0.0000
  191   20   -0.5118      5    1.4733    0.0000   -0.0004      5    0.0058    0.0000
  191   21    0.1757      3    0.9832    0.0000   -0.0065      3    0.0047    0.0000
  191   28    0.3776      5    0.4846    0.0000    0.0078      5    0.0022    0.0000
  191   29   -0.4985      4    0.1349    0.0000    0.0055      4    0.0036    0.0000
  191   70    0.2720      2    0.1324    0.0000   -0.0025      2    0.0022    0.0000
  191   71   -0.1190      3    0.5622    0.0000   -0.0009      3    0.0033    0.0000
  192   21    0.1931      2    0.2510    0.0000    0.0029      2    0.0013    0.0000
  192   22   -0.0788      4    0.9922    0.0000   -0.0021      4    0.0039    0.0000
  192   23   -0.1743      5    1.0293    0.0000    0.0007      5    0.0026    0.0000
  192   30    0.3978      4    0.3436    0.0000   -0.0035      4    0.0043    0.0000
  192   31   -0.0029      4    0.5831    0.0000    0.0016      4    0.0039    0.0000
  192   72    0.1969      2    0.0076    0.0000   -0.0001      2    0.0009    0.0000
  192   78   -0.8474      2    0.1841    0.0000    0.0048      2    0.0031    0.0000
  193   24    0.2415      5    0.6129    0.0000    0.0022      5    0.0045    0.0000
  193   25    0.0396      5    0.5433    0.0000   -0.0025      5    0.0052    0.0000
  193   32    0.0534      3    0.0416    0.0000    0.0015      3    0.0024    0.0000
  193   33   -0.6881      5    0.3266    0.0000    0.0007      5    0.0025    0.0000
  193   34   -0.7725      2    0.2911    0.0000    0.0006      2    0.0004    0.0000
  193   72    0.1271      2    0.2019    0.0000    0.0013      2    0.0024    0.0000
  193   73   -0.1438      2    0.2293    0.0000    0.0014      2    0.0001    0.0000
  193   78   -0.9579      2    0.0392    0.0000    0.0053      2    0.0011    0.0000
  194   26   -0.5033      4    0.8930    0.0000    0.0022      4    0.0030    0.0000
  194   27    0.2234      5    0.8202    0.0000    0.0058      5    0.0016    0.0000
  194   34   -0.2134      2    0.1011    0.0000    0.0011      2    0.0013    0.0000
  194   35   -0.4364      5    0.3189    0.0000    0.0091      5    0.0032    0.0000
  194   36   -0.2149      2    0.3877    0.0000    0.0112      2    0.0020    0.0000
  194   73    0.1468      2    0.4008    0.0000    0.0010      2    0.0009    0.0000
  194   79   -0.3879      2    0.0377    0.0000    0.0068      2    0.0002    0.0000
  195   12   -0.2136      2    0.5413    0.0000   -0.0009      2    0.0016    0.0000
  195   13    1.1944      5    1.5487    0.0000   -0.0016      5    0.0063    0.0000
  195   14   -0.2075      5    0.8993    0.0000    0.0116      5    0.0049    0.0000
  195   15    0.4452      4    0.4146    0.0000    0.0066      4    0.0016    0.0000
  195   16   -0.9937      5    0.7322    0.0000    0.0116      5    0.0060    0.0000
  195   17   -1.0481      4    0.5169    0.0000    0.0140      4    0.0025    0.0000
  195   18   -0.2449      5    1.0957    0.0000    0.0029      5    0.0108    0.0000
  195   19   -1.3209      5    1.0432    0.0000    0.0123      5    0.0049    0.0000
  195   28    0.4833      4    0.5819    0.0000    0.0076      4    0.0032    0.0000
  195   29   -1.0806      4    1.0107    0.0000    0.0034      4    0.0031    0.0000
  195   30   -1.3360      2    0.1712    0.0000    0.0003      2    0.0030    0.0000
  195   36   -0.0733      2    0.3462    0.0000    0.0104      2    0.0007    0.0000
  195   37   -0.2981      4    0.6054    0.0000    0.0090      4    0.0032    0.0000
  195   38   -0.3331      3    0.2593    0.0000    0.0082      3    0.0017    0.0000
  195   74    0.1329      2    0.1348    0.0000    0.0010      2    0.0024    0.0000
  196    9   -0.4673      6    0.4416    0.0000    0.0428      6    0.0166    0.0000
  196   11   -0.2263      5    1.0288    0.0000   -0.0085      5    0.0199    0.0000
  196   12    0.1232      7    1.2898    0.0000    0.0128      7    0.0265    0.0000
  196   20   -1.6333      4    0.5928    0.0000    0.0024      4    0.0023    0.0000
  196   21   -1.1496      5    0.6413    0.0000    0.0068      5    0.0043    0.0000
  196   22   -0.6233      4    1.2103    0.0000    0.0007      4    0.0062    0.0000
  196   23   -0.2385      4    0.4365    0.0000    0.0138      4    0.0068    0.0000
  196   24   -0.3045      5    0.4928    0.0000    0.0236      5    0.0033    0.0000
  196   25   -0.2065      4    0.2509    0.0000    0.0202      4    0.0015    0.0000
  196   26   -0.5968      5    0.4967    0.0000    0.0215      5    0.0022    0.0000
  196   27   -1.0184      4    0.3717    0.0000    0.0175      4    0.0024    0.0000
  196   28   -1.2283      4    0.3085    0.0000    0.0129      4    0.0013    0.0000
  196   29   -1.2489      5    0.5568    0.0000    0.0087      5    0.0017    0.0000
  196   30   -1.2822      7    0.6064    0.0000    0.0053      7    0.0045    0.0000
  196   31   -0.2702      4    0.9027    0.0000    0.0017      4    0.0027    0.0000
  196   32   -0.0017      3    0.5013    0.0000   -0.0047      3    0.0027    0.0000
  196   38   -0.2613      2    0.0316    0.0000    0.0028      2    0.0027    0.0000
  196   39    0.2223      4    0.2274    0.0000   -0.0014      4    0.0014    0.0000
  196   40    0.1764      2    0.1738    0.0000   -0.0044      2    0.0013    0.0000
  196   75    0.2027      2    0.1890    0.0000    0.0015      2    0.0027    0.0000
  197   10    0.1231      7    1.1682    0.0000    0.0312      7    0.0113    0.0000
  197   12   -0.2304      2    1.8212    0.0000    0.0226      2    0.0020    0.0000
  197   13    1.2187      5    0.7653    0.0000    0.0198      5    0.0074    0.0000
  197   31   -1.1257      4    0.2889    0.0000    0.0080      4    0.0009    0.0000
  197   32   -0.5165      6    0.5575    0.0000    0.0001      6    0.0084    0.0000
  197   33   -0.1435      7    0.2651   12.5000    0.0009      8    0.0021    0.0000
  197   34    0.5094      8    0.8292    0.0000    0.0005      8    0.0050    0.0000
  197   35   -0.4760      4    0.2957    0.0000    0.0102      4    0.0022    0.0000
  197   36   -0.6887      3    0.3468    0.0000    0.0084      3    0.0015    0.0000
  197   40    0.7319      2    0.0394    0.0000   -0.0054      2    0.0008    0.0000
  197   41    0.3962      4    0.2460    0.0000    0.0011      4    0.0015    0.0000
  197   42    0.2850      2    0.1542    0.0000    0.0032      2    0.0012    0.0000
  197   75    0.0982      2    0.0678    0.0000    0.0008      2    0.0008    0.0000
  198   11    0.3295      6    0.9125    0.0000   -0.0120      6    0.0155    0.0000
  198   14   -0.0785      5    2.8841    0.0000    0.0168      5    0.0088    0.0000
  198   15    0.0372      3    0.3582    0.0000    0.0189      3    0.0055    0.0000
  198   34    0.7877      2    0.6166    0.0000   -0.0026      2    0.0031    0.0000
  198   35    0.7726      4    0.6886    0.0000   -0.0008      4    0.0011    0.0000
  198   36    0.2311      4    0.5163    0.0000   -0.0011      4    0.0065    0.0000
  198   37   -0.1841      4    0.8157    0.0000    0.0067      4    0.0019    0.0000
  198   38   -0.6398      4    0.3293    0.0000   -0.0000      4    0.0034    0.0000
  198   39   -0.7463      4    0.3373    0.0000   -0.0024      4    0.0027    0.0000
  198   40   -0.8507      4    0.2140    0.0000   -0.0035      4    0.0018    0.0000
  198   41   -0.0837      2    0.3565    0.0000   -0.0040      2    0.0014    0.0000
  198   42    0.2792      3    0.5654    0.0000    0.0051      3    0.0007    0.0000
  198   43    0.5249      4    0.4212    0.0000    0.0025      4    0.0015    0.0000
  198   80   -0.2388      2    0.4661    0.0000    0.0017      2    0.0006    0.0000
  199   12   -1.1509      5    0.8053    0.0000   -0.0202      5    0.0117    0.0000
  199   13   -0.6842      2    0.2326    0.0000   -0.0094      2    0.0101    0.0000
  199   15    0.2085      3    0.7936    0.0000    0.0053      3    0.0083    0.0000
  199   16   -0.0911      5    1.0963    0.0000    0.0051      5    0.0057    0.0000
  199   36   -0.1132      2    0.3542    0.0000   -0.0007      2    0.0022    0.0000
  199   37    0.1055      4    1.0498    0.0000    0.0006      4    0.0013    0.0000
  199   38   -0.3748      2    0.3615    0.0000   -0.0060      2    0.0005    0.0000
  199   41   -0.5233      2    0.1599    0.0000   -0.0024      2    0.0001    0.0000
  199   42   -0.2341      4    0.6971    0.0000   -0.0047      4    0.0006    0.0000
  199   43    0.1083      5    0.3330    0.0000   -0.0023      5    0.0027    0.0000
  199   44    0.0533      8    0.2692    0.0000   -0.0013      8    0.0028    0.0000
  199   45    0.2088      3    0.4583    0.0000    0.0013      3    0.0009    0.0000
  199   76    0.1745      2    0.4428    0.0000    0.0019      2    0.0008    0.0000
  200   13   -1.6086      4    0.8103    0.0000    0.0027      4    0.0073    0.0000
  200   14    0.2578      4    1.0703    0.0000    0.0140      4    0.0054    0.0000
  200   17    0.3806      6    1.0919    0.0000    0.0077      6    0.0046    0.0000
  200   18    0.8187      2    0.7170    0.0000    0.0027      2    0.0044    0.0000
  200   38   -0.5413      2    0.8244    0.0000   -0.0029      2    0.0011    0.0000
  200   39   -0.9362      5    0.7953    0.0000   -0.0055      5    0.0037    0.0000
  200   45   -0.0680      6    0.3763    0.0000   -0.0010      6    0.0038    0.0000
  200   46   -0.2408      7    0.2203   12.5000   -0.0015      8    0.0037    0.0000
  200   47    0.2016      5    0.5006    0.0000   -0.0031      5    0.0022    0.0000
  201   10    0.8077      3    1.2089    0.0000   -0.0095      3    0.0089    0.0000
  201   11    0.7918      5    1.1257    0.0000    0.0084      5    0.0134    0.0000
  201   12    0.6841      5    0.6118    0.0000   -0.0010      5    0.0030    0.0000
  201   13    1.6985      5    1.6911    0.0000   -0.0019      5    0.0101    0.0000
  201   14    0.4795      6    1.0222    0.0000    0.0032      6    0.0118    0.0000
  201   15   -0.0366     10    0.7314    0.0000    0.0033     10    0.0105    0.0000
  201   16   -1.1251      5    0.3985    0.0000    0.0011      5    0.0043    0.0000
  201   17    0.0188      5    1.0339    0.0000    0.0072      5    0.0069    0.0000
  201   18    0.3258      6    0.5678   14.2857   -0.0009      7    0.0089    0.0000
  201   19    1.4282     10    1.0722    0.0000    0.0051     10    0.0115    0.0000
  201   40    0.2615      3    0.4824    0.0000    0.0044      3    0.0063    0.0000
  201   41   -0.0054      4    0.6594    0.0000    0.0051      4    0.0012    0.0000
  201   47    0.1786      3    0.1892    0.0000    0.0018      3    0.0013    0.0000
  201   48    0.5910      6    0.1428   14.2857   -0.0001      7    0.0045    0.0000
  201   49    0.0486      4    0.0853    0.0000   -0.0038      4    0.0026    0.0000
  201   50    0.1987      3    0.3461    0.0000   -0.0053      3    0.0023    0.0000
  201   77    0.5612      2    0.2189    0.0000    0.0005      2    0.0018    0.0000
  202   16   -1.0746      6    0.8887    0.0000   -0.0008      6    0.0059    0.0000
  202   20    0.7787      9    1.3524    0.0000    0.0022      9    0.0056    0.0000
  202   21    0.2538      5    1.3526    0.0000    0.0039      5    0.0036    0.0000
  202   22    0.9615      5    0.6235    0.0000    0.0016      5    0.0091    0.0000
  202   23    1.4144      4    0.9842    0.0000   -0.0102      4    0.0034    0.0000
  202   24    2.0773      5    0.6095    0.0000   -0.0052      5    0.0019    0.0000
  202   25    1.6531      4    1.0958    0.0000   -0.0105      4    0.0043    0.0000
  202   26    0.5871      2    0.6765    0.0000   -0.0103      2    0.0051    0.0000
  202   42   -0.4993      4    0.1268    0.0000   -0.0025      4    0.0024    0.0000
  202   43    0.6566      2    0.0488    0.0000   -0.0016      2    0.0022    0.0000
  202   49    0.4697      5    0.2338    0.0000    0.0031      5    0.0011    0.0000
  202   51   -0.2248      3    0.0982    0.0000   -0.0040      3    0.0022    0.0000
  202   52   -0.0674      4    0.1021    0.0000   -0.0046      4    0.0016    0.0000
  202   53    0.0530      3    0.1165    0.0000   -0.0059      3    0.0001    0.0000
  202   77    0.4627      2    0.2421    0.0000    0.0004      2    0.0006    0.0000
  203   15   -0.0961      4    1.1405    0.0000    0.0098      4    0.0090    0.0000
  203   16    1.3153      2    0.4165    0.0000   -0.0081      2    0.0057    0.0000
  203   17   -0.1835      6    0.4339    0.0000   -0.0146      6    0.0095    0.0000
  203   21   -0.9185      4    0.6685    0.0000    0.0072      4    0.0029    0.0000
  203   22   -0.7500      4    0.5852    0.0000    0.0146      4    0.0045    0.0000
  203   26    0.6393      3    0.2957    0.0000   -0.0105      3    0.0026    0.0000
  203   27    0.3821      4    0.5300    0.0000   -0.0015      4    0.0051    0.0000
  203   28    0.3367      5    1.0144    0.0000    0.0077      5    0.0041    0.0000
  203   29    0.8421      4    0.4185    0.0000    0.0019      4    0.0020    0.0000
  203   30    1.0138      4    0.4941    0.0000    0.0038      4    0.0020    0.0000
  203   43   -0.1177      2    0.4208    0.0000   -0.0055      2    0.0004    0.0000
  203   44   -0.4256      5    0.4290    0.0000   -0.0018      5    0.0018    0.0000
  203   50   -0.0505      4    0.4546    0.0000    0.0026      4    0.0040    0.0000
  203   54   -0.3824      4    0.2132    0.0000   -0.0064      4    0.0007    0.0000
  203   55    0.0358      3    0.2994    0.0000   -0.0079      3    0.0006    0.0000
  204    8    2.1552      4    1.1970    0.0000    0.0414      4    0.0094    0.0000
  204   16    1.0334      3    0.9453    0.0000   -0.0256      3    0.0096    0.0000
  204   17    1.1716      5    0.6288    0.0000   -0.0270      5    0.0066    0.0000
  204   18    0.0143      9    1.0166    0.0000   -0.0165      8    0.0034   11.1111
  204   19    0.5747      7    0.7278    0.0000   -0.0112      7    0.0078    0.0000
  204   20    0.2048      5    1.0204    0.0000   -0.0081      5    0.0049    0.0000
  204   21    0.1109      5    0.6396    0.0000   -0.0166      5    0.0030    0.0000
  204   22   -2.0562      2    1.0202    0.0000    0.0033      2    0.0030    0.0000
  204   23   -1.5662      5    1.0888    0.0000    0.0033      5    0.0026    0.0000
  204   31   -0.3511      5    0.2235    0.0000    0.0017      5    0.0019    0.0000
  204   32   -0.6724      4    0.2931    0.0000    0.0050      4    0.0034    0.0000
  204   33    0.0290      4    0.4774    0.0000    0.0080      4    0.0023    0.0000
  204   34   -0.7344      3    0.4485    0.0000   -0.0058      3    0.0035    0.0000
  204   45   -0.0583      4    0.3590    0.0000   -0.0058      4    0.0021    0.0000
  204   46   -0.6084      3    0.2788    0.0000   -0.0055      3    0.0030    0.0000
  204   51   -0.3084      3    0.4129    0.0000   -0.0021      3    0.0015    0.0000
  204   52   -0.1191      2    0.3461    0.0000   -0.0032      2    0.0003    0.0000
  204   56   -0.0754      4    0.5183    0.0000   -0.0060      4    0.0006    0.0000
  204   57   -0.1494      3    0.2261    0.0000   -0.0083      3    0.0013    0.0000
  204   78    0.4714      2    0.2187    0.0000    0.0019      2    0.0001    0.0000
  205    9    0.1342      6    0.9131    0.0000    0.0438      6    0.0068    0.0000
  205   19    0.8659      4    0.6490    0.0000   -0.0032      4    0.0026    0.0000
  205   20   -0.3123      3    0.3924    0.0000   -0.0117      3    0.0058    0.0000
  205   22   -0.6492      4    0.3760    0.0000   -0.0186      4    0.0033    0.0000
  205   23   -0.2894      5    0.7437    0.0000   -0.0161      5    0.0044    0.0000
  205   24   -0.5722     10    1.0961    0.0000   -0.0118      9    0.0053   10.0000
  205   25   -0.8653      7    0.9913    0.0000   -0.0090      7    0.0056    0.0000
  205   26    0.1731      2    0.1995    0.0000   -0.0068      2    0.0027    0.0000
  205   34   -0.1422      2    0.1356    0.0000   -0.0036      2    0.0003    0.0000
  205   35   -0.1450      4    0.0607    0.0000   -0.0022      4    0.0024    0.0000
  205   36   -0.6693      4    0.3265    0.0000   -0.0022      4    0.0020    0.0000
  205   37   -0.7060      3    0.5328    0.0000   -0.0002      3    0.0017    0.0000
  205   46   -0.6457      5    0.3613    0.0000    0.0000      5    0.0016    0.0000
  205   47   -0.3126      6    0.3897   14.2857   -0.0020      6    0.0010   14.2857
  205   52    0.3380      3    0.3900    0.0000   -0.0049      3    0.0019    0.0000
  205   53    0.1766      2    0.1026    0.0000   -0.0075      2    0.0021    0.0000
  205   58    0.0143      4    0.2311    0.0000   -0.0069      4    0.0013    0.0000
  205   59   -0.3802      3    0.4070    0.0000   -0.0047      3    0.0033    0.0000
  206   10    1.1100      7    1.5638    0.0000    0.0258      7    0.0044    0.0000
  206   20    1.4935      2    0.5312    0.0000   -0.0077      2    0.0062    0.0000
  206   21    0.8541      5    0.6809    0.0000    0.0080      5    0.0062    0.0000
  206   25   -0.0502      2    0.2427    0.0000   -0.0029      2    0.0049    0.0000
  206   26   -0.3674      8    0.6178    0.0000   -0.0043      8    0.0029    0.0000
  206   27   -0.0129      4    0.4802    0.0000   -0.0011      4    0.0049    0.0000
  206   28    0.1020      5    0.3285    0.0000   -0.0086      5    0.0061    0.0000
  206   29    0.4677      4    0.4623    0.0000   -0.0049      4    0.0029    0.0000
  206   37   -0.8035      2    0.4933    0.0000    0.0025      2    0.0014    0.0000
  206   38   -0.7830      4    0.4699    0.0000    0.0038      4    0.0011    0.0000
  206   39   -0.7122      4    0.4122    0.0000    0.0044      4    0.0011    0.0000
  206   40   -1.1290      2    0.0995    0.0000    0.0023      2    0.0029    0.0000
  206   47    0.1646      2    0.1177    0.0000    0.0059      2    0.0022    0.0000
  206   48   -0.2637      4    0.3627    0.0000    0.0058      4    0.0026    0.0000
  206   53    0.3860      2    0.0197    0.0000   -0.0054      2    0.0010    0.0000
  206   54    0.1267      3    0.1366    0.0000   -0.0037      3    0.0025    0.0000
  206   60   -0.3305      4    0.2439    0.0000   -0.0045      4    0.0018    0.0000
  207   11    2.0568      6    0.7971    0.0000    0.0155      6    0.0060    0.0000
  207   22   -0.2402      6    0.5905    0.0000    0.0042      6    0.0030    0.0000
  207   27    0.2842      6    0.7156    0.0000   -0.0072      6    0.0030    0.0000
  207   30    1.3562      5    0.3760    0.0000   -0.0043      5    0.0043    0.0000
  207   31    0.9490      4    0.7217    0.0000   -0.0003      4    0.0020    0.0000
  207   32    0.3836      5    0.3543    0.0000   -0.0034      5    0.0026    0.0000
  207   40   -0.0551      2    0.1107    0.0000    0.0011      2    0.0004    0.0000
  207   41   -0.5221      5    0.3698    0.0000   -0.0013      5    0.0020    0.0000
  207   42   -1.1129      4    0.4379    0.0000   -0.0070      4    0.0027    0.0000
  207   49   -0.0064      4    0.4812    0.0000    0.0036      4    0.0019    0.0000
  207   54    0.2473      2    0.3690    0.0000    0.0005      2    0.0006    0.0000
  207   55   -0.1457      2    0.1578    0.0000   -0.0010      2    0.0005    0.0000
  207   61   -0.5892      3    0.3803    0.0000   -0.0084      3    0.0025    0.0000
  207   62    0.0321      3    0.2498    0.0000   -0.0101      3    0.0010    0.0000
  208   12    0.4255      5    1.2147    0.0000    0.0261      5    0.0071    0.0000
  208   13    1.7483      2    1.1550    0.0000    0.0073      2    0.0106    0.0000
  208   23   -0.7066      5    1.0024    0.0000   -0.0038      5    0.0018    0.0000
  208   28    1.9298      4    0.5501    0.0000    0.0053      4    0.0023    0.0000
  208   29    0.9651      3    1.0173    0.0000    0.0038      3    0.0033    0.0000
  208   33   -0.1426      4    0.1777    0.0000   -0.0082      4    0.0021    0.0000
  208   34    0.2236      5    0.1752    0.0000   -0.0115      5    0.0011    0.0000
  208   35    0.1925      3    0.4036    0.0000   -0.0101      3    0.0015    0.0000
  208   43   -0.3150      4    0.4781    0.0000   -0.0035      4    0.0016    0.0000
  208   44   -0.3062      4    0.4821    0.0000   -0.0003      4    0.0019    0.0000
  208   45   -1.3190      2    0.2188    0.0000    0.0016      2    0.0000    0.0000
  208   50    0.3309      3    0.3958    0.0000   -0.0006      3    0.0009    0.0000
  208   51   -0.3168      2    0.2681    0.0000    0.0032      2    0.0018    0.0000
  208   55    0.0382      2    0.0723    0.0000   -0.0037      2    0.0001    0.0000
  208   56    0.3202      2    0.0813    0.0000   -0.0052      2    0.0032    0.0000
  208   63   -0.4935      4    0.2429    0.0000   -0.0099      4    0.0007    0.0000
  208   79    0.7016      2    0.0887    0.0000    0.0046      2    0.0001    0.0000
  209   13    1.1615      4    1.1044    0.0000   -0.0158      4    0.0213    0.0000
  209   14    2.6358      2    1.1859    0.0000   -0.0216      2    0.0009    0.0000
  209   24   -0.9517      5    0.9888    0.0000   -0.0128      5    0.0023    0.0000
  209   25   -1.5530      2    1.1454    0.0000   -0.0101      2    0.0011    0.0000
  209   29   -0.0252      2    1.2307    0.0000    0.0100      2    0.0106    0.0000
  209   30   -0.3786      4    1.2856    0.0000    0.0081      4    0.0037    0.0000
  209   36   -0.1107      5    0.5172    0.0000   -0.0051      5    0.0029    0.0000
  209   37    0.1807      4    0.3928    0.0000   -0.0037      4    0.0046    0.0000
  209   45   -0.5763      3    0.5072    0.0000   -0.0003      3    0.0003    0.0000
  209   46   -0.7806      4    0.3435    0.0000   -0.0020      4    0.0025    0.0000
  209   51   -0.5430      3    0.2525    0.0000   -0.0008      3    0.0021    0.0000
  209   52   -1.1132      2    0.1694    0.0000   -0.0043      2    0.0003    0.0000
  209   56   -0.2344      2    0.2907    0.0000   -0.0046      2    0.0016    0.0000
  209   57    0.0211      2    0.2295    0.0000   -0.0044      2    0.0026    0.0000
  209   64   -0.5874      3    0.0721    0.0000   -0.0095      3    0.0025    0.0000
  209   65   -0.4983      2    0.1551    0.0000   -0.0068      2    0.0012    0.0000
  210   14    1.5901      5    0.7704    0.0000   -0.0149      5    0.0069    0.0000
  210   15    2.1421      2    0.4931    0.0000   -0.0150      2    0.0057    0.0000
  210   18    0.9827      5    3.3945    0.0000   -0.0303      5    0.0061    0.0000
  210   19    2.5080      3    0.6364    0.0000   -0.0179      3    0.0022    0.0000
  210   25    0.0838      3    0.4927    0.0000   -0.0159      3    0.0005    0.0000
  210   26    1.0883      3    0.1226    0.0000   -0.0104      3    0.0032    0.0000
  210   31    0.4672      5    0.3632    0.0000   -0.0010      5    0.0022    0.0000
  210   38    0.4379      3    0.2687    0.0000    0.0030      3    0.0006    0.0000
  210   39    0.3460      5    0.7099    0.0000    0.0002      5    0.0049    0.0000
  210   40    0.5274      2    0.2670    0.0000   -0.0038      2    0.0019    0.0000
  210   47   -0.0535      3    0.2166    0.0000   -0.0025      3    0.0029    0.0000
  210   48   -0.9102      4    0.2527    0.0000   -0.0091      4    0.0014    0.0000
  210   52    0.2802      2    0.0549    0.0000    0.0016      2    0.0039    0.0000
  210   53   -0.3896      2    0.5397    0.0000   -0.0026      2    0.0040    0.0000
  210   57    0.1438      3    0.1032    0.0000   -0.0037      3    0.0032    0.0000
  210   65   -0.7231      2    0.0216    0.0000   -0.0066      2    0.0011    0.0000
  210   66   -0.2712      3    0.3711    0.0000   -0.0037      3    0.0001    0.0000
  211   15    0.4346      8    0.9413    0.0000   -0.0146      8    0.0149    0.0000
  211   16    0.1347      8    1.4211    0.0000   -0.0196      8    0.0080    0.0000
  211   17    0.1486      3    0.5952    0.0000   -0.0232      3    0.0071    0.0000
  211   19    2.8382      2    0.2266    0.0000   -0.0094      2    0.0077    0.0000
  211   20    1.9062      4    1.3089    0.0000   -0.0098      4    0.0122    0.0000
  211   21    0.7950      5    0.9415    0.0000   -0.0232      5    0.0047    0.0000
  211   22    1.1961      2    0.8644    0.0000   -0.0180      2    0.0005    0.0000
  211   26   -0.6602      3    0.4999    0.0000   -0.0050      3    0.0020    0.0000
  211   27    0.7130      4    0.4805    0.0000   -0.0137      4    0.0046    0.0000
  211   32    0.4399      4    0.7848    0.0000   -0.0058      4    0.0017    0.0000
  211   33    0.5373      2    1.3614    0.0000    0.0067      2    0.0019    0.0000
  211   40    0.1126      2    0.2234    0.0000   -0.0048      2    0.0004    0.0000
  211   41    0.2000      4    0.5258    0.0000   -0.0058      4    0.0013    0.0000
  211   42    0.0490      3    0.3020    0.0000   -0.0025      3    0.0011    0.0000
  211   49   -0.4748      3    0.1538    0.0000   -0.0087      3    0.0014    0.0000
  211   50   -0.3994      4    0.2014    0.0000   -0.0075      4    0.0012    0.0000
  211   53   -0.3836      3    0.1657    0.0000   -0.0042      3    0.0022    0.0000
  211   54   -0.1114      2    0.2399    0.0000   -0.0026      2    0.0023    0.0000
  211   58   -0.0190      4    0.0430    0.0000   -0.0004      4    0.0017    0.0000
  211   67   -0.5841      3    0.1636    0.0000   -0.0031      3    0.0003    0.0000
  212   16   -0.7229      3    0.4903    0.0000   -0.0208      3    0.0047    0.0000
  212   17    0.1016      5    0.9058    0.0000   -0.0213      5    0.0072    0.0000
  212   18    1.3265      5    0.8045    0.0000   -0.0258      5    0.0042    0.0000
  212   19    0.4409      4    0.6639    0.0000   -0.0313      4    0.0050    0.0000
  212   20    1.3543      2    1.8383    0.0000   -0.0390      2    0.0011    0.0000
  212   22   -1.7244      3    0.5375    0.0000   -0.0213      3    0.0024    0.0000
  212   23    1.7163      5    1.4874    0.0000   -0.0243      5    0.0072    0.0000
  212   24   -0.5026      3    1.4330    0.0000   -0.0092      3    0.0068    0.0000
  212   28    0.7185      5    0.2665    0.0000   -0.0017      5    0.0022    0.0000
  212   33   -0.4407      3    0.4096    0.0000    0.0031      3    0.0046    0.0000
  212   34   -0.6974      3    0.5895    0.0000    0.0044      3    0.0018    0.0000
  212   42    0.2119      2    0.0566    0.0000   -0.0065      2    0.0027    0.0000
  212   43   -0.5559      4    0.4275    0.0000   -0.0004      4    0.0035    0.0000
  212   44   -0.0181      2    0.4678    0.0000   -0.0039      2    0.0004    0.0000
  212   51   -0.2872      4    0.2351    0.0000   -0.0035      4    0.0012    0.0000
  212   52   -0.7117      3    0.4444    0.0000   -0.0047      3    0.0022    0.0000
  212   54   -0.5501      2    0.2079    0.0000    0.0006      2    0.0016    0.0000
  212   55   -0.3874      2    0.3139    0.0000   -0.0031      2    0.0007    0.0000
  212   59   -0.4161      2    0.1143    0.0000   -0.0013      2    0.0031    0.0000
  212   68   -0.4448      4    0.3275    0.0000   -0.0034      4    0.0023    0.0000
  213   17    0.9350      2    0.2867    0.0000   -0.0129      2    0.0023    0.0000
  213   18    0.0319      5    0.7446    0.0000   -0.0288      5    0.0062    0.0000
  213   20   -0.7842      3    2.0327    0.0000   -0.0256      3    0.0057    0.0000
  213   21    0.7980      5    1.4111    0.0000   -0.0104      5    0.0094    0.0000
  213   22   -0.1063      4    0.6112    0.0000   -0.0151      4    0.0054    0.0000
  213   25   -0.1185      5    0.8020    0.0000   -0.0097      5    0.0036    0.0000
  213   26    0.0183      4    1.1571    0.0000   -0.0186      4    0.0038    0.0000
  213   29    0.2160      5    0.2293    0.0000   -0.0045      5    0.0036    0.0000
  213   34   -0.8486      2    1.1531    0.0000    0.0109      2    0.0044    0.0000
  213   35   -0.0014      4    0.8840    0.0000    0.0121      4    0.0032    0.0000
  213   44   -0.1722      2    0.2569    0.0000   -0.0018      2    0.0006    0.0000
  213   45    0.2017      5    0.2561    0.0000   -0.0017      5    0.0028    0.0000
  213   53   -0.4462      4    0.4397    0.0000   -0.0015      4    0.0030    0.0000
  213   55   -0.4797      3    0.3634    0.0000   -0.0065      3    0.0007    0.0000
  213   59   -0.8218      2    0.4414    0.0000   -0.0008      2    0.0006    0.0000
  213   60   -0.4335      2    0.0526    0.0000   -0.0038      2    0.0008    0.0000
  213   69   -0.4493      4    0.2096    0.0000   -0.0078      4    0.0016    0.0000
  214   19    0.8373      5    0.4690    0.0000   -0.0370      5    0.0083    0.0000
  214   23    1.2156      5    0.8712    0.0000   -0.0204      5    0.0025    0.0000
  214   24    0.9080      5    0.7534    0.0000   -0.0181      5    0.0058    0.0000
  214   27    0.3443      5    1.1010    0.0000   -0.0251      5    0.0062    0.0000
  214   28    0.5531      4    1.0783    0.0000   -0.0112      4    0.0042    0.0000
  214   30   -0.0033      6    0.5011    0.0000   -0.0022      6    0.0031    0.0000
  214   36   -0.1312      5    0.4541    0.0000    0.0129      5    0.0016    0.0000
  214   46   -0.3568      3    0.3153    0.0000   -0.0016      3    0.0013    0.0000
  214   47   -0.0131      4    0.4913    0.0000   -0.0034      4    0.0025    0.0000
  214   54   -0.2488      3    0.2922    0.0000    0.0046      3    0.0016    0.0000
  214   55   -0.1744      3    0.3514    0.0000    0.0005      3    0.0013    0.0000
  214   56   -0.5635      4    0.2975    0.0000   -0.0043      4    0.0018    0.0000
  214   60   -0.6273      3    0.5397    0.0000   -0.0075      3    0.0007    0.0000
  214   70   -0.5284      3    0.2768    0.0000   -0.0052      3    0.0012    0.0000
  215   20    1.6321      6    1.3927    0.0000   -0.0220      6    0.0045    0.0000
  215   25    1.3986      5    1.3588    0.0000   -0.0164      5    0.0077    0.0000
  215   26    1.0556      4    0.6773    0.0000   -0.0109      4    0.0033    0.0000
  215   29   -1.0031      4    0.6895    0.0000   -0.0192      4    0.0013    0.0000
  215   30   -0.0613      4    0.7445    0.0000   -0.0183      4    0.0019    0.0000
  215   31   -0.2723      5    0.6231    0.0000   -0.0037      5    0.0028    0.0000
  215   37   -1.2787      5    0.7168    0.0000   -0.0017      5    0.0055    0.0000
  215   48    0.0152      5    0.1594    0.0000   -0.0028      5    0.0009    0.0000
  215   49   -0.5331      2    0.0808    0.0000   -0.0023      2    0.0000    0.0000
  215   56   -0.3013      5    0.3654    0.0000    0.0010      5    0.0023    0.0000
  215   57   -0.3481      4    0.3618    0.0000   -0.0061      4    0.0030    0.0000
  215   61   -0.1335      3    0.1264    0.0000   -0.0067      3    0.0035    0.0000
  215   71   -0.4134      2    0.0249    0.0000   -0.0058      2    0.0016    0.0000
  216   21    0.9752      6    0.8694    0.0000   -0.0141      6    0.0077    0.0000
  216   27    0.6623      4    0.7819    0.0000   -0.0091      4    0.0043    0.0000
  216   28    1.6900      5    0.9295    0.0000   -0.0018      5    0.0022    0.0000
  216   31   -0.2304      4    0.5815    0.0000   -0.0096      4    0.0016    0.0000
  216   32   -0.3702      8    0.8796    0.0000   -0.0126      7    0.0027   12.5000
  216   38   -0.3066      5    0.5886    0.0000    0.0006      5    0.0033    0.0000
  216   49    0.2694      2    0.0186    0.0000   -0.0005      2    0.0005    0.0000
  216   50   -0.0712      4    0.4114    0.0000   -0.0027      4    0.0012    0.0000
  216   57   -0.2419      5    0.4815    0.0000   -0.0028      5    0.0016    0.0000
  216   58   -0.4165      3    0.3434    0.0000   -0.0059      3    0.0007    0.0000
  216   61   -0.2113      2    0.1047    0.0000   -0.0010      2    0.0029    0.0000
  216   71   -0.3278      3    0.1677    0.0000   -0.0045      3    0.0005    0.0000
  217   22    0.3336      5    0.3687    0.0000   -0.0203      5    0.0056    0.0000
  217   29   -0.3354      5    0.6119    0.0000   -0.0025      5    0.0066    0.0000
  217   30    0.3659      4    0.9057    0.0000   -0.0064      4    0.0113    0.0000
  217   32    0.5788      2    0.7239    0.0000   -0.0168      2    0.0089    0.0000
  217   33   -0.1943     10    0.9030    0.0000   -0.0095     10    0.0055    0.0000
  217   39   -0.0728      4    0.5136    0.0000   -0.0003      4    0.0067    0.0000
  217   51    0.1480      5    0.3631    0.0000   -0.0007      5    0.0026    0.0000
  217   58   -0.6234      6    0.3379    0.0000   -0.0064      6    0.0014    0.0000
  217   59   -0.3199      2    0.2523    0.0000   -0.0056      2    0.0011    0.0000
  217   62   -0.6905      3    0.4241    0.0000   -0.0018      3    0.0021    0.0000
  217   72   -0.4720      3    0.1104    0.0000   -0.0062      3    0.0008    0.0000
  218   12   -1.6982      3    1.0800    0.0000   -0.0035      3    0.0053    0.0000
  218   23    0.6416      5    0.7559    0.0000   -0.0148      5    0.0025    0.0000
  218   31    1.0058      5    0.9766    0.0000   -0.0023      5    0.0050    0.0000
  218   32   -0.2195      2    0.0841    0.0000   -0.0056      2    0.0009    0.0000
  218   34   -0.2621      8    0.5926    0.0000   -0.0061      8    0.0037    0.0000
  218   35   -0.1383      4    0.7794    0.0000   -0.0062      4    0.0029    0.0000
  218   40   -0.2225      4    0.7616    0.0000    0.0038      4    0.0033    0.0000
  218   52   -0.1809      3    0.2100    0.0000    0.0024      3    0.0007    0.0000
  218   53    0.1130      3    0.2492    0.0000    0.0012      3    0.0036    0.0000
  218   59   -0.2957      5    0.4047    0.0000   -0.0074      5    0.0023    0.0000
  218   60   -0.3013      3    0.0849    0.0000   -0.0019      3    0.0015    0.0000
  218   62   -0.3810      2    0.1623    0.0000    0.0005      2    0.0004    0.0000
  218   73   -0.2314      2    0.1059    0.0000   -0.0062      2    0.0001    0.0000
  219   12    0.6401      4    1.4301    0.0000    0.0124      4    0.0112    0.0000
  219   13   -0.4169      2    0.9318    0.0000    0.0307      2    0.0030    0.0000
  219   24    1.5456      5    0.7230    0.0000   -0.0167      5    0.0008    0.0000
  219   32    0.6117      2    0.1776    0.0000   -0.0058      2    0.0014    0.0000
  219   33    0.5378      5    0.8325    0.0000    0.0014      5    0.0021    0.0000
  219   35   -0.5278      7    0.5370    0.0000   -0.0007      6    0.0011   14.2857
  219   36    0.1852      4    0.9778    0.0000   -0.0100      4    0.0050    0.0000
  219   37   -0.4043      2    0.2087    0.0000   -0.0075      2    0.0014    0.0000
  219   41   -1.4038      4    0.3581    0.0000   -0.0007      4    0.0009    0.0000
  219   54    0.3289      4    0.2731    0.0000    0.0029      4    0.0019    0.0000
  219   59    0.4374      2    0.3456    0.0000   -0.0060      2    0.0023    0.0000
  219   60   -0.8199      2    0.1428    0.0000   -0.0016      2    0.0014    0.0000
  219   61   -0.8359      3    0.2315    0.0000    0.0039      3    0.0012    0.0000
  219   63   -0.5016      2    0.1702    0.0000    0.0018      2    0.0015    0.0000
  219   73   -0.0837      2    0.1479    0.0000   -0.0043      2    0.0013    0.0000
  220   13   -1.5498      5    1.9761    0.0000    0.0228      5    0.0049    0.0000
  220   25    1.3807      4    1.0001    0.0000   -0.0059      4    0.0048    0.0000
  220   26    0.5873      2    0.2959    0.0000   -0.0033      2    0.0010    0.0000
  220   34    0.6288      5    1.6355    0.0000    0.0054      5    0.0051    0.0000
  220   35    0.5668      3    0.5745    0.0000    0.0081      3    0.0027    0.0000
  220   36   -1.0846      5    0.3642    0.0000   -0.0043      5    0.0044    0.0000
  220   37   -1.1570      3    1.1287    0.0000   -0.0074      3    0.0012    0.0000
  220   38   -1.0544      3    0.6803    0.0000   -0.0105      3    0.0022    0.0000
  220   42   -0.4268      5    0.7406    0.0000    0.0042      5    0.0017    0.0000
  220   55    0.1626      4    0.4246    0.0000    0.0057      4    0.0010    0.0000
  220   60   -0.8306      3    0.1751    0.0000   -0.0074      3    0.0016    0.0000
  220   61   -0.3644      2    0.0525    0.0000    0.0007      2    0.0019    0.0000
  220   62   -0.8390      2    0.0458    0.0000   -0.0003      2    0.0016    0.0000
  220   63   -0.7763      2    0.3045    0.0000   -0.0007      2    0.0037    0.0000
  220   74   -0.0397      3    0.0795    0.0000   -0.0036      3    0.0025    0.0000
  221   14   -1.7019     11    1.3161    0.0000   -0.0177     10    0.0083    9.0909
  221   15   -3.7648      2    0.4882    0.0000   -0.0281      2    0.0005    0.0000
  221   26    0.5368      4    0.6428    0.0000   -0.0079      4    0.0051    0.0000
  221   27    1.6348      2    0.7577    0.0000   -0.0107      2    0.0023    0.0000
  221   35   -0.8579      2    0.1789    0.0000    0.0065      2    0.0007    0.0000
  221   36   -1.1268      5    0.5980    0.0000   -0.0003      5    0.0037    0.0000
  221   37   -1.4223      4    0.6823    0.0000   -0.0017      4    0.0025    0.0000
  221   38   -0.5834      2    0.7064    0.0000   -0.0020      2    0.0014    0.0000
  221   39   -0.3836      4    1.0472    0.0000   -0.0043      4    0.0018    0.0000
  221   43   -0.3022      4    0.3656    0.0000    0.0015      4    0.0016    0.0000
  221   56    0.2738      4    0.3610    0.0000    0.0018      4    0.0014    0.0000
  221   61   -0.6391      2    0.1472    0.0000   -0.0028      2    0.0005    0.0000
  221   62   -1.4763      2    0.1159    0.0000   -0.0033      2    0.0010    0.0000
  221   63   -0.5907      2    0.1726    0.0000   -0.0024      2    0.0009    0.0000
  221   64   -0.1770      2    0.1135    0.0000   -0.0020      2    0.0005    0.0000
  222   14   -0.3117      3    1.6455    0.0000   -0.0270      3    0.0020    0.0000
  222   15   -0.0204     13    1.4068    7.1429   -0.0198     13    0.0062    7.1429
  222   16   -1.7385      5    1.2998    0.0000   -0.0231      5    0.0091    0.0000
  222   27    0.4290      4    0.8145    0.0000   -0.0151      4    0.0016    0.0000
  222   37   -0.7662      6    0.6614    0.0000    0.0016      6    0.0047    0.0000
  222   38   -0.7557      5    0.3211    0.0000    0.0018      5    0.0047    0.0000
  222   40    0.2075      4    0.4086    0.0000   -0.0047      4    0.0023    0.0000
  222   44   -0.2293      3    0.4096    0.0000    0.0058      3    0.0016    0.0000
  222   57    0.3563      4    0.4719    0.0000    0.0016      4    0.0028    0.0000
  222   61   -0.4123      2    0.2128    0.0000   -0.0043      2    0.0005    0.0000
  222   63   -1.1159      2    0.3946    0.0000   -0.0016      2    0.0011    0.0000
  222   64   -0.4158      4    0.2903    0.0000   -0.0022      4    0.0030    0.0000
  222   75   -0.4705      2    0.1297    0.0000   -0.0017      2    0.0003    0.0000
  223   16   -1.7689     10    1.0492    0.0000   -0.0197     10    0.0083    0.0000
  223   17   -0.7903     10    0.9866    0.0000   -0.0307      9    0.0085   10.0000
  223   18    0.0201      2    1.1073    0.0000   -0.0221      2    0.0008    0.0000
  223   28    1.4759      4    0.2573    0.0000   -0.0124      4    0.0026    0.0000
  223   29    0.3019      2    0.0121    0.0000   -0.0136      2    0.0001    0.0000
  223   38   -0.5459      6    0.9017    0.0000    0.0001      5    0.0018   16.6667
  223   39   -0.4316      5    0.8916    0.0000    0.0014      5    0.0039    0.0000
  223   41   -0.5801      3    0.7614    0.0000    0.0021      3    0.0028    0.0000
  223   42    0.0448      3    0.1709    0.0000    0.0028      3    0.0040    0.0000
  223   44   -0.2255      2    0.5137    0.0000    0.0068      2    0.0002    0.0000
  223   45   -0.3003      2    0.1623    0.0000    0.0043      2    0.0022    0.0000
  223   58    0.0626      4    0.2886    0.0000    0.0056      4    0.0014    0.0000
  223   62   -0.2816      2    0.0122    0.0000    0.0016      2    0.0021    0.0000
  223   64   -0.6797      4    0.3879    0.0000    0.0005      4    0.0035    0.0000
  224   17   -0.2230      7    1.9020    0.0000   -0.0264      7    0.0074    0.0000
  224   18   -0.6001      8    0.9627    0.0000   -0.0268      8    0.0057    0.0000
  224   19   -1.1372      6    1.8950    0.0000   -0.0275      6    0.0047    0.0000
  224   29    0.0390      4    0.4937    0.0000   -0.0067      4    0.0023    0.0000
  224   39   -0.7050      5    0.7425    0.0000   -0.0008      5    0.0026    0.0000
  224   40   -0.2636      5    0.5649    0.0000   -0.0006      5    0.0065    0.0000
  224   42   -0.3022      2    1.0255    0.0000   -0.0019      2    0.0016    0.0000
  224   43   -0.0388      3    0.3950    0.0000    0.0029      3    0.0014    0.0000
  224   45   -0.2510      4    0.1356    0.0000    0.0036      4    0.0019    0.0000
  224   59    0.0562      4    0.3382    0.0000    0.0038      4    0.0011    0.0000
  224   62   -0.5615      2    0.1221    0.0000   -0.0019      2    0.0000    0.0000
  224   65   -0.4779      5    0.3934    0.0000    0.0002      5    0.0014    0.0000
  224   76   -0.2412      2    0.1204    0.0000   -0.0020      2    0.0028    0.0000
  225   17    1.3157      2    0.1977    0.0000   -0.0052      2    0.0023    0.0000
  225   18   -0.7665      4    0.4857    0.0000   -0.0034      4    0.0128    0.0000
  225   19    0.4891      4    1.7241    0.0000   -0.0251      4    0.0051    0.0000
  225   20   -0.5832      9    1.4698    0.0000   -0.0257      8    0.0053   11.1111
  225   21   -0.4274      2    0.1283    0.0000   -0.0195      2    0.0034    0.0000
  225   30    1.1781      5    0.3638    0.0000   -0.0031      5    0.0040    0.0000
  225   40   -0.4527      5    0.4322    0.0000   -0.0059      5    0.0044    0.0000
  225   41   -0.1210      5    1.0572    0.0000    0.0057      5    0.0012    0.0000
  225   43   -0.2438      2    0.5400    0.0000    0.0058      2    0.0001    0.0000
  225   44   -0.6213      4    0.3105    0.0000    0.0015      4    0.0024    0.0000
  225   46   -0.3624      4    0.4621    0.0000    0.0032      4    0.0030    0.0000
  225   60   -0.1864      4    0.1474    0.0000    0.0067      4    0.0018    0.0000
  225   62   -0.4028      2    0.0012    0.0000    0.0005      2    0.0006    0.0000
  225   65   -0.5167      3    0.1760    0.0000    0.0000      3    0.0011    0.0000
  225   66   -0.5942      3    0.3395    0.0000    0.0029      3    0.0016    0.0000
  226   16    0.2108      4    0.6335    0.0000   -0.0057      4    0.0113    0.0000
  226   17    0.6430      4    0.9767    0.0000   -0.0204      4    0.0036    0.0000
  226   18    0.1529      3    0.4900    0.0000   -0.0117      3    0.0013    0.0000
  226   19   -2.1538      2    0.0202    0.0000   -0.0118      2    0.0020    0.0000
  226   21    0.0496     10    1.0639    0.0000   -0.0161      9    0.0049   10.0000
  226   22    0.2055      3    0.1852    0.0000   -0.0242      3    0.0037    0.0000
  226   31    0.6935      5    0.3280    0.0000   -0.0033      5    0.0030    0.0000
  226   41   -0.1540      4    0.2910    0.0000   -0.0043      4    0.0015    0.0000
  226   42   -0.6840      5    0.5946    0.0000    0.0019      5    0.0030    0.0000
  226   45   -0.6227      4    0.3723    0.0000    0.0052      4    0.0026    0.0000
  226   47    0.1206      3    0.5548    0.0000    0.0072      3    0.0013    0.0000
  226   61   -0.2822      3    0.4340    0.0000    0.0054      3    0.0021    0.0000
  226   63   -0.8154      2    0.0880    0.0000    0.0021      2    0.0014    0.0000
  226   66   -0.4325      2    0.6405    0.0000    0.0018      2    0.0010    0.0000
  226   67   -0.8637      2    0.1018    0.0000    0.0023      2    0.0006    0.0000
  226   77   -0.2017      2    0.2515    0.0000   -0.0023      2    0.0000    0.0000
  227   18    0.2418      5    1.4365    0.0000   -0.0225      5    0.0040    0.0000
  227   19   -0.4465      6    0.3984   14.2857   -0.0141      6    0.0035   14.2857
  227   22   -0.0966      7    0.5689    0.0000   -0.0208      7    0.0044    0.0000
  227   23   -0.5401      6    0.6647    0.0000   -0.0191      6    0.0046    0.0000
  227   32    0.6559      5    0.3529    0.0000   -0.0057      5    0.0012    0.0000
  227   41    0.4192      2    0.3508    0.0000    0.0024      2    0.0010    0.0000
  227   42   -0.9894      2    0.1050    0.0000   -0.0001      2    0.0031    0.0000
  227   43   -0.3690      4    0.6097    0.0000    0.0007      4    0.0033    0.0000
  227   46   -0.9171      4    0.3883    0.0000    0.0074      4    0.0017    0.0000
  227   47   -0.0002      3    0.3959    0.0000    0.0131      3    0.0015    0.0000
  227   62   -0.8320      2    0.2591    0.0000    0.0076      2    0.0004    0.0000
  227   63   -0.5576      2    0.1366    0.0000   -0.0011      2    0.0018    0.0000
  227   66   -0.3876      2    0.0260    0.0000    0.0001      2    0.0005    0.0000
  227   67   -0.7728      2    0.5121    0.0000   -0.0010      2    0.0038    0.0000
  227   77   -0.3489      2    0.2556    0.0000   -0.0058      2    0.0007    0.0000
  228   19   -0.6401      3    0.8245    0.0000   -0.0135      3    0.0076    0.0000
  228   20   -0.4744      9    1.4012    0.0000   -0.0094      8    0.0046   11.1111
  228   23    0.1074      4    1.0990    0.0000   -0.0173      4    0.0037    0.0000
  228   24    0.0826      9    0.6126    0.0000   -0.0136      9    0.0044    0.0000
  228   33    1.0890      4    0.6904    0.0000    0.0030      4    0.0025    0.0000
  228   42   -0.8634      4    0.5235    0.0000    0.0019      4    0.0021    0.0000
  228   44    0.6573      4    0.1359    0.0000    0.0024      4    0.0020    0.0000
  228   47   -0.8254      4    0.8151    0.0000    0.0096      4    0.0014    0.0000
  228   48   -0.3801      3    0.3201    0.0000    0.0106      3    0.0013    0.0000
  228   62   -0.3545      3    0.1433    0.0000    0.0071      3    0.0010    0.0000
  228   64   -0.1246      2    0.1959    0.0000    0.0017      2    0.0013    0.0000
  228   66   -0.2743      2    0.1258    0.0000    0.0003      2    0.0014    0.0000
  228   68   -0.4851      2    0.0451    0.0000    0.0003      2    0.0005    0.0000
  229   20   -0.5549      2    0.2632    0.0000   -0.0166      2    0.0025    0.0000
  229   21   -1.7489     10    1.1679    9.0909   -0.0172     10    0.0025    9.0909
  229   24    0.9977      2    0.1057    0.0000   -0.0141      2    0.0004    0.0000
  229   25    0.1460      9    1.1877    0.0000   -0.0036      9    0.0060    0.0000
  229   33   -0.5071      2    0.2529    0.0000    0.0044      2    0.0002    0.0000
  229   34    0.8802      3    0.2852    0.0000    0.0054      3    0.0024    0.0000
  229   43   -0.9000      4    0.1680    0.0000    0.0004      4    0.0008    0.0000
  229   45    0.6028      4    0.2995    0.0000    0.0075      4    0.0012    0.0000
  229   48    0.1248      5    0.4197    0.0000    0.0077      5    0.0023    0.0000
  229   49   -0.5977      3    0.4560    0.0000    0.0074      3    0.0049    0.0000
  229   63   -0.4363      3    0.2137    0.0000    0.0085      3    0.0022    0.0000
  229   64   -0.3721      2    0.0154    0.0000    0.0028      2    0.0001    0.0000
  229   68   -0.4946      2    0.3120    0.0000    0.0022      2    0.0018    0.0000
  230   22   -1.7541      8    0.5195   11.1111   -0.0161      9    0.0089    0.0000
  230   23    0.0155      2    0.3854    0.0000   -0.0236      2    0.0001    0.0000
  230   26   -0.2790      8    0.6419   11.1111   -0.0180      9    0.0028    0.0000
  230   27   -0.1069      3    0.3005    0.0000   -0.0171      3    0.0043    0.0000
  230   34    0.3231      3    0.2831    0.0000    0.0098      3    0.0008    0.0000
  230   35    1.2566      2    0.2619    0.0000    0.0069      2    0.0004    0.0000
  230   43   -0.9872      2    0.2012    0.0000   -0.0007      2    0.0019    0.0000
  230   46    0.3816      4    0.5575    0.0000    0.0070      4    0.0015    0.0000
  230   49   -0.4671      6    0.5290    0.0000    0.0063      6    0.0030    0.0000
  230   64   -0.1546      5    0.2755    0.0000    0.0037      5    0.0034    0.0000
  230   67   -0.2413      2    0.0604    0.0000   -0.0008      2    0.0014    0.0000
  230   69   -0.5160      2    0.2639    0.0000    0.0029      2    0.0006    0.0000
  230   78   -0.0312      2    0.2146    0.0000   -0.0050      2    0.0006    0.0000
  231   22    0.1860      3    0.7408    0.0000   -0.0078      3    0.0033    0.0000
  231   23   -0.3550      6    1.1269    0.0000   -0.0175      6    0.0060    0.0000
  231   24    0.6749      3    0.8001    0.0000   -0.0073      3    0.0024    0.0000
  231   27   -0.9634      8    0.8674    0.0000   -0.0121      8    0.0072    0.0000
  231   28    0.2039      4    1.2871    0.0000   -0.0157      4    0.0047    0.0000
  231   35    0.1395      4    0.7569    0.0000    0.0072      4    0.0036    0.0000
  231   44   -0.0547      4    0.3459    0.0000   -0.0025      4    0.0016    0.0000
  231   47    0.0386      5    0.6242    0.0000    0.0053      5    0.0017    0.0000
  231   49   -0.3492      2    0.1450    0.0000    0.0080      2    0.0019    0.0000
  231   50   -0.2308      5    0.4693    0.0000    0.0065      5    0.0023    0.0000
  231   64    0.5452      2    0.1219    0.0000    0.0085      2    0.0006    0.0000
  231   65   -0.0066      3    0.2173    0.0000    0.0043      3    0.0046    0.0000
  231   67   -0.3438      2    0.1692    0.0000    0.0019      2    0.0011    0.0000
  231   69   -0.3189      2    0.2027    0.0000    0.0027      2    0.0008    0.0000
  232   15    0.5623      5    1.3591    0.0000   -0.0368      5    0.0079    0.0000
  232   23   -0.2504      4    1.0260    0.0000   -0.0100      4    0.0050    0.0000
  232   24    1.2523      3    0.3195    0.0000   -0.0070      3    0.0007    0.0000
  232   25    0.6044      4    0.6748    0.0000   -0.0076      4    0.0048    0.0000
  232   28    0.3759      7    0.5537    0.0000   -0.0160      7    0.0021    0.0000
  232   29    0.4862      4    0.3230    0.0000   -0.0125      4    0.0012    0.0000
  232   36    0.4837      4    0.2206    0.0000    0.0060      4    0.0037    0.0000
  232   45   -0.6476      3    0.2559    0.0000    0.0034      3    0.0020    0.0000
  232   48    0.8458      4    0.4161    0.0000    0.0053      4    0.0014    0.0000
  232   50   -0.4055      6    0.3567    0.0000    0.0085      6    0.0012    0.0000
  232   65   -0.2033      5    0.3481    0.0000    0.0059      5    0.0048    0.0000
  232   70   -0.6210      2    0.3012    0.0000    0.0010      2    0.0008    0.0000
  233   15    0.2011      2    1.8578    0.0000   -0.0197      2    0.0008    0.0000
  233   16    0.1665      3    0.5680    0.0000    0.0007      3    0.0057    0.0000
  233   24   -0.3694      5    0.5524    0.0000   -0.0106      5    0.0027    0.0000
  233   26   -1.0238      5    0.2934    0.0000   -0.0067      5    0.0035    0.0000
  233   29   -0.7094      7    0.8087    0.0000   -0.0112      7    0.0031    0.0000
  233   30   -0.4629      5    1.0092    0.0000   -0.0118      5    0.0026    0.0000
  233   36    0.1940      2    0.9006    0.0000    0.0009      2    0.0001    0.0000
  233   37   -0.1576      3    0.4993    0.0000    0.0046      3    0.0033    0.0000
  233   45   -0.5088      3    0.0557    0.0000    0.0037      3    0.0001    0.0000
  233   49   -0.0876      4    0.3933    0.0000    0.0101      4    0.0035    0.0000
  233   51    0.0082      8    0.4661    0.0000    0.0073      8    0.0043    0.0000
  233   65   -0.3606      3    0.2477    0.0000    0.0026      3    0.0040    0.0000
  233   68   -0.2512      2    0.1646    0.0000    0.0019      2    0.0007    0.0000
  234   16    0.3586      5    0.8216    0.0000   -0.0076      5    0.0061    0.0000
  234   25    0.2093      4    0.8091    0.0000    0.0034      4    0.0066    0.0000
  234   27    0.0391      5    1.0398    0.0000   -0.0145      5    0.0028    0.0000
  234   30    0.2148      6    0.5451    0.0000   -0.0016      6    0.0022    0.0000
  234   31    0.2301      4    0.5001    0.0000   -0.0029      4    0.0011    0.0000
  234   37    0.0592      3    0.4829    0.0000    0.0067      3    0.0019    0.0000
  234   46   -0.9286      3    0.1463    0.0000   -0.0024      3    0.0039    0.0000
  234   50    0.0406      3    0.4488    0.0000    0.0101      3    0.0027    0.0000
  234   51   -0.3816      3    0.1818    0.0000    0.0074      3    0.0018    0.0000
  234   52    0.0682      4    0.3569    0.0000    0.0065      4    0.0027    0.0000
  234   66   -0.1309      4    0.1939    0.0000    0.0043      4    0.0033    0.0000
  234   68   -0.3776      2    0.2663    0.0000   -0.0013      2    0.0010    0.0000
  234   71   -0.2448      2    0.2452    0.0000    0.0001      2    0.0017    0.0000
  234   79   -0.0101      2    0.0470    0.0000   -0.0059      2    0.0015    0.0000
  235   17   -0.2749      5    1.2698    0.0000   -0.0182      5    0.0086    0.0000
  235   25   -1.6771      3    1.2037    0.0000    0.0078      3    0.0069    0.0000
  235   26   -1.7261      2    0.2406    0.0000    0.0037      2    0.0022    0.0000
  235   28   -0.0320      6    0.6404    0.0000   -0.0058      6    0.0031    0.0000
  235   31   -0.4467      6    0.5492    0.0000    0.0018      6    0.0044    0.0000
  235   32   -1.4968      4    0.3966    0.0000   -0.0129      4    0.0037    0.0000
  235   38    0.0300      4    0.5258    0.0000    0.0084      4    0.0036    0.0000
  235   46   -0.6967      3    0.3651    0.0000   -0.0024      3    0.0014    0.0000
  235   50    0.4617      2    0.2062    0.0000    0.0120      2    0.0045    0.0000
  235   51   -0.0727      2    0.3174    0.0000    0.0103      2    0.0008    0.0000
  235   52   -0.4801      3    0.5412    0.0000    0.0064      3    0.0007    0.0000
  235   53   -0.4232      3    0.4318    0.0000    0.0107      3    0.0023    0.0000
  235   66   -0.4870      2    0.0857    0.0000    0.0004      2    0.0001    0.0000
  235   67   -0.1662      2    0.0314    0.0000    0.0053      2    0.0050    0.0000
  235   71   -0.5463      2    0.0019    0.0000    0.0006      2    0.0008    0.0000
  236   18   -0.4082      4    1.1735    0.0000   -0.0066      4    0.0114    0.0000
  236   26   -0.5652      5    1.0610    0.0000   -0.0061      5    0.0025    0.0000
  236   29    0.1576      5    0.4326    0.0000   -0.0048      5    0.0014    0.0000
  236   32   -0.2349      8    0.5456    0.0000   -0.0067      7    0.0020   12.5000
  236   33    0.9898      3    0.3574    0.0000   -0.0085      3    0.0034    0.0000
  236   39   -0.0643      3    0.5741    0.0000    0.0074      3    0.0009    0.0000
  236   47   -0.9615      3    0.4498    0.0000   -0.0009      3    0.0025    0.0000
  236   51   -0.2687      4    0.4531    0.0000    0.0110      4    0.0013    0.0000
  236   52   -0.5089      2    0.4444    0.0000    0.0052      2    0.0003    0.0000
  236   53   -0.2421      2    0.2873    0.0000    0.0056      2    0.0027    0.0000
  236   54    0.4324      2    0.0630    0.0000    0.0074      2    0.0006    0.0000
  236   66   -0.1668      2    0.0842    0.0000    0.0004      2    0.0008    0.0000
  236   67   -0.1248      3    0.2964    0.0000    0.0057      3    0.0010    0.0000
  236   68   -0.0412      2    0.4340    0.0000    0.0014      2    0.0003    0.0000
  236   72   -0.3767      2    0.1854    0.0000    0.0024      2    0.0019    0.0000
  237   18    0.3166      3    1.6916    0.0000   -0.0046      3    0.0012    0.0000
  237   19    0.4167      2    0.3700    0.0000   -0.0130      2    0.0018    0.0000
  237   27   -0.0703      5    0.9378    0.0000    0.0018      5    0.0022    0.0000
  237   30   -1.1162      6    0.5725    0.0000   -0.0056      6    0.0021    0.0000
  237   33    1.3358      8    0.4463    0.0000    0.0006      7    0.0016   12.5000
  237   34    0.7631      2    0.1806    0.0000    0.0026      2    0.0012    0.0000
  237   39    0.1705      3    0.4685    0.0000    0.0067      3    0.0007    0.0000
  237   47   -0.8999      4    0.2548    0.0000    0.0001      4    0.0030    0.0000
  237   52    0.5903      4    0.2561    0.0000    0.0090      4    0.0023    0.0000
  237   53   -0.4212      2    0.4919    0.0000    0.0083      2    0.0018    0.0000
  237   54   -0.4712      3    0.3876    0.0000    0.0066      3    0.0018    0.0000
  237   68   -0.0277      3    0.0911    0.0000    0.0062      3    0.0030    0.0000
  237   72   -0.2419      2    0.0863    0.0000    0.0007      2    0.0003    0.0000
  238   19    0.2266      6    0.7762    0.0000   -0.0172      6    0.0094    0.0000
  238   27    0.8755      2    0.7104    0.0000    0.0052      2    0.0006    0.0000
  238   28   -1.0504      3    1.0994    0.0000    0.0077      3    0.0015    0.0000
  238   31   -0.2253      5    0.3593    0.0000   -0.0020      5    0.0035    0.0000
  238   34    0.1331      9    0.7573    0.0000    0.0053      9    0.0026    0.0000
  238   40    0.3700      4    0.7690    0.0000    0.0059      4    0.0026    0.0000
  238   48    0.1559      2    0.0645    0.0000    0.0009      2    0.0000    0.0000
  238   52    0.2239      2    0.4331    0.0000    0.0111      2    0.0033    0.0000
  238   53   -0.4903      5    0.4046    0.0000    0.0087      5    0.0017    0.0000
  238   55   -0.6183      4    0.3388    0.0000    0.0064      4    0.0011    0.0000
  238   68    0.1737      2    0.3169    0.0000    0.0091      2    0.0011    0.0000
  238   69   -0.2044      2    0.0719    0.0000    0.0027      2    0.0009    0.0000
  239   20    0.4130      5    1.1627    0.0000   -0.0122      5    0.0059    0.0000
  239   28    0.3668      4    0.6075    0.0000    0.0128      4    0.0048    0.0000
  239   32    0.6110      5    0.4589    0.0000   -0.0015      5    0.0053    0.0000
  239   35    0.3628     10    0.6055    0.0000    0.0040     10    0.0027    0.0000
  239   40    0.8198      2    0.0089    0.0000    0.0080      2    0.0012    0.0000
  239   48    0.4740      3    0.6464    0.0000    0.0051      3    0.0011    0.0000
  239   53   -0.1819      5    0.5323    0.0000    0.0106      5    0.0021    0.0000
  239   54   -0.1489      2    0.4250    0.0000    0.0086      2    0.0011    0.0000
  239   56    0.1025      2    0.2215    0.0000    0.0063      2    0.0019    0.0000
  239   67   -0.6160      2    0.1487    0.0000    0.0023      2    0.0018    0.0000
  239   69    0.3684      2    0.4564    0.0000    0.0066      2    0.0049    0.0000
  240   13   -1.3040      8    1.3621    0.0000   -0.0373      7    0.0101   12.5000
  240   20    0.7690      2    0.4290    0.0000   -0.0002      2    0.0019    0.0000
  240   21    0.2245      3    0.8250    0.0000    0.0040      3    0.0076    0.0000
  240   29   -0.9543      5    0.9424    0.0000    0.0114      5    0.0022    0.0000
  240   33   -0.0826      4    0.3693    0.0000   -0.0003      4    0.0015    0.0000
  240   36    0.0482      7    0.4377    0.0000    0.0017      7    0.0064    0.0000
  240   41    0.2736      4    0.4577    0.0000    0.0078      4    0.0010    0.0000
  240   48    0.4738      2    0.0662    0.0000    0.0077      2    0.0032    0.0000
  240   54   -0.1156      5    0.5563    0.0000    0.0086      5    0.0027    0.0000
  240   56   -0.4719      3    0.1939    0.0000    0.0098      3    0.0019    0.0000
  240   69   -0.2581      5    0.3245    0.0000    0.0052      5    0.0027    0.0000
  240   73   -0.4536      2    0.0059    0.0000    0.0002      2    0.0018    0.0000
  241   13   -0.5049      4    1.3165    0.0000   -0.0245      4    0.0135    0.0000
  241   14   -0.9374      8    1.6531    0.0000   -0.0090      8    0.0131    0.0000
  241   21    0.0421      5    0.2995    0.0000   -0.0007      5    0.0040    0.0000
  241   29   -1.7194      3    0.5113    0.0000    0.0106      3    0.0038    0.0000
  241   34    0.8806      4    0.5727    0.0000    0.0107      4    0.0014    0.0000
  241   36    0.8712      4    0.1466    0.0000    0.0049      4    0.0027    0.0000
  241   37    0.7286      6    0.3019    0.0000    0.0061      6    0.0031    0.0000
  241   41   -0.1374      2    0.2940    0.0000    0.0071      2    0.0010    0.0000
  241   42    1.3671      2    0.0905    0.0000    0.0083      2    0.0008    0.0000
  241   49   -0.4046      3    0.3137    0.0000    0.0075      3    0.0009    0.0000
  241   54   -0.0749      5    0.9579    0.0000    0.0101      5    0.0028    0.0000
  241   57    0.4437      2    0.1126    0.0000    0.0079      2    0.0027    0.0000
  241   67   -0.1049      2    0.5756    0.0000    0.0026      2    0.0003    0.0000
  241   69   -0.0941      2    0.2838    0.0000    0.0065      2    0.0017    0.0000
  242   14   -0.6763      6    1.7044    0.0000   -0.0212      6    0.0094    0.0000
  242   15   -0.6526      5    0.5890    0.0000   -0.0040      5    0.0033    0.0000
  242   22   -0.2082      5    0.6661    0.0000   -0.0101      5    0.0050    0.0000
  242   30   -0.5738      4    0.8293    0.0000    0.0070      4    0.0015    0.0000
  242   34    0.0670      2    0.0388    0.0000    0.0109      2    0.0003    0.0000
  242   35    0.4901      3    0.4550    0.0000    0.0100      3    0.0055    0.0000
  242   37    0.1213      5    0.7779    0.0000    0.0140      5    0.0041    0.0000
  242   38   -0.4872      3    0.2889    0.0000    0.0172      3    0.0010    0.0000
  242   42    0.8330      3    0.1205    0.0000    0.0071      3    0.0012    0.0000
  242   49   -0.3470      3    0.4917    0.0000    0.0090      3    0.0004    0.0000
  242   54   -0.2626      2    0.4031    0.0000    0.0109      2    0.0007    0.0000
  242   55   -0.0660      5    0.2448    0.0000    0.0128      5    0.0030    0.0000
  242   57   -0.1727      3    0.2048    0.0000    0.0056      3    0.0031    0.0000
  242   69   -0.2389      2    0.1425    0.0000    0.0102      2    0.0013    0.0000
  243   13   -2.3481      4    3.6251    0.0000    0.0255      4    0.0078    0.0000
  243   15   -1.0638      7    1.2149   12.5000   -0.0101      8    0.0112    0.0000
  243   16   -1.9012      3    0.8513    0.0000   -0.0103      3    0.0075    0.0000
  243   22    0.3390      2    1.2061    0.0000   -0.0097      2    0.0042    0.0000
  243   23    0.5963      2    0.0406    0.0000   -0.0022      2    0.0001    0.0000
  243   30   -0.2244      2    0.6425    0.0000    0.0064      2    0.0035    0.0000
  243   31   -0.9590      3    0.6976    0.0000   -0.0018      3    0.0025    0.0000
  243   35    0.2702      3    0.2176    0.0000    0.0113      3    0.0045    0.0000
  243   38   -0.5841      8    0.2383    0.0000    0.0134      8    0.0046    0.0000
  243   42    0.5443      2    0.4132    0.0000    0.0111      2    0.0013    0.0000
  243   43    0.9281      2    0.2939    0.0000    0.0094      2    0.0011    0.0000
  243   50   -0.7857      2    0.2505    0.0000    0.0055      2    0.0001    0.0000
  243   55   -0.6089      2    0.2060    0.0000    0.0118      2    0.0010    0.0000
  243   56    0.3401      3    0.3152    0.0000    0.0123      3    0.0018    0.0000
  243   58    0.1311      2    0.1398    0.0000    0.0064      2    0.0042    0.0000
  243   67   -0.2278      2    0.3832    0.0000    0.0043      2    0.0009    0.0000
  243   70    0.1985      2    0.2277    0.0000    0.0075      2    0.0001    0.0000
  243   74   -0.5052      2    0.1053    0.0000   -0.0008      2    0.0017    0.0000
  244   14   -0.2199      6    1.0962    0.0000    0.0135      6    0.0114    0.0000
  244   15   -2.9862      2    0.7667    0.0000   -0.0413      2    0.0050    0.0000
  244   16   -0.6999      6    1.8712    0.0000   -0.0279      6    0.0170    0.0000
  244   17    0.8435      3    1.3699    0.0000    0.0061      3    0.0020    0.0000
  244   23    0.5244      5    0.3278    0.0000   -0.0143      5    0.0020    0.0000
  244   31   -0.1495      4    0.4265    0.0000    0.0047      4    0.0024    0.0000
  244   36    0.0032      4    0.6385    0.0000    0.0109      4    0.0016    0.0000
  244   39   -0.3484      7    0.5831    0.0000    0.0055      7    0.0057    0.0000
  244   43    0.7244      3    0.2617    0.0000    0.0066      3    0.0007    0.0000
  244   50   -0.8502      3    0.0847    0.0000    0.0011      3    0.0015    0.0000
  244   55   -0.4677      3    0.5211    0.0000    0.0061      3    0.0026    0.0000
  244   56    0.0148      3    0.2449    0.0000    0.0128      3    0.0011    0.0000
  244   58   -0.5453      3    0.3951    0.0000    0.0083      3    0.0008    0.0000
  244   68   -0.5632      2    0.0427    0.0000    0.0060      2    0.0029    0.0000
  244   70    0.0960      2    0.5241    0.0000    0.0106      2    0.0029    0.0000
  245   15   -0.5259      5    1.3285    0.0000    0.0203      5    0.0088    0.0000
  245   16    0.1529      5    0.9782    0.0000   -0.0135      5    0.0072    0.0000
  245   17    2.2694      4    1.1076    0.0000   -0.0134      4    0.0030    0.0000
  245   18   -1.0963      2    0.9209    0.0000   -0.0058      2    0.0072    0.0000
  245   24    0.6775      4    0.7842    0.0000   -0.0148      4    0.0039    0.0000
  245   32   -0.0260      3    0.7055    0.0000    0.0103      3    0.0019    0.0000
  245   37   -0.0159      4    0.6007    0.0000    0.0082      4    0.0025    0.0000
  245   39   -0.3601      4    0.6380    0.0000    0.0053      4    0.0060    0.0000
  245   40    0.1887      5    0.6872    0.0000    0.0049      5    0.0036    0.0000
  245   43    0.1733      3    0.5490    0.0000    0.0039      3    0.0019    0.0000
  245   50   -0.9300      2    0.1508    0.0000    0.0033      2    0.0011    0.0000
  245   55   -0.5579      2    0.1431    0.0000    0.0080      2    0.0031    0.0000
  245   57    0.1178      3    0.2816    0.0000    0.0147      3    0.0023    0.0000
  245   59    0.0693      3    0.2214    0.0000    0.0052      3    0.0001    0.0000
  245   71    0.0219      2    0.1057    0.0000    0.0085      2    0.0002    0.0000
  245   75   -0.1696      2    0.1238    0.0000   -0.0017      2    0.0020    0.0000
  246   16    0.7847      4    0.8392    0.0000    0.0046      4    0.0052    0.0000
  246   17   -0.6812      5    0.9700    0.0000   -0.0006      5    0.0042    0.0000
  246   18   -0.2439      4    0.7588    0.0000   -0.0127      4    0.0043    0.0000
  246   24    0.8414      4    0.2371    0.0000   -0.0092      4    0.0025    0.0000
  246   32   -0.3699      4    0.3179    0.0000   -0.0010      4    0.0064    0.0000
  246   38    0.4884      4    0.8448    0.0000    0.0129      4    0.0024    0.0000
  246   40    0.6534      7    0.6747    0.0000    0.0113      7    0.0027    0.0000
  246   44    0.6147      4    0.2698    0.0000    0.0066      4    0.0016    0.0000
  246   50   -0.4366      2    0.2275    0.0000   -0.0004      2    0.0013    0.0000
  246   57   -0.1364      3    0.0587    0.0000    0.0144      3    0.0006    0.0000
  246   59   -0.0588      2    0.2120    0.0000    0.0055      2    0.0005    0.0000
  246   68   -0.2751      2    0.1175    0.0000    0.0067      2    0.0001    0.0000
  246   71    0.2188      2    0.5215    0.0000    0.0062      2    0.0008    0.0000
  247   16    0.2340      3    0.1869    0.0000    0.0149      3    0.0049    0.0000
  247   17   -0.7964      6    0.5931    0.0000    0.0148      6    0.0151    0.0000
  247   18   -2.5697      2    0.7831    0.0000    0.0000      2    0.0042    0.0000
  247   19   -0.0647      6    1.3631    0.0000   -0.0203      6    0.0035    0.0000
  247   25    0.6724      5    1.0219    0.0000   -0.0036      5    0.0045    0.0000
  247   33    0.5773      3    0.5959    0.0000   -0.0065      3    0.0015    0.0000
  247   38    0.5665      2    0.3369    0.0000    0.0117      2    0.0027    0.0000
  247   39    0.0731      2    0.6468    0.0000    0.0032      2    0.0010    0.0000
  247   41    0.0912      7    0.4427    0.0000    0.0141      7    0.0025    0.0000
  247   44    0.5488      3    0.1336    0.0000    0.0010      3    0.0023    0.0000
  247   51   -0.1160      3    0.1979    0.0000   -0.0017      3    0.0015    0.0000
  247   56   -0.3933      3    0.2300    0.0000    0.0078      3    0.0016    0.0000
  247   58   -0.3869      3    0.4361    0.0000    0.0139      3    0.0018    0.0000
  247   60   -0.3457      2    0.0219    0.0000    0.0004      2    0.0019    0.0000
  247   70   -0.6737      2    0.1402    0.0000    0.0029      2    0.0005    0.0000
  248   17   -0.3049      4    1.3127    0.0000    0.0222      4    0.0099    0.0000
  248   18   -0.5062      6    1.2397    0.0000    0.0020      6    0.0036    0.0000
  248   20    0.0760      5    0.3190    0.0000   -0.0088      5    0.0079    0.0000
  248   25    1.9625      3    0.6273    0.0000    0.0072      3    0.0037    0.0000
  248   33    1.0912      4    1.0672    0.0000   -0.0043      4    0.0047    0.0000
  248   39    0.7688      4    0.2756    0.0000    0.0025      4    0.0019    0.0000
  248   41   -0.2197      5    0.6128    0.0000    0.0125      5    0.0037    0.0000
  248   42    0.1889      3    0.5397    0.0000    0.0055      3    0.0021    0.0000
  248   45    0.6353      2    0.6898    0.0000    0.0060      2    0.0025    0.0000
  248   51    0.4154      3    0.2570    0.0000    0.0039      3    0.0009    0.0000
  248   56   -0.3166      2    0.5342    0.0000    0.0055      2    0.0006    0.0000
  248   58    0.2147      2    0.3385    0.0000    0.0101      2    0.0014    0.0000
  248   60   -0.3735      2    0.2586    0.0000    0.0032      2    0.0007    0.0000
  248   72    0.4327      2    0.2835    0.0000    0.0001      2    0.0021    0.0000
  248   75   -0.2605      2    0.2032    0.0000    0.0008      2    0.0004    0.0000
  249   18    0.3380      6    2.1136    0.0000   -0.0017      6    0.0091    0.0000
  249   19    0.2480      5    1.7450    0.0000   -0.0013      5    0.0098    0.0000
  249   21   -0.9415      5    1.0834    0.0000    0.0003      5    0.0065    0.0000
  249   26    0.5908      5    0.2878    0.0000    0.0117      5    0.0067    0.0000
  249   34   -0.2729      3    0.4665    0.0000    0.0034      3    0.0055    0.0000
  249   40    0.9260      4    0.8640    0.0000    0.0070      4    0.0039    0.0000
  249   42    0.2243      7    0.5844    0.0000    0.0038      7    0.0023    0.0000
  249   45    0.7128      3    0.1549    0.0000    0.0023      3    0.0020    0.0000
  249   51    0.0026      2    0.0645    0.0000    0.0058      2    0.0016    0.0000
  249   56   -0.0063      2    0.4829    0.0000    0.0053      2    0.0009    0.0000
  249   59    0.1612      2    0.0321    0.0000    0.0097      2    0.0009    0.0000
  249   61    0.1482      2    0.3493    0.0000    0.0066      2    0.0018    0.0000
  249   68   -0.2732      2    0.0694    0.0000    0.0071      2    0.0010    0.0000
  250   19    1.6864      8    0.3270   11.1111   -0.0010      9    0.0100    0.0000
  250   21   -0.5547      2    0.4446    0.0000   -0.0072      2    0.0042    0.0000
  250   22   -1.0260      3    0.6181    0.0000   -0.0042      3    0.0032    0.0000
  250   26   -1.7391      2    0.4053    0.0000    0.0081      2    0.0085    0.0000
  250   27    0.2689      2    0.3780    0.0000   -0.0017      2    0.0046    0.0000
  250   34   -0.3287      4    0.4027    0.0000    0.0087      4    0.0041    0.0000
  250   40    0.3753      2    0.6464    0.0000    0.0125      2    0.0031    0.0000
  250   41    0.2103      2    0.0452    0.0000    0.0180      2    0.0011    0.0000
  250   42   -0.0691      2    0.0945    0.0000    0.0063      2    0.0037    0.0000
  250   43    0.4111      6    0.5652    0.0000    0.0075      6    0.0039    0.0000
  250   45    0.4874      3    0.4729    0.0000    0.0017      3    0.0015    0.0000
  250   52   -0.0849      2    0.6188    0.0000    0.0059      2    0.0016    0.0000
  250   56   -0.0881      2    0.0835    0.0000    0.0052      2    0.0015    0.0000
  250   59    0.2738      3    0.1932    0.0000    0.0074      3    0.0029    0.0000
  250   61   -0.0477      2    0.2569    0.0000    0.0042      2    0.0015    0.0000
  250   70   -0.3317      2    0.1537    0.0000    0.0011      2    0.0008    0.0000
  250   72    0.6401      2    0.3133    0.0000   -0.0023      2    0.0006    0.0000
  251   20    0.0686      7    0.4168   12.5000    0.0026      8    0.0088    0.0000
  251   22   -0.7808      4    0.9078    0.0000   -0.0123      4    0.0085    0.0000
  251   27    0.5271      4    0.6063    0.0000   -0.0033      4    0.0043    0.0000
  251   34   -1.6766      2    0.2274    0.0000    0.0026      2    0.0016    0.0000
  251   35   -0.0247      2    0.3301    0.0000   -0.0029      2    0.0001    0.0000
  251   41   -0.3613      4    0.4709    0.0000    0.0122      4    0.0031    0.0000
  251   43    0.5641      4    0.4216    0.0000    0.0098      4    0.0033    0.0000
  251   44    0.4547      3    0.4114    0.0000    0.0083      3    0.0011    0.0000
  251   46    0.7622      3    0.2692    0.0000    0.0049      3    0.0018    0.0000
  251   52   -0.2119      2    0.1620    0.0000    0.0069      2    0.0016    0.0000
  251   57   -0.3487      2    0.3640    0.0000    0.0054      2    0.0017    0.0000
  251   61   -0.3982      2    0.1118    0.0000    0.0024      2    0.0017    0.0000
  251   68   -0.9092      2    0.0011    0.0000    0.0106      2    0.0003    0.0000
  252   20    2.1610      6    0.7825   14.2857    0.0073      7    0.0079    0.0000
  252   21    1.2369      3    1.4821    0.0000    0.0138      3    0.0096    0.0000
  252   23    0.2668      5    0.7424    0.0000   -0.0171      5    0.0063    0.0000
  252   27   -0.6208      3    1.1077    0.0000    0.0015      3    0.0001    0.0000
  252   28    0.5372      2    0.6142    0.0000   -0.0024      2    0.0004    0.0000
  252   35    0.0925      3    0.6476    0.0000    0.0045      3    0.0029    0.0000
  252   42   -0.4432      4    0.2993    0.0000    0.0058      4    0.0020    0.0000
  252   44    0.4447      6    0.5590    0.0000    0.0107      5    0.0014   16.6667
  252   46    0.5750      3    0.7561    0.0000    0.0070      3    0.0021    0.0000
  252   52   -0.1404      3    0.1172    0.0000    0.0101      3    0.0015    0.0000
  252   57   -0.9267      2    0.3652    0.0000    0.0075      2    0.0002    0.0000
  252   60    0.5110      3    0.3363    0.0000    0.0149      3    0.0026    0.0000
  252   62    0.2232      3    0.2802    0.0000    0.0004      3    0.0007    0.0000
  252   73    0.5839      2    0.1505    0.0000    0.0034      2    0.0005    0.0000
  253   21   -0.3005     10    1.1101    0.0000    0.0096     10    0.0074    0.0000
  253   24   -1.0648      4    0.7039    0.0000   -0.0087      4    0.0056    0.0000
  253   28    1.2285      4    0.3770    0.0000   -0.0033      4    0.0019    0.0000
  253   35    0.6062      4    0.8249    0.0000    0.0058      4    0.0019    0.0000
  253   42    0.8028      2    0.0490    0.0000    0.0120      2    0.0011    0.0000
  253   43   -0.1755      2    0.2772    0.0000    0.0066      2    0.0035    0.0000
  253   44   -0.4637      4    0.4132    0.0000    0.0082      4    0.0015    0.0000
  253   45    0.2724      4    0.4110    0.0000    0.0072      4    0.0026    0.0000
  253   46    0.8572      3    0.4101    0.0000    0.0045      3    0.0030    0.0000
  253   52   -0.2626      2    0.5370    0.0000    0.0094      2    0.0004    0.0000
  253   57   -0.5187      2    0.0992    0.0000    0.0046      2    0.0022    0.0000
  253   60    0.2649      2    0.0542    0.0000    0.0178      2    0.0012    0.0000
  253   62    0.1022      2    0.0308    0.0000    0.0056      2    0.0007    0.0000
  253   69   -0.4626      2    0.0946    0.0000    0.0057      2    0.0009    0.0000
  253   70    0.0043      2    0.4371    0.0000    0.0006      2    0.0010    0.0000
  254   21   -0.7421      3    0.6707    0.0000   -0.0050      3    0.0023    0.0000
  254   22   -0.4741      5    0.4333   16.6667   -0.0063      6    0.0123    0.0000
  254   24   -0.3243      3    0.8840    0.0000    0.0008      3    0.0044    0.0000
  254   25   -0.7367      2    0.6398    0.0000   -0.0005      2    0.0049    0.0000
  254   28    0.7088      3    0.2500    0.0000    0.0024      3    0.0058    0.0000
  254   36    1.2767      3    0.2842    0.0000    0.0122      3    0.0032    0.0000
  254   43   -0.0277      3    0.1657    0.0000    0.0078      3    0.0007    0.0000
  254   45    0.3105      6    0.4091    0.0000    0.0037      6    0.0038    0.0000
  254   46    0.7514      2    0.2014    0.0000    0.0019      2    0.0033    0.0000
  254   47    0.3216      2    0.0348    0.0000    0.0008      2    0.0017    0.0000
  254   52   -0.7487      3    0.4513    0.0000    0.0027      3    0.0011    0.0000
  254   57   -0.4553      2    0.5469    0.0000    0.0071      2    0.0029    0.0000
  254   61    0.3737      3    0.4054    0.0000    0.0141      3    0.0010    0.0000
  254   73    0.5871      2    0.2566    0.0000    0.0052      2    0.0002    0.0000
  255   22   -1.6069      7    1.0770    0.0000   -0.0122      7    0.0075    0.0000
  255   23    0.4065      3    0.3776    0.0000   -0.0193      3    0.0048    0.0000
  255   25    0.6004      5    1.2014    0.0000   -0.0052      5    0.0048    0.0000
  255   29    0.4775      4    0.3687    0.0000    0.0006      4    0.0039    0.0000
  255   36    0.7852      3    0.3360    0.0000    0.0123      3    0.0012    0.0000
  255   44    0.4940      3    0.3866    0.0000    0.0093      3    0.0020    0.0000
  255   45    0.2168      3    1.1396    0.0000    0.0018      3    0.0020    0.0000
  255   46    0.5864      3    0.2581    0.0000    0.0008      3    0.0018    0.0000
  255   47    0.7019      3    0.4292    0.0000    0.0023      3    0.0026    0.0000
  255   57   -0.4639      3    0.1863    0.0000    0.0052      3    0.0012    0.0000
  255   61    0.5830      2    0.6993    0.0000    0.0152      2    0.0021    0.0000
  255   63   -0.2611      2    0.0839    0.0000    0.0056      2    0.0019    0.0000
  256   13   -1.2308      5    2.1201    0.0000    0.0359      5    0.0068    0.0000
  256   22    0.0490      3    0.9420    0.0000   -0.0129      3    0.0034    0.0000
  256   23    0.6093      5    1.3883    0.0000   -0.0114      5    0.0070    0.0000
  256   26   -0.3031      5    1.2175    0.0000    0.0045      5    0.0050    0.0000
  256   29    0.7926      4    1.2937    0.0000   -0.0006      4    0.0063    0.0000
  256   36   -0.5154      4    0.8499    0.0000    0.0037      4    0.0077    0.0000
  256   44    0.1296      4    0.3412    0.0000    0.0081      4    0.0014    0.0000
  256   46    0.2295      5    0.3728    0.0000    0.0022      5    0.0005    0.0000
  256   47    0.4449      4    0.4844    0.0000    0.0031      4    0.0017    0.0000
  256   53   -0.1052      3    0.3831    0.0000    0.0069      3    0.0013    0.0000
  256   61    0.4466      2    0.1292    0.0000    0.0121      2    0.0002    0.0000
  256   63    0.0587      2    0.0394    0.0000    0.0036      2    0.0015    0.0000
  256   69   -0.2520      2    0.2341    0.0000    0.0030      2    0.0030    0.0000
  257   13    0.4743      2    1.6058    0.0000    0.0192      2    0.0036    0.0000
  257   14   -1.6353      3    1.9559    0.0000    0.0135      3    0.0091    0.0000
  257   23   -0.6971      5    1.1638    0.0000   -0.0018      5    0.0057    0.0000
  257   24    0.2714      5    0.4732    0.0000    0.0059      5    0.0057    0.0000
  257   26    0.8677      2    0.2730    0.0000    0.0076      2    0.0008    0.0000
  257   27   -0.6510      2    0.3757    0.0000    0.0028      2    0.0034    0.0000
  257   30   -0.0633      3    0.2032    0.0000   -0.0104      3    0.0032    0.0000
  257   37    0.2764      3    0.8983    0.0000   -0.0014      3    0.0025    0.0000
  257   45    0.0849      3    0.6784    0.0000    0.0046      3    0.0013    0.0000
  257   46    0.8033      3    0.1442    0.0000    0.0046      3    0.0010    0.0000
  257   47    0.7344      6    0.8552    0.0000    0.0025      6    0.0030    0.0000
  257   53   -0.1477      2    0.2357    0.0000    0.0091      2    0.0018    0.0000
  257   58   -1.6013      2    0.1396    0.0000    0.0059      2    0.0004    0.0000
  257   62    0.3983      2    0.2971    0.0000    0.0127      2    0.0011    0.0000
  257   63   -0.4709      2    0.2677    0.0000    0.0064      2    0.0045    0.0000
  257   70    0.2374      2    0.0145    0.0000    0.0057      2    0.0001    0.0000
  257   74    0.7689      2    0.0595    0.0000    0.0006      2    0.0002    0.0000
  258   14    0.2798      5    2.0641    0.0000   -0.0182      5    0.0127    0.0000
  258   23   -0.8421      4    0.7781    0.0000   -0.0029      4    0.0052    0.0000
  258   25   -1.3975      4    1.0057    0.0000    0.0077      4    0.0024    0.0000
  258   27    1.0979      5    1.3348    0.0000    0.0060      5    0.0058    0.0000
  258   30    1.1774      4    0.5711    0.0000   -0.0061      4    0.0036    0.0000
  258   37    0.1040      4    0.7195    0.0000   -0.0014      4    0.0009    0.0000
  258   45    0.2562      3    0.0967    0.0000    0.0033      3    0.0014    0.0000
  258   47    0.5772      6    0.2194    0.0000    0.0017      6    0.0033    0.0000
  258   48    0.7906      2    0.1557    0.0000    0.0029      2    0.0025    0.0000
  258   53    0.0708      3    0.1454    0.0000    0.0053      3    0.0019    0.0000
  258   58   -1.0133      2    0.3535    0.0000    0.0032      2    0.0007    0.0000
  258   62   -0.3624      2    0.4537    0.0000    0.0095      2    0.0023    0.0000
  258   64   -0.1058      2    0.1016    0.0000    0.0093      2    0.0007    0.0000
  259   15    0.2202      5    1.0689   16.6667   -0.0127      6    0.0039    0.0000
  259   24   -0.2508      4    1.1252    0.0000    0.0012      4    0.0052    0.0000
  259   25   -0.8771      4    0.6908    0.0000   -0.0056      4    0.0035    0.0000
  259   28   -0.5907      5    1.3169    0.0000    0.0112      5    0.0052    0.0000
  259   30    1.0869      4    0.6221    0.0000   -0.0023      4    0.0026    0.0000
  259   37    0.5822      3    0.4902    0.0000    0.0010      3    0.0017    0.0000
  259   46   -0.1562      4    0.4427    0.0000    0.0043      4    0.0010    0.0000
  259   47   -0.2186      3    0.2257    0.0000    0.0028      3    0.0030    0.0000
  259   48    0.5860      5    0.1152   16.6667    0.0009      6    0.0028    0.0000
  259   53    0.0049      2    0.0354    0.0000    0.0042      2    0.0034    0.0000
  259   58   -0.3020      2    0.1017    0.0000    0.0023      2    0.0013    0.0000
  259   62    0.2255      2    0.0487    0.0000    0.0116      2    0.0019    0.0000
  259   64   -0.2655      2    0.0667    0.0000    0.0087      2    0.0004    0.0000
  259   69    0.4372      2    0.1583    0.0000    0.0049      2    0.0011    0.0000
  260   16    0.2127      4    1.1919    0.0000   -0.0223      4    0.0087    0.0000
  260   24    0.1952      4    0.9949    0.0000    0.0017      4    0.0062    0.0000
  260   26   -0.7671      5    0.4448    0.0000   -0.0174      5    0.0044    0.0000
  260   28    0.0884      2    1.2785    0.0000    0.0161      2    0.0101    0.0000
  260   29    0.2618      2    0.1429    0.0000    0.0081      2    0.0008    0.0000
  260   31    0.6048      4    0.1957    0.0000   -0.0003      4    0.0019    0.0000
  260   37    0.7067      3    1.1013    0.0000    0.0013      3    0.0050    0.0000
  260   46    0.0393      3    0.3339    0.0000    0.0036      3    0.0016    0.0000
  260   47    0.7832      2    0.0285    0.0000    0.0072      2    0.0024    0.0000
  260   48    0.8377      8    0.5161    0.0000    0.0032      8    0.0021    0.0000
  260   53   -0.5766      3    0.3157    0.0000    0.0067      3    0.0022    0.0000
  260   58   -0.0050      2    0.1538    0.0000    0.0022      2    0.0011    0.0000
  260   63   -0.1650      2    0.1779    0.0000    0.0113      2    0.0017    0.0000
  260   64   -0.2890      2    0.0320    0.0000    0.0100      2    0.0003    0.0000
  260   83    0.3871      2    0.1082    0.0000   -0.0030      2    0.0064    0.0000
  261   16   -2.2954      4    1.4388    0.0000   -0.0152      4    0.0064    0.0000
  261   24    0.7945      2    0.4538    0.0000    0.0040      2    0.0027    0.0000
  261   25    0.6807      3    0.2735    0.0000   -0.0071      3    0.0044    0.0000
  261   26   -1.1373      2    0.3604    0.0000   -0.0112      2    0.0026    0.0000
  261   27   -0.1229      3    0.5321    0.0000   -0.0150      3    0.0014    0.0000
  261   29   -0.3947      5    1.2924    0.0000   -0.0007      5    0.0010    0.0000
  261   31    0.3259      3    0.9534    0.0000   -0.0002      3    0.0043    0.0000
  261   38   -0.3573      3    0.8859    0.0000   -0.0046      3    0.0028    0.0000
  261   47    0.1918      4    0.3609    0.0000    0.0047      4    0.0007    0.0000
  261   48    0.4004      5    0.3723    0.0000    0.0026      5    0.0018    0.0000
  261   49    0.7990      4    0.3820    0.0000    0.0040      4    0.0012    0.0000
  261   53    0.0043      2    0.0279    0.0000    0.0048      2    0.0004    0.0000
  261   58   -0.0813      2    0.1854    0.0000    0.0071      2    0.0008    0.0000
  261   63   -0.2082      3    0.2419    0.0000    0.0147      3    0.0025    0.0000
  261   65   -0.5185      2    0.1869    0.0000    0.0117      2    0.0016    0.0000
  261   71    0.0604      2    0.0028    0.0000    0.0047      2    0.0020    0.0000
  262   17   -0.8284      6    1.2974    0.0000   -0.0315      6    0.0103    0.0000
  262   25    0.6526      4    1.0930    0.0000   -0.0111      4    0.0059    0.0000
  262   27   -0.6946      4    0.5569    0.0000   -0.0108      4    0.0018    0.0000
  262   30    1.3137      3    0.5598    0.0000    0.0000      3    0.0036    0.0000
  262   31    0.1264      4    0.4187    0.0000   -0.0041      4    0.0042    0.0000
  262   38   -1.1661      3    0.9700    0.0000   -0.0033      3    0.0044    0.0000
  262   47    0.4967      3    0.0484    0.0000    0.0030      3    0.0011    0.0000
  262   48    0.4901      5    0.5308    0.0000    0.0034      5    0.0005    0.0000
  262   49    0.3514      4    0.5238    0.0000    0.0036      4    0.0033    0.0000
  262   53   -0.3818      2    0.2262    0.0000    0.0088      2    0.0009    0.0000
  262   58   -0.5948      2    0.3797    0.0000    0.0043      2    0.0025    0.0000
  262   63    0.1031      2    0.3389    0.0000    0.0141      2    0.0015    0.0000
  262   65   -0.3128      2    0.0341    0.0000    0.0086      2    0.0003    0.0000
  262   69   -0.1449      2    0.1733    0.0000    0.0047      2    0.0026    0.0000
  262   83    0.2968      2    0.6214    0.0000   -0.0026      2    0.0057    0.0000
  263   18   -0.7820      4    0.8455    0.0000   -0.0069      4    0.0053    0.0000
  263   25    0.1355      4    1.6948    0.0000   -0.0095      4    0.0052    0.0000
  263   28   -1.1809      4    0.5809    0.0000   -0.0069      4    0.0062    0.0000
  263   30   -0.8736      4    1.4200    0.0000   -0.0064      4    0.0071    0.0000
  263   31    0.2076      2    1.2553    0.0000   -0.0202      2    0.0018    0.0000
  263   32   -0.5742      3    0.3046    0.0000   -0.0121      3    0.0015    0.0000
  263   38   -0.7996      4    0.9042    0.0000   -0.0063      4    0.0019    0.0000
  263   48    0.8607      6    0.5465    0.0000    0.0044      6    0.0016    0.0000
  263   49    0.3570      3    0.3703    0.0000    0.0083      3    0.0018    0.0000
  263   50    0.6821      3    0.3150    0.0000    0.0013      3    0.0027    0.0000
  263   53   -0.3550      3    0.2431    0.0000    0.0063      3    0.0010    0.0000
  263   58   -0.5980      2    0.0827    0.0000    0.0065      2    0.0029    0.0000
  263   64   -0.0431      2    0.0847    0.0000    0.0109      2    0.0014    0.0000
  263   65   -0.5929      2    0.3808    0.0000    0.0077      2    0.0000    0.0000
  263   75    0.7933      2    0.1220    0.0000    0.0010      2    0.0013    0.0000
  264   18    0.5551      4    2.7446    0.0000   -0.0084      4    0.0085    0.0000
  264   26   -0.4432      3    1.9918    0.0000   -0.0176      3    0.0036    0.0000
  264   28    0.6636      3    0.6118    0.0000   -0.0014      3    0.0016    0.0000
  264   31   -0.6327      4    1.0276    0.0000   -0.0181      4    0.0029    0.0000
  264   32   -0.3332      4    0.6310    0.0000   -0.0110      4    0.0044    0.0000
  264   38    0.7005      3    0.1839    0.0000   -0.0101      3    0.0015    0.0000
  264   48    0.2438      4    0.2373    0.0000    0.0064      4    0.0023    0.0000
  264   49    0.1445      4    1.1128    0.0000    0.0085      4    0.0024    0.0000
  264   50    0.1685      3    0.3872    0.0000   -0.0007      3    0.0019    0.0000
  264   58   -0.5101      2    0.0831    0.0000    0.0063      2    0.0005    0.0000
  264   64    0.1087      2    0.1271    0.0000    0.0126      2    0.0013    0.0000
  264   71   -0.2263      2    0.4469    0.0000    0.0045      2    0.0008    0.0000
  264   83    0.3303      2    0.2074    0.0000   -0.0056      2    0.0074    0.0000
  265   19   -0.8247      5    1.0519    0.0000   -0.0009      5    0.0058    0.0000
  265   26   -0.6300      4    0.5425    0.0000   -0.0159      4    0.0049    0.0000
  265   29    0.4410      4    0.4637    0.0000    0.0055      4    0.0036    0.0000
  265   31    1.2462      3    0.5292    0.0000   -0.0182      3    0.0021    0.0000
  265   32    1.1330      4    0.6836    0.0000   -0.0130      4    0.0030    0.0000
  265   39    0.6619      2    0.0071    0.0000   -0.0042      2    0.0032    0.0000
  265   49    0.1086      6    0.4418    0.0000    0.0055      6    0.0027    0.0000
  265   50    0.3451      3    0.4911    0.0000    0.0031      3    0.0074    0.0000
  265   51    0.0756      2    0.0810    0.0000   -0.0012      2    0.0000    0.0000
  265   54   -0.0818      3    0.1452    0.0000    0.0059      3    0.0034    0.0000
  265   58   -0.7936      2    0.2087    0.0000    0.0063      2    0.0011    0.0000
  265   64    0.1678      2    0.3582    0.0000    0.0111      2    0.0038    0.0000
  265   69   -0.2480      2    0.0545    0.0000    0.0082      2    0.0020    0.0000
  266   19   -0.0272      2    1.3508    0.0000    0.0063      2    0.0063    0.0000
  266   20   -1.1447      3    0.8344    0.0000    0.0147      3    0.0050    0.0000
  266   26   -1.6841      4    1.5634    0.0000   -0.0217      4    0.0049    0.0000
  266   29    1.2503      3    0.4438    0.0000    0.0075      3    0.0036    0.0000
  266   30   -1.6921      2    0.7627    0.0000    0.0096      2    0.0022    0.0000
  266   32    0.9160      9    0.9294    0.0000   -0.0045      9    0.0073    0.0000
  266   39    0.2184      4    0.4254    0.0000   -0.0037      4    0.0029    0.0000
  266   49    0.4783      6    0.5189    0.0000    0.0044      6    0.0033    0.0000
  266   50   -0.4673      3    0.3639    0.0000    0.0077      3    0.0038    0.0000
  266   51    0.4257      3    0.1959    0.0000   -0.0046      3    0.0011    0.0000
  266   54    0.4798      2    0.0966    0.0000    0.0080      2    0.0009    0.0000
  266   58   -0.3187      2    0.2289    0.0000    0.0008      2    0.0040    0.0000
  266   64    0.3128      2    0.2521    0.0000    0.0102      2    0.0002    0.0000
  266   66   -0.4457      2    0.0634    0.0000    0.0066      2    0.0009    0.0000
  266   83    0.3916      2    0.3807    0.0000   -0.0048      2    0.0054    0.0000
  267   15   -2.1869      2    0.8530    0.0000    0.0076      2    0.0100    0.0000
  267   20   -1.0375      4    0.9713    0.0000    0.0170      4    0.0086    0.0000
  267   27    0.4514      3    1.3653    0.0000   -0.0137      3    0.0030    0.0000
  267   30   -1.5530      4    0.4025    0.0000    0.0023      4    0.0036    0.0000
  267   32    0.6301      2    0.7145    0.0000    0.0021      2    0.0001    0.0000
  267   33   -0.6250      6    1.2900    0.0000   -0.0009      6    0.0049    0.0000
  267   39    0.0127      3    0.1735    0.0000   -0.0040      3    0.0023    0.0000
  267   49    0.3461      4    0.8998    0.0000    0.0025      4    0.0028    0.0000
  267   50   -0.2204      3    0.7400    0.0000    0.0030      3    0.0006    0.0000
  267   51    0.3087      2    0.3914    0.0000   -0.0081      2    0.0006    0.0000
  267   54   -0.0778      2    0.0717    0.0000    0.0066      2    0.0015    0.0000
  267   58   -0.5814      3    0.2927    0.0000   -0.0024      3    0.0029    0.0000
  267   65    0.2370      2    0.2082    0.0000    0.0135      2    0.0012    0.0000
  267   66   -0.5271      2    0.1323    0.0000    0.0063      2    0.0006    0.0000
  267   69    0.0783      2    0.6721    0.0000    0.0089      2    0.0001    0.0000
  268   15   -0.5300      4    1.1165    0.0000   -0.0006      4    0.0093    0.0000
  268   21   -1.1404      5    1.0703    0.0000    0.0037      5    0.0060    0.0000
  268   27   -1.3553      4    0.7435    0.0000   -0.0129      4    0.0085    0.0000
  268   30   -0.6100      2    0.9664    0.0000   -0.0123      2    0.0007    0.0000
  268   31    0.1943      2    0.9677    0.0000   -0.0112      2    0.0004    0.0000
  268   33   -0.2194      7    0.8818    0.0000   -0.0074      7    0.0059    0.0000
  268   39   -0.4834      3    0.7207    0.0000   -0.0008      3    0.0020    0.0000
  268   49    1.0917      3    0.5582    0.0000    0.0012      3    0.0013    0.0000
  268   50   -0.3020      4    0.2759    0.0000    0.0021      4    0.0011    0.0000
  268   51    0.1858      3    0.0925    0.0000   -0.0018      3    0.0029    0.0000
  268   52   -0.2256      2    0.3739    0.0000   -0.0064      2    0.0021    0.0000
  268   54   -0.1724      3    0.1879    0.0000    0.0059      3    0.0015    0.0000
  268   58    0.3548      2    0.2432    0.0000   -0.0004      2    0.0010    0.0000
  268   65    0.1552      2    0.0714    0.0000    0.0131      2    0.0002    0.0000
  268   70   -0.4177      2    0.0462    0.0000    0.0006      2    0.0005    0.0000
  268   83    0.3895      2    0.0943    0.0000   -0.0073      2    0.0105    0.0000
  269   15   -1.9348      5    2.3525    0.0000   -0.0046      5    0.0077    0.0000
  269   21   -0.6407      2    0.3601    0.0000   -0.0034      2    0.0075    0.0000
  269   22   -2.3991      3    0.3532    0.0000   -0.0108      3    0.0025    0.0000
  269   27   -2.4987      4    0.5163    0.0000   -0.0099      4    0.0046    0.0000
  269   31    0.1330      5    0.5337    0.0000   -0.0094      5    0.0020    0.0000
  269   33    0.1597      5    1.1617    0.0000   -0.0124      5    0.0070    0.0000
  269   34    0.5427      3    1.8732    0.0000   -0.0029      3    0.0015    0.0000
  269   39   -0.1539      3    0.1887    0.0000   -0.0060      3    0.0037    0.0000
  269   49    1.6450      2    0.5026    0.0000    0.0038      2    0.0012    0.0000
  269   50    0.5662      3    0.3504    0.0000   -0.0000      3    0.0026    0.0000
  269   51   -0.0109      3    0.4837    0.0000   -0.0004      3    0.0008    0.0000
  269   52   -0.4493      3    0.3847    0.0000   -0.0058      3    0.0026    0.0000
  269   54   -0.3651      2    0.0514    0.0000    0.0076      2    0.0005    0.0000
  269   58   -0.0310      2    0.0767    0.0000   -0.0033      2    0.0000    0.0000
  269   66    0.2618      2    0.1969    0.0000    0.0077      2    0.0000    0.0000
  270   16   -2.8621      3    0.6040    0.0000   -0.0201      3    0.0121    0.0000
  270   22   -0.7429      5    0.9510    0.0000   -0.0197      5    0.0030    0.0000
  270   27   -1.6885      4    1.1281    0.0000   -0.0204      4    0.0037    0.0000
  270   32   -0.9680      3    0.2602    0.0000   -0.0117      3    0.0014    0.0000
  270   33    0.5116      3    0.6204    0.0000   -0.0101      3    0.0024    0.0000
  270   34   -0.3501      4    0.6339    0.0000   -0.0049      4    0.0063    0.0000
  270   39   -0.1042      3    1.3816    0.0000   -0.0079      3    0.0020    0.0000
  270   49    0.9353      3    0.1498    0.0000    0.0039      3    0.0017    0.0000
  270   51    0.3757      5    0.4930    0.0000    0.0050      5    0.0038    0.0000
  270   52   -0.2661      3    0.1007    0.0000   -0.0062      3    0.0001    0.0000
  270   54    0.0965      2    0.1245    0.0000    0.0077      2    0.0006    0.0000
  270   58   -0.0508      2    0.0780    0.0000   -0.0005      2    0.0010    0.0000
  270   65    0.2999      2    0.1508    0.0000    0.0145      2    0.0013    0.0000
  270   67    0.0310      2    0.3401    0.0000    0.0083      2    0.0029    0.0000
  270   69    0.3768      2    0.2270    0.0000    0.0071      2    0.0021    0.0000
  271   16   -0.3522      5    1.8815    0.0000   -0.0058      5    0.0071    0.0000
  271   23    1.2901      4    1.0256    0.0000   -0.0069      4    0.0051    0.0000
  271   28   -2.4858      3    1.1073    0.0000   -0.0120      3    0.0018    0.0000
  271   32    0.3087      4    1.0769    0.0000   -0.0070      4    0.0046    0.0000
  271   33    0.3183      4    0.5197    0.0000   -0.0144      4    0.0037    0.0000
  271   35   -0.2334      3    0.7940    0.0000    0.0011      3    0.0021    0.0000
  271   39    0.3022      4    1.2209    0.0000   -0.0063      4    0.0009    0.0000
  271   49    0.5420      3    0.2425    0.0000    0.0047      3    0.0029    0.0000
  271   51    0.0352      3    0.2201    0.0000    0.0024      3    0.0010    0.0000
  271   52   -0.6300      3    0.3992    0.0000    0.0073      3    0.0013    0.0000
  271   53    0.0886      2    0.0544    0.0000   -0.0041      2    0.0001    0.0000
  271   54   -0.2756      3    0.5166    0.0000    0.0076      3    0.0015    0.0000
  271   58   -0.2529      2    0.1027    0.0000    0.0031      2    0.0015    0.0000
  271   70   -0.3181      2    0.1919    0.0000    0.0015      2    0.0009    0.0000
  272   16    0.1617      5    1.1625    0.0000    0.0013      5    0.0054    0.0000
  272   23   -0.1986      4    1.7321    0.0000    0.0139      4    0.0128    0.0000
  272   28   -2.0415      3    0.8203    0.0000   -0.0221      3    0.0023    0.0000
  272   33    0.0324      6    0.9107    0.0000   -0.0089      6    0.0037    0.0000
  272   35    0.2601      4    1.2013    0.0000    0.0072      4    0.0034    0.0000
  272   39    0.0861      3    0.3539    0.0000   -0.0065      3    0.0035    0.0000
  272   49    0.3333      2    0.1259    0.0000    0.0030      2    0.0010    0.0000
  272   51   -0.1169      2    0.5811    0.0000   -0.0003      2    0.0011    0.0000
  272   52   -0.6596      3    0.2984    0.0000    0.0015      3    0.0053    0.0000
  272   53   -0.1883      3    0.5684    0.0000   -0.0026      3    0.0006    0.0000
  272   54   -0.7609      2    0.6122    0.0000    0.0053      2    0.0004    0.0000
  272   58   -1.5199      2    0.4512    0.0000    0.0003      2    0.0002    0.0000
  272   66    0.3286      2    0.0440    0.0000    0.0114      2    0.0009    0.0000
  272   67   -0.4714      2    0.0217    0.0000    0.0099      2    0.0037    0.0000
  273   16    0.2660      3    1.0067    0.0000    0.0067      3    0.0052    0.0000
  273   24   -0.5968      5    0.4178    0.0000    0.0208      5    0.0051    0.0000
  273   28   -2.3640      4    0.8275    0.0000   -0.0235      4    0.0038    0.0000
  273   33    0.8377      4    0.8101    0.0000   -0.0089      4    0.0036    0.0000
  273   34    0.3025      4    0.1566    0.0000   -0.0164      4    0.0040    0.0000
  273   36   -0.2696      3    0.6489    0.0000    0.0044      3    0.0022    0.0000
  273   39    0.7836      2    0.0860    0.0000   -0.0057      2    0.0008    0.0000
  273   49    0.3136      3    0.4004    0.0000   -0.0006      3    0.0036    0.0000
  273   52   -0.7195      6    0.7848    0.0000    0.0005      6    0.0034    0.0000
  273   53   -0.4054      4    0.3163    0.0000    0.0012      4    0.0026    0.0000
  273   54   -0.6458      2    0.2088    0.0000    0.0038      2    0.0027    0.0000
  273   58   -0.6504      2    0.1641    0.0000   -0.0004      2    0.0030    0.0000
  273   66    0.5479      2    0.1275    0.0000    0.0102      2    0.0007    0.0000
  273   69   -0.0126      2    0.2625    0.0000    0.0036      2    0.0003    0.0000
  273   83    0.3266      2    0.1729    0.0000   -0.0077      2    0.0041    0.0000
  274   17    0.1589      4    0.9548    0.0000    0.0022      4    0.0066    0.0000
  274   24   -2.6728      2    0.2468    0.0000    0.0215      2    0.0002    0.0000
  274   25   -0.6696      2    0.6437    0.0000    0.0185      2    0.0042    0.0000
  274   28   -1.5179      4    1.1257    0.0000   -0.0133      4    0.0050    0.0000
  274   33   -0.6517      2    0.0801    0.0000   -0.0084      2    0.0049    0.0000
  274   34    0.3890      5    0.4879    0.0000   -0.0129      5    0.0080    0.0000
  274   36   -0.6281      4    0.9979    0.0000   -0.0036      4    0.0041    0.0000
  274   40    0.1041      3    0.1873    0.0000   -0.0078      3    0.0017    0.0000
  274   49    0.1407      2    0.2500    0.0000   -0.0013      2    0.0013    0.0000
  274   52    0.1849      3    0.2549    0.0000    0.0010      3    0.0044    0.0000
  274   53   -0.2074      4    0.1614    0.0000    0.0020      4    0.0027    0.0000
  274   54   -0.1779      2    0.3651    0.0000    0.0039      2    0.0012    0.0000
  274   58   -0.1536      2    0.2345    0.0000   -0.0077      2    0.0017    0.0000
  274   67    0.0498      2    0.3587    0.0000    0.0034      2    0.0008    0.0000
  274   70   -0.4596      2    0.1961    0.0000    0.0002      2    0.0010    0.0000
  275   17    0.2369      5    0.7454    0.0000   -0.0009      5    0.0081    0.0000
  275   18    3.8136      4    1.0657    0.0000   -0.0454      4    0.0034    0.0000
  275   25   -1.0304      5    0.7179    0.0000    0.0045      5    0.0038    0.0000
  275   28   -1.3778      4    0.4718    0.0000   -0.0057      4    0.0015    0.0000
  275   34    0.6971      9    0.7231    0.0000   -0.0117      8    0.0037   11.1111
  275   37   -0.0269      3    0.4542    0.0000   -0.0040      3    0.0033    0.0000
  275   40    0.7418      3    0.7743    0.0000   -0.0097      3    0.0007    0.0000
  275   49    0.6875      3    0.4403    0.0000   -0.0022      3    0.0009    0.0000
  275   52    0.0828      3    0.1727    0.0000   -0.0013      3    0.0027    0.0000
  275   53   -0.5022      4    0.3183    0.0000    0.0016      4    0.0016    0.0000
  275   54    0.0832      3    0.1257    0.0000    0.0021      3    0.0011    0.0000
  275   58   -0.1978      2    0.1983    0.0000   -0.0034      2    0.0017    0.0000
  275   66    0.4256      2    0.0439    0.0000    0.0118      2    0.0009    0.0000
  275   69    0.4403      2    0.3204    0.0000    0.0056      2    0.0010    0.0000
  275   83    0.5611      2    0.3140    0.0000   -0.0079      2    0.0043    0.0000
  276   17    0.5876      4    1.3227    0.0000    0.0052      4    0.0061    0.0000
  276   18    2.4846      2    0.6398    0.0000   -0.0054      2    0.0127    0.0000
  276   19    1.4999      3    1.6623    0.0000   -0.0065      3    0.0057    0.0000
  276   26   -0.7057      7    1.3638    0.0000   -0.0090      7    0.0085    0.0000
  276   28   -1.0619      3    0.3220    0.0000   -0.0103      3    0.0043    0.0000
  276   34    1.0505      4    0.2919    0.0000   -0.0032      4    0.0058    0.0000
  276   35    1.0853      3    0.3929    0.0000   -0.0004      3    0.0048    0.0000
  276   37   -0.5426      4    0.7735    0.0000    0.0021      4    0.0047    0.0000
  276   40    0.5911      4    0.6403    0.0000   -0.0055      4    0.0012    0.0000
  276   49    0.9681      3    0.1456    0.0000    0.0003      3    0.0019    0.0000
  276   53    0.0120      9    0.5964    0.0000    0.0017      9    0.0039    0.0000
  276   54    0.4176      3    0.1759    0.0000    0.0028      3    0.0023    0.0000
  276   58   -0.1821      2    0.5160    0.0000   -0.0042      2    0.0016    0.0000
  276   66    0.4126      2    0.2120    0.0000    0.0055      2    0.0006    0.0000
  276   68    0.2955      2    0.1897    0.0000    0.0060      2    0.0003    0.0000
  277   19    0.4515      5    2.0242    0.0000    0.0083      5    0.0089    0.0000
  277   26   -0.8289      9    0.5663    0.0000   -0.0097      9    0.0090    0.0000
  277   29    0.4196      3    1.1487    0.0000   -0.0244      3    0.0030    0.0000
  277   34    0.1883      4    1.0731    0.0000    0.0007      4    0.0044    0.0000
  277   35    0.7811      4    0.7794    0.0000   -0.0029      4    0.0029    0.0000
  277   37   -0.4992      2    0.3503    0.0000    0.0021      2    0.0051    0.0000
  277   38   -0.0943      2    1.4664    0.0000    0.0006      2    0.0011    0.0000
  277   40    0.2202      3    0.3504    0.0000   -0.0063      3    0.0019    0.0000
  277   49    0.7873      2    0.4889    0.0000    0.0004      2    0.0000    0.0000
  277   53    0.1652      6    0.3995    0.0000    0.0042      6    0.0017    0.0000
  277   58   -0.1995      2    0.0266    0.0000   -0.0062      2    0.0010    0.0000
  277   67   -0.0896      2    0.4070    0.0000    0.0085      2    0.0015    0.0000
  277   68    0.0637      4    0.0304    0.0000    0.0023      4    0.0042    0.0000
  277   70    0.5059      2    0.2146    0.0000   -0.0004      2    0.0000    0.0000
  278   20    0.2387      4    1.6029    0.0000    0.0127      4    0.0029    0.0000
  278   27    0.3877      4    0.7239    0.0000   -0.0101      4    0.0064    0.0000
  278   29    0.1328      4    0.4423    0.0000   -0.0149      4    0.0057    0.0000
  278   34    0.3124      3    0.9432    0.0000    0.0000      3    0.0053    0.0000
  278   35    0.5441      2    0.9145    0.0000   -0.0046      2    0.0002    0.0000
  278   38   -1.3108      4    0.5049    0.0000   -0.0004      4    0.0059    0.0000
  278   40   -1.1101      3    0.8146    0.0000   -0.0045      3    0.0012    0.0000
  278   49    0.6659      3    0.3837    0.0000    0.0025      3    0.0003    0.0000
  278   53    0.1001      7    0.5274    0.0000    0.0022      7    0.0015    0.0000
  278   54   -0.0343      2    0.4381    0.0000    0.0090      2    0.0007    0.0000
  278   55    0.5001      3    0.4121    0.0000   -0.0013      3    0.0027    0.0000
  278   58   -0.2984      2    0.2053    0.0000   -0.0036      2    0.0014    0.0000
  278   68   -0.0020      2    0.2787    0.0000    0.0035      2    0.0026    0.0000
  279   18    0.9434      3    1.8082    0.0000   -0.0182      3    0.0042    0.0000
  279   20   -0.1436      4    1.6326    0.0000   -0.0027      4    0.0075    0.0000
  279   27   -1.0719      4    0.9457    0.0000   -0.0124      4    0.0014    0.0000
  279   29   -0.3161      4    0.6274    0.0000   -0.0005      4    0.0074    0.0000
  279   34   -0.0880      4    1.0211    0.0000   -0.0081      4    0.0046    0.0000
  279   36    0.0638      4    0.7748    0.0000    0.0027      4    0.0052    0.0000
  279   38   -0.7873      2    1.0937    0.0000    0.0018      2    0.0002    0.0000
  279   40   -0.8778      3    0.2824    0.0000   -0.0038      3    0.0042    0.0000
  279   49    0.2404      2    0.1745    0.0000    0.0034      2    0.0028    0.0000
  279   53   -0.2774      2    0.0793    0.0000   -0.0014      2    0.0002    0.0000
  279   54   -0.0586      5    0.1999    0.0000    0.0037      5    0.0036    0.0000
  279   55    0.3591      2    0.3422    0.0000    0.0037      2    0.0019    0.0000
  279   58   -0.2878      3    0.3220    0.0000   -0.0047      3    0.0016    0.0000
  279   67    0.9084      2    0.0126    0.0000    0.0080      2    0.0004    0.0000
  279   68    0.5557      3    0.3797    0.0000    0.0024      3    0.0035    0.0000
  280   18   -2.0935      5    1.0021    0.0000   -0.0069      5    0.0094    0.0000
  280   21   -1.0019      5    0.7433    0.0000   -0.0061      5    0.0073    0.0000
  280   28   -1.7778      5    0.7329    0.0000   -0.0038      5    0.0036    0.0000
  280   29   -0.1576      4    1.1241    0.0000    0.0123      4    0.0029    0.0000
  280   34   -0.1742      3    0.5171    0.0000   -0.0119      3    0.0058    0.0000
  280   36   -0.2725      4    0.6168    0.0000   -0.0012      4    0.0035    0.0000
  280   39   -0.5099      4    1.2733    0.0000    0.0016      4    0.0025    0.0000
  280   40   -1.2202      3    0.2655    0.0000   -0.0077      3    0.0013    0.0000
  280   49   -0.2106      3    0.1096    0.0000    0.0001      3    0.0006    0.0000
  280   53   -0.5002      3    0.1240    0.0000   -0.0036      3    0.0020    0.0000
  280   54    0.5302      5    0.5644    0.0000    0.0065      5    0.0020    0.0000
  280   55    0.4643      3    0.0009    0.0000   -0.0041      3    0.0008    0.0000
  280   58   -0.6705      2    0.0443    0.0000   -0.0077      2    0.0002    0.0000
  280   67    0.4397      2    0.2129    0.0000    0.0053      2    0.0014    0.0000
  280   68    0.0493      3    0.1831    0.0000    0.0030      3    0.0036    0.0000
  281   18   -2.5285      4    0.7261    0.0000   -0.0162      4    0.0083    0.0000
  281   21   -1.8481      3    1.1175    0.0000   -0.0179      3    0.0030    0.0000
  281   28   -1.9736      2    0.7879    0.0000   -0.0113      2    0.0025    0.0000
  281   29   -1.0384      5    0.4212    0.0000   -0.0067      5    0.0073    0.0000
  281   34    0.4633      4    0.5472    0.0000   -0.0041      4    0.0017    0.0000
  281   37   -0.5750      4    1.1054    0.0000   -0.0027      4    0.0035    0.0000
  281   39   -0.5946      8    0.6607    0.0000   -0.0032      8    0.0070    0.0000
  281   49    0.2170      3    0.1076    0.0000   -0.0025      3    0.0015    0.0000
  281   53   -0.7893      2    0.1542    0.0000   -0.0037      2    0.0023    0.0000
  281   54    0.2544      5    0.4648    0.0000    0.0061      5    0.0021    0.0000
  281   57   -0.1983      2    0.1908    0.0000   -0.0037      2    0.0010    0.0000
  281   68    0.0730      2    0.0475    0.0000    0.0060      2    0.0002    0.0000
  281   69    0.0674      2    0.0745    0.0000    0.0021      2    0.0021    0.0000
  282   18   -1.2873      4    1.1307    0.0000   -0.0064      4    0.0072    0.0000
  282   22   -0.4003      5    2.7515    0.0000   -0.0126      5    0.0094    0.0000
  282   29    0.1044      9    0.8198    0.0000   -0.0139      8    0.0027   11.1111
  282   34    1.0434      3    0.4314    0.0000   -0.0006      3    0.0024    0.0000
  282   37   -1.0096      4    0.4563    0.0000   -0.0026      4    0.0048    0.0000
  282   39    0.2896      3    0.5439    0.0000   -0.0093      3    0.0041    0.0000
  282   40   -0.0522      4    0.7685    0.0000    0.0048      4    0.0053    0.0000
  282   49   -0.3186      2    0.0549    0.0000    0.0022      2    0.0011    0.0000
  282   53   -0.0805      2    0.3881    0.0000   -0.0059      2    0.0023    0.0000
  282   54    0.4584      3    0.4124    0.0000    0.0080      3    0.0027    0.0000
  282   55    0.3412      2    0.9328    0.0000    0.0116      2    0.0002    0.0000
  282   56    0.6126      2    0.5188    0.0000    0.0035      2    0.0009    0.0000
  282   57   -0.4909      2    0.2444    0.0000   -0.0060      2    0.0007    0.0000
  282   67    0.7513      2    0.0048    0.0000    0.0043      2    0.0027    0.0000
  282   68    0.0422      4    0.1692    0.0000    0.0025      4    0.0008    0.0000
  283   18   -2.3216      5    1.2448    0.0000   -0.0164      5    0.0082    0.0000
  283   22    0.4889      2    0.3927    0.0000   -0.0103      2    0.0032    0.0000
  283   23    0.6544      3    0.3250    0.0000   -0.0124      3    0.0107    0.0000
  283   29   -0.3122      6    0.7207    0.0000   -0.0077      6    0.0063    0.0000
  283   30   -0.6096      2    0.2879    0.0000   -0.0156      2    0.0012    0.0000
  283   34    0.5807      4    0.9854    0.0000    0.0002      4    0.0040    0.0000
  283   38    0.6522      3    0.4210    0.0000    0.0037      3    0.0041    0.0000
  283   39   -0.9552      3    0.5513    0.0000   -0.0070      3    0.0016    0.0000
  283   40   -0.8952      3    1.0498    0.0000   -0.0043      3    0.0031    0.0000
  283   49    0.3659      2    0.5913    0.0000    0.0016      2    0.0024    0.0000
  283   52   -0.6241      3    0.3000    0.0000   -0.0032      3    0.0027    0.0000
  283   55    0.5154      5    0.2613    0.0000    0.0058      5    0.0020    0.0000
  283   56    0.2928      3    0.2312    0.0000   -0.0014      3    0.0015    0.0000
  283   57   -0.0600      2    0.0932    0.0000   -0.0037      2    0.0010    0.0000
  283   68    0.3446      2    0.1155    0.0000    0.0033      2    0.0011    0.0000
  283   69    0.0340      3    0.1860    0.0000    0.0033      3    0.0011    0.0000
  284   18   -1.5820      3    0.9204    0.0000   -0.0239      3    0.0009    0.0000
  284   23   -0.3593      5    1.6704    0.0000   -0.0015      5    0.0052    0.0000
  284   29   -0.2107      4    0.9289    0.0000    0.0058      4    0.0078    0.0000
  284   30   -0.8531      5    0.5276    0.0000   -0.0151      5    0.0031    0.0000
  284   34    0.2040      3    1.0160    0.0000   -0.0017      3    0.0060    0.0000
  284   38    0.4628      4    0.3791    0.0000    0.0058      4    0.0039    0.0000
  284   39   -0.4675      4    0.9899    0.0000   -0.0082      4    0.0017    0.0000
  284   40   -0.3811      2    0.9321    0.0000   -0.0011      2    0.0029    0.0000
  284   41   -0.8909      2    0.9054    0.0000   -0.0059      2    0.0039    0.0000
  284   48    0.0158      3    0.5766    0.0000    0.0007      3    0.0022    0.0000
  284   52   -0.2334      2    0.8179    0.0000   -0.0032      2    0.0044    0.0000
  284   55    0.4932      5    0.1736    0.0000    0.0080      5    0.0020    0.0000
  284   56    0.8847      2    0.2858    0.0000   -0.0022      2    0.0008    0.0000
  284   57   -0.3607      3    0.5116    0.0000   -0.0021      3    0.0023    0.0000
  284   68    0.3004      2    0.2170    0.0000    0.0029      2    0.0026    0.0000
  284   69   -0.2101      3    0.2457    0.0000   -0.0002      3    0.0019    0.0000
  285   19   -0.5800      4    0.7125    0.0000   -0.0024      4    0.0058    0.0000
  285   24   -0.1642      5    1.0643    0.0000    0.0052      5    0.0058    0.0000
  285   29   -0.3750      4    1.6455    0.0000   -0.0049      4    0.0055    0.0000
  285   31   -0.9778      3    0.7165    0.0000   -0.0025      3    0.0006    0.0000
  285   34    0.1486      4    0.3768    0.0000    0.0046      4    0.0020    0.0000
  285   38    0.2434      2    0.7180    0.0000    0.0053      2    0.0032    0.0000
  285   39   -0.2608      4    0.7103    0.0000   -0.0063      4    0.0016    0.0000
  285   41   -0.4100      4    0.6346    0.0000   -0.0041      4    0.0049    0.0000
  285   48    1.1287      3    0.3308    0.0000   -0.0019      3    0.0015    0.0000
  285   52   -0.1719      3    0.2610    0.0000    0.0035      3    0.0060    0.0000
  285   55    0.3664      5    0.4319    0.0000    0.0062      5    0.0018    0.0000
  285   56   -0.1473      2    0.0136    0.0000   -0.0049      2    0.0028    0.0000
  285   57    0.3922      3    0.4174    0.0000   -0.0012      3    0.0026    0.0000
  285   67    0.4336      2    0.1135    0.0000    0.0050      2    0.0004    0.0000
  285   68    0.5506      2    0.2415    0.0000    0.0054      2    0.0007    0.0000
  285   69   -0.0273      3    0.3016    0.0000    0.0023      3    0.0010    0.0000
  286   19   -1.7203      5    1.5562    0.0000    0.0150      5    0.0143    0.0000
  286   24   -0.0758      4    0.7930    0.0000    0.0121      4    0.0086    0.0000
  286   29   -0.9989      3    1.2859    0.0000    0.0001      3    0.0081    0.0000
  286   31   -0.9407      5    1.6333    0.0000    0.0009      5    0.0052    0.0000
  286   34   -0.8667      3    0.2145    0.0000    0.0078      3    0.0063    0.0000
  286   39    0.0584      6    0.3442   14.2857   -0.0072      7    0.0058    0.0000
  286   41   -0.6778      3    1.1672    0.0000    0.0046      3    0.0044    0.0000
  286   48    0.6895      2    0.3120    0.0000   -0.0039      2    0.0008    0.0000
  286   52   -0.6636      3    0.1532    0.0000   -0.0020      3    0.0019    0.0000
  286   55    0.2765      5    0.2446    0.0000    0.0063      5    0.0018    0.0000
  286   57    0.2391      4    0.2311    0.0000   -0.0038      4    0.0027    0.0000
  286   68    0.3557      3    0.2088    0.0000    0.0015      3    0.0020    0.0000
  287   19   -0.1413      4    1.6575    0.0000    0.0083      4    0.0083    0.0000
  287   25   -1.4867      5    0.7580    0.0000    0.0077      5    0.0043    0.0000
  287   29   -1.1266      4    1.0950    0.0000   -0.0133      4    0.0176    0.0000
  287   32   -1.4595      3    0.8687    0.0000   -0.0048      3    0.0059    0.0000
  287   34   -0.0921      4    0.7262    0.0000    0.0116      4    0.0040    0.0000
  287   39    0.4567      8    0.6211    0.0000   -0.0065      7    0.0016   12.5000
  287   42   -1.3330      4    0.5675    0.0000   -0.0010      4    0.0020    0.0000
  287   48    0.8761      3    0.2372    0.0000    0.0006      3    0.0037    0.0000
  287   56    0.2025      7    0.4968    0.0000    0.0031      7    0.0032    0.0000
  287   57    0.4667      2    0.2117    0.0000   -0.0010      2    0.0008    0.0000
  287   67   -0.0010      2    0.0687    0.0000    0.0019      2    0.0004    0.0000
  287   68    0.7256      3    0.3965    0.0000    0.0007      3    0.0024    0.0000
  287   69   -0.4456      2    0.0284    0.0000   -0.0010      2    0.0005    0.0000
  288   19    0.1790      4    0.9421    0.0000   -0.0089      4    0.0095    0.0000
  288   25   -0.4425      3    1.2515    0.0000    0.0131      3    0.0061    0.0000
  288   26    1.0993      2    1.4625    0.0000    0.0198      2    0.0038    0.0000
  288   29   -0.5273      4    0.6199    0.0000    0.0056      4    0.0138    0.0000
  288   32   -1.4660      5    0.9592    0.0000   -0.0066      5    0.0008    0.0000
  288   34   -0.6200      3    0.6198    0.0000    0.0007      3    0.0053    0.0000
  288   39    0.0271      3    0.8057    0.0000   -0.0015      3    0.0011    0.0000
  288   40   -0.0431      4    0.3391    0.0000   -0.0045      4    0.0028    0.0000
  288   42   -0.2884      3    0.6825    0.0000   -0.0034      3    0.0049    0.0000
  288   48    1.1174      3    0.7538    0.0000   -0.0007      3    0.0038    0.0000
  288   51   -0.8047      3    0.1755    0.0000    0.0004      3    0.0016    0.0000
  288   56    0.3974      7    0.5627    0.0000    0.0017      7    0.0058    0.0000
  288   57    0.5569      3    0.2000    0.0000    0.0007      3    0.0017    0.0000
  288   67   -0.2335      2    0.2497    0.0000    0.0030      2    0.0005    0.0000
  288   68    0.5872      3    0.1099    0.0000    0.0027      3    0.0008    0.0000
  289   19    1.2015      5    1.0810    0.0000    0.0004      5    0.0053    0.0000
  289   26   -1.1271      5    1.1723    0.0000    0.0089      5    0.0067    0.0000
  289   29   -0.6604      4    0.6182    0.0000    0.0155      4    0.0083    0.0000
  289   33   -0.2792      8    0.8351    0.0000   -0.0009      8    0.0060    0.0000
  289   38   -0.2233      3    0.9490    0.0000    0.0041      3    0.0022    0.0000
  289   40   -0.0088      3    0.1464    0.0000    0.0024      3    0.0040    0.0000
  289   42    0.2562      2    1.5218    0.0000    0.0027      2    0.0070    0.0000
  289   43   -0.0021      2    0.0741    0.0000   -0.0016      2    0.0009    0.0000
  289   47    0.9207      2    0.0219    0.0000   -0.0037      2    0.0011    0.0000
  289   51   -1.2271      3    0.5782    0.0000   -0.0002      3    0.0031    0.0000
  289   56    0.3691      8    0.4368    0.0000   -0.0001      8    0.0068    0.0000
  289   57    0.6089      2    0.4860    0.0000    0.0039      2    0.0001    0.0000
  289   68    0.1814      4    0.2874    0.0000    0.0043      4    0.0020    0.0000
  289   69    0.1272      2    0.0881    0.0000    0.0008      2    0.0004    0.0000
  290   16   -2.6304      5    1.1477    0.0000   -0.0199      5    0.0065    0.0000
  290   19    0.4045      4    1.8248    0.0000    0.0053      4    0.0062    0.0000
  290   23    0.0711      4    1.0737    0.0000   -0.0076      4    0.0104    0.0000
  290   27    0.3584      3    0.2913    0.0000    0.0114      3    0.0046    0.0000
  290   29   -0.0838      4    0.6278    0.0000    0.0093      4    0.0120    0.0000
  290   33    0.0367      8    1.3613    0.0000    0.0006      8    0.0060    0.0000
  290   38   -0.7324      4    0.7596    0.0000    0.0028      4    0.0031    0.0000
  290   40   -0.1751      3    0.9301    0.0000    0.0024      3    0.0029    0.0000
  290   43   -0.1602      3    0.0542    0.0000    0.0026      3    0.0015    0.0000
  290   47    0.0005      3    0.5110    0.0000   -0.0029      3    0.0015    0.0000
  290   51   -1.1825      3    0.8333    0.0000   -0.0053      3    0.0027    0.0000
  290   56    0.3859      7    0.4119    0.0000   -0.0007      7    0.0086    0.0000
  290   57    0.7282      2    0.1226    0.0000    0.0024      2    0.0017    0.0000
  290   68    0.3812      2    0.5131    0.0000    0.0020      2    0.0000    0.0000
  290   84   -0.3741      2    0.3314    0.0000   -0.0077      2    0.0066    0.0000
  291   17    0.5059      5    2.0873    0.0000   -0.0263      5    0.0077    0.0000
  291   19   -0.5214      4    0.3604    0.0000    0.0161      4    0.0064    0.0000
  291   23    0.4690      3    0.9421    0.0000    0.0132      3    0.0048    0.0000
  291   24   -1.0269      2    2.1141    0.0000    0.0009      2    0.0089    0.0000
  291   27    0.3438      5    1.1156    0.0000    0.0098      5    0.0075    0.0000
  291   29    0.3266      3    0.8273    0.0000    0.0092      3    0.0097    0.0000
  291   33    0.3885      4    0.7324    0.0000    0.0114      4    0.0029    0.0000
  291   34   -0.7169      4    0.7150    0.0000    0.0029      4    0.0022    0.0000
  291   38   -1.1643      4    0.2342    0.0000    0.0017      4    0.0010    0.0000
  291   41   -0.6154      4    0.5090    0.0000   -0.0008      4    0.0033    0.0000
  291   43    0.1902      4    1.1099    0.0000   -0.0011      4    0.0056    0.0000
  291   47    0.0601      3    0.2635    0.0000   -0.0024      3    0.0025    0.0000
  291   50   -0.8392      3    0.3842    0.0000   -0.0048      3    0.0033    0.0000
  291   55    0.0865      3    0.2718    0.0000   -0.0141      3    0.0026    0.0000
  291   56    0.2095      3    0.4678    0.0000    0.0054      3    0.0017    0.0000
  291   58    0.0169      2    0.1696    0.0000    0.0006      2    0.0011    0.0000
  291   66    0.1753      2    0.0619    0.0000    0.0029      2    0.0019    0.0000
  291   67    0.2762      2    0.1295    0.0000    0.0043      2    0.0008    0.0000
  291   68    0.3851      2    0.2828    0.0000    0.0027      2    0.0009    0.0000
  292   17    1.9431      3    0.6569    0.0000   -0.0058      3    0.0075    0.0000
  292   18    1.0820      3    2.1929    0.0000   -0.0051      3    0.0012    0.0000
  292   19   -0.0639      5    1.3751    0.0000    0.0069      5    0.0055    0.0000
  292   24   -0.8951      5    0.5390    0.0000    0.0033      5    0.0058    0.0000
  292   28   -0.5917      7    1.0671    0.0000    0.0093      7    0.0077    0.0000
  292   29   -0.2145      2    0.8356    0.0000    0.0176      2    0.0020    0.0000
  292   33    0.1363      4    0.9069    0.0000    0.0116      4    0.0024    0.0000
  292   34    0.3926      4    0.5148    0.0000    0.0023      4    0.0021    0.0000
  292   38   -1.6555      3    0.8364    0.0000    0.0007      3    0.0043    0.0000
  292   41   -0.9559      3    0.6542    0.0000    0.0026      3    0.0031    0.0000
  292   44   -0.4009      2    1.1113    0.0000    0.0000      2    0.0006    0.0000
  292   47    0.0038      3    0.2755    0.0000   -0.0064      3    0.0014    0.0000
  292   50   -1.0369      3    0.0180    0.0000   -0.0062      3    0.0022    0.0000
  292   55    0.3935      3    0.5802    0.0000   -0.0134      3    0.0020    0.0000
  292   56   -0.4279      3    0.1034    0.0000    0.0016      3    0.0010    0.0000
  292   57   -0.2622      2    0.2429    0.0000    0.0030      2    0.0014    0.0000
  292   58   -0.1187      3    0.4255    0.0000    0.0017      3    0.0016    0.0000
  292   66    0.0121      2    0.2627    0.0000    0.0005      2    0.0011    0.0000
  292   67   -0.1986      2    0.1992    0.0000    0.0022      2    0.0003    0.0000
  292   69    0.5531      2    0.2371    0.0000    0.0044      2    0.0014    0.0000
  292   84   -0.2411      2    0.2734    0.0000   -0.0051      2    0.0069    0.0000
  293   18    0.4809      4    2.7511    0.0000   -0.0051      4    0.0034    0.0000
  293   19   -0.5664      5    1.0483    0.0000   -0.0006      5    0.0046    0.0000
  293   25    1.1858      4    0.9726    0.0000   -0.0062      4    0.0120    0.0000
  293   28   -0.3102      8    0.9522    0.0000    0.0084      8    0.0045    0.0000
  293   33    0.0327      4    0.4125    0.0000    0.0126      4    0.0064    0.0000
  293   35   -0.0881      3    0.6072    0.0000    0.0071      3    0.0030    0.0000
  293   37   -0.4501      3    0.9962    0.0000    0.0025      3    0.0043    0.0000
  293   41   -0.6671      2    0.0917    0.0000    0.0030      2    0.0005    0.0000
  293   42   -1.4954      2    0.3601    0.0000    0.0029      2    0.0052    0.0000
  293   44   -0.5334      3    0.2265    0.0000   -0.0018      3    0.0025    0.0000
  293   46    0.2055      2    0.2200    0.0000   -0.0024      2    0.0006    0.0000
  293   50   -0.0426      3    0.1820    0.0000   -0.0053      3    0.0056    0.0000
  293   55    0.2820      2    0.4102    0.0000   -0.0069      2    0.0006    0.0000
  293   57    0.1727      4    0.2126    0.0000    0.0009      4    0.0006    0.0000
  293   58   -0.2040      2    0.0745    0.0000   -0.0009      2    0.0008    0.0000
  293   66    0.0301      2    0.4960    0.0000    0.0028      2    0.0002    0.0000
  293   67   -0.1537      2    0.5075    0.0000   -0.0032      2    0.0001    0.0000
  293   68    0.8137      2    0.1074    0.0000    0.0028      2    0.0011    0.0000
  294   18   -0.7231      3    0.2335    0.0000    0.0060      3    0.0069    0.0000
  294   19    0.6022      7    1.2440    0.0000   -0.0029      7    0.0036    0.0000
  294   25   -1.3042      4    1.0889    0.0000    0.0003      4    0.0040    0.0000
  294   28    1.1760      4    0.5247    0.0000    0.0066      4    0.0063    0.0000
  294   29    1.9685      5    1.2118    0.0000    0.0153      5    0.0041    0.0000
  294   32   -0.2566      3    0.6029    0.0000    0.0205      3    0.0012    0.0000
  294   35   -1.0850      5    0.6048    0.0000   -0.0029      5    0.0014    0.0000
  294   37   -1.4895      3    0.3537    0.0000    0.0013      3    0.0054    0.0000
  294   42   -1.2742      4    0.3901    0.0000   -0.0020      4    0.0042    0.0000
  294   44   -0.5598      4    0.7985    0.0000   -0.0035      4    0.0039    0.0000
  294   46   -0.3121      3    1.1839    0.0000   -0.0051      3    0.0009    0.0000
  294   49   -0.1051      3    0.3861    0.0000   -0.0038      3    0.0032    0.0000
  294   54   -0.1345      3    0.7389    0.0000   -0.0103      3    0.0032    0.0000
  294   57    0.0320      5    0.1746    0.0000    0.0015      5    0.0021    0.0000
  294   58   -0.1699      2    0.0333    0.0000    0.0032      2    0.0020    0.0000
  294   65    0.8756      2    0.7352    0.0000    0.0022      2    0.0005    0.0000
  295   12   -0.4233      3    1.1187    0.0000   -0.0034      3    0.0065    0.0000
  295   18   -0.0458      5    0.9689    0.0000    0.0057      5    0.0086    0.0000
  295   20   -0.0009      4    0.4884    0.0000   -0.0008      4    0.0018    0.0000
  295   26   -0.3852      4    1.2029    0.0000    0.0108      4    0.0042    0.0000
  295   28    1.4190      4    0.4163    0.0000    0.0178      4    0.0046    0.0000
  295   29    1.4193      3    0.6882    0.0000    0.0142      3    0.0023    0.0000
  295   30   -0.0752      2    0.5702    0.0000    0.0047      2    0.0022    0.0000
  295   32   -0.4486      4    0.7529    0.0000    0.0137      4    0.0009    0.0000
  295   36   -1.3504      4    0.8356    0.0000   -0.0038      4    0.0026    0.0000
  295   37   -0.9623      4    0.4469    0.0000    0.0041      4    0.0021    0.0000
  295   42   -0.1957      3    0.4839    0.0000    0.0007      3    0.0016    0.0000
  295   45   -0.7462      2    1.2995    0.0000   -0.0119      2    0.0004    0.0000
  295   46   -0.5808      4    0.7299    0.0000   -0.0092      4    0.0031    0.0000
  295   49   -0.8577      3    0.3423    0.0000   -0.0010      3    0.0028    0.0000
  295   54    0.4640      3    0.0782    0.0000   -0.0104      3    0.0016    0.0000
  295   57    0.1655      4    0.1840    0.0000    0.0009      4    0.0016    0.0000
  295   58   -0.0224      2    0.1336    0.0000    0.0036      2    0.0001    0.0000
  295   65    0.0247      2    0.2137    0.0000    0.0026      2    0.0015    0.0000
  295   66    0.6769      2    0.1737    0.0000    0.0014      2    0.0022    0.0000
  295   68    0.3110      2    0.0570    0.0000    0.0063      2    0.0005    0.0000
  295   69    0.4911      2    0.0081    0.0000    0.0014      2    0.0001    0.0000
  296   13    0.6272      5    2.0326    0.0000    0.0089      5    0.0053    0.0000
  296   18    1.4635      4    0.5254    0.0000    0.0062      4    0.0100    0.0000
  296   20    0.7975      4    0.8030    0.0000   -0.0235      4    0.0067    0.0000
  296   21    0.8034      2    0.6552    0.0000   -0.0190      2    0.0013    0.0000
  296   27   -0.2261      4    0.9966    0.0000    0.0197      4    0.0066    0.0000
  296   28    1.5321      4    0.9373    0.0000    0.0180      4    0.0045    0.0000
  296   30    1.3580      4    0.6871    0.0000    0.0062      4    0.0103    0.0000
  296   32   -0.2893      4    0.3602    0.0000    0.0031      4    0.0048    0.0000
  296   36   -0.7712      6    0.4310    0.0000    0.0098      6    0.0066    0.0000
  296   37   -0.7068      2    1.1726    0.0000    0.0029      2    0.0019    0.0000
  296   43   -1.3875      3    0.5117    0.0000   -0.0015      3    0.0023    0.0000
  296   45   -0.5289      6    0.6778    0.0000   -0.0080      6    0.0032    0.0000
  296   48   -1.2050      3    0.1937    0.0000   -0.0024      3    0.0008    0.0000
  296   54   -0.2304      2    0.0435    0.0000   -0.0119      2    0.0013    0.0000
  296   57   -0.1909      5    0.3463    0.0000   -0.0004      5    0.0015    0.0000
  296   58   -0.1219      2    0.2766    0.0000    0.0026      2    0.0001    0.0000
  296   65   -0.2115      2    0.0142    0.0000   -0.0019      2    0.0011    0.0000
  296   66    0.5758      2    0.2558    0.0000    0.0050      2    0.0022    0.0000
  296   69    0.1957      2    0.5364    0.0000    0.0024      2    0.0012    0.0000
  297   13    1.3030      2    0.2969    0.0000   -0.0053      2    0.0040    0.0000
  297   14   -0.2842      5    0.7097    0.0000   -0.0023      5    0.0108    0.0000
  297   18   -0.5929      5    0.7488    0.0000    0.0135      5    0.0077    0.0000
  297   21    0.2528      5    1.5856    0.0000   -0.0004      5    0.0063    0.0000
  297   27   -1.1724      5    1.2346    0.0000    0.0151      5    0.0074    0.0000
  297   28   -0.4269      4    0.5989    0.0000    0.0197      4    0.0098    0.0000
  297   30    1.6936      2    1.6301    0.0000    0.0205      2    0.0000    0.0000
  297   31    0.1684      5    0.6772    0.0000    0.0132      5    0.0076    0.0000
  297   32   -0.8617      2    0.6400    0.0000    0.0128      2    0.0005    0.0000
  297   36   -0.8286      5    0.8575    0.0000    0.0060      5    0.0051    0.0000
  297   37   -0.7985      3    0.2863    0.0000    0.0092      3    0.0025    0.0000
  297   43   -0.5935      3    0.2754    0.0000   -0.0020      3    0.0021    0.0000
  297   45   -0.1456      6    0.5901    0.0000   -0.0040      6    0.0033    0.0000
  297   48   -0.6512      3    0.6921    0.0000   -0.0049      3    0.0044    0.0000
  297   53    0.1837      3    0.4169    0.0000   -0.0133      3    0.0026    0.0000
  297   57   -0.4010      2    0.0395    0.0000   -0.0003      2    0.0005    0.0000
  297   58    0.1086      4    0.4249    0.0000    0.0019      4    0.0008    0.0000
  297   64    0.5974      2    0.3056    0.0000   -0.0042      2    0.0001    0.0000
  297   65    0.5050      2    0.0005    0.0000    0.0002      2    0.0026    0.0000
  297   66    0.4322      2    0.0935    0.0000    0.0015      2    0.0006    0.0000
  297   69    0.5464      3    0.2656    0.0000    0.0023      3    0.0013    0.0000
  298   14    2.8396      2    0.5910    0.0000   -0.0190      2    0.0064    0.0000
  298   15    0.0787      4    1.4033    0.0000   -0.0080      4    0.0070    0.0000
  298   18   -0.9954      4    0.7980    0.0000   -0.0059      4    0.0022    0.0000
  298   22   -0.5062      5    0.6817    0.0000    0.0047      5    0.0056    0.0000
  298   27   -1.3051      5    0.9265    0.0000    0.0050      5    0.0047    0.0000
  298   28    0.8728      5    0.6463    0.0000    0.0036      5    0.0056    0.0000
  298   31    0.5644      8    0.7520    0.0000    0.0142      8    0.0063    0.0000
  298   36   -1.0494      4    0.4684    0.0000    0.0028      4    0.0035    0.0000
  298   37   -1.3185      5    0.4749    0.0000    0.0051      5    0.0022    0.0000
  298   43   -0.3026      4    0.2133    0.0000    0.0065      4    0.0016    0.0000
  298   45   -0.0934      4    0.5910    0.0000   -0.0060      4    0.0012    0.0000
  298   46   -0.1702      2    0.2517    0.0000    0.0026      2    0.0021    0.0000
  298   47   -0.3603      3    0.5398    0.0000   -0.0006      3    0.0005    0.0000
  298   53    0.4771      3    0.3119    0.0000   -0.0136      3    0.0034    0.0000
  298   57   -0.3060      2    0.0297    0.0000   -0.0018      2    0.0010    0.0000
  298   58    0.1646      3    0.3731    0.0000   -0.0012      3    0.0003    0.0000
  298   59   -0.0494      3    0.1974    0.0000    0.0009      3    0.0037    0.0000
  298   64    0.3984      2    0.3634    0.0000   -0.0002      2    0.0003    0.0000
  298   65    0.5340      2    0.2346    0.0000    0.0004      2    0.0020    0.0000
  298   69    0.3669      2    0.0025    0.0000    0.0053      2    0.0012    0.0000
  299   15    1.2170      3    1.6963    0.0000   -0.0106      3    0.0027    0.0000
  299   16   -0.3724      3    1.2419    0.0000   -0.0007      3    0.0060    0.0000
  299   18    0.4349      5    1.5426    0.0000    0.0030      5    0.0101    0.0000
  299   22    0.3629      2    0.4350    0.0000   -0.0004      2    0.0016    0.0000
  299   23   -0.9382      3    1.0172    0.0000    0.0047      3    0.0010    0.0000
  299   27    0.6137      4    0.1963    0.0000    0.0169      4    0.0057    0.0000
  299   28   -0.6512      2    0.5652    0.0000    0.0009      2    0.0013    0.0000
  299   29   -0.1570      4    1.9249    0.0000    0.0022      4    0.0035    0.0000
  299   31    0.0560      5    1.4670    0.0000    0.0102      5    0.0093    0.0000
  299   32   -0.0413      4    1.1805    0.0000    0.0188      4    0.0028    0.0000
  299   35   -0.0404      4    0.7187    0.0000    0.0014      4    0.0037    0.0000
  299   38   -1.4278      3    0.7343    0.0000    0.0027      3    0.0011    0.0000
  299   44    0.1626      6    0.6784    0.0000    0.0009      6    0.0061    0.0000
  299   46   -0.7945      3    0.8645    0.0000    0.0019      3    0.0019    0.0000
  299   47   -1.1312      4    0.2991    0.0000   -0.0011      4    0.0020    0.0000
  299   52   -0.0521      4    0.3840    0.0000   -0.0120      4    0.0038    0.0000
  299   57   -0.7162      2    0.1222    0.0000   -0.0014      2    0.0026    0.0000
  299   58   -0.6422      2    0.2624    0.0000   -0.0003      2    0.0005    0.0000
  299   59   -0.0594      2    0.6587    0.0000    0.0052      2    0.0019    0.0000
  299   64    0.3859      2    0.0925    0.0000   -0.0030      2    0.0002    0.0000
  299   65    0.3710      2    0.0663    0.0000   -0.0033      2    0.0003    0.0000
  299   69    0.8000      2    0.2662    0.0000    0.0024      2    0.0006    0.0000
  300   16    0.5659      4    1.9201    0.0000    0.0126      4    0.0103    0.0000
  300   17   -0.2885      4    1.0966    0.0000    0.0046      4    0.0102    0.0000
  300   18   -0.2072      3    0.2142    0.0000   -0.0040      3    0.0014    0.0000
  300   23   -1.3396      4    0.8567    0.0000   -0.0026      4    0.0104    0.0000
  300   24    1.7216      2    0.6242    0.0000    0.0032      2    0.0043    0.0000
  300   27   -1.0251      4    1.0806    0.0000    0.0166      4    0.0083    0.0000
  300   29   -0.3031      4    0.8542    0.0000    0.0004      4    0.0038    0.0000
  300   30    0.4419      3    0.4799    0.0000    0.0116      3    0.0034    0.0000
  300   31   -0.3065      2    0.3838    0.0000    0.0039      2    0.0044    0.0000
  300   32   -0.4668      4    1.3551    0.0000    0.0135      4    0.0008    0.0000
  300   35   -0.4560      4    0.6611    0.0000    0.0077      4    0.0023    0.0000
  300   38   -2.2496      4    0.1884    0.0000    0.0048      4    0.0033    0.0000
  300   44   -0.2348      8    0.7684    0.0000    0.0029      8    0.0050    0.0000
  300   46   -1.3272      8    0.6777    0.0000   -0.0017      8    0.0045    0.0000
  300   52   -0.4424      3    0.7019    0.0000   -0.0152      3    0.0007    0.0000
  300   57   -0.4960      2    0.1864    0.0000    0.0011      2    0.0016    0.0000
  300   58   -0.2598      2    0.0479    0.0000   -0.0007      2    0.0004    0.0000
  300   59    0.0812      2    0.0506    0.0000    0.0009      2    0.0011    0.0000
  300   63    0.4110      3    0.3333    0.0000   -0.0034      3    0.0000    0.0000
  300   64    0.3692      2    0.1155    0.0000   -0.0059      2    0.0010    0.0000
  301   17    0.3200      9    1.0791    0.0000    0.0038      9    0.0099    0.0000
  301   18   -0.6264      3    0.3457    0.0000    0.0080      3    0.0090    0.0000
  301   24    0.4768      5    0.8126    0.0000    0.0015      5    0.0039    0.0000
  301   26   -0.8472      4    0.9749    0.0000    0.0166      4    0.0089    0.0000
  301   30    0.0103      9    0.8087    0.0000    0.0113      9    0.0056    0.0000
  301   33    0.5346      5    0.8725    0.0000    0.0136      5    0.0013    0.0000
  301   34   -0.2349      4    0.5284    0.0000   -0.0008      4    0.0031    0.0000
  301   39   -1.6478      3    0.7301    0.0000    0.0083      3    0.0032    0.0000
  301   43    0.0195      4    0.3556    0.0000   -0.0001      4    0.0032    0.0000
  301   44    0.1451      3    0.5337    0.0000    0.0059      3    0.0046    0.0000
  301   46   -1.3497      4    0.9129    0.0000   -0.0078      4    0.0035    0.0000
  301   47   -0.7550      2    0.1479    0.0000   -0.0036      2    0.0003    0.0000
  301   51    0.4893      3    0.3812    0.0000   -0.0163      3    0.0022    0.0000
  301   58   -0.0846      5    0.4214    0.0000   -0.0006      5    0.0024    0.0000
  301   59    0.1945      2    0.0055    0.0000   -0.0018      2    0.0027    0.0000
  301   63    0.3256      2    0.0762    0.0000   -0.0012      2    0.0006    0.0000
  301   64    0.1510      3    0.3548    0.0000   -0.0050      3    0.0020    0.0000
  301   69    0.5076      2    0.3141    0.0000    0.0002      2    0.0009    0.0000
  301   70    0.4586      2    0.1849    0.0000    0.0004      2    0.0008    0.0000
  301   80    0.2705      2    0.1704    0.0000   -0.0066      2    0.0018    0.0000
  302   17   -0.3303      5    1.2502    0.0000   -0.0015      5    0.0051    0.0000
  302   18    0.0624      4    0.6836    0.0000    0.0123      4    0.0064    0.0000
  302   19   -1.4286      2    1.0356    0.0000   -0.0134      2    0.0001    0.0000
  302   25    0.9077      5    1.0262    0.0000    0.0112      5    0.0056    0.0000
  302   26    0.3865      5    0.6297    0.0000    0.0067      5    0.0040    0.0000
  302   30   -0.1694      6    0.6042    0.0000    0.0085      6    0.0043    0.0000
  302   31   -0.3744      3    0.6378    0.0000    0.0009      3    0.0038    0.0000
  302   33    1.1010      3    1.1996    0.0000    0.0128      3    0.0021    0.0000
  302   34    0.6369      5    0.6661    0.0000    0.0051      5    0.0049    0.0000
  302   39   -1.0135      4    0.5371    0.0000    0.0096      4    0.0036    0.0000
  302   43   -0.3642      3    0.4988    0.0000   -0.0018      3    0.0031    0.0000
  302   45   -0.5312      7    0.4100    0.0000    0.0008      7    0.0038    0.0000
  302   47   -1.3258      3    0.1375    0.0000    0.0007      3    0.0053    0.0000
  302   51   -0.5507      3    0.6230    0.0000   -0.0113      3    0.0022    0.0000
  302   58   -0.4062      4    0.1536    0.0000   -0.0008      4    0.0038    0.0000
  302   59   -0.2198      2    0.1991    0.0000   -0.0013      2    0.0018    0.0000
  302   62    0.6147      2    0.5404    0.0000   -0.0040      2    0.0012    0.0000
  302   63    0.0363      3    0.2713    0.0000   -0.0044      3    0.0029    0.0000
  302   80    0.3798      2    0.4687    0.0000   -0.0067      2    0.0019    0.0000
  303   17   -0.1436      4    0.9066    0.0000    0.0096      4    0.0119    0.0000
  303   19    0.3339      5    1.4969    0.0000   -0.0107      5    0.0051    0.0000
  303   25    0.2283      3    1.1376    0.0000    0.0231      3    0.0045    0.0000
  303   26    0.5573      6    0.6081    0.0000    0.0169      6    0.0048    0.0000
  303   29   -0.0451      4    0.2319    0.0000    0.0130      4    0.0046    0.0000
  303   31   -0.2795      5    0.8066    0.0000    0.0052      5    0.0026    0.0000
  303   33   -0.4652      5    0.3395    0.0000    0.0072      5    0.0037    0.0000
  303   34   -0.2199      5    0.3917    0.0000    0.0163      5    0.0054    0.0000
  303   39   -0.1702      2    0.1973    0.0000    0.0077      2    0.0012    0.0000
  303   40    0.2902      2    0.2202    0.0000    0.0060      2    0.0014    0.0000
  303   42   -1.0011      4    0.2995    0.0000   -0.0028      4    0.0013    0.0000
  303   44   -1.1827      4    0.2243    0.0000   -0.0007      4    0.0022    0.0000
  303   45   -0.1525      5    0.5964    0.0000   -0.0005      5    0.0020    0.0000
  303   47   -0.9419      3    0.5713    0.0000   -0.0015      3    0.0044    0.0000
  303   50   -0.3739      4    0.3353    0.0000   -0.0092      4    0.0034    0.0000
  303   58   -0.1391      4    0.4095    0.0000   -0.0000      4    0.0009    0.0000
  303   59    0.4637      3    0.1423    0.0000   -0.0049      3    0.0010    0.0000
  303   62    0.2713      3    0.5434    0.0000   -0.0070      3    0.0026    0.0000
  303   63    0.0107      3    0.3115    0.0000   -0.0052      3    0.0004    0.0000
  303   69    0.7058      2    0.1759    0.0000   -0.0001      2    0.0015    0.0000
  304   16   -0.9990      3    0.5658    0.0000   -0.0058      3    0.0132    0.0000
  304   17   -0.8596      2    1.4289    0.0000   -0.0072      2    0.0043    0.0000
  304   21    2.1634      3    1.4731    0.0000   -0.0163      3    0.0061    0.0000
  304   25   -0.6951      5    1.1357    0.0000    0.0315      5    0.0098    0.0000
  304   26    1.4427      4    1.6112    0.0000    0.0105      4    0.0101    0.0000
  304   27    0.4524      2    0.3439    0.0000    0.0038      2    0.0054    0.0000
  304   29    0.1135      4    0.3681    0.0000    0.0136      4    0.0041    0.0000
  304   32   -0.1550      7    0.9814    0.0000   -0.0003      6    0.0029   14.2857
  304   33   -1.0176      3    0.0449    0.0000    0.0068      3    0.0010    0.0000
  304   34   -0.5575      2    0.7515    0.0000    0.0190      2    0.0008    0.0000
  304   35   -0.0276      2    0.8554    0.0000    0.0176      2    0.0003    0.0000
  304   40   -0.5871      4    0.4618    0.0000    0.0063      4    0.0030    0.0000
  304   41   -1.5793      2    0.8688    0.0000   -0.0056      2    0.0078    0.0000
  304   42    0.3165      2    0.4606    0.0000   -0.0056      2    0.0057    0.0000
  304   44   -0.1342      3    0.1499    0.0000   -0.0003      3    0.0012    0.0000
  304   45    0.0805      3    0.4256    0.0000    0.0044      3    0.0021    0.0000
  304   47   -0.5698      2    0.7595    0.0000   -0.0007      2    0.0021    0.0000
  304   49   -1.2788      3    0.1485    0.0000   -0.0126      3    0.0016    0.0000
  304   58   -0.0954      2    0.1058    0.0000    0.0022      2    0.0002    0.0000
  304   59    0.3094      4    0.2444    0.0000   -0.0026      4    0.0026    0.0000
  304   61    0.4638      3    0.2348    0.0000   -0.0069      3    0.0023    0.0000
  304   62    0.2550      2    0.0979    0.0000   -0.0089      2    0.0007    0.0000
  304   70    0.0388      2    0.1195    0.0000   -0.0032      2    0.0025    0.0000
  304   80    0.0056      2    0.4063    0.0000   -0.0048      2    0.0040    0.0000
  305   15   -0.6892      5    0.8709    0.0000   -0.0213      5    0.0136    0.0000
  305   21    2.0848      4    1.3630    0.0000   -0.0136      4    0.0093    0.0000
  305   22    0.1657      2    0.0152    0.0000   -0.0064      2    0.0002    0.0000
  305   25    0.3288      4    0.3988    0.0000    0.0102      4    0.0048    0.0000
  305   27    0.0047      5    1.3321    0.0000    0.0064      5    0.0075    0.0000
  305   28   -0.1003      5    0.6804    0.0000    0.0116      5    0.0054    0.0000
  305   32    0.1015      6    0.9108    0.0000    0.0022      6    0.0057    0.0000
  305   33    0.2709      3    0.7438    0.0000    0.0008      3    0.0012    0.0000
  305   35    0.5438      5    0.3727    0.0000    0.0170      5    0.0047    0.0000
  305   40   -0.4644      3    0.4526    0.0000    0.0024      3    0.0008    0.0000
  305   41    0.1369      6    0.5883    0.0000   -0.0032      6    0.0038    0.0000
  305   43   -1.1697      5    0.3844    0.0000    0.0009      5    0.0037    0.0000
  305   46   -0.2501      3    0.4838    0.0000   -0.0037      3    0.0004    0.0000
  305   48   -0.7928      5    0.6106    0.0000   -0.0041      5    0.0057    0.0000
  305   49   -0.1166      3    0.4151    0.0000   -0.0163      3    0.0028    0.0000
  305   58    0.0674      2    0.0820    0.0000   -0.0011      2    0.0004    0.0000
  305   59    0.3489      4    0.6966    0.0000   -0.0053      4    0.0013    0.0000
  305   61    0.6214      4    0.2249    0.0000   -0.0052      4    0.0022    0.0000
  305   62    0.4949      3    0.3638    0.0000   -0.0096      3    0.0028    0.0000
  305   69    0.7992      2    0.2257    0.0000   -0.0033      2    0.0005    0.0000
  306   15    0.0638      2    0.2190    0.0000   -0.0285      2    0.0012    0.0000
  306   16   -0.7802      5    1.1208    0.0000    0.0100      5    0.0207    0.0000
  306   22   -0.1497      4    2.0506    0.0000   -0.0071      4    0.0098    0.0000
  306   23   -0.9452      3    0.6703    0.0000   -0.0116      3    0.0024    0.0000
  306   24   -1.5636      5    1.1040    0.0000    0.0106      5    0.0044    0.0000
  306   27    0.8558      2    0.5346    0.0000   -0.0026      2    0.0022    0.0000
  306   28    0.1308      8    0.2033    0.0000    0.0002      8    0.0043    0.0000
  306   31    0.5303      4    1.2571    0.0000    0.0171      4    0.0023    0.0000
  306   32    0.7490      2    1.0714    0.0000    0.0170      2    0.0030    0.0000
  306   33   -0.0080      5    0.7865    0.0000    0.0044      5    0.0075    0.0000
  306   36   -0.5545      3    0.6702    0.0000    0.0131      3    0.0045    0.0000
  306   40    0.2776      4    0.2265    0.0000   -0.0037      4    0.0032    0.0000
  306   41   -1.1793      5    0.6630    0.0000    0.0031      5    0.0043    0.0000
  306   42   -1.1533      5    0.5395    0.0000   -0.0022      5    0.0024    0.0000
  306   46   -0.6231      3    0.4307    0.0000   -0.0090      3    0.0041    0.0000
  306   48   -0.3173      8    0.5156    0.0000   -0.0137      8    0.0040    0.0000
  306   58    0.4108      3    0.2520    0.0000    0.0004      3    0.0004    0.0000
  306   59    0.3088      3    0.4490    0.0000   -0.0011      3    0.0012    0.0000
  306   60    0.4566      4    0.6210    0.0000   -0.0046      4    0.0047    0.0000
  306   61    0.4689      3    0.5060    0.0000   -0.0085      3    0.0023    0.0000
  307   16    3.5393      2    0.3400    0.0000    0.0295      2    0.0123    0.0000
  307   17   -0.5179      5    1.1038    0.0000   -0.0051      5    0.0103    0.0000
  307   23   -2.5104      5    1.4760    0.0000   -0.0087      5    0.0065    0.0000
  307   24   -1.5737      7    1.2338    0.0000   -0.0000      7    0.0154    0.0000
  307   27    1.5733      6    0.8048    0.0000    0.0098      6    0.0041    0.0000
  307   29    0.2300      4    0.4109    0.0000   -0.0053      4    0.0038    0.0000
  307   30   -2.6067      2    0.7089    0.0000    0.0067      2    0.0065    0.0000
  307   31   -3.0513      3    1.4752    0.0000    0.0102      3    0.0014    0.0000
  307   34   -1.2477      5    0.6234    0.0000   -0.0025      5    0.0031    0.0000
  307   36    1.2943      5    0.7012    0.0000    0.0071      5    0.0027    0.0000
  307   39   -0.0360      3    0.5268    0.0000    0.0068      3    0.0030    0.0000
  307   40    0.4882      2    0.0823    0.0000    0.0045      2    0.0019    0.0000
  307   41   -1.0460      8    0.6706    0.0000    0.0017      8    0.0053    0.0000
  307   46   -0.8845      3    0.5461    0.0000   -0.0046      3    0.0019    0.0000
  307   47    0.0063      4    0.7603    0.0000   -0.0121      4    0.0052    0.0000
  307   48   -1.0157      3    0.6311    0.0000   -0.0065      3    0.0024    0.0000
  307   58    0.0149      2    0.0520    0.0000    0.0019      2    0.0001    0.0000
  307   59    0.5365      3    0.4269    0.0000   -0.0089      3    0.0016    0.0000
  307   60    0.7208      7    0.3701    0.0000   -0.0042      7    0.0032    0.0000
  307   61    0.2583      2    0.1803    0.0000   -0.0071      2    0.0013    0.0000
  307   70    0.7158      2    0.2954    0.0000   -0.0019      2    0.0008    0.0000
  307   79    0.6105      2    0.0299    0.0000   -0.0036      2    0.0022    0.0000
  308   18   -1.9611      7    1.2166    0.0000   -0.0103      7    0.0056    0.0000
  308   23   -1.8024      5    0.8400    0.0000   -0.0008      5    0.0043    0.0000
  308   24   -2.6492      3    0.5249    0.0000   -0.0040      3    0.0015    0.0000
  308   25    0.5865      4    0.5582    0.0000    0.0026      4    0.0058    0.0000
  308   26    0.8215      5    0.5950    0.0000    0.0082      5    0.0025    0.0000
  308   29   -0.7790      3    0.4738    0.0000    0.0094      3    0.0041    0.0000
  308   30   -1.0388      8    1.2420    0.0000    0.0022      8    0.0066    0.0000
  308   34   -1.3281      3    0.7010    0.0000    0.0021      3    0.0026    0.0000
  308   35   -0.5365      3    1.5152    0.0000   -0.0012      3    0.0024    0.0000
  308   37    1.3830      4    0.5386    0.0000    0.0133      4    0.0043    0.0000
  308   39   -0.5020      5    0.4303    0.0000   -0.0006      5    0.0021    0.0000
  308   40   -0.6995      6    0.4416    0.0000    0.0013      6    0.0053    0.0000
  308   42   -1.7958      4    0.4999    0.0000    0.0035      4    0.0078    0.0000
  308   46   -0.4723      7    0.7312    0.0000   -0.0108      7    0.0063    0.0000
  308   47   -0.5327      3    0.4925    0.0000   -0.0037      3    0.0050    0.0000
  308   49   -0.8191      3    0.3238    0.0000   -0.0050      3    0.0021    0.0000
  308   58   -0.0520      2    0.3844    0.0000    0.0066      2    0.0001    0.0000
  308   59    0.4844      7    0.3687    0.0000   -0.0067      6    0.0016   14.2857
  308   60    0.4012      5    0.3442    0.0000   -0.0061      5    0.0028    0.0000
  308   69    1.0821      2    0.0464    0.0000   -0.0002      2    0.0003    0.0000
  308   79    0.1673      2    0.2302    0.0000   -0.0060      2    0.0006    0.0000
  309   19   -1.0793      6    2.0511    0.0000   -0.0112      6    0.0076    0.0000
  309   22    0.1922      2    0.5958    0.0000   -0.0029      2    0.0014    0.0000
  309   23   -0.3702      3    0.4192    0.0000   -0.0077      3    0.0003    0.0000
  309   25    0.0510      4    1.0914    0.0000    0.0123      4    0.0037    0.0000
  309   26   -0.0287      7    0.5924   12.5000    0.0072      8    0.0057    0.0000
  309   29   -1.0485      6    0.9799    0.0000    0.0035      6    0.0044    0.0000
  309   30   -0.1840      4    1.8424    0.0000    0.0133      4    0.0090    0.0000
  309   31    1.8350      2    0.4867    0.0000    0.0124      2    0.0022    0.0000
  309   35    0.4369      4    0.9356    0.0000    0.0136      4    0.0037    0.0000
  309   37    1.0042      3    0.2303    0.0000    0.0165      3    0.0016    0.0000
  309   38    0.6293      8    0.9088    0.0000   -0.0025      7    0.0024   12.5000
  309   39   -1.0696      4    0.3429    0.0000   -0.0103      4    0.0046    0.0000
  309   42   -1.4760      4    0.3227    0.0000    0.0012      4    0.0042    0.0000
  309   45   -0.5156      4    1.0402    0.0000   -0.0115      4    0.0045    0.0000
  309   47   -0.1063      3    0.4430    0.0000   -0.0012      3    0.0009    0.0000
  309   49   -0.0450      3    0.7024    0.0000   -0.0080      3    0.0011    0.0000
  309   58    0.0548      6    0.5375    0.0000   -0.0043      6    0.0031    0.0000
  309   59    0.5141      6    0.3029    0.0000   -0.0070      6    0.0031    0.0000
  309   60   -0.4714      2    0.4065    0.0000   -0.0050      2    0.0022    0.0000
  310   20   -1.7836      6    0.6410    0.0000    0.0090      6    0.0064    0.0000
  310   21   -1.4810      2    0.2794    0.0000   -0.0110      2    0.0004    0.0000
  310   22   -0.3047      5    1.4346    0.0000    0.0019      5    0.0053    0.0000
  310   25    0.5199      5    0.5822    0.0000    0.0148      5    0.0098    0.0000
  310   27    0.7037      6    1.0662    0.0000    0.0109      6    0.0051    0.0000
  310   28   -0.0092      6    0.8022    0.0000   -0.0012      6    0.0046    0.0000
  310   31    0.4455      5    0.7430    0.0000    0.0134      5    0.0024    0.0000
  310   36   -0.5591      6    0.6312    0.0000    0.0066      6    0.0106    0.0000
  310   37    1.0846      8    0.5869    0.0000    0.0001      7    0.0013   12.5000
  310   38    0.4511      8    0.4480   11.1111    0.0041      9    0.0087    0.0000
  310   43   -1.8164      4    0.4074    0.0000    0.0032      4    0.0024    0.0000
  310   44   -0.8998      5    0.4256    0.0000   -0.0058      5    0.0035    0.0000
  310   47   -0.1006      3    0.0689    0.0000   -0.0044      3    0.0011    0.0000
  310   49    0.1454      3    0.3187    0.0000   -0.0037      3    0.0025    0.0000
  310   57    0.2404      3    0.7638    0.0000   -0.0048      3    0.0016    0.0000
  310   58    0.0839      7    0.2092   12.5000   -0.0063      8    0.0038    0.0000
  310   59    0.6196      2    0.1876    0.0000   -0.0037      2    0.0011    0.0000
  310   60    0.1067      2    0.2556    0.0000   -0.0062      2    0.0006    0.0000
  310   69    0.4032      2    0.4181    0.0000    0.0011      2    0.0009    0.0000
  310   70    1.4272      2    0.3396    0.0000   -0.0014      2    0.0009    0.0000
  310   78    0.6371      2    0.1639    0.0000   -0.0053      2    0.0013    0.0000
  311   21    0.5695      9    1.5111    0.0000    0.0163      9    0.0125    0.0000
  311   22   -0.8932      4    0.5577    0.0000    0.0034      4    0.0142    0.0000
  311   24    0.0629      6    1.4738    0.0000    0.0114      5    0.0016   16.6667
  311   27   -0.3681      7    0.7019    0.0000    0.0133      7    0.0043    0.0000
  311   28    0.2435      7    0.9528    0.0000    0.0028      7    0.0055    0.0000
  311   32    0.6738      5    0.2064   16.6667    0.0082      5    0.0031   16.6667
  311   35   -1.1316      2    0.3243    0.0000   -0.0085      2    0.0023    0.0000
  311   36   -0.8825     12    1.1065    0.0000    0.0003     11    0.0026    8.3333
  311   37   -0.0309      6    0.5300    0.0000    0.0058      6    0.0053    0.0000
  311   38   -0.5773      2    0.0031    0.0000    0.0052      2    0.0052    0.0000
  311   39   -0.2176      2    0.5076    0.0000    0.0009      2    0.0029    0.0000
  311   43   -1.3899      9    0.5413   10.0000   -0.0041     10    0.0065    0.0000
  311   47    0.3243      4    0.2528    0.0000   -0.0043      4    0.0052    0.0000
  311   49   -0.6654      3    0.3653    0.0000   -0.0049      3    0.0024    0.0000
  311   56   -0.3556      3    0.4540    0.0000   -0.0070      3    0.0045    0.0000
  311   57   -0.1077      7    0.3601    0.0000   -0.0119      7    0.0050    0.0000
  311   58   -0.4082      2    0.0501    0.0000   -0.0033      2    0.0008    0.0000
  311   59   -0.1089      3    0.4437    0.0000   -0.0092      3    0.0034    0.0000
  311   60   -0.1200      2    0.0867    0.0000   -0.0061      2    0.0011    0.0000
  311   78    0.8350      2    0.3189    0.0000   -0.0051      2    0.0006    0.0000
  312   20   -1.1721      3    0.8226    0.0000    0.0441      3    0.0086    0.0000
  312   21   -0.1544      3    0.5291    0.0000    0.0387      3    0.0013    0.0000
  312   22   -2.5341      3    0.9644    0.0000   -0.0056      3    0.0076    0.0000
  312   23    1.2847     11    1.9524    0.0000    0.0052     10    0.0076    9.0909
  312   26   -0.2469      6    0.8706    0.0000   -0.0086      6    0.0175    0.0000
  312   29    0.4802      6    0.5804    0.0000    0.0046      6    0.0064    0.0000
  312   33    0.2820      5    0.4650    0.0000    0.0158      5    0.0087    0.0000
  312   34   -0.2725      7    0.6244    0.0000   -0.0007      7    0.0019    0.0000
  312   35   -0.7290      9    0.8042    0.0000   -0.0083      8    0.0030   11.1111
  312   37    0.0778      4    0.7930    0.0000    0.0057      4    0.0023    0.0000
  312   39    0.7601      4    0.1307    0.0000    0.0005      4    0.0021    0.0000
  312   41   -0.2041      2    0.1916    0.0000    0.0000      2    0.0030    0.0000
  312   42   -0.6564      5    0.7487    0.0000   -0.0104      5    0.0031    0.0000
  312   44   -0.2198      4    0.5926    0.0000   -0.0040      4    0.0079    0.0000
  312   48   -0.9367      3    0.2059    0.0000   -0.0040      3    0.0028    0.0000
  312   50    0.2450      3    0.4697    0.0000   -0.0017      3    0.0013    0.0000
  312   55   -0.1100      5    0.8164    0.0000   -0.0083      5    0.0007    0.0000
  312   56   -0.0159      6    0.5722    0.0000   -0.0088      6    0.0034    0.0000
  312   58   -0.5663      3    0.3097    0.0000   -0.0077      3    0.0037    0.0000
  312   59   -0.0789      2    0.2553    0.0000   -0.0091      2    0.0017    0.0000
  312   60    0.0657      2    0.3581    0.0000   -0.0095      2    0.0005    0.0000
  312   69    0.5597      3    0.3152    0.0000    0.0021      3    0.0014    0.0000
  312   77    0.7608      2    0.0028    0.0000   -0.0038      2    0.0004    0.0000
  312   81   -0.3525      2    0.5440    0.0000    0.0069      2    0.0016    0.0000
  313   19   -2.6477      2    0.3487    0.0000    0.0192      2    0.0049    0.0000
  313   20    0.0837      4    1.2808    0.0000    0.0377      4    0.0131    0.0000
  313   22   -0.3996      6    1.2865    0.0000    0.0051      6    0.0071    0.0000
  313   24    1.6730      8    1.9482    0.0000   -0.0139      8    0.0101    0.0000
  313   25    3.8456      8    2.6267    0.0000   -0.0367      7    0.0071   12.5000
  313   26    0.4035      2    0.9853    0.0000   -0.0260      2    0.0077    0.0000
  313   30   -0.0424      4    1.0650    0.0000   -0.0027      4    0.0066    0.0000
  313   31   -0.0640      4    0.9471    0.0000    0.0139      4    0.0091    0.0000
  313   32   -0.2333      4    0.6277    0.0000    0.0053      4    0.0019    0.0000
  313   33   -0.0231     12    0.5004    0.0000    0.0085     11    0.0033    8.3333
  313   34    0.4505      7    0.7429    0.0000    0.0008      7    0.0033    0.0000
  313   38   -0.4329      5    0.7395    0.0000    0.0147      5    0.0049    0.0000
  313   40   -1.5695      7    0.6455   12.5000   -0.0055      8    0.0076    0.0000
  313   41    0.5032      3    0.4431    0.0000   -0.0105      3    0.0060    0.0000
  313   44   -1.1564      4    0.8953    0.0000   -0.0013      4    0.0045    0.0000
  313   48   -1.1705      3    0.5930    0.0000   -0.0024      3    0.0021    0.0000
  313   50   -0.4897      3    0.5005    0.0000   -0.0068      3    0.0022    0.0000
  313   54   -0.0981      9    0.2675    0.0000   -0.0095      8    0.0016   11.1111
  313   55    0.0663      4    0.3449    0.0000   -0.0084      4    0.0030    0.0000
  313   59   -0.0909      2    0.3314    0.0000   -0.0083      2    0.0024    0.0000
  313   60    0.2268      3    0.4126    0.0000   -0.0090      3    0.0015    0.0000
  313   69    0.7949      3    0.0672    0.0000    0.0020      3    0.0016    0.0000
  313   77    0.9584      2    0.0242    0.0000   -0.0002      2    0.0013    0.0000
  314   19   -0.3629      4    2.6411    0.0000    0.0445      4    0.0120    0.0000
  314   23   -1.2991      4    1.3920    0.0000    0.0354      4    0.0039    0.0000
  314   24   -0.2862      4    1.3190    0.0000    0.0328      4    0.0037    0.0000
  314   25    2.3540      5    1.5340    0.0000   -0.0042      5    0.0072    0.0000
  314   26   -0.1856      6    0.7654   14.2857    0.0015      7    0.0077    0.0000
  314   27   -0.7974      5    1.4060    0.0000    0.0004      5    0.0048    0.0000
  314   30   -0.6876      6    1.3472    0.0000   -0.0170      6    0.0062    0.0000
  314   31   -1.2421      6    0.4870   14.2857    0.0044      7    0.0112    0.0000
  314   32   -1.2121     11    1.1315    0.0000    0.0028     11    0.0050    0.0000
  314   33    1.3940      2    0.0360    0.0000    0.0023      2    0.0049    0.0000
  314   34   -0.4874      2    0.0186    0.0000    0.0030      2    0.0047    0.0000
  314   35   -1.0549      3    0.3669    0.0000   -0.0005      3    0.0101    0.0000
  314   38   -0.0318      5    1.0869    0.0000   -0.0020      5    0.0076    0.0000
  314   39    0.1838      9    0.6645    0.0000   -0.0019      9    0.0064    0.0000
  314   40   -0.2723      5    0.5201    0.0000    0.0093      5    0.0044    0.0000
  314   45   -0.4942      3    0.8240    0.0000    0.0039      3    0.0051    0.0000
  314   48   -1.5879      3    0.2569    0.0000   -0.0031      3    0.0017    0.0000
  314   50    0.1636      3    0.4356    0.0000   -0.0127      3    0.0030    0.0000
  314   52   -0.0331      2    0.2369    0.0000   -0.0098      2    0.0012    0.0000
  314   53    0.1212     10    0.4251    0.0000   -0.0128      9    0.0015   10.0000
  314   59   -0.7319      2    0.4175    0.0000   -0.0075      2    0.0008    0.0000
  314   60    0.4002      4    0.5021    0.0000   -0.0086      4    0.0028    0.0000
  314   69    0.6732      3    0.1196    0.0000   -0.0020      3    0.0018    0.0000
  314   77    0.8569      3    0.2868    0.0000   -0.0014      3    0.0025    0.0000
  315   22    0.2377      6    1.2157    0.0000    0.0256      5    0.0052   16.6667
  315   23    0.3806      7    0.6268   12.5000    0.0052      8    0.0116    0.0000
  315   26   -1.4438      7    0.8694    0.0000    0.0127      7    0.0090    0.0000
  315   27   -1.5844     12    0.7977    0.0000    0.0094     12    0.0060    0.0000
  315   28    0.5476     10    0.6789    9.0909    0.0185     11    0.0060    0.0000
  315   29    1.0158      6    0.4752    0.0000    0.0059      6    0.0092    0.0000
  315   30   -0.5600      3    0.2093    0.0000   -0.0212      3    0.0047    0.0000
  315   31   -1.4731      5    0.4203   16.6667   -0.0099      6    0.0063    0.0000
  315   33    0.2559      6    0.5605    0.0000    0.0101      6    0.0033    0.0000
  315   35   -0.1333      4    0.5306    0.0000    0.0152      4    0.0118    0.0000
  315   36   -0.3218      7    1.1570    0.0000    0.0005      7    0.0092    0.0000
  315   37   -0.3747      5    0.7547    0.0000   -0.0089      5    0.0030    0.0000
  315   39   -0.3160      3    0.5994    0.0000    0.0012      3    0.0018    0.0000
  315   40    0.1139      2    1.1666    0.0000    0.0092      2    0.0017    0.0000
  315   41    0.3370      4    0.7002    0.0000    0.0075      4    0.0029    0.0000
  315   45   -1.9325      3    0.2087    0.0000    0.0027      3    0.0043    0.0000
  315   48   -1.0705      2    0.2045    0.0000    0.0001      2    0.0001    0.0000
  315   50    0.0551      5    0.2752    0.0000   -0.0120      5    0.0031    0.0000
  315   51   -0.8865      7    0.2337    0.0000   -0.0154      7    0.0022    0.0000
  315   52    0.1159      7    0.1720   12.5000   -0.0144      7    0.0012   12.5000
  315   59   -0.9722      2    0.1266    0.0000   -0.0021      2    0.0001    0.0000
  315   60    0.5310      4    0.5061    0.0000   -0.0081      4    0.0025    0.0000
  315   69    0.7859      2    0.0438    0.0000   -0.0031      2    0.0008    0.0000
  315   76    0.8583      2    0.3509    0.0000    0.0011      2    0.0019    0.0000
  315   80   -0.5351      2    0.0274    0.0000    0.0048      2    0.0004    0.0000
  316   21   -1.0190      4    1.2089    0.0000    0.0204      4    0.0084    0.0000
  316   22    1.2825      5    0.9334    0.0000    0.0009      5    0.0075    0.0000
  316   23    1.1574      5    1.5680    0.0000   -0.0024      5    0.0088    0.0000
  316   24    1.4294      9    0.6259   10.0000    0.0022      9    0.0065   10.0000
  316   25    0.0826     11    1.4904    8.3333    0.0121     11    0.0065    8.3333
  316   26   -1.7480      6    0.7064    0.0000   -0.0073      5    0.0045   16.6667
  316   27   -1.9079      2    0.6356    0.0000   -0.0122      2    0.0062    0.0000
  316   28    0.2486      7    0.3649   12.5000    0.0217      8    0.0029    0.0000
  316   29    1.0796     12    0.7808    0.0000    0.0031     12    0.0051    0.0000
  316   30    0.9299      7    1.0968    0.0000   -0.0029      7    0.0074    0.0000
  316   33   -0.9009      4    1.1315    0.0000   -0.0093      4    0.0069    0.0000
  316   34   -1.1056      9    0.9070    0.0000    0.0005      9    0.0057    0.0000
  316   35   -0.8070      8    0.4960    0.0000    0.0056      8    0.0093    0.0000
  316   36    1.1391      4    0.8449    0.0000    0.0141      4    0.0033    0.0000
  316   40    0.0762      5    1.1322    0.0000    0.0057      5    0.0025    0.0000
  316   41   -0.0421      3    0.6089    0.0000    0.0028      3    0.0024    0.0000
  316   45   -1.6940      2    0.0627    0.0000    0.0089      2    0.0029    0.0000
  316   46   -1.1728      2    0.3000    0.0000    0.0138      2    0.0003    0.0000
  316   48   -0.7995      4    0.4728    0.0000   -0.0132      4    0.0032    0.0000
  316   49   -0.4853     12    0.7990    0.0000   -0.0083     12    0.0028    0.0000
  316   50   -0.1013      8    0.8093    0.0000   -0.0165      8    0.0039    0.0000
  316   51    0.0532      4    0.4169    0.0000   -0.0109      4    0.0038    0.0000
  316   59   -0.9284      2    0.1446    0.0000   -0.0021      2    0.0020    0.0000
  316   60    0.6995      4    0.4480    0.0000   -0.0066      4    0.0051    0.0000
  316   69    1.0444      4    0.1963    0.0000   -0.0002      4    0.0019    0.0000
  316   76    0.6927      2    0.1016    0.0000    0.0015      2    0.0001    0.0000
  317   26    1.1058      3    0.7014    0.0000   -0.0014      3    0.0059    0.0000
  317   27   -0.6807     10    0.9047    0.0000   -0.0018     10    0.0034    0.0000
  317   28    0.7384      8    1.1637    0.0000    0.0045      8    0.0050    0.0000
  317   29   -0.5584     12    0.7818    7.6923    0.0017     12    0.0058    7.6923
  317   30   -0.8938     16    0.6088    5.8824    0.0081     16    0.0037    5.8824
  317   31   -0.8077     16    1.2908    0.0000    0.0001     16    0.0094    0.0000
  317   32    0.0019      7    0.8582   12.5000   -0.0015      7    0.0040   12.5000
  317   35    0.1458      3    0.5606    0.0000    0.0091      3    0.0011    0.0000
  317   36    0.6078      5    0.6740    0.0000    0.0073      5    0.0045    0.0000
  317   37    0.1654      5    0.5649    0.0000    0.0023      5    0.0043    0.0000
  317   41    0.0667      5    0.9456    0.0000    0.0081      5    0.0049    0.0000
  317   42    0.4047      4    1.0081    0.0000   -0.0009      4    0.0019    0.0000
  317   44   -1.0362      3    0.4062    0.0000   -0.0019      3    0.0015    0.0000
  317   45   -1.2856      5    0.4340    0.0000   -0.0037      5    0.0025    0.0000
  317   46   -0.4538      7    0.4523   12.5000   -0.0048      7    0.0032   12.5000
  317   47   -0.2646     10    0.5432    0.0000   -0.0114      9    0.0021   10.0000
  317   48   -1.1932      6    0.3744    0.0000   -0.0108      5    0.0005   16.6667
  317   49    0.2541      4    0.5516    0.0000   -0.0086      4    0.0018    0.0000
  317   51   -0.1369      3    0.3781    0.0000   -0.0130      3    0.0028    0.0000
  317   59   -1.0475      2    0.3821    0.0000   -0.0032      2    0.0004    0.0000
  317   60    0.8030      4    0.1752    0.0000   -0.0074      4    0.0024    0.0000
  317   69    0.6480      2    0.3477    0.0000   -0.0027      2    0.0047    0.0000
  317   75    0.7087      2    0.1661    0.0000    0.0026      2    0.0000    0.0000
  317   79   -0.3150      2    0.2562    0.0000    0.0039      2    0.0024    0.0000
  318   23    0.6658      6    1.1768    0.0000    0.0558      6    0.0124    0.0000
  318   24    1.5995     14    1.1794    6.6667    0.0604     14    0.0094    6.6667
  318   25    2.0955     14    1.2882    6.6667    0.0133     15    0.0090    0.0000
  318   26    0.5771     12    1.3739    0.0000    0.0255     12    0.0164    0.0000
  318   27    0.5052      5    1.0663    0.0000    0.0101      5    0.0024    0.0000
  318   28   -1.2997      4    1.0212    0.0000   -0.0045      4    0.0027    0.0000
  318   31   -1.1405      5    0.2333    0.0000    0.0045      5    0.0030    0.0000
  318   32   -0.3968     12    0.4464    0.0000   -0.0014     10    0.0033   16.6667
  318   33    0.4339     11    1.2421    0.0000   -0.0030     10    0.0062    9.0909
  318   34    0.2660      6    0.5146    0.0000   -0.0003      6    0.0016    0.0000
  318   35    0.0778      5    0.5621    0.0000    0.0041      5    0.0024    0.0000
  318   36    0.2714      5    0.3116    0.0000    0.0038      5    0.0032    0.0000
  318   37   -0.1270     11    0.9479    0.0000    0.0044     10    0.0027    9.0909
  318   38   -0.7068     10    0.8477   16.6667    0.0043     11    0.0055    8.3333
  318   39   -1.2486      5    0.5551    0.0000    0.0025      5    0.0042    0.0000
  318   40   -0.9174      5    0.5270    0.0000   -0.0019      5    0.0050    0.0000
  318   41   -0.0558      6    0.4942    0.0000   -0.0009      6    0.0041    0.0000
  318   42   -0.4995     10    0.5103    9.0909    0.0006     11    0.0030    0.0000
  318   43   -0.6097      7    0.3040    0.0000   -0.0054      7    0.0026    0.0000
  318   44   -0.4834      6    0.3203   14.2857   -0.0085      7    0.0026    0.0000
  318   45   -0.5024      5    0.7309    0.0000   -0.0069      5    0.0040    0.0000
  318   46   -0.0829      7    0.8014    0.0000   -0.0072      7    0.0045    0.0000
  318   49    0.5066      3    0.4514    0.0000   -0.0028      3    0.0055    0.0000
  318   51    0.2882      3    0.7943    0.0000   -0.0123      3    0.0009    0.0000
  318   59   -1.0627      2    0.0686    0.0000    0.0006      2    0.0008    0.0000
  318   60    1.0099      4    0.2767    0.0000   -0.0047      4    0.0026    0.0000
  318   69    0.6152      3    0.2642    0.0000   -0.0016      3    0.0024    0.0000
  318   75    0.7646      2    0.1232    0.0000   -0.0007      2    0.0006    0.0000
  318   79   -0.1207      3    0.2517    0.0000   -0.0029      3    0.0057    0.0000
  319   23   -0.3522      2    1.1861    0.0000    0.0656      2    0.0095    0.0000
  319   27   -0.3450      5    0.3413    0.0000    0.0323      5    0.0086    0.0000
  319   28    0.9682      5    1.2770    0.0000    0.0035      5    0.0121    0.0000
  319   29    0.6483      5    1.3498    0.0000   -0.0053      5    0.0120    0.0000
  319   30   -2.4551      5    0.8888    0.0000   -0.0128      5    0.0039    0.0000
  319   31   -1.2670      5    1.2228    0.0000   -0.0048      5    0.0066    0.0000
  319   32   -0.3539      7    0.6290    0.0000   -0.0041      7    0.0095    0.0000
  319   33    0.0264     10    0.6444    0.0000   -0.0006     10    0.0029    0.0000
  319   34   -0.2048     10    1.0397    0.0000   -0.0016      9    0.0056   10.0000
  319   35   -0.9520     11    1.1360    0.0000    0.0074     10    0.0032    9.0909
  319   36   -1.1430      5    0.7768    0.0000    0.0080      5    0.0027    0.0000
  319   37   -0.2358      5    0.8426    0.0000   -0.0044      5    0.0034    0.0000
  319   38   -1.2015      7    0.6086   12.5000    0.0121      7    0.0044   12.5000
  319   39   -1.7111     14    0.7576    6.6667    0.0105     15    0.0064    0.0000
  319   40   -0.0452      5    0.7021    0.0000   -0.0031      5    0.0030    0.0000
  319   41   -1.2719      4    0.6606    0.0000    0.0028      4    0.0056    0.0000
  319   42   -1.3090      9    0.7259    0.0000   -0.0045      9    0.0043    0.0000
  319   43   -0.0595      6    0.3694   14.2857   -0.0018      7    0.0045    0.0000
  319   47   -0.3159      3    0.3305    0.0000   -0.0056      3    0.0021    0.0000
  319   50   -0.6200      2    0.1641    0.0000   -0.0010      2    0.0040    0.0000
  319   51    0.1460      3    0.3735    0.0000   -0.0110      3    0.0024    0.0000
  319   59   -0.7677      3    0.0653    0.0000   -0.0011      3    0.0011    0.0000
  319   60    0.8048      4    0.3160    0.0000   -0.0061      4    0.0031    0.0000
  319   69    0.1254      3    0.1899    0.0000   -0.0016      3    0.0013    0.0000
  319   74    0.6167      4    0.2519    0.0000    0.0019      4    0.0014    0.0000
  319   78   -0.3318      2    0.1729    0.0000    0.0012      2    0.0021    0.0000
  320   34   -0.7323      3    0.6921    0.0000   -0.0015      3    0.0012    0.0000
  320   35   -1.3186      6    0.5007    0.0000    0.0005      6    0.0021    0.0000
  320   36   -0.2047      6    0.9691    0.0000    0.0063      6    0.0030    0.0000
  320   37   -0.6622      5    0.8079    0.0000   -0.0005      5    0.0016    0.0000
  320   39   -2.5019      2    0.4292    0.0000    0.0124      2    0.0066    0.0000
  320   40   -0.3821      9    1.0577    0.0000    0.0019      9    0.0037    0.0000
  320   41   -0.4527      2    0.2291    0.0000   -0.0008      2    0.0009    0.0000
  320   43    0.2800      7    1.0829    0.0000   -0.0034      7    0.0057    0.0000
  320   44    0.2633      2    0.5667    0.0000    0.0033      2    0.0012    0.0000
  320   47   -1.4442      4    0.7209    0.0000    0.0001      4    0.0032    0.0000
  320   50    0.1998      3    0.0981    0.0000    0.0003      3    0.0022    0.0000
  320   52   -0.4213      3    0.3112    0.0000   -0.0100      3    0.0045    0.0000
  320   59    0.0793      2    0.5438    0.0000   -0.0008      2    0.0012    0.0000
  320   60    0.6297      4    0.0862    0.0000   -0.0066      4    0.0005    0.0000
  320   69   -0.0874      2    0.2669    0.0000   -0.0027      2    0.0022    0.0000
  320   73    0.6485      3    0.2123    0.0000    0.0010      3    0.0027    0.0000
  320   78   -0.2536      2    0.3480    0.0000    0.0077      2    0.0012    0.0000
  321   36   -2.0661      4    0.2016    0.0000    0.0067      4    0.0051    0.0000
  321   37   -0.7273      5    0.5092    0.0000   -0.0059      5    0.0038    0.0000
  321   38   -1.0233      6    0.8651    0.0000   -0.0025      6    0.0053    0.0000
  321   39   -0.8197      5    0.2402    0.0000    0.0011      5    0.0025    0.0000
  321   40   -0.5587      4    0.7817    0.0000   -0.0039      4    0.0039    0.0000
  321   41   -0.5251      7    0.8910    0.0000    0.0007      7    0.0029    0.0000
  321   42    0.6269      5    0.7793    0.0000    0.0025      5    0.0044    0.0000
  321   43   -1.1130      2    0.1068    0.0000   -0.0033      2    0.0024    0.0000
  321   44    0.2301      7    0.6548    0.0000   -0.0068      6    0.0024   14.2857
  321   48   -1.0912      2    0.2395    0.0000    0.0010      2    0.0012    0.0000
  321   50   -0.7947      3    0.3747    0.0000   -0.0086      3    0.0024    0.0000
  321   52   -0.8135      2    0.7561    0.0000   -0.0058      2    0.0004    0.0000
  321   59   -0.6424      2    0.2983    0.0000   -0.0040      2    0.0009    0.0000
  321   60    0.5714      4    0.2857    0.0000   -0.0046      4    0.0031    0.0000
  321   69    0.4140      2    0.2132    0.0000   -0.0042      2    0.0027    0.0000
  321   72    0.7809      4    0.3919    0.0000    0.0037      4    0.0013    0.0000
  321   77    0.1615      4    0.3287    0.0000    0.0036      4    0.0031    0.0000
  322   38   -0.7124      4    0.3684    0.0000   -0.0089      4    0.0033    0.0000
  322   39   -0.7160      8    0.3661   11.1111   -0.0048      9    0.0075    0.0000
  322   40   -0.6180      5    0.4748    0.0000    0.0028      5    0.0082    0.0000
  322   41    0.0310      7    0.6832    0.0000    0.0104      7    0.0066    0.0000
  322   42   -0.1004      7    0.5692    0.0000    0.0019      7    0.0046    0.0000
  322   43   -0.8386      5    0.9965    0.0000    0.0058      5    0.0033    0.0000
  322   44   -0.3197      8    0.7289    0.0000   -0.0074      7    0.0043   12.5000
  322   45    0.0337      4    0.4883    0.0000   -0.0089      4    0.0034    0.0000
  322   48   -1.1503      4    0.7525    0.0000    0.0046      4    0.0011    0.0000
  322   50    0.0320      3    0.4441    0.0000   -0.0088      3    0.0030    0.0000
  322   52   -0.7166      3    0.2609    0.0000   -0.0153      3    0.0038    0.0000
  322   59   -0.3756      2    0.1159    0.0000   -0.0030      2    0.0023    0.0000
  322   60    0.5551      4    0.0981    0.0000   -0.0066      4    0.0008    0.0000
  322   68    0.8815      2    0.0399    0.0000   -0.0026      2    0.0017    0.0000
  322   71    0.9021      5    0.1793    0.0000    0.0006      5    0.0016    0.0000
  322   76   -0.4046      2    0.0267    0.0000    0.0027      2    0.0021    0.0000
  322   77    0.7828      2    0.5098    0.0000   -0.0009      2    0.0037    0.0000
  323   40   -0.6696      7    0.3723    0.0000   -0.0009      7    0.0067    0.0000
  323   41    0.0576      5    0.6359    0.0000    0.0164      5    0.0035    0.0000
  323   42   -0.4821      6    0.5718    0.0000    0.0019      6    0.0067    0.0000
  323   43    0.1208      9    0.5994    0.0000    0.0016      8    0.0026   11.1111
  323   44   -0.0391      7    0.6698    0.0000   -0.0015      7    0.0052    0.0000
  323   45   -0.3301     16    0.6118    5.8824   -0.0115     17    0.0052    0.0000
  323   48   -0.0866      2    0.4000    0.0000    0.0013      2    0.0028    0.0000
  323   49    0.0777      2    0.1989    0.0000   -0.0032      2    0.0010    0.0000
  323   51   -0.4786      2    0.2720    0.0000   -0.0053      2    0.0020    0.0000
  323   52   -0.4882      3    0.5219    0.0000   -0.0130      3    0.0023    0.0000
  323   59   -1.0472      2    0.1859    0.0000   -0.0082      2    0.0024    0.0000
  323   60    0.7574      4    0.2270    0.0000   -0.0059      4    0.0023    0.0000
  323   69    0.3900      3    0.5694    0.0000   -0.0059      3    0.0014    0.0000
  323   70    0.8986      4    0.3094    0.0000   -0.0024      4    0.0017    0.0000
  323   76   -0.0744      3    0.3698    0.0000    0.0063      3    0.0012    0.0000
  324   42   -0.2933      3    0.5191    0.0000    0.0050      3    0.0041    0.0000
  324   43   -0.5248      8    1.1486    0.0000   -0.0005      8    0.0031    0.0000
  324   44   -0.3951      6    0.5299    0.0000   -0.0037      6    0.0024    0.0000
  324   45   -0.3769      4    0.5749    0.0000   -0.0097      4    0.0017    0.0000
  324   46   -0.4151     14    0.5173    6.6667   -0.0062     14    0.0043    6.6667
  324   47    0.1369     10    0.6309    0.0000   -0.0038     10    0.0050    0.0000
  324   48    0.7888      3    0.4240    0.0000   -0.0025      3    0.0015    0.0000
  324   49   -0.4755      3    0.5033    0.0000   -0.0016      3    0.0014    0.0000
  324   51    0.2723      4    0.1237    0.0000   -0.0074      4    0.0025    0.0000
  324   52   -0.5306      2    0.0219    0.0000   -0.0152      2    0.0008    0.0000
  324   59   -0.6937      2    0.1303    0.0000   -0.0063      2    0.0016    0.0000
  324   60    0.1795      4    0.3384    0.0000   -0.0042      4    0.0027    0.0000
  324   67    0.8552      2    0.3026    0.0000   -0.0067      2    0.0006    0.0000
  324   68    0.8371      6    0.3838    0.0000   -0.0060      6    0.0037    0.0000
  324   69    0.5979      5    0.4495    0.0000   -0.0054      5    0.0025    0.0000
  324   75   -0.2822      4    0.2867    0.0000    0.0063      4    0.0006    0.0000
  325   44   -0.3129      4    0.6074    0.0000   -0.0089      4    0.0006    0.0000
  325   45   -0.9704      7    0.6411    0.0000   -0.0046      7    0.0066    0.0000
  325   46   -0.1741     10    0.6661    9.0909    0.0000     10    0.0051    9.0909
  325   47   -0.2230      5    0.6411    0.0000   -0.0049      5    0.0066    0.0000
  325   48   -0.4812      6    0.4767    0.0000   -0.0160      5    0.0027   16.6667
  325   49   -0.0326     12    0.4249    7.6923   -0.0081     13    0.0070    0.0000
  325   50    0.3954      5    0.5194    0.0000   -0.0075      5    0.0089    0.0000
  325   51    0.6752      8    0.5708    0.0000   -0.0063      8    0.0030    0.0000
  325   52    0.9012      5    0.4227    0.0000   -0.0066      5    0.0032    0.0000
  325   53   -0.5838      3    0.1957    0.0000   -0.0111      3    0.0015    0.0000
  325   59    0.6696      2    0.1505    0.0000   -0.0044      2    0.0027    0.0000
  325   60    0.7127      4    0.2329    0.0000   -0.0059      4    0.0033    0.0000
  325   64    1.1635      2    0.1161    0.0000   -0.0100      2    0.0026    0.0000
  325   65    0.7354      4    0.2269    0.0000   -0.0132      4    0.0029    0.0000
  325   66    0.5001      4    0.3558    0.0000   -0.0077      4    0.0030    0.0000
  325   67    0.8621      3    0.4164    0.0000   -0.0011      3    0.0016    0.0000
  325   74   -0.6314      4    0.3686    0.0000    0.0084      4    0.0010    0.0000
  326   45   -0.7202      4    0.8726    0.0000   -0.0135      4    0.0030    0.0000
  326   46   -0.8369      2    0.8410    0.0000   -0.0107      2    0.0015    0.0000
  326   47   -0.2062     11    0.5760    0.0000   -0.0141     11    0.0041    0.0000
  326   48   -1.0968      5    0.4062    0.0000   -0.0096      5    0.0033    0.0000
  326   49   -0.6473      5    0.6676    0.0000   -0.0126      5    0.0037    0.0000
  326   50   -0.2516     11    0.6326    0.0000   -0.0098     10    0.0036    9.0909
  326   51    0.0360      6    0.8168    0.0000   -0.0107      6    0.0086    0.0000
  326   53    0.3359      6    0.4178    0.0000   -0.0065      6    0.0031    0.0000
  326   54    0.5867      5    0.2078    0.0000   -0.0030      5    0.0003    0.0000
  326   55    0.3293      5    0.3296    0.0000   -0.0091      5    0.0017    0.0000
  326   56    0.3169      4    0.8326    0.0000   -0.0108      4    0.0018    0.0000
  326   57    0.5696      5    0.4864    0.0000   -0.0038      5    0.0024    0.0000
  326   58    0.9880      5    0.4259    0.0000   -0.0077      5    0.0020    0.0000
  326   59    0.7509      7    0.2980    0.0000   -0.0047      6    0.0008   14.2857
  326   60    0.6975     10    0.3749    0.0000   -0.0064      9    0.0022   10.0000
  326   61    0.3355      4    0.4148    0.0000   -0.0056      4    0.0007    0.0000
  326   62    0.9664      5    0.2434    0.0000   -0.0031      5    0.0024    0.0000
  326   63    0.6701      4    0.2986    0.0000   -0.0037      4    0.0012    0.0000
  326   64    0.2354      3    0.3470    0.0000   -0.0039      3    0.0021    0.0000
  326   68    0.4768      2    0.3721    0.0000   -0.0030      2    0.0003    0.0000
  326   69    0.5442      2    0.3367    0.0000   -0.0077      2    0.0015    0.0000
  326   72   -0.2567      3    0.2969    0.0000    0.0056      3    0.0007    0.0000
  326   73   -0.3756      3    0.4040    0.0000    0.0081      3    0.0006    0.0000
  327   46   -0.8105      4    0.6592    0.0000   -0.0150      4    0.0029    0.0000
  327   47    0.0502      4    0.5521    0.0000   -0.0112      4    0.0044    0.0000
  327   48   -0.4587      4    0.6362    0.0000   -0.0191      4    0.0012    0.0000
  327   50   -0.4456      6    0.4940    0.0000   -0.0037      6    0.0045    0.0000
  327   51    0.2727      8    0.5261    0.0000   -0.0101      8    0.0053    0.0000
  327   52    0.2657     10    0.4475    0.0000   -0.0128     10    0.0063    0.0000
  327   53   -0.2025     11    0.2779    0.0000   -0.0114     10    0.0032    9.0909
  327   59   -0.1050      2    0.2353    0.0000   -0.0057      2    0.0017    0.0000
  327   60    0.9440      4    0.3290    0.0000   -0.0034      4    0.0038    0.0000
  327   68    0.7236      2    0.3417    0.0000   -0.0027      2    0.0001    0.0000
  327   69    0.1538      2    0.4049    0.0000   -0.0040      2    0.0027    0.0000
  327   70   -0.1691      4    0.5297    0.0000    0.0014      4    0.0016    0.0000
  327   71   -0.4334      4    0.3372    0.0000    0.0065      4    0.0010    0.0000
  328   47    0.2767      4    0.5840    0.0000   -0.0156      4    0.0024    0.0000
  328   48    0.7265      7    0.7399    0.0000   -0.0091      7    0.0032    0.0000
  328   49    0.2558      3    0.4577    0.0000   -0.0101      3    0.0006    0.0000
  328   51    0.0404      2    0.1345    0.0000   -0.0028      2    0.0008    0.0000
  328   52    1.1155      3    0.1781    0.0000   -0.0116      3    0.0011    0.0000
  328   53   -0.0540      5    0.5510    0.0000   -0.0110      5    0.0057    0.0000
  328   54    0.1088      7    0.1340   12.5000   -0.0133      8    0.0037    0.0000
  328   55    0.1187      6    0.3348    0.0000   -0.0120      6    0.0025    0.0000
  328   56    0.1136      5    0.4630    0.0000   -0.0080      5    0.0041    0.0000
  328   57    0.2810      4    0.1653    0.0000   -0.0103      4    0.0023    0.0000
  328   58   -0.1446      5    0.1868    0.0000   -0.0101      5    0.0016    0.0000
  328   59    0.3127      6    0.3985    0.0000   -0.0097      6    0.0015    0.0000
  328   60    0.0827      8    0.4624    0.0000   -0.0062      8    0.0032    0.0000
  328   61    0.0270      3    0.0860    0.0000   -0.0058      3    0.0013    0.0000
  328   64   -0.2610      3    0.4668    0.0000   -0.0034      3    0.0023    0.0000
  328   65   -0.0840      4    0.0542    0.0000   -0.0053      4    0.0024    0.0000
  328   66   -0.3557      4    0.2981    0.0000   -0.0029      4    0.0013    0.0000
  328   67    0.2397      5    0.5455    0.0000    0.0020      5    0.0017    0.0000
  328   68    0.3394      7    0.5024    0.0000    0.0001      7    0.0042    0.0000
  328   69    0.0535      3    0.4718    0.0000    0.0027      3    0.0010    0.0000
  329   48    0.4165      8    0.6608    0.0000   -0.0105      8    0.0028    0.0000
  329   49   -0.1581      4    0.1284    0.0000   -0.0104      4    0.0030    0.0000
  329   51    0.2720      3    0.3537    0.0000    0.0031      3    0.0010    0.0000
  329   52    0.7769      3    0.3544    0.0000   -0.0108      3    0.0012    0.0000
  329   53    0.6063      2    0.2295    0.0000   -0.0089      2    0.0031    0.0000
  329   55   -0.0263      2    0.1749    0.0000   -0.0148      2    0.0022    0.0000
  329   56    0.0077      5    0.6063    0.0000   -0.0152      5    0.0030    0.0000
  329   57    0.2566      3    0.3068    0.0000   -0.0099      3    0.0016    0.0000
  329   59    0.6835      2    0.5215    0.0000   -0.0059      2    0.0018    0.0000
  329   60    0.5635      4    0.1950    0.0000   -0.0030      4    0.0010    0.0000
  329   62    0.2199      5    0.4199    0.0000   -0.0060      5    0.0031    0.0000
  329   63   -0.2727      4    0.3732    0.0000   -0.0039      4    0.0025    0.0000
  329   68    0.7584      3    0.0722    0.0000   -0.0017      3    0.0051    0.0000
  330   49   -0.1565      9    0.4458    0.0000   -0.0175      8    0.0026   11.1111
  330   50    0.2633      5    0.6062    0.0000   -0.0053      5    0.0019    0.0000
  330   51    0.2972      4    0.4040    0.0000   -0.0025      4    0.0042    0.0000
  330   52    0.6564      2    0.5209    0.0000   -0.0088      2    0.0027    0.0000
  330   54    0.1561      2    0.6925    0.0000   -0.0048      2    0.0004    0.0000
  330   57    0.5194      2    0.4543    0.0000   -0.0061      2    0.0004    0.0000
  330   58   -0.1499      4    0.4968    0.0000   -0.0117      4    0.0038    0.0000
  330   59    0.5040      5    0.2837    0.0000   -0.0106      5    0.0040    0.0000
  330   60    0.7434      4    0.3446    0.0000   -0.0014      4    0.0020    0.0000
  330   68    0.6609      3    0.2686    0.0000   -0.0058      3    0.0040    0.0000
  331   49    0.0487      3    0.3120    0.0000   -0.0149      3    0.0035    0.0000
  331   50   -0.1081      6    0.3954    0.0000   -0.0076      6    0.0040    0.0000
  331   51    0.6240      3    0.2999    0.0000   -0.0051      3    0.0025    0.0000
  331   52   -0.0342      6    0.4683    0.0000   -0.0076      6    0.0059    0.0000
  331   54   -0.3746      3    0.3874    0.0000   -0.0031      3    0.0034    0.0000
  331   59    0.2541      4    0.5250    0.0000   -0.0112      4    0.0065    0.0000
  331   60    1.1927      7    0.4085   12.5000   -0.0069      8    0.0076    0.0000
  331   61    0.6975      4    0.4175    0.0000   -0.0161      4    0.0022    0.0000
  331   68    0.9083      3    0.2963    0.0000   -0.0041      3    0.0027    0.0000
  332   50   -0.0210      5    0.4385    0.0000   -0.0093      5    0.0014    0.0000
  332   51    0.2591      6    0.2258   14.2857   -0.0122      7    0.0036    0.0000
  332   52   -0.5771      4    0.7549    0.0000   -0.0147      4    0.0044    0.0000
  332   53    0.1654      3    0.1492    0.0000   -0.0036      3    0.0002    0.0000
  332   54   -0.7455      3    0.1429    0.0000   -0.0016      3    0.0014    0.0000
  332   59    0.7378      3    0.3604    0.0000   -0.0055      3    0.0022    0.0000
  332   60    1.2713      4    0.2475    0.0000    0.0025      4    0.0006    0.0000
  332   62    0.0584      5    0.5981    0.0000   -0.0117      5    0.0015    0.0000
  332   63    0.1321      4    0.1089    0.0000   -0.0124      4    0.0020    0.0000
  332   64    0.6675      2    0.0947    0.0000   -0.0089      2    0.0013    0.0000
  332   68    0.7411      4    0.4649    0.0000   -0.0057      4    0.0021    0.0000
  333   50   -0.3478      2    0.0358    0.0000   -0.0123      2    0.0009    0.0000
  333   51    0.0064      2    0.6763    0.0000   -0.0164      2    0.0002    0.0000
  333   52   -0.3309     11    0.7557    0.0000   -0.0133     10    0.0032    9.0909
  333   53   -0.5600      4    0.6457    0.0000   -0.0025      4    0.0019    0.0000
  333   54    0.1625      2    0.4443    0.0000   -0.0057      2    0.0001    0.0000
  333   59   -0.2448      2    0.2722    0.0000   -0.0066      2    0.0035    0.0000
  333   60    1.2637      5    0.3579    0.0000    0.0048      5    0.0034    0.0000
  333   64    0.3603      2    0.4331    0.0000   -0.0112      2    0.0000    0.0000
  333   65   -0.2476      5    0.4460    0.0000   -0.0051      5    0.0022    0.0000
  333   66    0.1215      3    0.5286    0.0000   -0.0049      3    0.0018    0.0000
  334   51    0.7467      4    0.3564    0.0000   -0.0127      4    0.0060    0.0000
  334   52   -0.1565      2    0.3935    0.0000   -0.0103      2    0.0017    0.0000
  334   53   -0.3717     13    0.4705    7.1429   -0.0020     14    0.0033    0.0000
  334   54   -0.2938      3    0.3651    0.0000   -0.0102      3    0.0016    0.0000
  334   59    0.2776      2    0.1221    0.0000   -0.0115      2    0.0016    0.0000
  334   60    1.4713      4    0.3247    0.0000    0.0006      4    0.0023    0.0000
  334   67    0.5154      6    0.5478    0.0000   -0.0033      6    0.0016    0.0000
  334   68    0.1930      7    0.3177    0.0000   -0.0022      7    0.0024    0.0000
  335   51   -0.7429      2    0.1511    0.0000   -0.0101      2    0.0000    0.0000
  335   53   -0.2470     10    0.3614    9.0909   -0.0043      9    0.0026   18.1818
  335   54    0.7297      4    0.2758    0.0000   -0.0090      4    0.0023    0.0000
  335   55   -0.3323      3    0.5781    0.0000   -0.0101      3    0.0033    0.0000
  335   59    0.1931      2    0.2428    0.0000   -0.0063      2    0.0009    0.0000
  335   60    0.8654      4    0.1331    0.0000    0.0003      4    0.0019    0.0000
  335   67    0.6369      3    0.2277    0.0000   -0.0034      3    0.0004    0.0000
  335   69    0.0765      3    0.2982    0.0000    0.0003      3    0.0017    0.0000
  335   70    0.2263      4    0.1635    0.0000    0.0060      4    0.0013    0.0000
  335   71    0.1808      4    0.3485    0.0000    0.0045      4    0.0012    0.0000
  336   52   -0.3125      4    0.2417    0.0000   -0.0175      4    0.0020    0.0000
  336   53   -0.5466      3    0.3782    0.0000   -0.0079      3    0.0027    0.0000
  336   54    0.4264      8    0.4160   11.1111   -0.0075      9    0.0049    0.0000
  336   55    0.4017      4    1.0449    0.0000   -0.0077      4    0.0020    0.0000
  336   58   -0.1870      2    0.2989    0.0000   -0.0068      2    0.0021    0.0000
  336   60    0.8335      4    0.1723    0.0000   -0.0004      4    0.0013    0.0000
  336   67    0.6439      2    0.1247    0.0000   -0.0049      2    0.0013    0.0000
  336   72   -0.1623      4    0.2086    0.0000    0.0063      4    0.0014    0.0000
  336   73   -0.2032      4    0.3281    0.0000    0.0055      4    0.0023    0.0000
  336   74   -0.2061      4    0.2041    0.0000    0.0061      4    0.0015    0.0000
  337   52    0.5195      2    0.2046    0.0000   -0.0163      2    0.0013    0.0000
  337   54    0.4231      7    0.6272    0.0000   -0.0076      7    0.0054    0.0000
  337   55   -0.1754     10    0.2353    0.0000   -0.0097     10    0.0034    0.0000
  337   58   -0.6229      3    0.2022    0.0000   -0.0019      3    0.0019    0.0000
  337   60    0.8766      4    0.2058    0.0000   -0.0014      4    0.0014    0.0000
  337   67    0.4507      4    0.1183    0.0000   -0.0057      4    0.0021    0.0000
  337   75    0.0578      7    0.5224    0.0000    0.0016      7    0.0023    0.0000
  337   76   -0.3043      4    0.3261    0.0000   -0.0001      4    0.0017    0.0000
  337   77    0.1102      3    0.3494    0.0000   -0.0018      3    0.0042    0.0000
  338   53    1.1793      3    0.1338    0.0000   -0.0089      3    0.0034    0.0000
  338   54    0.1617      6    0.6629    0.0000   -0.0106      6    0.0030    0.0000
  338   55    0.1604      6    0.5128    0.0000   -0.0092      6    0.0047    0.0000
  338   56    0.2462      5    0.3489    0.0000   -0.0046      5    0.0030    0.0000
  338   58   -0.1407      2    0.0181    0.0000   -0.0029      2    0.0014    0.0000
  338   60    0.4495      4    0.2388    0.0000    0.0002      4    0.0009    0.0000
  338   67    1.2850      3    0.4084    0.0000   -0.0009      3    0.0015    0.0000
  338   77    0.1976      3    0.1280    0.0000   -0.0017      3    0.0052    0.0000
  338   78    0.0835      4    0.2539    0.0000    0.0016      4    0.0012    0.0000
  338   79    0.0548      4    0.3051    0.0000    0.0041      4    0.0014    0.0000
  338   80    0.3414      3    0.3481    0.0000    0.0024      3    0.0024    0.0000
  339   53    1.3343      3    0.6352    0.0000   -0.0111      3    0.0004    0.0000
  339   54    0.4878      3    0.5544    0.0000   -0.0129      3    0.0013    0.0000
  339   55   -0.2618      5    0.3943    0.0000   -0.0071      5    0.0035    0.0000
  339   56    1.0082      4    0.3227    0.0000   -0.0086      4    0.0019    0.0000
  339   57    1.0813      5    0.2699    0.0000   -0.0069      5    0.0013    0.0000
  339   58   -0.4888      2    0.4542    0.0000   -0.0080      2    0.0008    0.0000
  339   60    1.2618      4    0.3500    0.0000    0.0019      4    0.0028    0.0000
  339   67    1.0295      4    0.1527    0.0000   -0.0024      4    0.0020    0.0000
  339   81    0.1567      5    0.3189    0.0000    0.0016      5    0.0033    0.0000
  339   82   -0.1013      4    0.1105    0.0000    0.0042      4    0.0014    0.0000
  339   83   -0.0611      3    0.2137    0.0000    0.0032      3    0.0023    0.0000
  340   54    0.4196      5    0.1413   16.6667   -0.0111      6    0.0024    0.0000
  340   55   -0.0182      6    0.3543    0.0000   -0.0070      6    0.0024    0.0000
  340   57    1.4051      3    0.0909    0.0000   -0.0079      3    0.0008    0.0000
  340   58   -0.1929      6    0.4787    0.0000   -0.0122      6    0.0033    0.0000
  340   60    0.9138      4    0.1018    0.0000   -0.0001      4    0.0016    0.0000
  340   67    0.5542      3    0.2628    0.0000   -0.0008      3    0.0031    0.0000
  340   84   -0.2384      3    0.0835    0.0000    0.0024      3    0.0014    0.0000
  340   85    0.0569      4    0.1408    0.0000    0.0032      4    0.0021    0.0000
  340   86    0.0827      4    0.1746    0.0000    0.0054      4    0.0024    0.0000
  341   54    0.9606      5    0.2631    0.0000   -0.0145      5    0.0030    0.0000
  341   55    0.4996      4    0.3715    0.0000   -0.0076      4    0.0023    0.0000
  341   56    1.0291      2    0.3558    0.0000   -0.0065      2    0.0015    0.0000
  341   57    0.5170      3    0.2452    0.0000   -0.0085      3    0.0008    0.0000
  341   58   -0.1089      3    0.1576    0.0000   -0.0074      3    0.0009    0.0000
  341   59    0.9428      3    0.2988    0.0000   -0.0076      3    0.0047    0.0000
  341   60    0.6678      5    0.1225    0.0000   -0.0027      5    0.0025    0.0000
  341   66    0.3568      3    0.5087    0.0000   -0.0037      3    0.0025    0.0000
  341   87    0.1409      4    0.1880    0.0000    0.0052      4    0.0010    0.0000
  341   88   -0.0724      4    0.2308    0.0000    0.0029      4    0.0020    0.0000
  342   55    0.6707      6    0.2915    0.0000   -0.0068      6    0.0037    0.0000
  342   56    0.3770      6    0.6025    0.0000   -0.0076      5    0.0017   16.6667
  342   58    0.4757      7    0.4791    0.0000   -0.0060      7    0.0017    0.0000
  342   59    1.0338      2    0.2727    0.0000   -0.0027      2    0.0012    0.0000
  342   60    1.1479      6    0.3218    0.0000    0.0004      6    0.0030    0.0000
  342   66    0.9401      3    0.3268    0.0000    0.0018      3    0.0021    0.0000
  342   74    0.6671      2    0.0007    0.0000    0.0053      2    0.0004    0.0000
  342   89   -0.1475      2    0.0358    0.0000    0.0027      2    0.0001    0.0000
  343   55    1.0814      5    0.2986    0.0000   -0.0061      5    0.0033    0.0000
  343   56    0.7261      5    0.3646    0.0000   -0.0073      5    0.0028    0.0000
  343   58    0.1140      4    0.6796    0.0000   -0.0083      4    0.0038    0.0000
  343   59    0.9411      2    0.0769    0.0000   -0.0035      2    0.0013    0.0000
  343   60    1.0131      7    0.4708    0.0000   -0.0028      7    0.0038    0.0000
  343   66    1.2224      4    0.2724    0.0000   -0.0036      4    0.0013    0.0000
  343   76   -0.2556      2    0.0881    0.0000   -0.0021      2    0.0002    0.0000
  344   55    0.7271      4    0.1806    0.0000   -0.0033      4    0.0026    0.0000
  344   56    0.5260      8    0.7685    0.0000   -0.0067      7    0.0011   12.5000
  344   58   -0.0317      2    0.3869    0.0000   -0.0018      2    0.0005    0.0000
  344   59    0.5925      3    0.1576    0.0000   -0.0049      3    0.0033    0.0000
  344   60    0.8687      5    0.2115    0.0000    0.0001      5    0.0017    0.0000
  344   61   -0.1395      4    0.4134    0.0000   -0.0010      4    0.0032    0.0000
  344   66    0.9130      4    0.2013    0.0000   -0.0021      4    0.0019    0.0000
  345   55    1.3791      3    0.3648    0.0000   -0.0076      3    0.0023    0.0000
  345   56    0.7968      5    0.4370    0.0000   -0.0071      5    0.0041    0.0000
  345   57   -0.0611      3    0.4607    0.0000   -0.0068      3    0.0007    0.0000
  345   58    0.4281      3    0.1097    0.0000   -0.0052      3    0.0020    0.0000
  345   60    0.8426      5    0.1961   16.6667   -0.0018      6    0.0021    0.0000
  345   62    0.0451      4    0.3123    0.0000    0.0023      4    0.0028    0.0000
  345   66    0.8130      4    0.4206    0.0000   -0.0030      4    0.0014    0.0000
  345   74    0.7924      2    0.3832    0.0000    0.0048      2    0.0012    0.0000
  346   55    1.2693      2    0.0888    0.0000   -0.0109      2    0.0003    0.0000
  346   56    0.5449      5    0.6229    0.0000   -0.0045      5    0.0014    0.0000
  346   57    0.6493      3    0.4132    0.0000   -0.0070      3    0.0021    0.0000
  346   58    0.4624      2    0.1191    0.0000   -0.0046      2    0.0013    0.0000
  346   60    0.7528      8    0.5292    0.0000   -0.0013      8    0.0039    0.0000
  346   63    0.7782      2    0.0526    0.0000    0.0037      2    0.0010    0.0000
  346   66    0.0546      3    0.1336    0.0000   -0.0027      3    0.0010    0.0000
  347   56    0.5559      4    0.2963    0.0000   -0.0023      4    0.0039    0.0000
  347   57    0.4829      6    0.5531    0.0000   -0.0066      6    0.0043    0.0000
  347   58    0.2557      2    0.1727    0.0000   -0.0069      2    0.0003    0.0000
  347   60    0.8860      3    0.3302    0.0000    0.0001      3    0.0017    0.0000
  347   61    0.8662      3    0.0683    0.0000   -0.0043      3    0.0013    0.0000
  347   63   -0.3003      3    0.3850    0.0000    0.0037      3    0.0014    0.0000
  347   65    0.6221      3    0.2487    0.0000   -0.0007      3    0.0004    0.0000
  347   75   -0.4679      2    0.3002    0.0000   -0.0036      2    0.0007    0.0000
  348   56    0.8556      4    0.3294    0.0000   -0.0002      4    0.0022    0.0000
  348   57    1.2119      5    0.2695   16.6667   -0.0021      5    0.0005   16.6667
  348   58   -0.5079      4    0.1322    0.0000   -0.0057      4    0.0016    0.0000
  348   59    0.8795      2    0.0166    0.0000   -0.0049      2    0.0001    0.0000
  348   60    1.1202      2    0.2486    0.0000   -0.0009      2    0.0008    0.0000
  348   61    0.6066      3    0.2203    0.0000   -0.0020      3    0.0027    0.0000
  348   64   -0.4176      3    0.2962    0.0000    0.0075      3    0.0009    0.0000
  348   65    0.2124      4    0.1799    0.0000   -0.0076      4    0.0031    0.0000
  348   73    1.4562      2    0.1935    0.0000    0.0020      2    0.0005    0.0000
  348   79    0.2858      2    0.0998    0.0000    0.0022      2    0.0036    0.0000
  349   56    1.3249      2    0.0802    0.0000   -0.0067      2    0.0020    0.0000
  349   57   -0.3253      2    0.1227    0.0000   -0.0058      2    0.0002    0.0000
  349   58    0.2094      8    0.3193   11.1111   -0.0019      9    0.0026    0.0000
  349   59    1.0918      2    0.1502    0.0000   -0.0061      2    0.0012    0.0000
  349   60    0.7444      3    0.2840    0.0000   -0.0066      3    0.0019    0.0000
  349   62    1.0791      3    0.3144    0.0000   -0.0042      3    0.0041    0.0000
  349   64   -0.0578      2    0.4370    0.0000    0.0103      2    0.0006    0.0000
  349   65   -0.0387      5    0.0924    0.0000   -0.0013      5    0.0060    0.0000
  349   75   -0.3695      2    0.0948    0.0000   -0.0011      2    0.0005    0.0000
  350   56    0.7616      3    0.3977    0.0000   -0.0046      3    0.0014    0.0000
  350   57    0.0828      4    0.3957    0.0000   -0.0034      4    0.0053    0.0000
  350   58    1.5120      5    0.4403   16.6667    0.0017      6    0.0018    0.0000
  350   59    0.8523      4    0.1868    0.0000   -0.0040      4    0.0010    0.0000
  350   62    0.8242      3    0.1026    0.0000    0.0019      3    0.0026    0.0000
  350   65    0.2401      6    0.1653   14.2857    0.0025      7    0.0051    0.0000
  350   73    1.0032      2    0.0584    0.0000    0.0026      2    0.0008    0.0000
  351   56    0.5670      3    0.0808    0.0000   -0.0048      3    0.0010    0.0000
  351   57    0.3389      4    0.5230    0.0000   -0.0032      4    0.0045    0.0000
  351   58    1.2828      3    0.3715    0.0000   -0.0016      3    0.0027    0.0000
  351   59    1.1514      6    0.3862    0.0000   -0.0030      6    0.0017    0.0000
  351   63    0.0338      3    0.2299    0.0000    0.0029      3    0.0020    0.0000
  351   65    0.2624      4    0.1222    0.0000   -0.0006      4    0.0060    0.0000
  351   66   -0.2474      3    0.1453    0.0000    0.0084      3    0.0005    0.0000
  352   56    0.6748      2    0.3598    0.0000   -0.0009      2    0.0014    0.0000
  352   57    0.8651      6    0.3963    0.0000    0.0001      6    0.0018    0.0000
  352   59    0.9701      8    0.2130   11.1111   -0.0001      8    0.0025   11.1111
  352   63    0.0999      3    0.3644    0.0000    0.0016      3    0.0025    0.0000
  352   64   -0.0211      4    0.2120    0.0000   -0.0014      4    0.0024    0.0000
  352   66    0.1423      2    0.0689    0.0000    0.0040      2    0.0013    0.0000
  352   72    1.1704      2    0.0083    0.0000    0.0014      2    0.0008    0.0000
  352   74    0.4119      2    0.0683    0.0000   -0.0032      2    0.0004    0.0000
  353   57    0.7134      6    0.5598    0.0000    0.0012      6    0.0029    0.0000
  353   59    0.6056      9    0.4812   10.0000   -0.0010      9    0.0025   10.0000
  353   64   -0.1998      8    0.4503    0.0000   -0.0006      7    0.0009   12.5000
  353   67    0.3404      3    0.1321    0.0000    0.0029      3    0.0021    0.0000
  353   72    0.9285      2    0.2301    0.0000    0.0045      2    0.0014    0.0000
  353   74    0.5085      2    0.1134    0.0000   -0.0092      2    0.0005    0.0000
  353   78    0.3408      2    0.0892    0.0000   -0.0009      2    0.0019    0.0000
  354   57    0.8303      6    0.1628   14.2857   -0.0017      7    0.0027    0.0000
  354   59    0.2512      8    0.6014    0.0000   -0.0010      8    0.0035    0.0000
  354   60    1.6739      2    0.3511    0.0000    0.0010      2    0.0007    0.0000
  354   64   -0.0925      7    0.3553    0.0000    0.0043      7    0.0028    0.0000
  354   67   -0.3821      2    0.1291    0.0000    0.0078      2    0.0004    0.0000
  355   57    0.8449      8    0.2834    0.0000   -0.0018      8    0.0024    0.0000
  355   59    0.7447      5    0.3867    0.0000   -0.0009      5    0.0030    0.0000
  355   60    0.8117      5    0.6960    0.0000    0.0011      5    0.0020    0.0000
  355   63   -0.0027      2    0.0516    0.0000    0.0044      2    0.0052    0.0000
  355   64   -0.3092      3    0.1947    0.0000    0.0003      3    0.0020    0.0000
  355   65    0.9071      3    0.4701    0.0000    0.0057      3    0.0016    0.0000
  355   68    0.1123      3    0.5639    0.0000    0.0093      3    0.0008    0.0000
  355   71    0.8460      2    0.2272    0.0000    0.0019      2    0.0004    0.0000
  355   73    0.2490      2    0.2133    0.0000   -0.0055      2    0.0002    0.0000
  356   57    0.4756      6    0.3468   14.2857   -0.0040      7    0.0045    0.0000
  356   59    0.6154      4    0.4108    0.0000   -0.0007      4    0.0026    0.0000
  356   60    0.4416      5    0.4825    0.0000    0.0040      5    0.0037    0.0000
  356   63    0.0301      3    0.3827    0.0000   -0.0031      3    0.0008    0.0000
  356   65    0.5167      2    0.2478    0.0000    0.0056      2    0.0003    0.0000
  356   71    0.5616      2    0.0301    0.0000    0.0020      2    0.0001    0.0000
  356   73   -0.2409      2    0.2662    0.0000   -0.0095      2    0.0006    0.0000
  357   57   -0.0343      5    0.2211    0.0000   -0.0040      5    0.0011    0.0000
  357   58    1.0268      3    0.3656    0.0000    0.0007      3    0.0012    0.0000
  357   59    0.5359      3    0.2701    0.0000    0.0028      3    0.0026    0.0000
  357   60    0.7299      2    0.1880    0.0000    0.0037      2    0.0011    0.0000
  357   61    1.0782      3    0.6135    0.0000    0.0043      3    0.0037    0.0000
  357   63   -0.0295      4    0.3995    0.0000   -0.0027      4    0.0018    0.0000
  357   66    0.5802      2    0.3634    0.0000    0.0046      2    0.0011    0.0000
  357   69    0.0019      3    0.1334    0.0000    0.0079      3    0.0018    0.0000
  357   71    0.7932      2    0.2887    0.0000    0.0047      2    0.0022    0.0000
  357   77   -0.2974      2    0.1618    0.0000    0.0019      2    0.0030    0.0000
  358   57    0.5607      5    0.5223    0.0000   -0.0003      5    0.0042    0.0000
  358   58    0.3629      5    0.6823    0.0000    0.0035      5    0.0020    0.0000
  358   59    0.2462      2    0.1469    0.0000    0.0018      2    0.0008    0.0000
  358   60    0.7218      2    0.3762    0.0000    0.0038      2    0.0011    0.0000
  358   61    1.4748      2    0.3586    0.0000   -0.0000      2    0.0009    0.0000
  358   63    0.3139      4    0.1476    0.0000   -0.0043      4    0.0018    0.0000
  358   66    0.2392      2    0.0062    0.0000    0.0049      2    0.0021    0.0000
  358   70    0.0301      4    0.5093    0.0000    0.0034      4    0.0038    0.0000
  358   72    0.0991      2    0.1459    0.0000   -0.0057      2    0.0004    0.0000
  359   56    0.5760      2    0.2133    0.0000   -0.0001      2    0.0020    0.0000
  359   57    0.3958      3    0.4560    0.0000    0.0010      3    0.0014    0.0000
  359   58    0.4296      5    0.5144    0.0000    0.0035      5    0.0032    0.0000
  359   59    0.9275      3    0.3857    0.0000    0.0081      3    0.0012    0.0000
  359   61    1.1391      4    0.3719    0.0000   -0.0003      4    0.0017    0.0000
  359   62    0.1777      2    0.3566    0.0000   -0.0040      2    0.0002    0.0000
  359   63   -0.0689      3    0.7449    0.0000    0.0011      3    0.0007    0.0000
  359   66    0.4062      3    0.5145    0.0000    0.0046      3    0.0002    0.0000
  359   70    0.1466      7    0.3758    0.0000    0.0038      7    0.0043    0.0000
  359   72    0.0204      2    0.0108    0.0000   -0.0071      2    0.0003    0.0000
                                                            END OF GPS L1/L2 QZS L1/L2 
