wuh2                                                        STATION
Kinematic   10.000000 10.000000 10.000000                   POS MODE/PRIORI (meter)
YES                                                         OBS STRICT EDITING
2023  1  2  0  0  0.00                                      OBS FIRST EPOCH
2023  1  2 23 59 30.00                                      OBS LAST EPOCH
   30.00                                                    OBS INTERVAL (sec)
    7.00                                                    OBS MASK ANGLE (deg)
    0.30                                                    MEASUREMENT NOISE PSEUDORANGE (1-SIGMA, meter)
    0.01                                                    MEASUREMENT NOISE CARRIER PHASE (1-SIGMA, cycle)
WUM0MGXRAP_20230020000_01D_05M_ORB.SP3                      SAT ORBIT
WUM0MGXRAP_20230020000_01D_30S_CLK.CLK                      SAT CLOCK
WUM0MGXRAP_20230020000_01D_30S_ATT.OBX                      SAT ATTITUDE
WUM0MGXRAP_20230020000_01D_01D_OSB.BIA                      SAT BIAS
WUM0MGXRAP_20230020000_01D_01D_ERP.ERP                      EARTH ROTATION PARAMETERS
JAVAD TRE_3                                                 SITE RECEIVER TYPE
JAVRINGANT_G5T  NONE                                        SITE ANTENNA TYPE
        0.0000        0.0000        0.1206                  SITE ANTENNA E/N/H (meter)
G  L1   1       2.27      0.78     48.07                    SITE ANTENNA PCO E/N/H (millimeter)
G  L2   2      -2.90      5.42     55.34                    SITE ANTENNA PCO E/N/H (millimeter)
R  G1   1       2.53     -0.61     44.37                    SITE ANTENNA PCO E/N/H (millimeter)
R  G2   2      -3.83      9.14     53.05                    SITE ANTENNA PCO E/N/H (millimeter)
E  E1   1       2.27      0.78     48.07                    SITE ANTENNA PCO E/N/H (millimeter)
E  E5a  5      -4.32     -1.14     61.57                    SITE ANTENNA PCO E/N/H (millimeter)
C  B1I  2       2.27      0.78     48.07                    SITE ANTENNA PCO E/N/H (millimeter)
C  B3I  6      -2.90      5.42     55.34                    SITE ANTENNA PCO E/N/H (millimeter)
J  L1   1       2.27      0.78     48.07                    SITE ANTENNA PCO E/N/H (millimeter)
J  L2   2      -2.90      5.42     55.34                    SITE ANTENNA PCO E/N/H (millimeter)
IGS20_2272                                                  TABLE ANTEX
WNO                                                         RECEIVER CLOCK
STO                                                         TROP ZENITH
NON                                                         TROP GRADIENT
NO                                                          IONO 2ND
SOLID  POLE OCEAN(Scherneck)                                TIDES
MHM                                                         MULTIPATH MODEL
YES  GPS    43  GAL     0  BDS2    0  BDS3    0  QZSS    0  AMB FIXING
  600.00                                                    AMB DURATION (sec)
   15.00                                                    AMB CUTOFF (deg)
    0.20    0.15 1000.00                                    AMB WIDELANE
    0.15    0.15 1000.00                                    AMB NARROWLANE
    3       4       1.80    3.00                            AMB SEARCH
DEFAULT                                                     AMB AT DAY-BOUNDARY
Start Field Description                                     COMMENT
Year                                                        YEAR (GPS TIME)
Mon                                                         MONTH (GPS TIME)
Day                                                         DAY (GPS TIME)
Hour                                                        HOUR (GPS TIME)
Min                                                         MINUTE (GPS TIME)
Sec                                                         SECOND (GPS TIME)
ZDD                                                         ZENITH DRY DELAY (meter)
ZWDini                                                      INITIAL ZENITH WET DELAY (meter)
ZWDcor                                                      ZENITH WET DELAY CORRECTION (meter)
End Field Description                                       COMMENT
                                                            END OF HEADER
* Year   Mon   Day  Hour   Min       Sec        ZDD     ZWDini     ZWDcor
  2023     1     2     0     0  0.000000   2.329586   0.080959   0.059915
  2023     1     2     0     0 30.000000   2.329592   0.080960   0.059916
  2023     1     2     0     1  0.000000   2.329589   0.080960   0.059918
  2023     1     2     0     1 30.000000   2.329583   0.080959   0.059920
  2023     1     2     0     2  0.000000   2.329587   0.080960   0.059921
  2023     1     2     0     2 30.000000   2.329587   0.080960   0.059924
  2023     1     2     0     3  0.000000   2.329586   0.080960   0.059926
  2023     1     2     0     3 30.000000   2.329588   0.080960   0.059929
  2023     1     2     0     4  0.000000   2.329586   0.080960   0.059932
  2023     1     2     0     4 30.000000   2.329585   0.080960   0.059935
  2023     1     2     0     5  0.000000   2.329587   0.080960   0.059938
  2023     1     2     0     5 30.000000   2.329586   0.080960   0.059941
  2023     1     2     0     6  0.000000   2.329585   0.080960   0.059945
  2023     1     2     0     6 30.000000   2.329588   0.080960   0.059950
  2023     1     2     0     7  0.000000   2.329588   0.080961   0.059955
  2023     1     2     0     7 30.000000   2.329586   0.080960   0.059962
  2023     1     2     0     8  0.000000   2.329588   0.080961   0.059970
  2023     1     2     0     8 30.000000   2.329591   0.080961   0.059979
  2023     1     2     0     9  0.000000   2.329591   0.080961   0.059988
  2023     1     2     0     9 30.000000   2.329592   0.080961   0.059997
  2023     1     2     0    10  0.000000   2.329595   0.080962   0.060007
  2023     1     2     0    10 30.000000   2.329595   0.080962   0.060018
  2023     1     2     0    11  0.000000   2.329592   0.080962   0.060031
  2023     1     2     0    11 30.000000   2.329592   0.080962   0.060044
  2023     1     2     0    12  0.000000   2.329595   0.080962   0.060058
  2023     1     2     0    12 30.000000   2.329594   0.080962   0.060073
  2023     1     2     0    13  0.000000   2.329590   0.080962   0.060090
  2023     1     2     0    13 30.000000   2.329592   0.080962   0.060107
  2023     1     2     0    14  0.000000   2.329592   0.080962   0.060122
  2023     1     2     0    14 30.000000   2.329597   0.080963   0.060137
  2023     1     2     0    15  0.000000   2.329595   0.080963   0.060152
  2023     1     2     0    15 30.000000   2.329596   0.080963   0.060166
  2023     1     2     0    16  0.000000   2.329598   0.080963   0.060179
  2023     1     2     0    16 30.000000   2.329595   0.080963   0.060190
  2023     1     2     0    17  0.000000   2.329595   0.080963   0.060199
  2023     1     2     0    17 30.000000   2.329599   0.080964   0.060207
  2023     1     2     0    18  0.000000   2.329597   0.080964   0.060214
  2023     1     2     0    18 30.000000   2.329596   0.080964   0.060220
  2023     1     2     0    19  0.000000   2.329600   0.080964   0.060225
  2023     1     2     0    19 30.000000   2.329597   0.080964   0.060230
  2023     1     2     0    20  0.000000   2.329595   0.080964   0.060234
  2023     1     2     0    20 30.000000   2.329594   0.080964   0.060238
  2023     1     2     0    21  0.000000   2.329591   0.080963   0.060242
  2023     1     2     0    21 30.000000   2.329595   0.080964   0.060245
  2023     1     2     0    22  0.000000   2.329598   0.080964   0.060248
  2023     1     2     0    22 30.000000   2.329592   0.080964   0.060251
  2023     1     2     0    23  0.000000   2.329594   0.080964   0.060253
  2023     1     2     0    23 30.000000   2.329594   0.080964   0.060256
  2023     1     2     0    24  0.000000   2.329596   0.080964   0.060258
  2023     1     2     0    24 30.000000   2.329592   0.080964   0.060260
  2023     1     2     0    25  0.000000   2.329594   0.080965   0.060262
  2023     1     2     0    25 30.000000   2.329596   0.080965   0.060262
  2023     1     2     0    26  0.000000   2.329596   0.080965   0.060262
  2023     1     2     0    26 30.000000   2.329595   0.080965   0.060262
  2023     1     2     0    27  0.000000   2.329592   0.080965   0.060260
  2023     1     2     0    27 30.000000   2.329596   0.080965   0.060258
  2023     1     2     0    28  0.000000   2.329598   0.080965   0.060256
  2023     1     2     0    28 30.000000   2.329594   0.080965   0.060254
  2023     1     2     0    29  0.000000   2.329596   0.080965   0.060251
  2023     1     2     0    29 30.000000   2.329594   0.080965   0.060248
  2023     1     2     0    30  0.000000   2.329592   0.080965   0.060245
  2023     1     2     0    30 30.000000   2.329593   0.080965   0.060242
  2023     1     2     0    31  0.000000   2.329594   0.080966   0.060238
  2023     1     2     0    31 30.000000   2.329595   0.080966   0.060233
  2023     1     2     0    32  0.000000   2.329597   0.080966   0.060229
  2023     1     2     0    32 30.000000   2.329597   0.080966   0.060224
  2023     1     2     0    33  0.000000   2.329596   0.080966   0.060219
  2023     1     2     0    33 30.000000   2.329595   0.080966   0.060215
  2023     1     2     0    34  0.000000   2.329593   0.080966   0.060209
  2023     1     2     0    34 30.000000   2.329595   0.080966   0.060204
  2023     1     2     0    35  0.000000   2.329596   0.080967   0.060198
  2023     1     2     0    35 30.000000   2.329595   0.080967   0.060192
  2023     1     2     0    36  0.000000   2.329595   0.080967   0.060187
  2023     1     2     0    36 30.000000   2.329595   0.080967   0.060182
  2023     1     2     0    37  0.000000   2.329594   0.080967   0.060177
  2023     1     2     0    37 30.000000   2.329595   0.080967   0.060170
  2023     1     2     0    38  0.000000   2.329595   0.080967   0.060162
  2023     1     2     0    38 30.000000   2.329598   0.080967   0.060153
  2023     1     2     0    39  0.000000   2.329594   0.080967   0.060144
  2023     1     2     0    39 30.000000   2.329594   0.080967   0.060134
  2023     1     2     0    40  0.000000   2.329593   0.080967   0.060124
  2023     1     2     0    40 30.000000   2.329599   0.080968   0.060113
  2023     1     2     0    41  0.000000   2.329591   0.080967   0.060102
  2023     1     2     0    41 30.000000   2.329590   0.080967   0.060089
  2023     1     2     0    42  0.000000   2.329594   0.080968   0.060076
  2023     1     2     0    42 30.000000   2.329594   0.080968   0.060063
  2023     1     2     0    43  0.000000   2.329590   0.080967   0.060050
  2023     1     2     0    43 30.000000   2.329594   0.080968   0.060035
  2023     1     2     0    44  0.000000   2.329591   0.080968   0.060020
  2023     1     2     0    44 30.000000   2.329591   0.080968   0.060004
  2023     1     2     0    45  0.000000   2.329595   0.080968   0.059988
  2023     1     2     0    45 30.000000   2.329595   0.080968   0.059971
  2023     1     2     0    46  0.000000   2.329595   0.080968   0.059955
  2023     1     2     0    46 30.000000   2.329593   0.080968   0.059938
  2023     1     2     0    47  0.000000   2.329593   0.080968   0.059921
  2023     1     2     0    47 30.000000   2.329593   0.080969   0.059904
  2023     1     2     0    48  0.000000   2.329592   0.080968   0.059886
  2023     1     2     0    48 30.000000   2.329595   0.080969   0.059868
  2023     1     2     0    49  0.000000   2.329595   0.080969   0.059850
  2023     1     2     0    49 30.000000   2.329595   0.080969   0.059832
  2023     1     2     0    50  0.000000   2.329592   0.080969   0.059814
  2023     1     2     0    50 30.000000   2.329592   0.080969   0.059796
  2023     1     2     0    51  0.000000   2.329596   0.080969   0.059778
  2023     1     2     0    51 30.000000   2.329596   0.080969   0.059759
  2023     1     2     0    52  0.000000   2.329597   0.080970   0.059742
  2023     1     2     0    52 30.000000   2.329599   0.080970   0.059725
  2023     1     2     0    53  0.000000   2.329596   0.080970   0.059706
  2023     1     2     0    53 30.000000   2.329596   0.080970   0.059688
  2023     1     2     0    54  0.000000   2.329597   0.080970   0.059669
  2023     1     2     0    54 30.000000   2.329598   0.080970   0.059650
  2023     1     2     0    55  0.000000   2.329598   0.080970   0.059630
  2023     1     2     0    55 30.000000   2.329598   0.080970   0.059610
  2023     1     2     0    56  0.000000   2.329596   0.080970   0.059590
  2023     1     2     0    56 30.000000   2.329594   0.080970   0.059570
  2023     1     2     0    57  0.000000   2.329593   0.080970   0.059549
  2023     1     2     0    57 30.000000   2.329600   0.080971   0.059528
  2023     1     2     0    58  0.000000   2.329599   0.080971   0.059507
  2023     1     2     0    58 30.000000   2.329597   0.080971   0.059486
  2023     1     2     0    59  0.000000   2.329598   0.080971   0.059464
  2023     1     2     0    59 30.000000   2.329598   0.080971   0.059442
  2023     1     2     1     0  0.000000   2.329595   0.080971   0.059420
  2023     1     2     1     0 30.000000   2.329594   0.080971   0.059398
  2023     1     2     1     1  0.000000   2.329599   0.080972   0.059376
  2023     1     2     1     1 30.000000   2.329596   0.080971   0.059355
  2023     1     2     1     2  0.000000   2.329599   0.080972   0.059332
  2023     1     2     1     2 30.000000   2.329598   0.080972   0.059310
  2023     1     2     1     3  0.000000   2.329599   0.080972   0.059287
  2023     1     2     1     3 30.000000   2.329599   0.080972   0.059265
  2023     1     2     1     4  0.000000   2.329599   0.080972   0.059243
  2023     1     2     1     4 30.000000   2.329598   0.080972   0.059221
  2023     1     2     1     5  0.000000   2.329598   0.080972   0.059199
  2023     1     2     1     5 30.000000   2.329596   0.080972   0.059176
  2023     1     2     1     6  0.000000   2.329600   0.080973   0.059152
  2023     1     2     1     6 30.000000   2.329600   0.080973   0.059129
  2023     1     2     1     7  0.000000   2.329601   0.080973   0.059107
  2023     1     2     1     7 30.000000   2.329599   0.080973   0.059084
  2023     1     2     1     8  0.000000   2.329599   0.080973   0.059060
  2023     1     2     1     8 30.000000   2.329598   0.080973   0.059037
  2023     1     2     1     9  0.000000   2.329598   0.080973   0.059012
  2023     1     2     1     9 30.000000   2.329588   0.080972   0.058988
  2023     1     2     1    10  0.000000   2.329593   0.080973   0.058962
  2023     1     2     1    10 30.000000   2.329594   0.080973   0.058934
  2023     1     2     1    11  0.000000   2.329597   0.080973   0.058907
  2023     1     2     1    11 30.000000   2.329595   0.080973   0.058880
  2023     1     2     1    12  0.000000   2.329596   0.080973   0.058852
  2023     1     2     1    12 30.000000   2.329598   0.080974   0.058824
  2023     1     2     1    13  0.000000   2.329597   0.080974   0.058796
  2023     1     2     1    13 30.000000   2.329590   0.080973   0.058766
  2023     1     2     1    14  0.000000   2.329594   0.080974   0.058736
  2023     1     2     1    14 30.000000   2.329598   0.080974   0.058704
  2023     1     2     1    15  0.000000   2.329595   0.080974   0.058671
  2023     1     2     1    15 30.000000   2.329596   0.080974   0.058638
  2023     1     2     1    16  0.000000   2.329592   0.080974   0.058604
  2023     1     2     1    16 30.000000   2.329593   0.080974   0.058570
  2023     1     2     1    17  0.000000   2.329594   0.080974   0.058535
  2023     1     2     1    17 30.000000   2.329600   0.080975   0.058500
  2023     1     2     1    18  0.000000   2.329597   0.080974   0.058464
  2023     1     2     1    18 30.000000   2.329596   0.080974   0.058429
  2023     1     2     1    19  0.000000   2.329597   0.080975   0.058393
  2023     1     2     1    19 30.000000   2.329594   0.080975   0.058359
  2023     1     2     1    20  0.000000   2.329599   0.080975   0.058324
  2023     1     2     1    20 30.000000   2.329597   0.080975   0.058288
  2023     1     2     1    21  0.000000   2.329596   0.080975   0.058252
  2023     1     2     1    21 30.000000   2.329596   0.080975   0.058215
  2023     1     2     1    22  0.000000   2.329598   0.080975   0.058178
  2023     1     2     1    22 30.000000   2.329595   0.080975   0.058142
  2023     1     2     1    23  0.000000   2.329595   0.080975   0.058106
  2023     1     2     1    23 30.000000   2.329595   0.080975   0.058070
  2023     1     2     1    24  0.000000   2.329596   0.080976   0.058036
  2023     1     2     1    24 30.000000   2.329594   0.080975   0.058002
  2023     1     2     1    25  0.000000   2.329594   0.080976   0.057968
  2023     1     2     1    25 30.000000   2.329593   0.080975   0.057934
  2023     1     2     1    26  0.000000   2.329597   0.080976   0.057897
  2023     1     2     1    26 30.000000   2.329596   0.080976   0.057861
  2023     1     2     1    27  0.000000   2.329597   0.080976   0.057825
  2023     1     2     1    27 30.000000   2.329595   0.080976   0.057787
  2023     1     2     1    28  0.000000   2.329600   0.080977   0.057750
  2023     1     2     1    28 30.000000   2.329598   0.080977   0.057713
  2023     1     2     1    29  0.000000   2.329594   0.080976   0.057676
  2023     1     2     1    29 30.000000   2.329592   0.080976   0.057639
  2023     1     2     1    30  0.000000   2.329596   0.080977   0.057601
  2023     1     2     1    30 30.000000   2.329595   0.080977   0.057563
  2023     1     2     1    31  0.000000   2.329596   0.080977   0.057524
  2023     1     2     1    31 30.000000   2.329597   0.080977   0.057486
  2023     1     2     1    32  0.000000   2.329595   0.080977   0.057447
  2023     1     2     1    32 30.000000   2.329598   0.080977   0.057408
  2023     1     2     1    33  0.000000   2.329588   0.080976   0.057369
  2023     1     2     1    33 30.000000   2.329599   0.080978   0.057329
  2023     1     2     1    34  0.000000   2.329597   0.080977   0.057289
  2023     1     2     1    34 30.000000   2.329593   0.080977   0.057249
  2023     1     2     1    35  0.000000   2.329595   0.080977   0.057208
  2023     1     2     1    35 30.000000   2.329597   0.080978   0.057166
  2023     1     2     1    36  0.000000   2.329597   0.080978   0.057125
  2023     1     2     1    36 30.000000   2.329599   0.080978   0.057083
  2023     1     2     1    37  0.000000   2.329593   0.080978   0.057041
  2023     1     2     1    37 30.000000   2.329595   0.080978   0.056999
  2023     1     2     1    38  0.000000   2.329594   0.080978   0.056956
  2023     1     2     1    38 30.000000   2.329596   0.080978   0.056913
  2023     1     2     1    39  0.000000   2.329595   0.080978   0.056869
  2023     1     2     1    39 30.000000   2.329599   0.080979   0.056824
  2023     1     2     1    40  0.000000   2.329599   0.080979   0.056780
  2023     1     2     1    40 30.000000   2.329599   0.080979   0.056736
  2023     1     2     1    41  0.000000   2.329596   0.080979   0.056691
  2023     1     2     1    41 30.000000   2.329593   0.080978   0.056646
  2023     1     2     1    42  0.000000   2.329592   0.080978   0.056600
  2023     1     2     1    42 30.000000   2.329594   0.080979   0.056554
  2023     1     2     1    43  0.000000   2.329595   0.080979   0.056508
  2023     1     2     1    43 30.000000   2.329593   0.080979   0.056461
  2023     1     2     1    44  0.000000   2.329595   0.080979   0.056415
  2023     1     2     1    44 30.000000   2.329591   0.080979   0.056368
  2023     1     2     1    45  0.000000   2.329593   0.080979   0.056321
  2023     1     2     1    45 30.000000   2.329591   0.080979   0.056274
  2023     1     2     1    46  0.000000   2.329593   0.080979   0.056226
  2023     1     2     1    46 30.000000   2.329592   0.080979   0.056178
  2023     1     2     1    47  0.000000   2.329590   0.080979   0.056129
  2023     1     2     1    47 30.000000   2.329595   0.080980   0.056080
  2023     1     2     1    48  0.000000   2.329594   0.080980   0.056032
  2023     1     2     1    48 30.000000   2.329592   0.080980   0.055984
  2023     1     2     1    49  0.000000   2.329598   0.080980   0.055936
  2023     1     2     1    49 30.000000   2.329598   0.080980   0.055888
  2023     1     2     1    50  0.000000   2.329595   0.080980   0.055839
  2023     1     2     1    50 30.000000   2.329599   0.080981   0.055791
  2023     1     2     1    51  0.000000   2.329597   0.080981   0.055743
  2023     1     2     1    51 30.000000   2.329601   0.080981   0.055696
  2023     1     2     1    52  0.000000   2.329595   0.080981   0.055649
  2023     1     2     1    52 30.000000   2.329593   0.080980   0.055603
  2023     1     2     1    53  0.000000   2.329596   0.080981   0.055558
  2023     1     2     1    53 30.000000   2.329592   0.080980   0.055513
  2023     1     2     1    54  0.000000   2.329597   0.080981   0.055468
  2023     1     2     1    54 30.000000   2.329592   0.080981   0.055423
  2023     1     2     1    55  0.000000   2.329588   0.080980   0.055379
  2023     1     2     1    55 30.000000   2.329594   0.080981   0.055334
  2023     1     2     1    56  0.000000   2.329598   0.080982   0.055289
  2023     1     2     1    56 30.000000   2.329596   0.080981   0.055245
  2023     1     2     1    57  0.000000   2.329590   0.080981   0.055200
  2023     1     2     1    57 30.000000   2.329590   0.080981   0.055156
  2023     1     2     1    58  0.000000   2.329593   0.080981   0.055112
  2023     1     2     1    58 30.000000   2.329596   0.080982   0.055067
  2023     1     2     1    59  0.000000   2.329593   0.080982   0.055023
  2023     1     2     1    59 30.000000   2.329593   0.080982   0.054979
  2023     1     2     2     0  0.000000   2.329590   0.080981   0.054934
  2023     1     2     2     0 30.000000   2.329595   0.080982   0.054890
  2023     1     2     2     1  0.000000   2.329593   0.080982   0.054846
  2023     1     2     2     1 30.000000   2.329593   0.080982   0.054802
  2023     1     2     2     2  0.000000   2.329592   0.080982   0.054758
  2023     1     2     2     2 30.000000   2.329596   0.080983   0.054714
  2023     1     2     2     3  0.000000   2.329598   0.080983   0.054669
  2023     1     2     2     3 30.000000   2.329593   0.080982   0.054625
  2023     1     2     2     4  0.000000   2.329590   0.080982   0.054581
  2023     1     2     2     4 30.000000   2.329592   0.080982   0.054537
  2023     1     2     2     5  0.000000   2.329592   0.080983   0.054493
  2023     1     2     2     5 30.000000   2.329593   0.080983   0.054449
  2023     1     2     2     6  0.000000   2.329595   0.080983   0.054405
  2023     1     2     2     6 30.000000   2.329595   0.080983   0.054361
  2023     1     2     2     7  0.000000   2.329596   0.080983   0.054318
  2023     1     2     2     7 30.000000   2.329595   0.080983   0.054274
  2023     1     2     2     8  0.000000   2.329596   0.080984   0.054230
  2023     1     2     2     8 30.000000   2.329588   0.080983   0.054186
  2023     1     2     2     9  0.000000   2.329595   0.080984   0.054143
  2023     1     2     2     9 30.000000   2.329593   0.080983   0.054099
  2023     1     2     2    10  0.000000   2.329591   0.080983   0.054056
  2023     1     2     2    10 30.000000   2.329596   0.080984   0.054012
  2023     1     2     2    11  0.000000   2.329597   0.080984   0.053969
  2023     1     2     2    11 30.000000   2.329596   0.080984   0.053926
  2023     1     2     2    12  0.000000   2.329599   0.080985   0.053882
  2023     1     2     2    12 30.000000   2.329593   0.080984   0.053839
  2023     1     2     2    13  0.000000   2.329595   0.080984   0.053796
  2023     1     2     2    13 30.000000   2.329592   0.080984   0.053754
  2023     1     2     2    14  0.000000   2.329594   0.080984   0.053711
  2023     1     2     2    14 30.000000   2.329594   0.080985   0.053668
  2023     1     2     2    15  0.000000   2.329589   0.080984   0.053625
  2023     1     2     2    15 30.000000   2.329593   0.080985   0.053583
  2023     1     2     2    16  0.000000   2.329592   0.080985   0.053540
  2023     1     2     2    16 30.000000   2.329597   0.080985   0.053497
  2023     1     2     2    17  0.000000   2.329594   0.080985   0.053455
  2023     1     2     2    17 30.000000   2.329586   0.080984   0.053413
  2023     1     2     2    18  0.000000   2.329590   0.080985   0.053370
  2023     1     2     2    18 30.000000   2.329587   0.080985   0.053328
  2023     1     2     2    19  0.000000   2.329594   0.080985   0.053286
  2023     1     2     2    19 30.000000   2.329584   0.080984   0.053243
  2023     1     2     2    20  0.000000   2.329590   0.080985   0.053201
  2023     1     2     2    20 30.000000   2.329592   0.080985   0.053159
  2023     1     2     2    21  0.000000   2.329593   0.080986   0.053116
  2023     1     2     2    21 30.000000   2.329590   0.080985   0.053074
  2023     1     2     2    22  0.000000   2.329589   0.080985   0.053031
  2023     1     2     2    22 30.000000   2.329591   0.080986   0.052989
  2023     1     2     2    23  0.000000   2.329597   0.080986   0.052947
  2023     1     2     2    23 30.000000   2.329592   0.080986   0.052905
  2023     1     2     2    24  0.000000   2.329598   0.080987   0.052863
  2023     1     2     2    24 30.000000   2.329595   0.080987   0.052820
  2023     1     2     2    25  0.000000   2.329594   0.080987   0.052778
  2023     1     2     2    25 30.000000   2.329589   0.080986   0.052736
  2023     1     2     2    26  0.000000   2.329589   0.080986   0.052694
  2023     1     2     2    26 30.000000   2.329592   0.080987   0.052652
  2023     1     2     2    27  0.000000   2.329592   0.080987   0.052610
  2023     1     2     2    27 30.000000   2.329593   0.080987   0.052569
  2023     1     2     2    28  0.000000   2.329592   0.080987   0.052527
  2023     1     2     2    28 30.000000   2.329592   0.080987   0.052485
  2023     1     2     2    29  0.000000   2.329595   0.080987   0.052445
  2023     1     2     2    29 30.000000   2.329593   0.080987   0.052404
  2023     1     2     2    30  0.000000   2.329596   0.080988   0.052363
  2023     1     2     2    30 30.000000   2.329589   0.080987   0.052321
  2023     1     2     2    31  0.000000   2.329592   0.080987   0.052278
  2023     1     2     2    31 30.000000   2.329591   0.080987   0.052235
  2023     1     2     2    32  0.000000   2.329590   0.080987   0.052192
  2023     1     2     2    32 30.000000   2.329596   0.080988   0.052149
  2023     1     2     2    33  0.000000   2.329594   0.080988   0.052106
  2023     1     2     2    33 30.000000   2.329594   0.080988   0.052065
  2023     1     2     2    34  0.000000   2.329594   0.080988   0.052023
  2023     1     2     2    34 30.000000   2.329595   0.080988   0.051980
  2023     1     2     2    35  0.000000   2.329591   0.080988   0.051937
  2023     1     2     2    35 30.000000   2.329591   0.080988   0.051894
  2023     1     2     2    36  0.000000   2.329593   0.080988   0.051852
  2023     1     2     2    36 30.000000   2.329594   0.080989   0.051810
  2023     1     2     2    37  0.000000   2.329591   0.080988   0.051768
  2023     1     2     2    37 30.000000   2.329587   0.080988   0.051726
  2023     1     2     2    38  0.000000   2.329588   0.080988   0.051685
  2023     1     2     2    38 30.000000   2.329589   0.080988   0.051644
  2023     1     2     2    39  0.000000   2.329590   0.080989   0.051603
  2023     1     2     2    39 30.000000   2.329590   0.080989   0.051561
  2023     1     2     2    40  0.000000   2.329589   0.080989   0.051519
  2023     1     2     2    40 30.000000   2.329590   0.080989   0.051477
  2023     1     2     2    41  0.000000   2.329589   0.080989   0.051435
  2023     1     2     2    41 30.000000   2.329590   0.080989   0.051392
  2023     1     2     2    42  0.000000   2.329590   0.080989   0.051350
  2023     1     2     2    42 30.000000   2.329589   0.080989   0.051307
  2023     1     2     2    43  0.000000   2.329592   0.080990   0.051264
  2023     1     2     2    43 30.000000   2.329589   0.080989   0.051222
  2023     1     2     2    44  0.000000   2.329587   0.080989   0.051179
  2023     1     2     2    44 30.000000   2.329587   0.080989   0.051137
  2023     1     2     2    45  0.000000   2.329592   0.080990   0.051093
  2023     1     2     2    45 30.000000   2.329593   0.080990   0.051050
  2023     1     2     2    46  0.000000   2.329591   0.080990   0.051006
  2023     1     2     2    46 30.000000   2.329588   0.080990   0.050961
  2023     1     2     2    47  0.000000   2.329590   0.080990   0.050917
  2023     1     2     2    47 30.000000   2.329589   0.080990   0.050873
  2023     1     2     2    48  0.000000   2.329587   0.080990   0.050829
  2023     1     2     2    48 30.000000   2.329593   0.080991   0.050784
  2023     1     2     2    49  0.000000   2.329589   0.080990   0.050740
  2023     1     2     2    49 30.000000   2.329594   0.080991   0.050696
  2023     1     2     2    50  0.000000   2.329591   0.080991   0.050652
  2023     1     2     2    50 30.000000   2.329593   0.080991   0.050608
  2023     1     2     2    51  0.000000   2.329591   0.080991   0.050564
  2023     1     2     2    51 30.000000   2.329595   0.080992   0.050519
  2023     1     2     2    52  0.000000   2.329590   0.080991   0.050475
  2023     1     2     2    52 30.000000   2.329589   0.080991   0.050430
  2023     1     2     2    53  0.000000   2.329588   0.080991   0.050385
  2023     1     2     2    53 30.000000   2.329585   0.080991   0.050340
  2023     1     2     2    54  0.000000   2.329588   0.080991   0.050295
  2023     1     2     2    54 30.000000   2.329588   0.080991   0.050250
  2023     1     2     2    55  0.000000   2.329590   0.080992   0.050205
  2023     1     2     2    55 30.000000   2.329591   0.080992   0.050160
  2023     1     2     2    56  0.000000   2.329586   0.080991   0.050115
  2023     1     2     2    56 30.000000   2.329590   0.080992   0.050071
  2023     1     2     2    57  0.000000   2.329591   0.080992   0.050026
  2023     1     2     2    57 30.000000   2.329594   0.080993   0.049981
  2023     1     2     2    58  0.000000   2.329590   0.080992   0.049937
  2023     1     2     2    58 30.000000   2.329588   0.080992   0.049893
  2023     1     2     2    59  0.000000   2.329587   0.080992   0.049849
  2023     1     2     2    59 30.000000   2.329588   0.080992   0.049804
  2023     1     2     3     0  0.000000   2.329593   0.080993   0.049760
  2023     1     2     3     0 30.000000   2.329590   0.080993   0.049716
  2023     1     2     3     1  0.000000   2.329590   0.080993   0.049672
  2023     1     2     3     1 30.000000   2.329591   0.080993   0.049628
  2023     1     2     3     2  0.000000   2.329589   0.080993   0.049585
  2023     1     2     3     2 30.000000   2.329585   0.080992   0.049541
  2023     1     2     3     3  0.000000   2.329586   0.080993   0.049498
  2023     1     2     3     3 30.000000   2.329586   0.080993   0.049455
  2023     1     2     3     4  0.000000   2.329588   0.080993   0.049411
  2023     1     2     3     4 30.000000   2.329590   0.080993   0.049367
  2023     1     2     3     5  0.000000   2.329592   0.080994   0.049325
  2023     1     2     3     5 30.000000   2.329590   0.080994   0.049283
  2023     1     2     3     6  0.000000   2.329588   0.080993   0.049241
  2023     1     2     3     6 30.000000   2.329586   0.080993   0.049199
  2023     1     2     3     7  0.000000   2.329586   0.080993   0.049157
  2023     1     2     3     7 30.000000   2.329588   0.080994   0.049115
  2023     1     2     3     8  0.000000   2.329586   0.080994   0.049072
  2023     1     2     3     8 30.000000   2.329581   0.080993   0.049029
  2023     1     2     3     9  0.000000   2.329586   0.080994   0.048985
  2023     1     2     3     9 30.000000   2.329588   0.080994   0.048941
  2023     1     2     3    10  0.000000   2.329588   0.080994   0.048897
  2023     1     2     3    10 30.000000   2.329586   0.080994   0.048852
  2023     1     2     3    11  0.000000   2.329580   0.080993   0.048808
  2023     1     2     3    11 30.000000   2.329584   0.080994   0.048763
  2023     1     2     3    12  0.000000   2.329585   0.080994   0.048717
  2023     1     2     3    12 30.000000   2.329585   0.080994   0.048670
  2023     1     2     3    13  0.000000   2.329583   0.080994   0.048624
  2023     1     2     3    13 30.000000   2.329585   0.080995   0.048577
  2023     1     2     3    14  0.000000   2.329587   0.080995   0.048530
  2023     1     2     3    14 30.000000   2.329584   0.080995   0.048482
  2023     1     2     3    15  0.000000   2.329589   0.080995   0.048434
  2023     1     2     3    15 30.000000   2.329578   0.080994   0.048388
  2023     1     2     3    16  0.000000   2.329580   0.080994   0.048342
  2023     1     2     3    16 30.000000   2.329592   0.080996   0.048296
  2023     1     2     3    17  0.000000   2.329594   0.080996   0.048250
  2023     1     2     3    17 30.000000   2.329599   0.080997   0.048205
  2023     1     2     3    18  0.000000   2.329594   0.080996   0.048162
  2023     1     2     3    18 30.000000   2.329594   0.080996   0.048121
  2023     1     2     3    19  0.000000   2.329600   0.080997   0.048080
  2023     1     2     3    19 30.000000   2.329597   0.080997   0.048040
  2023     1     2     3    20  0.000000   2.329597   0.080997   0.048002
  2023     1     2     3    20 30.000000   2.329592   0.080996   0.047966
  2023     1     2     3    21  0.000000   2.329589   0.080996   0.047930
  2023     1     2     3    21 30.000000   2.329591   0.080997   0.047895
  2023     1     2     3    22  0.000000   2.329597   0.080997   0.047862
  2023     1     2     3    22 30.000000   2.329590   0.080997   0.047830
  2023     1     2     3    23  0.000000   2.329589   0.080997   0.047799
  2023     1     2     3    23 30.000000   2.329594   0.080997   0.047770
  2023     1     2     3    24  0.000000   2.329587   0.080997   0.047742
  2023     1     2     3    24 30.000000   2.329584   0.080996   0.047714
  2023     1     2     3    25  0.000000   2.329585   0.080997   0.047686
  2023     1     2     3    25 30.000000   2.329568   0.080995   0.047659
  2023     1     2     3    26  0.000000   2.329572   0.080995   0.047629
  2023     1     2     3    26 30.000000   2.329570   0.080995   0.047596
  2023     1     2     3    27  0.000000   2.329570   0.080995   0.047560
  2023     1     2     3    27 30.000000   2.329565   0.080995   0.047522
  2023     1     2     3    28  0.000000   2.329590   0.080998   0.047478
  2023     1     2     3    28 30.000000   2.329590   0.080998   0.047435
  2023     1     2     3    29  0.000000   2.329594   0.080998   0.047391
  2023     1     2     3    29 30.000000   2.329588   0.080998   0.047349
  2023     1     2     3    30  0.000000   2.329582   0.080997   0.047306
  2023     1     2     3    30 30.000000   2.329588   0.080998   0.047263
  2023     1     2     3    31  0.000000   2.329590   0.080998   0.047220
  2023     1     2     3    31 30.000000   2.329596   0.080999   0.047178
  2023     1     2     3    32  0.000000   2.329586   0.080998   0.047135
  2023     1     2     3    32 30.000000   2.329583   0.080998   0.047094
  2023     1     2     3    33  0.000000   2.329578   0.080997   0.047054
  2023     1     2     3    33 30.000000   2.329584   0.080998   0.047015
  2023     1     2     3    34  0.000000   2.329585   0.080998   0.046978
  2023     1     2     3    34 30.000000   2.329587   0.080999   0.046940
  2023     1     2     3    35  0.000000   2.329583   0.080998   0.046903
  2023     1     2     3    35 30.000000   2.329588   0.080999   0.046865
  2023     1     2     3    36  0.000000   2.329593   0.081000   0.046828
  2023     1     2     3    36 30.000000   2.329591   0.080999   0.046792
  2023     1     2     3    37  0.000000   2.329583   0.080999   0.046755
  2023     1     2     3    37 30.000000   2.329582   0.080999   0.046718
  2023     1     2     3    38  0.000000   2.329579   0.080998   0.046679
  2023     1     2     3    38 30.000000   2.329587   0.080999   0.046640
  2023     1     2     3    39  0.000000   2.329584   0.080999   0.046600
  2023     1     2     3    39 30.000000   2.329582   0.080999   0.046561
  2023     1     2     3    40  0.000000   2.329584   0.080999   0.046521
  2023     1     2     3    40 30.000000   2.329586   0.081000   0.046483
  2023     1     2     3    41  0.000000   2.329589   0.081000   0.046445
  2023     1     2     3    41 30.000000   2.329586   0.081000   0.046408
  2023     1     2     3    42  0.000000   2.329585   0.081000   0.046371
  2023     1     2     3    42 30.000000   2.329575   0.080999   0.046334
  2023     1     2     3    43  0.000000   2.329591   0.081001   0.046297
  2023     1     2     3    43 30.000000   2.329587   0.081000   0.046261
  2023     1     2     3    44  0.000000   2.329590   0.081001   0.046224
  2023     1     2     3    44 30.000000   2.329584   0.081000   0.046188
  2023     1     2     3    45  0.000000   2.329581   0.081000   0.046151
  2023     1     2     3    45 30.000000   2.329587   0.081001   0.046116
  2023     1     2     3    46  0.000000   2.329584   0.081000   0.046081
  2023     1     2     3    46 30.000000   2.329589   0.081001   0.046046
  2023     1     2     3    47  0.000000   2.329585   0.081001   0.046011
  2023     1     2     3    47 30.000000   2.329585   0.081001   0.045976
  2023     1     2     3    48  0.000000   2.329587   0.081001   0.045942
  2023     1     2     3    48 30.000000   2.329587   0.081001   0.045907
  2023     1     2     3    49  0.000000   2.329585   0.081001   0.045873
  2023     1     2     3    49 30.000000   2.329582   0.081001   0.045840
  2023     1     2     3    50  0.000000   2.329578   0.081000   0.045807
  2023     1     2     3    50 30.000000   2.329579   0.081001   0.045774
  2023     1     2     3    51  0.000000   2.329583   0.081001   0.045742
  2023     1     2     3    51 30.000000   2.329582   0.081001   0.045710
  2023     1     2     3    52  0.000000   2.329579   0.081001   0.045678
  2023     1     2     3    52 30.000000   2.329583   0.081001   0.045647
  2023     1     2     3    53  0.000000   2.329583   0.081002   0.045616
  2023     1     2     3    53 30.000000   2.329584   0.081002   0.045586
  2023     1     2     3    54  0.000000   2.329582   0.081002   0.045555
  2023     1     2     3    54 30.000000   2.329586   0.081002   0.045526
  2023     1     2     3    55  0.000000   2.329587   0.081002   0.045496
  2023     1     2     3    55 30.000000   2.329588   0.081003   0.045467
  2023     1     2     3    56  0.000000   2.329583   0.081002   0.045438
  2023     1     2     3    56 30.000000   2.329581   0.081002   0.045409
  2023     1     2     3    57  0.000000   2.329585   0.081003   0.045380
  2023     1     2     3    57 30.000000   2.329582   0.081002   0.045352
  2023     1     2     3    58  0.000000   2.329585   0.081003   0.045323
  2023     1     2     3    58 30.000000   2.329587   0.081003   0.045295
  2023     1     2     3    59  0.000000   2.329587   0.081003   0.045266
  2023     1     2     3    59 30.000000   2.329581   0.081003   0.045238
  2023     1     2     4     0  0.000000   2.329582   0.081003   0.045210
  2023     1     2     4     0 30.000000   2.329585   0.081003   0.045182
  2023     1     2     4     1  0.000000   2.329582   0.081003   0.045154
  2023     1     2     4     1 30.000000   2.329587   0.081004   0.045125
  2023     1     2     4     2  0.000000   2.329591   0.081004   0.045097
  2023     1     2     4     2 30.000000   2.329582   0.081003   0.045069
  2023     1     2     4     3  0.000000   2.329589   0.081004   0.045040
  2023     1     2     4     3 30.000000   2.329586   0.081004   0.045011
  2023     1     2     4     4  0.000000   2.329585   0.081004   0.044982
  2023     1     2     4     4 30.000000   2.329583   0.081004   0.044952
  2023     1     2     4     5  0.000000   2.329582   0.081004   0.044923
  2023     1     2     4     5 30.000000   2.329581   0.081004   0.044893
  2023     1     2     4     6  0.000000   2.329585   0.081004   0.044863
  2023     1     2     4     6 30.000000   2.329586   0.081004   0.044832
  2023     1     2     4     7  0.000000   2.329582   0.081004   0.044802
  2023     1     2     4     7 30.000000   2.329583   0.081004   0.044772
  2023     1     2     4     8  0.000000   2.329581   0.081004   0.044742
  2023     1     2     4     8 30.000000   2.329585   0.081005   0.044711
  2023     1     2     4     9  0.000000   2.329582   0.081004   0.044680
  2023     1     2     4     9 30.000000   2.329583   0.081005   0.044649
  2023     1     2     4    10  0.000000   2.329583   0.081005   0.044618
  2023     1     2     4    10 30.000000   2.329586   0.081005   0.044587
  2023     1     2     4    11  0.000000   2.329583   0.081005   0.044557
  2023     1     2     4    11 30.000000   2.329580   0.081005   0.044526
  2023     1     2     4    12  0.000000   2.329581   0.081005   0.044494
  2023     1     2     4    12 30.000000   2.329584   0.081005   0.044462
  2023     1     2     4    13  0.000000   2.329582   0.081005   0.044430
  2023     1     2     4    13 30.000000   2.329580   0.081005   0.044397
  2023     1     2     4    14  0.000000   2.329584   0.081006   0.044364
  2023     1     2     4    14 30.000000   2.329585   0.081006   0.044331
  2023     1     2     4    15  0.000000   2.329582   0.081006   0.044298
  2023     1     2     4    15 30.000000   2.329583   0.081006   0.044265
  2023     1     2     4    16  0.000000   2.329583   0.081006   0.044232
  2023     1     2     4    16 30.000000   2.329582   0.081006   0.044198
  2023     1     2     4    17  0.000000   2.329585   0.081006   0.044164
  2023     1     2     4    17 30.000000   2.329583   0.081006   0.044129
  2023     1     2     4    18  0.000000   2.329584   0.081006   0.044092
  2023     1     2     4    18 30.000000   2.329579   0.081006   0.044056
  2023     1     2     4    19  0.000000   2.329583   0.081006   0.044019
  2023     1     2     4    19 30.000000   2.329582   0.081006   0.043980
  2023     1     2     4    20  0.000000   2.329578   0.081006   0.043941
  2023     1     2     4    20 30.000000   2.329583   0.081007   0.043901
  2023     1     2     4    21  0.000000   2.329585   0.081007   0.043860
  2023     1     2     4    21 30.000000   2.329582   0.081007   0.043818
  2023     1     2     4    22  0.000000   2.329585   0.081007   0.043775
  2023     1     2     4    22 30.000000   2.329583   0.081007   0.043731
  2023     1     2     4    23  0.000000   2.329584   0.081007   0.043686
  2023     1     2     4    23 30.000000   2.329584   0.081007   0.043640
  2023     1     2     4    24  0.000000   2.329587   0.081008   0.043593
  2023     1     2     4    24 30.000000   2.329589   0.081008   0.043546
  2023     1     2     4    25  0.000000   2.329588   0.081008   0.043500
  2023     1     2     4    25 30.000000   2.329584   0.081008   0.043453
  2023     1     2     4    26  0.000000   2.329589   0.081008   0.043407
  2023     1     2     4    26 30.000000   2.329587   0.081008   0.043360
  2023     1     2     4    27  0.000000   2.329585   0.081008   0.043314
  2023     1     2     4    27 30.000000   2.329582   0.081008   0.043267
  2023     1     2     4    28  0.000000   2.329589   0.081009   0.043221
  2023     1     2     4    28 30.000000   2.329587   0.081009   0.043174
  2023     1     2     4    29  0.000000   2.329585   0.081008   0.043127
  2023     1     2     4    29 30.000000   2.329590   0.081009   0.043081
  2023     1     2     4    30  0.000000   2.329590   0.081009   0.043035
  2023     1     2     4    30 30.000000   2.329589   0.081009   0.042988
  2023     1     2     4    31  0.000000   2.329590   0.081009   0.042942
  2023     1     2     4    31 30.000000   2.329592   0.081010   0.042896
  2023     1     2     4    32  0.000000   2.329585   0.081009   0.042850
  2023     1     2     4    32 30.000000   2.329584   0.081009   0.042804
  2023     1     2     4    33  0.000000   2.329590   0.081010   0.042758
  2023     1     2     4    33 30.000000   2.329589   0.081010   0.042712
  2023     1     2     4    34  0.000000   2.329589   0.081010   0.042666
  2023     1     2     4    34 30.000000   2.329585   0.081009   0.042621
  2023     1     2     4    35  0.000000   2.329585   0.081010   0.042576
  2023     1     2     4    35 30.000000   2.329587   0.081010   0.042531
  2023     1     2     4    36  0.000000   2.329583   0.081010   0.042486
  2023     1     2     4    36 30.000000   2.329580   0.081009   0.042441
  2023     1     2     4    37  0.000000   2.329582   0.081010   0.042396
  2023     1     2     4    37 30.000000   2.329585   0.081010   0.042351
  2023     1     2     4    38  0.000000   2.329584   0.081010   0.042305
  2023     1     2     4    38 30.000000   2.329585   0.081010   0.042260
  2023     1     2     4    39  0.000000   2.329584   0.081010   0.042215
  2023     1     2     4    39 30.000000   2.329586   0.081010   0.042170
  2023     1     2     4    40  0.000000   2.329587   0.081011   0.042126
  2023     1     2     4    40 30.000000   2.329589   0.081011   0.042081
  2023     1     2     4    41  0.000000   2.329587   0.081011   0.042037
  2023     1     2     4    41 30.000000   2.329588   0.081011   0.041993
  2023     1     2     4    42  0.000000   2.329589   0.081011   0.041949
  2023     1     2     4    42 30.000000   2.329587   0.081011   0.041905
  2023     1     2     4    43  0.000000   2.329586   0.081011   0.041861
  2023     1     2     4    43 30.000000   2.329587   0.081011   0.041817
  2023     1     2     4    44  0.000000   2.329586   0.081011   0.041774
  2023     1     2     4    44 30.000000   2.329589   0.081012   0.041730
  2023     1     2     4    45  0.000000   2.329587   0.081012   0.041686
  2023     1     2     4    45 30.000000   2.329585   0.081012   0.041642
  2023     1     2     4    46  0.000000   2.329585   0.081012   0.041598
  2023     1     2     4    46 30.000000   2.329588   0.081012   0.041555
  2023     1     2     4    47  0.000000   2.329584   0.081012   0.041511
  2023     1     2     4    47 30.000000   2.329589   0.081012   0.041466
  2023     1     2     4    48  0.000000   2.329584   0.081012   0.041422
  2023     1     2     4    48 30.000000   2.329587   0.081012   0.041379
  2023     1     2     4    49  0.000000   2.329588   0.081012   0.041335
  2023     1     2     4    49 30.000000   2.329587   0.081012   0.041292
  2023     1     2     4    50  0.000000   2.329590   0.081013   0.041249
  2023     1     2     4    50 30.000000   2.329588   0.081013   0.041206
  2023     1     2     4    51  0.000000   2.329585   0.081013   0.041163
  2023     1     2     4    51 30.000000   2.329588   0.081013   0.041120
  2023     1     2     4    52  0.000000   2.329591   0.081013   0.041077
  2023     1     2     4    52 30.000000   2.329588   0.081013   0.041035
  2023     1     2     4    53  0.000000   2.329586   0.081013   0.040993
  2023     1     2     4    53 30.000000   2.329589   0.081013   0.040950
  2023     1     2     4    54  0.000000   2.329588   0.081013   0.040908
  2023     1     2     4    54 30.000000   2.329582   0.081013   0.040866
  2023     1     2     4    55  0.000000   2.329591   0.081014   0.040824
  2023     1     2     4    55 30.000000   2.329584   0.081013   0.040782
  2023     1     2     4    56  0.000000   2.329582   0.081013   0.040740
  2023     1     2     4    56 30.000000   2.329594   0.081015   0.040698
  2023     1     2     4    57  0.000000   2.329583   0.081013   0.040656
  2023     1     2     4    57 30.000000   2.329591   0.081014   0.040615
  2023     1     2     4    58  0.000000   2.329586   0.081014   0.040574
  2023     1     2     4    58 30.000000   2.329589   0.081014   0.040533
  2023     1     2     4    59  0.000000   2.329589   0.081014   0.040492
  2023     1     2     4    59 30.000000   2.329593   0.081015   0.040451
  2023     1     2     5     0  0.000000   2.329583   0.081014   0.040411
  2023     1     2     5     0 30.000000   2.329588   0.081015   0.040371
  2023     1     2     5     1  0.000000   2.329588   0.081015   0.040330
  2023     1     2     5     1 30.000000   2.329592   0.081015   0.040291
  2023     1     2     5     2  0.000000   2.329584   0.081014   0.040251
  2023     1     2     5     2 30.000000   2.329592   0.081015   0.040213
  2023     1     2     5     3  0.000000   2.329583   0.081015   0.040174
  2023     1     2     5     3 30.000000   2.329589   0.081015   0.040136
  2023     1     2     5     4  0.000000   2.329584   0.081015   0.040099
  2023     1     2     5     4 30.000000   2.329592   0.081016   0.040061
  2023     1     2     5     5  0.000000   2.329586   0.081015   0.040024
  2023     1     2     5     5 30.000000   2.329583   0.081015   0.039987
  2023     1     2     5     6  0.000000   2.329582   0.081015   0.039950
  2023     1     2     5     6 30.000000   2.329589   0.081016   0.039915
  2023     1     2     5     7  0.000000   2.329585   0.081016   0.039879
  2023     1     2     5     7 30.000000   2.329590   0.081016   0.039844
  2023     1     2     5     8  0.000000   2.329592   0.081016   0.039809
  2023     1     2     5     8 30.000000   2.329581   0.081015   0.039775
  2023     1     2     5     9  0.000000   2.329584   0.081016   0.039741
  2023     1     2     5     9 30.000000   2.329585   0.081016   0.039707
  2023     1     2     5    10  0.000000   2.329580   0.081016   0.039673
  2023     1     2     5    10 30.000000   2.329582   0.081016   0.039639
  2023     1     2     5    11  0.000000   2.329588   0.081017   0.039606
  2023     1     2     5    11 30.000000   2.329577   0.081016   0.039573
  2023     1     2     5    12  0.000000   2.329583   0.081016   0.039540
  2023     1     2     5    12 30.000000   2.329583   0.081016   0.039508
  2023     1     2     5    13  0.000000   2.329580   0.081016   0.039475
  2023     1     2     5    13 30.000000   2.329585   0.081017   0.039442
  2023     1     2     5    14  0.000000   2.329585   0.081017   0.039409
  2023     1     2     5    14 30.000000   2.329585   0.081017   0.039377
  2023     1     2     5    15  0.000000   2.329583   0.081017   0.039344
  2023     1     2     5    15 30.000000   2.329582   0.081017   0.039312
  2023     1     2     5    16  0.000000   2.329583   0.081017   0.039279
  2023     1     2     5    16 30.000000   2.329586   0.081017   0.039247
  2023     1     2     5    17  0.000000   2.329588   0.081018   0.039215
  2023     1     2     5    17 30.000000   2.329588   0.081018   0.039183
  2023     1     2     5    18  0.000000   2.329584   0.081018   0.039153
  2023     1     2     5    18 30.000000   2.329582   0.081017   0.039123
  2023     1     2     5    19  0.000000   2.329584   0.081018   0.039093
  2023     1     2     5    19 30.000000   2.329583   0.081018   0.039063
  2023     1     2     5    20  0.000000   2.329590   0.081018   0.039034
  2023     1     2     5    20 30.000000   2.329587   0.081018   0.039005
  2023     1     2     5    21  0.000000   2.329583   0.081018   0.038976
  2023     1     2     5    21 30.000000   2.329582   0.081018   0.038947
  2023     1     2     5    22  0.000000   2.329589   0.081019   0.038919
  2023     1     2     5    22 30.000000   2.329590   0.081019   0.038890
  2023     1     2     5    23  0.000000   2.329588   0.081019   0.038862
  2023     1     2     5    23 30.000000   2.329585   0.081019   0.038834
  2023     1     2     5    24  0.000000   2.329583   0.081018   0.038807
  2023     1     2     5    24 30.000000   2.329585   0.081019   0.038779
  2023     1     2     5    25  0.000000   2.329586   0.081019   0.038752
  2023     1     2     5    25 30.000000   2.329585   0.081019   0.038724
  2023     1     2     5    26  0.000000   2.329587   0.081019   0.038697
  2023     1     2     5    26 30.000000   2.329589   0.081020   0.038670
  2023     1     2     5    27  0.000000   2.329588   0.081020   0.038642
  2023     1     2     5    27 30.000000   2.329585   0.081019   0.038615
  2023     1     2     5    28  0.000000   2.329586   0.081020   0.038588
  2023     1     2     5    28 30.000000   2.329586   0.081020   0.038561
  2023     1     2     5    29  0.000000   2.329588   0.081020   0.038534
  2023     1     2     5    29 30.000000   2.329589   0.081020   0.038507
  2023     1     2     5    30  0.000000   2.329588   0.081020   0.038481
  2023     1     2     5    30 30.000000   2.329587   0.081020   0.038455
  2023     1     2     5    31  0.000000   2.329587   0.081020   0.038430
  2023     1     2     5    31 30.000000   2.329587   0.081020   0.038404
  2023     1     2     5    32  0.000000   2.329583   0.081020   0.038377
  2023     1     2     5    32 30.000000   2.329584   0.081020   0.038351
  2023     1     2     5    33  0.000000   2.329587   0.081021   0.038325
  2023     1     2     5    33 30.000000   2.329588   0.081021   0.038299
  2023     1     2     5    34  0.000000   2.329582   0.081020   0.038274
  2023     1     2     5    34 30.000000   2.329586   0.081021   0.038248
  2023     1     2     5    35  0.000000   2.329583   0.081021   0.038222
  2023     1     2     5    35 30.000000   2.329582   0.081020   0.038197
  2023     1     2     5    36  0.000000   2.329586   0.081021   0.038171
  2023     1     2     5    36 30.000000   2.329585   0.081021   0.038144
  2023     1     2     5    37  0.000000   2.329592   0.081022   0.038118
  2023     1     2     5    37 30.000000   2.329594   0.081022   0.038092
  2023     1     2     5    38  0.000000   2.329591   0.081022   0.038065
  2023     1     2     5    38 30.000000   2.329582   0.081021   0.038039
  2023     1     2     5    39  0.000000   2.329586   0.081022   0.038013
  2023     1     2     5    39 30.000000   2.329591   0.081022   0.037988
  2023     1     2     5    40  0.000000   2.329587   0.081022   0.037962
  2023     1     2     5    40 30.000000   2.329585   0.081022   0.037937
  2023     1     2     5    41  0.000000   2.329586   0.081022   0.037911
  2023     1     2     5    41 30.000000   2.329584   0.081022   0.037886
  2023     1     2     5    42  0.000000   2.329589   0.081023   0.037861
  2023     1     2     5    42 30.000000   2.329588   0.081022   0.037836
  2023     1     2     5    43  0.000000   2.329589   0.081023   0.037811
  2023     1     2     5    43 30.000000   2.329586   0.081022   0.037785
  2023     1     2     5    44  0.000000   2.329591   0.081023   0.037758
  2023     1     2     5    44 30.000000   2.329590   0.081023   0.037732
  2023     1     2     5    45  0.000000   2.329582   0.081022   0.037705
  2023     1     2     5    45 30.000000   2.329589   0.081023   0.037679
  2023     1     2     5    46  0.000000   2.329584   0.081023   0.037652
  2023     1     2     5    46 30.000000   2.329586   0.081023   0.037625
  2023     1     2     5    47  0.000000   2.329588   0.081023   0.037598
  2023     1     2     5    47 30.000000   2.329587   0.081023   0.037572
  2023     1     2     5    48  0.000000   2.329584   0.081023   0.037545
  2023     1     2     5    48 30.000000   2.329587   0.081023   0.037518
  2023     1     2     5    49  0.000000   2.329586   0.081023   0.037490
  2023     1     2     5    49 30.000000   2.329588   0.081024   0.037462
  2023     1     2     5    50  0.000000   2.329587   0.081024   0.037435
  2023     1     2     5    50 30.000000   2.329584   0.081024   0.037408
  2023     1     2     5    51  0.000000   2.329584   0.081024   0.037381
  2023     1     2     5    51 30.000000   2.329587   0.081024   0.037353
  2023     1     2     5    52  0.000000   2.329587   0.081024   0.037324
  2023     1     2     5    52 30.000000   2.329592   0.081025   0.037294
  2023     1     2     5    53  0.000000   2.329587   0.081024   0.037265
  2023     1     2     5    53 30.000000   2.329588   0.081024   0.037234
  2023     1     2     5    54  0.000000   2.329587   0.081024   0.037203
  2023     1     2     5    54 30.000000   2.329590   0.081025   0.037172
  2023     1     2     5    55  0.000000   2.329588   0.081025   0.037143
  2023     1     2     5    55 30.000000   2.329585   0.081025   0.037114
  2023     1     2     5    56  0.000000   2.329588   0.081025   0.037086
  2023     1     2     5    56 30.000000   2.329587   0.081025   0.037058
  2023     1     2     5    57  0.000000   2.329588   0.081025   0.037030
  2023     1     2     5    57 30.000000   2.329588   0.081025   0.037002
  2023     1     2     5    58  0.000000   2.329583   0.081025   0.036974
  2023     1     2     5    58 30.000000   2.329588   0.081025   0.036946
  2023     1     2     5    59  0.000000   2.329585   0.081025   0.036918
  2023     1     2     5    59 30.000000   2.329588   0.081026   0.036891
  2023     1     2     6     0  0.000000   2.329583   0.081025   0.036863
  2023     1     2     6     0 30.000000   2.329584   0.081025   0.036836
  2023     1     2     6     1  0.000000   2.329583   0.081025   0.036809
  2023     1     2     6     1 30.000000   2.329580   0.081025   0.036782
  2023     1     2     6     2  0.000000   2.329585   0.081026   0.036755
  2023     1     2     6     2 30.000000   2.329584   0.081026   0.036728
  2023     1     2     6     3  0.000000   2.329588   0.081026   0.036702
  2023     1     2     6     3 30.000000   2.329586   0.081026   0.036677
  2023     1     2     6     4  0.000000   2.329582   0.081026   0.036651
  2023     1     2     6     4 30.000000   2.329584   0.081026   0.036626
  2023     1     2     6     5  0.000000   2.329584   0.081026   0.036601
  2023     1     2     6     5 30.000000   2.329584   0.081026   0.036575
  2023     1     2     6     6  0.000000   2.329588   0.081027   0.036550
  2023     1     2     6     6 30.000000   2.329586   0.081027   0.036525
  2023     1     2     6     7  0.000000   2.329588   0.081027   0.036501
  2023     1     2     6     7 30.000000   2.329581   0.081026   0.036476
  2023     1     2     6     8  0.000000   2.329587   0.081027   0.036453
  2023     1     2     6     8 30.000000   2.329590   0.081028   0.036429
  2023     1     2     6     9  0.000000   2.329586   0.081027   0.036406
  2023     1     2     6     9 30.000000   2.329587   0.081027   0.036383
  2023     1     2     6    10  0.000000   2.329592   0.081028   0.036361
  2023     1     2     6    10 30.000000   2.329586   0.081027   0.036340
  2023     1     2     6    11  0.000000   2.329580   0.081027   0.036319
  2023     1     2     6    11 30.000000   2.329585   0.081028   0.036298
  2023     1     2     6    12  0.000000   2.329587   0.081028   0.036278
  2023     1     2     6    12 30.000000   2.329588   0.081028   0.036259
  2023     1     2     6    13  0.000000   2.329586   0.081028   0.036240
  2023     1     2     6    13 30.000000   2.329591   0.081029   0.036221
  2023     1     2     6    14  0.000000   2.329586   0.081028   0.036203
  2023     1     2     6    14 30.000000   2.329587   0.081028   0.036185
  2023     1     2     6    15  0.000000   2.329590   0.081029   0.036168
  2023     1     2     6    15 30.000000   2.329586   0.081028   0.036151
  2023     1     2     6    16  0.000000   2.329590   0.081029   0.036136
  2023     1     2     6    16 30.000000   2.329585   0.081028   0.036120
  2023     1     2     6    17  0.000000   2.329581   0.081028   0.036105
  2023     1     2     6    17 30.000000   2.329586   0.081029   0.036090
  2023     1     2     6    18  0.000000   2.329585   0.081029   0.036077
  2023     1     2     6    18 30.000000   2.329589   0.081029   0.036063
  2023     1     2     6    19  0.000000   2.329587   0.081029   0.036050
  2023     1     2     6    19 30.000000   2.329593   0.081030   0.036039
  2023     1     2     6    20  0.000000   2.329587   0.081029   0.036028
  2023     1     2     6    20 30.000000   2.329586   0.081029   0.036017
  2023     1     2     6    21  0.000000   2.329583   0.081029   0.036007
  2023     1     2     6    21 30.000000   2.329582   0.081029   0.035998
  2023     1     2     6    22  0.000000   2.329579   0.081029   0.035990
  2023     1     2     6    22 30.000000   2.329577   0.081029   0.035982
  2023     1     2     6    23  0.000000   2.329584   0.081030   0.035976
  2023     1     2     6    23 30.000000   2.329583   0.081030   0.035970
  2023     1     2     6    24  0.000000   2.329587   0.081030   0.035965
  2023     1     2     6    24 30.000000   2.329584   0.081030   0.035960
  2023     1     2     6    25  0.000000   2.329582   0.081030   0.035955
  2023     1     2     6    25 30.000000   2.329580   0.081030   0.035951
  2023     1     2     6    26  0.000000   2.329578   0.081029   0.035948
  2023     1     2     6    26 30.000000   2.329577   0.081030   0.035944
  2023     1     2     6    27  0.000000   2.329577   0.081030   0.035942
  2023     1     2     6    27 30.000000   2.329575   0.081029   0.035939
  2023     1     2     6    28  0.000000   2.329578   0.081030   0.035936
  2023     1     2     6    28 30.000000   2.329580   0.081030   0.035932
  2023     1     2     6    29  0.000000   2.329578   0.081030   0.035928
  2023     1     2     6    29 30.000000   2.329578   0.081030   0.035924
  2023     1     2     6    30  0.000000   2.329583   0.081031   0.035920
  2023     1     2     6    30 30.000000   2.329585   0.081031   0.035915
  2023     1     2     6    31  0.000000   2.329582   0.081031   0.035908
  2023     1     2     6    31 30.000000   2.329575   0.081030   0.035902
  2023     1     2     6    32  0.000000   2.329581   0.081031   0.035897
  2023     1     2     6    32 30.000000   2.329576   0.081031   0.035891
  2023     1     2     6    33  0.000000   2.329570   0.081030   0.035884
  2023     1     2     6    33 30.000000   2.329567   0.081030   0.035876
  2023     1     2     6    34  0.000000   2.329570   0.081030   0.035867
  2023     1     2     6    34 30.000000   2.329582   0.081032   0.035859
  2023     1     2     6    35  0.000000   2.329580   0.081031   0.035850
  2023     1     2     6    35 30.000000   2.329580   0.081032   0.035842
  2023     1     2     6    36  0.000000   2.329585   0.081032   0.035834
  2023     1     2     6    36 30.000000   2.329583   0.081032   0.035826
  2023     1     2     6    37  0.000000   2.329571   0.081031   0.035819
  2023     1     2     6    37 30.000000   2.329576   0.081031   0.035812
  2023     1     2     6    38  0.000000   2.329576   0.081032   0.035805
  2023     1     2     6    38 30.000000   2.329584   0.081033   0.035799
  2023     1     2     6    39  0.000000   2.329577   0.081032   0.035794
  2023     1     2     6    39 30.000000   2.329581   0.081032   0.035789
  2023     1     2     6    40  0.000000   2.329578   0.081032   0.035784
  2023     1     2     6    40 30.000000   2.329584   0.081033   0.035780
  2023     1     2     6    41  0.000000   2.329577   0.081032   0.035776
  2023     1     2     6    41 30.000000   2.329571   0.081032   0.035772
  2023     1     2     6    42  0.000000   2.329569   0.081031   0.035769
  2023     1     2     6    42 30.000000   2.329581   0.081033   0.035765
  2023     1     2     6    43  0.000000   2.329582   0.081033   0.035762
  2023     1     2     6    43 30.000000   2.329579   0.081033   0.035760
  2023     1     2     6    44  0.000000   2.329579   0.081033   0.035759
  2023     1     2     6    44 30.000000   2.329577   0.081033   0.035758
  2023     1     2     6    45  0.000000   2.329579   0.081033   0.035756
  2023     1     2     6    45 30.000000   2.329582   0.081034   0.035755
  2023     1     2     6    46  0.000000   2.329566   0.081032   0.035755
  2023     1     2     6    46 30.000000   2.329571   0.081033   0.035755
  2023     1     2     6    47  0.000000   2.329579   0.081034   0.035755
  2023     1     2     6    47 30.000000   2.329570   0.081033   0.035755
  2023     1     2     6    48  0.000000   2.329576   0.081033   0.035755
  2023     1     2     6    48 30.000000   2.329572   0.081033   0.035755
  2023     1     2     6    49  0.000000   2.329575   0.081033   0.035756
  2023     1     2     6    49 30.000000   2.329577   0.081034   0.035757
  2023     1     2     6    50  0.000000   2.329583   0.081035   0.035759
  2023     1     2     6    50 30.000000   2.329578   0.081034   0.035759
  2023     1     2     6    51  0.000000   2.329578   0.081034   0.035760
  2023     1     2     6    51 30.000000   2.329575   0.081034   0.035761
  2023     1     2     6    52  0.000000   2.329572   0.081034   0.035761
  2023     1     2     6    52 30.000000   2.329570   0.081034   0.035761
  2023     1     2     6    53  0.000000   2.329576   0.081034   0.035762
  2023     1     2     6    53 30.000000   2.329577   0.081035   0.035762
  2023     1     2     6    54  0.000000   2.329580   0.081035   0.035762
  2023     1     2     6    54 30.000000   2.329574   0.081034   0.035762
  2023     1     2     6    55  0.000000   2.329575   0.081035   0.035761
  2023     1     2     6    55 30.000000   2.329574   0.081035   0.035761
  2023     1     2     6    56  0.000000   2.329579   0.081035   0.035760
  2023     1     2     6    56 30.000000   2.329581   0.081036   0.035759
  2023     1     2     6    57  0.000000   2.329583   0.081036   0.035758
  2023     1     2     6    57 30.000000   2.329577   0.081035   0.035758
  2023     1     2     6    58  0.000000   2.329573   0.081035   0.035757
  2023     1     2     6    58 30.000000   2.329574   0.081035   0.035757
  2023     1     2     6    59  0.000000   2.329573   0.081035   0.035756
  2023     1     2     6    59 30.000000   2.329580   0.081036   0.035756
  2023     1     2     7     0  0.000000   2.329581   0.081036   0.035756
  2023     1     2     7     0 30.000000   2.329576   0.081036   0.035756
  2023     1     2     7     1  0.000000   2.329586   0.081037   0.035755
  2023     1     2     7     1 30.000000   2.329581   0.081036   0.035755
  2023     1     2     7     2  0.000000   2.329578   0.081036   0.035755
  2023     1     2     7     2 30.000000   2.329581   0.081037   0.035755
  2023     1     2     7     3  0.000000   2.329583   0.081037   0.035755
  2023     1     2     7     3 30.000000   2.329581   0.081037   0.035755
  2023     1     2     7     4  0.000000   2.329582   0.081037   0.035755
  2023     1     2     7     4 30.000000   2.329580   0.081037   0.035755
  2023     1     2     7     5  0.000000   2.329576   0.081037   0.035755
  2023     1     2     7     5 30.000000   2.329579   0.081037   0.035755
  2023     1     2     7     6  0.000000   2.329572   0.081036   0.035756
  2023     1     2     7     6 30.000000   2.329574   0.081037   0.035756
  2023     1     2     7     7  0.000000   2.329578   0.081037   0.035756
  2023     1     2     7     7 30.000000   2.329580   0.081037   0.035756
  2023     1     2     7     8  0.000000   2.329579   0.081037   0.035756
  2023     1     2     7     8 30.000000   2.329577   0.081037   0.035755
  2023     1     2     7     9  0.000000   2.329580   0.081038   0.035755
  2023     1     2     7     9 30.000000   2.329580   0.081038   0.035755
  2023     1     2     7    10  0.000000   2.329573   0.081037   0.035756
  2023     1     2     7    10 30.000000   2.329569   0.081037   0.035756
  2023     1     2     7    11  0.000000   2.329574   0.081037   0.035756
  2023     1     2     7    11 30.000000   2.329589   0.081039   0.035755
  2023     1     2     7    12  0.000000   2.329587   0.081039   0.035755
  2023     1     2     7    12 30.000000   2.329584   0.081039   0.035755
  2023     1     2     7    13  0.000000   2.329580   0.081039   0.035756
  2023     1     2     7    13 30.000000   2.329577   0.081038   0.035757
  2023     1     2     7    14  0.000000   2.329568   0.081037   0.035758
  2023     1     2     7    14 30.000000   2.329570   0.081038   0.035758
  2023     1     2     7    15  0.000000   2.329575   0.081038   0.035759
  2023     1     2     7    15 30.000000   2.329580   0.081039   0.035759
  2023     1     2     7    16  0.000000   2.329579   0.081039   0.035759
  2023     1     2     7    16 30.000000   2.329580   0.081039   0.035759
  2023     1     2     7    17  0.000000   2.329582   0.081039   0.035759
  2023     1     2     7    17 30.000000   2.329582   0.081040   0.035759
  2023     1     2     7    18  0.000000   2.329576   0.081039   0.035759
  2023     1     2     7    18 30.000000   2.329579   0.081039   0.035759
  2023     1     2     7    19  0.000000   2.329580   0.081040   0.035759
  2023     1     2     7    19 30.000000   2.329578   0.081040   0.035759
  2023     1     2     7    20  0.000000   2.329578   0.081040   0.035758
  2023     1     2     7    20 30.000000   2.329575   0.081039   0.035758
  2023     1     2     7    21  0.000000   2.329580   0.081040   0.035757
  2023     1     2     7    21 30.000000   2.329579   0.081040   0.035756
  2023     1     2     7    22  0.000000   2.329580   0.081040   0.035755
  2023     1     2     7    22 30.000000   2.329576   0.081040   0.035754
  2023     1     2     7    23  0.000000   2.329576   0.081040   0.035753
  2023     1     2     7    23 30.000000   2.329580   0.081040   0.035752
  2023     1     2     7    24  0.000000   2.329576   0.081040   0.035750
  2023     1     2     7    24 30.000000   2.329576   0.081040   0.035748
  2023     1     2     7    25  0.000000   2.329577   0.081040   0.035746
  2023     1     2     7    25 30.000000   2.329576   0.081040   0.035744
  2023     1     2     7    26  0.000000   2.329576   0.081041   0.035741
  2023     1     2     7    26 30.000000   2.329580   0.081041   0.035739
  2023     1     2     7    27  0.000000   2.329574   0.081041   0.035735
  2023     1     2     7    27 30.000000   2.329576   0.081041   0.035731
  2023     1     2     7    28  0.000000   2.329576   0.081041   0.035727
  2023     1     2     7    28 30.000000   2.329577   0.081041   0.035722
  2023     1     2     7    29  0.000000   2.329577   0.081041   0.035716
  2023     1     2     7    29 30.000000   2.329574   0.081041   0.035710
  2023     1     2     7    30  0.000000   2.329574   0.081041   0.035704
  2023     1     2     7    30 30.000000   2.329575   0.081041   0.035698
  2023     1     2     7    31  0.000000   2.329576   0.081041   0.035692
  2023     1     2     7    31 30.000000   2.329582   0.081042   0.035686
  2023     1     2     7    32  0.000000   2.329575   0.081042   0.035680
  2023     1     2     7    32 30.000000   2.329579   0.081042   0.035674
  2023     1     2     7    33  0.000000   2.329580   0.081042   0.035667
  2023     1     2     7    33 30.000000   2.329576   0.081042   0.035660
  2023     1     2     7    34  0.000000   2.329572   0.081042   0.035654
  2023     1     2     7    34 30.000000   2.329578   0.081042   0.035646
  2023     1     2     7    35  0.000000   2.329572   0.081042   0.035639
  2023     1     2     7    35 30.000000   2.329576   0.081042   0.035630
  2023     1     2     7    36  0.000000   2.329576   0.081042   0.035622
  2023     1     2     7    36 30.000000   2.329579   0.081043   0.035614
  2023     1     2     7    37  0.000000   2.329578   0.081043   0.035606
  2023     1     2     7    37 30.000000   2.329579   0.081043   0.035597
  2023     1     2     7    38  0.000000   2.329579   0.081043   0.035589
  2023     1     2     7    38 30.000000   2.329578   0.081043   0.035581
  2023     1     2     7    39  0.000000   2.329580   0.081043   0.035573
  2023     1     2     7    39 30.000000   2.329569   0.081042   0.035564
  2023     1     2     7    40  0.000000   2.329578   0.081043   0.035554
  2023     1     2     7    40 30.000000   2.329574   0.081043   0.035544
  2023     1     2     7    41  0.000000   2.329573   0.081043   0.035534
  2023     1     2     7    41 30.000000   2.329578   0.081044   0.035523
  2023     1     2     7    42  0.000000   2.329577   0.081044   0.035512
  2023     1     2     7    42 30.000000   2.329580   0.081044   0.035500
  2023     1     2     7    43  0.000000   2.329577   0.081044   0.035489
  2023     1     2     7    43 30.000000   2.329579   0.081044   0.035477
  2023     1     2     7    44  0.000000   2.329579   0.081044   0.035465
  2023     1     2     7    44 30.000000   2.329579   0.081044   0.035453
  2023     1     2     7    45  0.000000   2.329575   0.081044   0.035440
  2023     1     2     7    45 30.000000   2.329579   0.081044   0.035426
  2023     1     2     7    46  0.000000   2.329579   0.081045   0.035412
  2023     1     2     7    46 30.000000   2.329579   0.081045   0.035398
  2023     1     2     7    47  0.000000   2.329573   0.081044   0.035384
  2023     1     2     7    47 30.000000   2.329575   0.081044   0.035370
  2023     1     2     7    48  0.000000   2.329572   0.081044   0.035356
  2023     1     2     7    48 30.000000   2.329581   0.081045   0.035341
  2023     1     2     7    49  0.000000   2.329579   0.081045   0.035325
  2023     1     2     7    49 30.000000   2.329574   0.081045   0.035309
  2023     1     2     7    50  0.000000   2.329582   0.081046   0.035291
  2023     1     2     7    50 30.000000   2.329579   0.081045   0.035272
  2023     1     2     7    51  0.000000   2.329583   0.081046   0.035253
  2023     1     2     7    51 30.000000   2.329585   0.081046   0.035235
  2023     1     2     7    52  0.000000   2.329583   0.081046   0.035216
  2023     1     2     7    52 30.000000   2.329583   0.081046   0.035197
  2023     1     2     7    53  0.000000   2.329580   0.081046   0.035179
  2023     1     2     7    53 30.000000   2.329581   0.081046   0.035160
  2023     1     2     7    54  0.000000   2.329579   0.081046   0.035141
  2023     1     2     7    54 30.000000   2.329585   0.081047   0.035122
  2023     1     2     7    55  0.000000   2.329581   0.081047   0.035103
  2023     1     2     7    55 30.000000   2.329574   0.081046   0.035085
  2023     1     2     7    56  0.000000   2.329580   0.081047   0.035066
  2023     1     2     7    56 30.000000   2.329584   0.081047   0.035047
  2023     1     2     7    57  0.000000   2.329586   0.081047   0.035028
  2023     1     2     7    57 30.000000   2.329578   0.081047   0.035009
  2023     1     2     7    58  0.000000   2.329582   0.081047   0.034989
  2023     1     2     7    58 30.000000   2.329574   0.081046   0.034970
  2023     1     2     7    59  0.000000   2.329580   0.081047   0.034951
  2023     1     2     7    59 30.000000   2.329586   0.081048   0.034931
  2023     1     2     8     0  0.000000   2.329587   0.081048   0.034912
  2023     1     2     8     0 30.000000   2.329588   0.081048   0.034892
  2023     1     2     8     1  0.000000   2.329588   0.081048   0.034873
  2023     1     2     8     1 30.000000   2.329580   0.081048   0.034854
  2023     1     2     8     2  0.000000   2.329584   0.081048   0.034834
  2023     1     2     8     2 30.000000   2.329586   0.081048   0.034815
  2023     1     2     8     3  0.000000   2.329589   0.081049   0.034796
  2023     1     2     8     3 30.000000   2.329587   0.081049   0.034777
  2023     1     2     8     4  0.000000   2.329583   0.081048   0.034758
  2023     1     2     8     4 30.000000   2.329582   0.081048   0.034740
  2023     1     2     8     5  0.000000   2.329586   0.081049   0.034721
  2023     1     2     8     5 30.000000   2.329584   0.081049   0.034703
  2023     1     2     8     6  0.000000   2.329586   0.081049   0.034684
  2023     1     2     8     6 30.000000   2.329581   0.081049   0.034666
  2023     1     2     8     7  0.000000   2.329580   0.081049   0.034648
  2023     1     2     8     7 30.000000   2.329582   0.081049   0.034630
  2023     1     2     8     8  0.000000   2.329581   0.081049   0.034611
  2023     1     2     8     8 30.000000   2.329583   0.081049   0.034593
  2023     1     2     8     9  0.000000   2.329585   0.081050   0.034575
  2023     1     2     8     9 30.000000   2.329580   0.081049   0.034557
  2023     1     2     8    10  0.000000   2.329583   0.081050   0.034539
  2023     1     2     8    10 30.000000   2.329580   0.081049   0.034521
  2023     1     2     8    11  0.000000   2.329581   0.081050   0.034504
  2023     1     2     8    11 30.000000   2.329577   0.081049   0.034486
  2023     1     2     8    12  0.000000   2.329581   0.081050   0.034468
  2023     1     2     8    12 30.000000   2.329580   0.081050   0.034451
  2023     1     2     8    13  0.000000   2.329581   0.081050   0.034433
  2023     1     2     8    13 30.000000   2.329576   0.081050   0.034416
  2023     1     2     8    14  0.000000   2.329588   0.081051   0.034399
  2023     1     2     8    14 30.000000   2.329578   0.081050   0.034382
  2023     1     2     8    15  0.000000   2.329588   0.081051   0.034365
  2023     1     2     8    15 30.000000   2.329588   0.081051   0.034348
  2023     1     2     8    16  0.000000   2.329580   0.081050   0.034331
  2023     1     2     8    16 30.000000   2.329582   0.081051   0.034314
  2023     1     2     8    17  0.000000   2.329589   0.081052   0.034297
  2023     1     2     8    17 30.000000   2.329595   0.081052   0.034279
  2023     1     2     8    18  0.000000   2.329580   0.081051   0.034262
  2023     1     2     8    18 30.000000   2.329580   0.081051   0.034245
  2023     1     2     8    19  0.000000   2.329579   0.081051   0.034227
  2023     1     2     8    19 30.000000   2.329584   0.081051   0.034210
  2023     1     2     8    20  0.000000   2.329582   0.081051   0.034192
  2023     1     2     8    20 30.000000   2.329581   0.081051   0.034174
  2023     1     2     8    21  0.000000   2.329583   0.081052   0.034155
  2023     1     2     8    21 30.000000   2.329584   0.081052   0.034138
  2023     1     2     8    22  0.000000   2.329586   0.081052   0.034120
  2023     1     2     8    22 30.000000   2.329580   0.081052   0.034103
  2023     1     2     8    23  0.000000   2.329583   0.081052   0.034085
  2023     1     2     8    23 30.000000   2.329584   0.081052   0.034067
  2023     1     2     8    24  0.000000   2.329580   0.081052   0.034049
  2023     1     2     8    24 30.000000   2.329581   0.081052   0.034030
  2023     1     2     8    25  0.000000   2.329584   0.081052   0.034011
  2023     1     2     8    25 30.000000   2.329586   0.081053   0.033992
  2023     1     2     8    26  0.000000   2.329583   0.081053   0.033973
  2023     1     2     8    26 30.000000   2.329585   0.081053   0.033955
  2023     1     2     8    27  0.000000   2.329585   0.081053   0.033937
  2023     1     2     8    27 30.000000   2.329583   0.081053   0.033920
  2023     1     2     8    28  0.000000   2.329584   0.081053   0.033903
  2023     1     2     8    28 30.000000   2.329581   0.081053   0.033886
  2023     1     2     8    29  0.000000   2.329578   0.081053   0.033870
  2023     1     2     8    29 30.000000   2.329579   0.081053   0.033853
  2023     1     2     8    30  0.000000   2.329580   0.081053   0.033837
  2023     1     2     8    30 30.000000   2.329586   0.081054   0.033821
  2023     1     2     8    31  0.000000   2.329584   0.081054   0.033806
  2023     1     2     8    31 30.000000   2.329589   0.081054   0.033792
  2023     1     2     8    32  0.000000   2.329580   0.081053   0.033779
  2023     1     2     8    32 30.000000   2.329583   0.081054   0.033765
  2023     1     2     8    33  0.000000   2.329583   0.081054   0.033752
  2023     1     2     8    33 30.000000   2.329585   0.081054   0.033738
  2023     1     2     8    34  0.000000   2.329584   0.081054   0.033725
  2023     1     2     8    34 30.000000   2.329578   0.081054   0.033712
  2023     1     2     8    35  0.000000   2.329584   0.081054   0.033698
  2023     1     2     8    35 30.000000   2.329582   0.081054   0.033685
  2023     1     2     8    36  0.000000   2.329575   0.081054   0.033672
  2023     1     2     8    36 30.000000   2.329575   0.081054   0.033659
  2023     1     2     8    37  0.000000   2.329576   0.081054   0.033647
  2023     1     2     8    37 30.000000   2.329579   0.081054   0.033635
  2023     1     2     8    38  0.000000   2.329576   0.081054   0.033624
  2023     1     2     8    38 30.000000   2.329576   0.081054   0.033613
  2023     1     2     8    39  0.000000   2.329576   0.081054   0.033604
  2023     1     2     8    39 30.000000   2.329573   0.081054   0.033596
  2023     1     2     8    40  0.000000   2.329576   0.081054   0.033589
  2023     1     2     8    40 30.000000   2.329577   0.081055   0.033582
  2023     1     2     8    41  0.000000   2.329575   0.081055   0.033575
  2023     1     2     8    41 30.000000   2.329574   0.081055   0.033570
  2023     1     2     8    42  0.000000   2.329572   0.081054   0.033565
  2023     1     2     8    42 30.000000   2.329577   0.081055   0.033561
  2023     1     2     8    43  0.000000   2.329579   0.081055   0.033557
  2023     1     2     8    43 30.000000   2.329577   0.081055   0.033555
  2023     1     2     8    44  0.000000   2.329577   0.081055   0.033553
  2023     1     2     8    44 30.000000   2.329580   0.081056   0.033553
  2023     1     2     8    45  0.000000   2.329578   0.081056   0.033553
  2023     1     2     8    45 30.000000   2.329578   0.081056   0.033553
  2023     1     2     8    46  0.000000   2.329575   0.081055   0.033553
  2023     1     2     8    46 30.000000   2.329575   0.081056   0.033553
  2023     1     2     8    47  0.000000   2.329572   0.081055   0.033552
  2023     1     2     8    47 30.000000   2.329579   0.081056   0.033552
  2023     1     2     8    48  0.000000   2.329580   0.081056   0.033552
  2023     1     2     8    48 30.000000   2.329577   0.081056   0.033553
  2023     1     2     8    49  0.000000   2.329575   0.081056   0.033554
  2023     1     2     8    49 30.000000   2.329569   0.081055   0.033555
  2023     1     2     8    50  0.000000   2.329570   0.081056   0.033557
  2023     1     2     8    50 30.000000   2.329574   0.081056   0.033558
  2023     1     2     8    51  0.000000   2.329575   0.081056   0.033559
  2023     1     2     8    51 30.000000   2.329574   0.081056   0.033561
  2023     1     2     8    52  0.000000   2.329572   0.081056   0.033563
  2023     1     2     8    52 30.000000   2.329573   0.081056   0.033566
  2023     1     2     8    53  0.000000   2.329572   0.081056   0.033570
  2023     1     2     8    53 30.000000   2.329576   0.081057   0.033575
  2023     1     2     8    54  0.000000   2.329577   0.081057   0.033582
  2023     1     2     8    54 30.000000   2.329575   0.081057   0.033588
  2023     1     2     8    55  0.000000   2.329575   0.081057   0.033595
  2023     1     2     8    55 30.000000   2.329574   0.081057   0.033598
  2023     1     2     8    56  0.000000   2.329571   0.081057   0.033602
  2023     1     2     8    56 30.000000   2.329578   0.081058   0.033607
  2023     1     2     8    57  0.000000   2.329573   0.081057   0.033611
  2023     1     2     8    57 30.000000   2.329575   0.081058   0.033617
  2023     1     2     8    58  0.000000   2.329576   0.081058   0.033623
  2023     1     2     8    58 30.000000   2.329569   0.081057   0.033629
  2023     1     2     8    59  0.000000   2.329568   0.081057   0.033633
  2023     1     2     8    59 30.000000   2.329569   0.081057   0.033639
  2023     1     2     9     0  0.000000   2.329566   0.081057   0.033646
  2023     1     2     9     0 30.000000   2.329566   0.081057   0.033653
  2023     1     2     9     1  0.000000   2.329572   0.081058   0.033661
  2023     1     2     9     1 30.000000   2.329571   0.081058   0.033670
  2023     1     2     9     2  0.000000   2.329569   0.081058   0.033679
  2023     1     2     9     2 30.000000   2.329571   0.081058   0.033689
  2023     1     2     9     3  0.000000   2.329568   0.081058   0.033698
  2023     1     2     9     3 30.000000   2.329570   0.081058   0.033709
  2023     1     2     9     4  0.000000   2.329570   0.081058   0.033721
  2023     1     2     9     4 30.000000   2.329570   0.081058   0.033731
  2023     1     2     9     5  0.000000   2.329572   0.081059   0.033743
  2023     1     2     9     5 30.000000   2.329570   0.081059   0.033756
  2023     1     2     9     6  0.000000   2.329569   0.081059   0.033767
  2023     1     2     9     6 30.000000   2.329571   0.081059   0.033778
  2023     1     2     9     7  0.000000   2.329572   0.081059   0.033789
  2023     1     2     9     7 30.000000   2.329568   0.081059   0.033802
  2023     1     2     9     8  0.000000   2.329567   0.081059   0.033817
  2023     1     2     9     8 30.000000   2.329572   0.081059   0.033832
  2023     1     2     9     9  0.000000   2.329570   0.081059   0.033849
  2023     1     2     9     9 30.000000   2.329568   0.081059   0.033865
  2023     1     2     9    10  0.000000   2.329572   0.081060   0.033880
  2023     1     2     9    10 30.000000   2.329572   0.081060   0.033896
  2023     1     2     9    11  0.000000   2.329574   0.081060   0.033913
  2023     1     2     9    11 30.000000   2.329577   0.081060   0.033931
  2023     1     2     9    12  0.000000   2.329573   0.081060   0.033948
  2023     1     2     9    12 30.000000   2.329567   0.081060   0.033965
  2023     1     2     9    13  0.000000   2.329571   0.081060   0.033982
  2023     1     2     9    13 30.000000   2.329571   0.081060   0.033997
  2023     1     2     9    14  0.000000   2.329569   0.081060   0.034011
  2023     1     2     9    14 30.000000   2.329567   0.081060   0.034025
  2023     1     2     9    15  0.000000   2.329575   0.081061   0.034038
  2023     1     2     9    15 30.000000   2.329576   0.081061   0.034051
  2023     1     2     9    16  0.000000   2.329572   0.081061   0.034064
  2023     1     2     9    16 30.000000   2.329571   0.081061   0.034077
  2023     1     2     9    17  0.000000   2.329572   0.081061   0.034089
  2023     1     2     9    17 30.000000   2.329577   0.081062   0.034101
  2023     1     2     9    18  0.000000   2.329569   0.081061   0.034113
  2023     1     2     9    18 30.000000   2.329576   0.081062   0.034125
  2023     1     2     9    19  0.000000   2.329569   0.081061   0.034138
  2023     1     2     9    19 30.000000   2.329570   0.081061   0.034150
  2023     1     2     9    20  0.000000   2.329571   0.081061   0.034163
  2023     1     2     9    20 30.000000   2.329571   0.081062   0.034176
  2023     1     2     9    21  0.000000   2.329570   0.081062   0.034189
  2023     1     2     9    21 30.000000   2.329573   0.081062   0.034201
  2023     1     2     9    22  0.000000   2.329569   0.081062   0.034213
  2023     1     2     9    22 30.000000   2.329565   0.081061   0.034225
  2023     1     2     9    23  0.000000   2.329570   0.081062   0.034235
  2023     1     2     9    23 30.000000   2.329570   0.081062   0.034246
  2023     1     2     9    24  0.000000   2.329570   0.081062   0.034255
  2023     1     2     9    24 30.000000   2.329573   0.081062   0.034265
  2023     1     2     9    25  0.000000   2.329570   0.081062   0.034273
  2023     1     2     9    25 30.000000   2.329570   0.081062   0.034281
  2023     1     2     9    26  0.000000   2.329571   0.081063   0.034289
  2023     1     2     9    26 30.000000   2.329577   0.081063   0.034297
  2023     1     2     9    27  0.000000   2.329571   0.081063   0.034304
  2023     1     2     9    27 30.000000   2.329574   0.081063   0.034311
  2023     1     2     9    28  0.000000   2.329566   0.081062   0.034318
  2023     1     2     9    28 30.000000   2.329571   0.081063   0.034325
  2023     1     2     9    29  0.000000   2.329573   0.081063   0.034332
  2023     1     2     9    29 30.000000   2.329570   0.081063   0.034339
  2023     1     2     9    30  0.000000   2.329568   0.081063   0.034345
  2023     1     2     9    30 30.000000   2.329569   0.081063   0.034352
  2023     1     2     9    31  0.000000   2.329572   0.081064   0.034359
  2023     1     2     9    31 30.000000   2.329565   0.081063   0.034365
  2023     1     2     9    32  0.000000   2.329569   0.081064   0.034371
  2023     1     2     9    32 30.000000   2.329568   0.081063   0.034377
  2023     1     2     9    33  0.000000   2.329568   0.081064   0.034382
  2023     1     2     9    33 30.000000   2.329570   0.081064   0.034387
  2023     1     2     9    34  0.000000   2.329577   0.081065   0.034392
  2023     1     2     9    34 30.000000   2.329575   0.081065   0.034397
  2023     1     2     9    35  0.000000   2.329573   0.081065   0.034402
  2023     1     2     9    35 30.000000   2.329575   0.081065   0.034407
  2023     1     2     9    36  0.000000   2.329569   0.081064   0.034412
  2023     1     2     9    36 30.000000   2.329570   0.081064   0.034417
  2023     1     2     9    37  0.000000   2.329571   0.081065   0.034422
  2023     1     2     9    37 30.000000   2.329570   0.081065   0.034428
  2023     1     2     9    38  0.000000   2.329577   0.081065   0.034432
  2023     1     2     9    38 30.000000   2.329576   0.081065   0.034437
  2023     1     2     9    39  0.000000   2.329574   0.081065   0.034442
  2023     1     2     9    39 30.000000   2.329570   0.081065   0.034448
  2023     1     2     9    40  0.000000   2.329574   0.081066   0.034455
  2023     1     2     9    40 30.000000   2.329571   0.081065   0.034462
  2023     1     2     9    41  0.000000   2.329570   0.081065   0.034470
  2023     1     2     9    41 30.000000   2.329570   0.081065   0.034477
  2023     1     2     9    42  0.000000   2.329570   0.081065   0.034485
  2023     1     2     9    42 30.000000   2.329571   0.081066   0.034492
  2023     1     2     9    43  0.000000   2.329563   0.081065   0.034500
  2023     1     2     9    43 30.000000   2.329564   0.081065   0.034507
  2023     1     2     9    44  0.000000   2.329567   0.081066   0.034515
  2023     1     2     9    44 30.000000   2.329566   0.081066   0.034522
  2023     1     2     9    45  0.000000   2.329566   0.081066   0.034529
  2023     1     2     9    45 30.000000   2.329572   0.081066   0.034536
  2023     1     2     9    46  0.000000   2.329569   0.081066   0.034542
  2023     1     2     9    46 30.000000   2.329567   0.081066   0.034548
  2023     1     2     9    47  0.000000   2.329567   0.081066   0.034554
  2023     1     2     9    47 30.000000   2.329568   0.081066   0.034560
  2023     1     2     9    48  0.000000   2.329568   0.081066   0.034566
  2023     1     2     9    48 30.000000   2.329567   0.081066   0.034572
  2023     1     2     9    49  0.000000   2.329567   0.081067   0.034578
  2023     1     2     9    49 30.000000   2.329570   0.081067   0.034584
  2023     1     2     9    50  0.000000   2.329568   0.081067   0.034590
  2023     1     2     9    50 30.000000   2.329566   0.081067   0.034596
  2023     1     2     9    51  0.000000   2.329565   0.081067   0.034603
  2023     1     2     9    51 30.000000   2.329570   0.081067   0.034610
  2023     1     2     9    52  0.000000   2.329571   0.081067   0.034617
  2023     1     2     9    52 30.000000   2.329568   0.081067   0.034625
  2023     1     2     9    53  0.000000   2.329570   0.081068   0.034633
  2023     1     2     9    53 30.000000   2.329573   0.081068   0.034641
  2023     1     2     9    54  0.000000   2.329570   0.081068   0.034650
  2023     1     2     9    54 30.000000   2.329568   0.081068   0.034660
  2023     1     2     9    55  0.000000   2.329566   0.081067   0.034669
  2023     1     2     9    55 30.000000   2.329567   0.081068   0.034680
  2023     1     2     9    56  0.000000   2.329562   0.081067   0.034691
  2023     1     2     9    56 30.000000   2.329559   0.081067   0.034702
  2023     1     2     9    57  0.000000   2.329569   0.081068   0.034715
  2023     1     2     9    57 30.000000   2.329565   0.081068   0.034727
  2023     1     2     9    58  0.000000   2.329567   0.081068   0.034741
  2023     1     2     9    58 30.000000   2.329563   0.081068   0.034755
  2023     1     2     9    59  0.000000   2.329563   0.081068   0.034769
  2023     1     2     9    59 30.000000   2.329568   0.081069   0.034783
  2023     1     2    10     0  0.000000   2.329568   0.081069   0.034797
  2023     1     2    10     0 30.000000   2.329567   0.081069   0.034811
  2023     1     2    10     1  0.000000   2.329568   0.081069   0.034825
  2023     1     2    10     1 30.000000   2.329565   0.081069   0.034841
  2023     1     2    10     2  0.000000   2.329568   0.081069   0.034857
  2023     1     2    10     2 30.000000   2.329570   0.081069   0.034873
  2023     1     2    10     3  0.000000   2.329566   0.081069   0.034891
  2023     1     2    10     3 30.000000   2.329570   0.081070   0.034909
  2023     1     2    10     4  0.000000   2.329570   0.081070   0.034927
  2023     1     2    10     4 30.000000   2.329569   0.081070   0.034945
  2023     1     2    10     5  0.000000   2.329567   0.081070   0.034963
  2023     1     2    10     5 30.000000   2.329569   0.081070   0.034982
  2023     1     2    10     6  0.000000   2.329571   0.081070   0.035001
  2023     1     2    10     6 30.000000   2.329569   0.081070   0.035020
  2023     1     2    10     7  0.000000   2.329570   0.081070   0.035040
  2023     1     2    10     7 30.000000   2.329571   0.081070   0.035062
  2023     1     2    10     8  0.000000   2.329565   0.081070   0.035084
  2023     1     2    10     8 30.000000   2.329571   0.081071   0.035108
  2023     1     2    10     9  0.000000   2.329572   0.081071   0.035133
  2023     1     2    10     9 30.000000   2.329572   0.081071   0.035158
  2023     1     2    10    10  0.000000   2.329570   0.081071   0.035183
  2023     1     2    10    10 30.000000   2.329571   0.081071   0.035207
  2023     1     2    10    11  0.000000   2.329570   0.081071   0.035230
  2023     1     2    10    11 30.000000   2.329569   0.081071   0.035255
  2023     1     2    10    12  0.000000   2.329567   0.081071   0.035280
  2023     1     2    10    12 30.000000   2.329570   0.081071   0.035306
  2023     1     2    10    13  0.000000   2.329570   0.081071   0.035332
  2023     1     2    10    13 30.000000   2.329579   0.081072   0.035357
  2023     1     2    10    14  0.000000   2.329571   0.081072   0.035384
  2023     1     2    10    14 30.000000   2.329574   0.081072   0.035412
  2023     1     2    10    15  0.000000   2.329570   0.081072   0.035441
  2023     1     2    10    15 30.000000   2.329567   0.081072   0.035469
  2023     1     2    10    16  0.000000   2.329569   0.081072   0.035497
  2023     1     2    10    16 30.000000   2.329568   0.081072   0.035525
  2023     1     2    10    17  0.000000   2.329566   0.081072   0.035553
  2023     1     2    10    17 30.000000   2.329567   0.081072   0.035581
  2023     1     2    10    18  0.000000   2.329572   0.081073   0.035607
  2023     1     2    10    18 30.000000   2.329572   0.081073   0.035635
  2023     1     2    10    19  0.000000   2.329569   0.081072   0.035662
  2023     1     2    10    19 30.000000   2.329569   0.081073   0.035690
  2023     1     2    10    20  0.000000   2.329564   0.081072   0.035719
  2023     1     2    10    20 30.000000   2.329566   0.081072   0.035747
  2023     1     2    10    21  0.000000   2.329565   0.081072   0.035776
  2023     1     2    10    21 30.000000   2.329564   0.081072   0.035805
  2023     1     2    10    22  0.000000   2.329571   0.081073   0.035832
  2023     1     2    10    22 30.000000   2.329571   0.081073   0.035861
  2023     1     2    10    23  0.000000   2.329567   0.081073   0.035889
  2023     1     2    10    23 30.000000   2.329567   0.081073   0.035918
  2023     1     2    10    24  0.000000   2.329565   0.081073   0.035946
  2023     1     2    10    24 30.000000   2.329566   0.081073   0.035975
  2023     1     2    10    25  0.000000   2.329569   0.081074   0.036005
  2023     1     2    10    25 30.000000   2.329569   0.081074   0.036034
  2023     1     2    10    26  0.000000   2.329571   0.081074   0.036063
  2023     1     2    10    26 30.000000   2.329572   0.081074   0.036091
  2023     1     2    10    27  0.000000   2.329564   0.081073   0.036119
  2023     1     2    10    27 30.000000   2.329566   0.081074   0.036147
  2023     1     2    10    28  0.000000   2.329568   0.081074   0.036174
  2023     1     2    10    28 30.000000   2.329572   0.081075   0.036202
  2023     1     2    10    29  0.000000   2.329569   0.081074   0.036229
  2023     1     2    10    29 30.000000   2.329567   0.081074   0.036255
  2023     1     2    10    30  0.000000   2.329570   0.081075   0.036281
  2023     1     2    10    30 30.000000   2.329570   0.081075   0.036305
  2023     1     2    10    31  0.000000   2.329573   0.081075   0.036330
  2023     1     2    10    31 30.000000   2.329567   0.081075   0.036355
  2023     1     2    10    32  0.000000   2.329568   0.081075   0.036379
  2023     1     2    10    32 30.000000   2.329569   0.081075   0.036403
  2023     1     2    10    33  0.000000   2.329569   0.081075   0.036427
  2023     1     2    10    33 30.000000   2.329562   0.081074   0.036450
  2023     1     2    10    34  0.000000   2.329568   0.081075   0.036474
  2023     1     2    10    34 30.000000   2.329569   0.081075   0.036497
  2023     1     2    10    35  0.000000   2.329570   0.081076   0.036520
  2023     1     2    10    35 30.000000   2.329570   0.081076   0.036544
  2023     1     2    10    36  0.000000   2.329577   0.081076   0.036566
  2023     1     2    10    36 30.000000   2.329577   0.081077   0.036589
  2023     1     2    10    37  0.000000   2.329573   0.081076   0.036613
  2023     1     2    10    37 30.000000   2.329567   0.081076   0.036637
  2023     1     2    10    38  0.000000   2.329567   0.081076   0.036660
  2023     1     2    10    38 30.000000   2.329561   0.081075   0.036683
  2023     1     2    10    39  0.000000   2.329562   0.081075   0.036704
  2023     1     2    10    39 30.000000   2.329571   0.081076   0.036725
  2023     1     2    10    40  0.000000   2.329570   0.081077   0.036745
  2023     1     2    10    40 30.000000   2.329569   0.081076   0.036766
  2023     1     2    10    41  0.000000   2.329560   0.081076   0.036785
  2023     1     2    10    41 30.000000   2.329564   0.081076   0.036804
  2023     1     2    10    42  0.000000   2.329563   0.081076   0.036821
  2023     1     2    10    42 30.000000   2.329565   0.081076   0.036837
  2023     1     2    10    43  0.000000   2.329571   0.081077   0.036853
  2023     1     2    10    43 30.000000   2.329569   0.081077   0.036869
  2023     1     2    10    44  0.000000   2.329572   0.081078   0.036884
  2023     1     2    10    44 30.000000   2.329570   0.081077   0.036901
  2023     1     2    10    45  0.000000   2.329577   0.081078   0.036916
  2023     1     2    10    45 30.000000   2.329574   0.081078   0.036931
  2023     1     2    10    46  0.000000   2.329573   0.081078   0.036945
  2023     1     2    10    46 30.000000   2.329579   0.081079   0.036960
  2023     1     2    10    47  0.000000   2.329566   0.081077   0.036976
  2023     1     2    10    47 30.000000   2.329569   0.081078   0.036991
  2023     1     2    10    48  0.000000   2.329571   0.081078   0.037007
  2023     1     2    10    48 30.000000   2.329565   0.081078   0.037022
  2023     1     2    10    49  0.000000   2.329564   0.081078   0.037038
  2023     1     2    10    49 30.000000   2.329563   0.081078   0.037054
  2023     1     2    10    50  0.000000   2.329555   0.081077   0.037071
  2023     1     2    10    50 30.000000   2.329556   0.081077   0.037087
  2023     1     2    10    51  0.000000   2.329556   0.081077   0.037103
  2023     1     2    10    51 30.000000   2.329560   0.081078   0.037120
  2023     1     2    10    52  0.000000   2.329564   0.081078   0.037136
  2023     1     2    10    52 30.000000   2.329564   0.081078   0.037153
  2023     1     2    10    53  0.000000   2.329564   0.081078   0.037169
  2023     1     2    10    53 30.000000   2.329569   0.081079   0.037186
  2023     1     2    10    54  0.000000   2.329562   0.081078   0.037203
  2023     1     2    10    54 30.000000   2.329559   0.081078   0.037219
  2023     1     2    10    55  0.000000   2.329561   0.081078   0.037236
  2023     1     2    10    55 30.000000   2.329574   0.081080   0.037253
  2023     1     2    10    56  0.000000   2.329572   0.081080   0.037270
  2023     1     2    10    56 30.000000   2.329574   0.081080   0.037287
  2023     1     2    10    57  0.000000   2.329566   0.081079   0.037304
  2023     1     2    10    57 30.000000   2.329570   0.081080   0.037322
  2023     1     2    10    58  0.000000   2.329561   0.081079   0.037340
  2023     1     2    10    58 30.000000   2.329565   0.081080   0.037358
  2023     1     2    10    59  0.000000   2.329570   0.081080   0.037376
  2023     1     2    10    59 30.000000   2.329568   0.081080   0.037394
  2023     1     2    11     0  0.000000   2.329569   0.081080   0.037412
  2023     1     2    11     0 30.000000   2.329572   0.081081   0.037430
  2023     1     2    11     1  0.000000   2.329564   0.081080   0.037448
  2023     1     2    11     1 30.000000   2.329567   0.081080   0.037466
  2023     1     2    11     2  0.000000   2.329565   0.081080   0.037485
  2023     1     2    11     2 30.000000   2.329567   0.081080   0.037504
  2023     1     2    11     3  0.000000   2.329569   0.081081   0.037522
  2023     1     2    11     3 30.000000   2.329562   0.081080   0.037541
  2023     1     2    11     4  0.000000   2.329557   0.081080   0.037559
  2023     1     2    11     4 30.000000   2.329557   0.081080   0.037578
  2023     1     2    11     5  0.000000   2.329569   0.081081   0.037596
  2023     1     2    11     5 30.000000   2.329567   0.081081   0.037614
  2023     1     2    11     6  0.000000   2.329560   0.081080   0.037632
  2023     1     2    11     6 30.000000   2.329556   0.081080   0.037650
  2023     1     2    11     7  0.000000   2.329567   0.081081   0.037668
  2023     1     2    11     7 30.000000   2.329571   0.081082   0.037686
  2023     1     2    11     8  0.000000   2.329572   0.081082   0.037704
  2023     1     2    11     8 30.000000   2.329570   0.081082   0.037722
  2023     1     2    11     9  0.000000   2.329559   0.081081   0.037740
  2023     1     2    11     9 30.000000   2.329567   0.081082   0.037757
  2023     1     2    11    10  0.000000   2.329566   0.081082   0.037775
  2023     1     2    11    10 30.000000   2.329568   0.081082   0.037793
  2023     1     2    11    11  0.000000   2.329569   0.081082   0.037811
  2023     1     2    11    11 30.000000   2.329573   0.081083   0.037829
  2023     1     2    11    12  0.000000   2.329566   0.081082   0.037846
  2023     1     2    11    12 30.000000   2.329568   0.081083   0.037864
  2023     1     2    11    13  0.000000   2.329570   0.081083   0.037882
  2023     1     2    11    13 30.000000   2.329572   0.081083   0.037900
  2023     1     2    11    14  0.000000   2.329574   0.081083   0.037917
  2023     1     2    11    14 30.000000   2.329566   0.081083   0.037935
  2023     1     2    11    15  0.000000   2.329574   0.081084   0.037953
  2023     1     2    11    15 30.000000   2.329571   0.081083   0.037971
  2023     1     2    11    16  0.000000   2.329576   0.081084   0.037989
  2023     1     2    11    16 30.000000   2.329573   0.081084   0.038008
  2023     1     2    11    17  0.000000   2.329571   0.081084   0.038026
  2023     1     2    11    17 30.000000   2.329565   0.081083   0.038044
  2023     1     2    11    18  0.000000   2.329567   0.081083   0.038062
  2023     1     2    11    18 30.000000   2.329567   0.081084   0.038080
  2023     1     2    11    19  0.000000   2.329573   0.081084   0.038098
  2023     1     2    11    19 30.000000   2.329570   0.081084   0.038116
  2023     1     2    11    20  0.000000   2.329569   0.081084   0.038134
  2023     1     2    11    20 30.000000   2.329573   0.081084   0.038153
  2023     1     2    11    21  0.000000   2.329574   0.081085   0.038171
  2023     1     2    11    21 30.000000   2.329572   0.081085   0.038189
  2023     1     2    11    22  0.000000   2.329569   0.081084   0.038207
  2023     1     2    11    22 30.000000   2.329563   0.081084   0.038225
  2023     1     2    11    23  0.000000   2.329572   0.081085   0.038243
  2023     1     2    11    23 30.000000   2.329572   0.081085   0.038261
  2023     1     2    11    24  0.000000   2.329567   0.081085   0.038279
  2023     1     2    11    24 30.000000   2.329574   0.081085   0.038297
  2023     1     2    11    25  0.000000   2.329571   0.081085   0.038315
  2023     1     2    11    25 30.000000   2.329572   0.081085   0.038334
  2023     1     2    11    26  0.000000   2.329575   0.081086   0.038352
  2023     1     2    11    26 30.000000   2.329578   0.081086   0.038370
  2023     1     2    11    27  0.000000   2.329574   0.081086   0.038388
  2023     1     2    11    27 30.000000   2.329574   0.081086   0.038406
  2023     1     2    11    28  0.000000   2.329574   0.081086   0.038425
  2023     1     2    11    28 30.000000   2.329575   0.081086   0.038443
  2023     1     2    11    29  0.000000   2.329574   0.081086   0.038461
  2023     1     2    11    29 30.000000   2.329573   0.081086   0.038480
  2023     1     2    11    30  0.000000   2.329564   0.081085   0.038498
  2023     1     2    11    30 30.000000   2.329567   0.081086   0.038516
  2023     1     2    11    31  0.000000   2.329569   0.081086   0.038534
  2023     1     2    11    31 30.000000   2.329570   0.081086   0.038553
  2023     1     2    11    32  0.000000   2.329567   0.081086   0.038571
  2023     1     2    11    32 30.000000   2.329569   0.081086   0.038589
  2023     1     2    11    33  0.000000   2.329567   0.081086   0.038608
  2023     1     2    11    33 30.000000   2.329572   0.081087   0.038626
  2023     1     2    11    34  0.000000   2.329567   0.081086   0.038645
  2023     1     2    11    34 30.000000   2.329571   0.081087   0.038663
  2023     1     2    11    35  0.000000   2.329578   0.081088   0.038682
  2023     1     2    11    35 30.000000   2.329569   0.081087   0.038701
  2023     1     2    11    36  0.000000   2.329565   0.081087   0.038719
  2023     1     2    11    36 30.000000   2.329565   0.081087   0.038738
  2023     1     2    11    37  0.000000   2.329568   0.081087   0.038757
  2023     1     2    11    37 30.000000   2.329571   0.081088   0.038776
  2023     1     2    11    38  0.000000   2.329578   0.081088   0.038795
  2023     1     2    11    38 30.000000   2.329571   0.081088   0.038815
  2023     1     2    11    39  0.000000   2.329564   0.081087   0.038834
  2023     1     2    11    39 30.000000   2.329570   0.081088   0.038853
  2023     1     2    11    40  0.000000   2.329571   0.081088   0.038871
  2023     1     2    11    40 30.000000   2.329570   0.081088   0.038890
  2023     1     2    11    41  0.000000   2.329561   0.081087   0.038909
  2023     1     2    11    41 30.000000   2.329561   0.081087   0.038928
  2023     1     2    11    42  0.000000   2.329562   0.081087   0.038947
  2023     1     2    11    42 30.000000   2.329566   0.081088   0.038965
  2023     1     2    11    43  0.000000   2.329569   0.081088   0.038984
  2023     1     2    11    43 30.000000   2.329572   0.081089   0.039002
  2023     1     2    11    44  0.000000   2.329571   0.081089   0.039020
  2023     1     2    11    44 30.000000   2.329570   0.081089   0.039038
  2023     1     2    11    45  0.000000   2.329567   0.081089   0.039057
  2023     1     2    11    45 30.000000   2.329565   0.081088   0.039075
  2023     1     2    11    46  0.000000   2.329565   0.081089   0.039093
  2023     1     2    11    46 30.000000   2.329566   0.081089   0.039111
  2023     1     2    11    47  0.000000   2.329562   0.081088   0.039130
  2023     1     2    11    47 30.000000   2.329568   0.081089   0.039148
  2023     1     2    11    48  0.000000   2.329567   0.081089   0.039167
  2023     1     2    11    48 30.000000   2.329563   0.081089   0.039185
  2023     1     2    11    49  0.000000   2.329571   0.081090   0.039203
  2023     1     2    11    49 30.000000   2.329572   0.081090   0.039221
  2023     1     2    11    50  0.000000   2.329564   0.081089   0.039239
  2023     1     2    11    50 30.000000   2.329568   0.081090   0.039257
  2023     1     2    11    51  0.000000   2.329565   0.081089   0.039275
  2023     1     2    11    51 30.000000   2.329570   0.081090   0.039293
  2023     1     2    11    52  0.000000   2.329569   0.081090   0.039311
  2023     1     2    11    52 30.000000   2.329575   0.081091   0.039329
  2023     1     2    11    53  0.000000   2.329569   0.081090   0.039348
  2023     1     2    11    53 30.000000   2.329566   0.081090   0.039367
  2023     1     2    11    54  0.000000   2.329561   0.081090   0.039385
  2023     1     2    11    54 30.000000   2.329564   0.081090   0.039404
  2023     1     2    11    55  0.000000   2.329560   0.081090   0.039422
  2023     1     2    11    55 30.000000   2.329563   0.081090   0.039440
  2023     1     2    11    56  0.000000   2.329571   0.081091   0.039457
  2023     1     2    11    56 30.000000   2.329565   0.081090   0.039475
  2023     1     2    11    57  0.000000   2.329565   0.081091   0.039493
  2023     1     2    11    57 30.000000   2.329572   0.081091   0.039512
  2023     1     2    11    58  0.000000   2.329571   0.081091   0.039530
  2023     1     2    11    58 30.000000   2.329567   0.081091   0.039549
  2023     1     2    11    59  0.000000   2.329563   0.081091   0.039567
  2023     1     2    11    59 30.000000   2.329565   0.081091   0.039586
  2023     1     2    12     0  0.000000   2.329570   0.081092   0.039605
  2023     1     2    12     0 30.000000   2.329569   0.081092   0.039624
  2023     1     2    12     1  0.000000   2.329576   0.081093   0.039644
  2023     1     2    12     1 30.000000   2.329565   0.081091   0.039665
  2023     1     2    12     2  0.000000   2.329573   0.081092   0.039685
  2023     1     2    12     2 30.000000   2.329565   0.081092   0.039706
  2023     1     2    12     3  0.000000   2.329563   0.081092   0.039726
  2023     1     2    12     3 30.000000   2.329568   0.081092   0.039747
  2023     1     2    12     4  0.000000   2.329568   0.081092   0.039770
  2023     1     2    12     4 30.000000   2.329569   0.081092   0.039792
  2023     1     2    12     5  0.000000   2.329563   0.081092   0.039815
  2023     1     2    12     5 30.000000   2.329563   0.081092   0.039838
  2023     1     2    12     6  0.000000   2.329559   0.081092   0.039862
  2023     1     2    12     6 30.000000   2.329564   0.081092   0.039887
  2023     1     2    12     7  0.000000   2.329562   0.081092   0.039911
  2023     1     2    12     7 30.000000   2.329561   0.081092   0.039935
  2023     1     2    12     8  0.000000   2.329559   0.081092   0.039960
  2023     1     2    12     8 30.000000   2.329561   0.081092   0.039984
  2023     1     2    12     9  0.000000   2.329572   0.081094   0.040009
  2023     1     2    12     9 30.000000   2.329569   0.081093   0.040034
  2023     1     2    12    10  0.000000   2.329575   0.081094   0.040059
  2023     1     2    12    10 30.000000   2.329566   0.081093   0.040084
  2023     1     2    12    11  0.000000   2.329568   0.081094   0.040110
  2023     1     2    12    11 30.000000   2.329568   0.081094   0.040135
  2023     1     2    12    12  0.000000   2.329563   0.081093   0.040162
  2023     1     2    12    12 30.000000   2.329563   0.081093   0.040190
  2023     1     2    12    13  0.000000   2.329567   0.081094   0.040218
  2023     1     2    12    13 30.000000   2.329569   0.081094   0.040245
  2023     1     2    12    14  0.000000   2.329566   0.081094   0.040272
  2023     1     2    12    14 30.000000   2.329564   0.081094   0.040299
  2023     1     2    12    15  0.000000   2.329565   0.081094   0.040326
  2023     1     2    12    15 30.000000   2.329569   0.081095   0.040353
  2023     1     2    12    16  0.000000   2.329563   0.081094   0.040382
  2023     1     2    12    16 30.000000   2.329559   0.081094   0.040410
  2023     1     2    12    17  0.000000   2.329567   0.081095   0.040435
  2023     1     2    12    17 30.000000   2.329571   0.081095   0.040461
  2023     1     2    12    18  0.000000   2.329574   0.081096   0.040487
  2023     1     2    12    18 30.000000   2.329570   0.081095   0.040512
  2023     1     2    12    19  0.000000   2.329566   0.081095   0.040538
  2023     1     2    12    19 30.000000   2.329566   0.081095   0.040564
  2023     1     2    12    20  0.000000   2.329562   0.081095   0.040590
  2023     1     2    12    20 30.000000   2.329565   0.081095   0.040616
  2023     1     2    12    21  0.000000   2.329569   0.081096   0.040642
  2023     1     2    12    21 30.000000   2.329566   0.081095   0.040668
  2023     1     2    12    22  0.000000   2.329566   0.081095   0.040694
  2023     1     2    12    22 30.000000   2.329567   0.081096   0.040720
  2023     1     2    12    23  0.000000   2.329575   0.081097   0.040746
  2023     1     2    12    23 30.000000   2.329562   0.081095   0.040772
  2023     1     2    12    24  0.000000   2.329562   0.081096   0.040799
  2023     1     2    12    24 30.000000   2.329565   0.081096   0.040825
  2023     1     2    12    25  0.000000   2.329569   0.081096   0.040852
  2023     1     2    12    25 30.000000   2.329567   0.081096   0.040878
  2023     1     2    12    26  0.000000   2.329562   0.081096   0.040904
  2023     1     2    12    26 30.000000   2.329558   0.081096   0.040931
  2023     1     2    12    27  0.000000   2.329566   0.081096   0.040957
  2023     1     2    12    27 30.000000   2.329561   0.081096   0.040983
  2023     1     2    12    28  0.000000   2.329558   0.081096   0.041010
  2023     1     2    12    28 30.000000   2.329571   0.081097   0.041036
  2023     1     2    12    29  0.000000   2.329562   0.081096   0.041062
  2023     1     2    12    29 30.000000   2.329564   0.081097   0.041089
  2023     1     2    12    30  0.000000   2.329571   0.081098   0.041115
  2023     1     2    12    30 30.000000   2.329564   0.081097   0.041141
  2023     1     2    12    31  0.000000   2.329580   0.081099   0.041168
  2023     1     2    12    31 30.000000   2.329573   0.081098   0.041194
  2023     1     2    12    32  0.000000   2.329563   0.081097   0.041221
  2023     1     2    12    32 30.000000   2.329567   0.081098   0.041248
  2023     1     2    12    33  0.000000   2.329563   0.081097   0.041274
  2023     1     2    12    33 30.000000   2.329564   0.081098   0.041301
  2023     1     2    12    34  0.000000   2.329559   0.081097   0.041328
  2023     1     2    12    34 30.000000   2.329570   0.081098   0.041354
  2023     1     2    12    35  0.000000   2.329570   0.081098   0.041381
  2023     1     2    12    35 30.000000   2.329570   0.081098   0.041407
  2023     1     2    12    36  0.000000   2.329569   0.081098   0.041433
  2023     1     2    12    36 30.000000   2.329569   0.081099   0.041459
  2023     1     2    12    37  0.000000   2.329565   0.081098   0.041483
  2023     1     2    12    37 30.000000   2.329566   0.081098   0.041508
  2023     1     2    12    38  0.000000   2.329566   0.081099   0.041533
  2023     1     2    12    38 30.000000   2.329567   0.081099   0.041559
  2023     1     2    12    39  0.000000   2.329561   0.081098   0.041583
  2023     1     2    12    39 30.000000   2.329567   0.081099   0.041608
  2023     1     2    12    40  0.000000   2.329565   0.081099   0.041632
  2023     1     2    12    40 30.000000   2.329562   0.081099   0.041656
  2023     1     2    12    41  0.000000   2.329566   0.081099   0.041680
  2023     1     2    12    41 30.000000   2.329556   0.081098   0.041703
  2023     1     2    12    42  0.000000   2.329563   0.081099   0.041727
  2023     1     2    12    42 30.000000   2.329568   0.081100   0.041752
  2023     1     2    12    43  0.000000   2.329569   0.081100   0.041777
  2023     1     2    12    43 30.000000   2.329569   0.081100   0.041802
  2023     1     2    12    44  0.000000   2.329564   0.081099   0.041827
  2023     1     2    12    44 30.000000   2.329564   0.081100   0.041852
  2023     1     2    12    45  0.000000   2.329570   0.081100   0.041877
  2023     1     2    12    45 30.000000   2.329574   0.081101   0.041902
  2023     1     2    12    46  0.000000   2.329570   0.081101   0.041928
  2023     1     2    12    46 30.000000   2.329569   0.081100   0.041952
  2023     1     2    12    47  0.000000   2.329567   0.081100   0.041977
  2023     1     2    12    47 30.000000   2.329564   0.081100   0.042003
  2023     1     2    12    48  0.000000   2.329571   0.081101   0.042028
  2023     1     2    12    48 30.000000   2.329564   0.081100   0.042054
  2023     1     2    12    49  0.000000   2.329561   0.081100   0.042079
  2023     1     2    12    49 30.000000   2.329563   0.081100   0.042103
  2023     1     2    12    50  0.000000   2.329563   0.081100   0.042128
  2023     1     2    12    50 30.000000   2.329565   0.081101   0.042152
  2023     1     2    12    51  0.000000   2.329567   0.081101   0.042177
  2023     1     2    12    51 30.000000   2.329566   0.081101   0.042202
  2023     1     2    12    52  0.000000   2.329565   0.081101   0.042226
  2023     1     2    12    52 30.000000   2.329561   0.081101   0.042251
  2023     1     2    12    53  0.000000   2.329567   0.081102   0.042276
  2023     1     2    12    53 30.000000   2.329563   0.081101   0.042301
  2023     1     2    12    54  0.000000   2.329565   0.081102   0.042326
  2023     1     2    12    54 30.000000   2.329565   0.081102   0.042350
  2023     1     2    12    55  0.000000   2.329568   0.081102   0.042373
  2023     1     2    12    55 30.000000   2.329569   0.081102   0.042396
  2023     1     2    12    56  0.000000   2.329567   0.081102   0.042418
  2023     1     2    12    56 30.000000   2.329570   0.081103   0.042441
  2023     1     2    12    57  0.000000   2.329569   0.081102   0.042463
  2023     1     2    12    57 30.000000   2.329568   0.081102   0.042485
  2023     1     2    12    58  0.000000   2.329571   0.081103   0.042507
  2023     1     2    12    58 30.000000   2.329571   0.081103   0.042530
  2023     1     2    12    59  0.000000   2.329569   0.081103   0.042553
  2023     1     2    12    59 30.000000   2.329568   0.081103   0.042575
  2023     1     2    13     0  0.000000   2.329569   0.081103   0.042597
  2023     1     2    13     0 30.000000   2.329565   0.081103   0.042618
  2023     1     2    13     1  0.000000   2.329567   0.081103   0.042640
  2023     1     2    13     1 30.000000   2.329569   0.081103   0.042661
  2023     1     2    13     2  0.000000   2.329569   0.081104   0.042684
  2023     1     2    13     2 30.000000   2.329565   0.081103   0.042707
  2023     1     2    13     3  0.000000   2.329568   0.081104   0.042728
  2023     1     2    13     3 30.000000   2.329569   0.081104   0.042750
  2023     1     2    13     4  0.000000   2.329569   0.081104   0.042771
  2023     1     2    13     4 30.000000   2.329568   0.081104   0.042791
  2023     1     2    13     5  0.000000   2.329571   0.081104   0.042811
  2023     1     2    13     5 30.000000   2.329568   0.081104   0.042830
  2023     1     2    13     6  0.000000   2.329566   0.081104   0.042847
  2023     1     2    13     6 30.000000   2.329567   0.081104   0.042864
  2023     1     2    13     7  0.000000   2.329572   0.081105   0.042881
  2023     1     2    13     7 30.000000   2.329567   0.081104   0.042898
  2023     1     2    13     8  0.000000   2.329564   0.081104   0.042914
  2023     1     2    13     8 30.000000   2.329564   0.081104   0.042931
  2023     1     2    13     9  0.000000   2.329565   0.081104   0.042946
  2023     1     2    13     9 30.000000   2.329567   0.081105   0.042961
  2023     1     2    13    10  0.000000   2.329566   0.081105   0.042976
  2023     1     2    13    10 30.000000   2.329566   0.081105   0.042990
  2023     1     2    13    11  0.000000   2.329567   0.081105   0.043003
  2023     1     2    13    11 30.000000   2.329566   0.081105   0.043015
  2023     1     2    13    12  0.000000   2.329567   0.081105   0.043027
  2023     1     2    13    12 30.000000   2.329566   0.081105   0.043038
  2023     1     2    13    13  0.000000   2.329566   0.081105   0.043049
  2023     1     2    13    13 30.000000   2.329561   0.081105   0.043058
  2023     1     2    13    14  0.000000   2.329565   0.081105   0.043066
  2023     1     2    13    14 30.000000   2.329566   0.081106   0.043074
  2023     1     2    13    15  0.000000   2.329564   0.081105   0.043081
  2023     1     2    13    15 30.000000   2.329562   0.081105   0.043087
  2023     1     2    13    16  0.000000   2.329567   0.081106   0.043092
  2023     1     2    13    16 30.000000   2.329566   0.081106   0.043097
  2023     1     2    13    17  0.000000   2.329570   0.081106   0.043103
  2023     1     2    13    17 30.000000   2.329568   0.081106   0.043108
  2023     1     2    13    18  0.000000   2.329566   0.081106   0.043112
  2023     1     2    13    18 30.000000   2.329568   0.081107   0.043116
  2023     1     2    13    19  0.000000   2.329570   0.081107   0.043119
  2023     1     2    13    19 30.000000   2.329577   0.081108   0.043122
  2023     1     2    13    20  0.000000   2.329571   0.081107   0.043129
  2023     1     2    13    20 30.000000   2.329569   0.081107   0.043137
  2023     1     2    13    21  0.000000   2.329570   0.081107   0.043145
  2023     1     2    13    21 30.000000   2.329568   0.081107   0.043152
  2023     1     2    13    22  0.000000   2.329568   0.081107   0.043160
  2023     1     2    13    22 30.000000   2.329565   0.081107   0.043167
  2023     1     2    13    23  0.000000   2.329564   0.081107   0.043175
  2023     1     2    13    23 30.000000   2.329567   0.081107   0.043182
  2023     1     2    13    24  0.000000   2.329567   0.081108   0.043189
  2023     1     2    13    24 30.000000   2.329574   0.081108   0.043195
  2023     1     2    13    25  0.000000   2.329567   0.081108   0.043202
  2023     1     2    13    25 30.000000   2.329570   0.081108   0.043209
  2023     1     2    13    26  0.000000   2.329565   0.081108   0.043216
  2023     1     2    13    26 30.000000   2.329564   0.081108   0.043222
  2023     1     2    13    27  0.000000   2.329569   0.081108   0.043228
  2023     1     2    13    27 30.000000   2.329568   0.081108   0.043235
  2023     1     2    13    28  0.000000   2.329564   0.081108   0.043241
  2023     1     2    13    28 30.000000   2.329565   0.081108   0.043247
  2023     1     2    13    29  0.000000   2.329564   0.081108   0.043253
  2023     1     2    13    29 30.000000   2.329565   0.081108   0.043259
  2023     1     2    13    30  0.000000   2.329561   0.081108   0.043265
  2023     1     2    13    30 30.000000   2.329567   0.081109   0.043271
  2023     1     2    13    31  0.000000   2.329568   0.081109   0.043276
  2023     1     2    13    31 30.000000   2.329570   0.081109   0.043281
  2023     1     2    13    32  0.000000   2.329565   0.081109   0.043286
  2023     1     2    13    32 30.000000   2.329567   0.081109   0.043292
  2023     1     2    13    33  0.000000   2.329565   0.081109   0.043297
  2023     1     2    13    33 30.000000   2.329565   0.081109   0.043302
  2023     1     2    13    34  0.000000   2.329570   0.081110   0.043306
  2023     1     2    13    34 30.000000   2.329562   0.081109   0.043311
  2023     1     2    13    35  0.000000   2.329567   0.081110   0.043316
  2023     1     2    13    35 30.000000   2.329565   0.081109   0.043321
  2023     1     2    13    36  0.000000   2.329564   0.081109   0.043325
  2023     1     2    13    36 30.000000   2.329565   0.081110   0.043329
  2023     1     2    13    37  0.000000   2.329566   0.081110   0.043333
  2023     1     2    13    37 30.000000   2.329561   0.081109   0.043336
  2023     1     2    13    38  0.000000   2.329561   0.081109   0.043340
  2023     1     2    13    38 30.000000   2.329562   0.081110   0.043343
  2023     1     2    13    39  0.000000   2.329564   0.081110   0.043345
  2023     1     2    13    39 30.000000   2.329564   0.081110   0.043347
  2023     1     2    13    40  0.000000   2.329564   0.081110   0.043349
  2023     1     2    13    40 30.000000   2.329560   0.081110   0.043351
  2023     1     2    13    41  0.000000   2.329562   0.081110   0.043354
  2023     1     2    13    41 30.000000   2.329564   0.081111   0.043356
  2023     1     2    13    42  0.000000   2.329563   0.081111   0.043358
  2023     1     2    13    42 30.000000   2.329561   0.081110   0.043360
  2023     1     2    13    43  0.000000   2.329564   0.081111   0.043362
  2023     1     2    13    43 30.000000   2.329563   0.081111   0.043365
  2023     1     2    13    44  0.000000   2.329559   0.081110   0.043367
  2023     1     2    13    44 30.000000   2.329565   0.081111   0.043369
  2023     1     2    13    45  0.000000   2.329567   0.081111   0.043372
  2023     1     2    13    45 30.000000   2.329567   0.081112   0.043376
  2023     1     2    13    46  0.000000   2.329566   0.081112   0.043379
  2023     1     2    13    46 30.000000   2.329559   0.081111   0.043382
  2023     1     2    13    47  0.000000   2.329561   0.081111   0.043385
  2023     1     2    13    47 30.000000   2.329559   0.081111   0.043388
  2023     1     2    13    48  0.000000   2.329564   0.081112   0.043391
  2023     1     2    13    48 30.000000   2.329567   0.081112   0.043394
  2023     1     2    13    49  0.000000   2.329563   0.081112   0.043397
  2023     1     2    13    49 30.000000   2.329561   0.081112   0.043400
  2023     1     2    13    50  0.000000   2.329561   0.081112   0.043403
  2023     1     2    13    50 30.000000   2.329558   0.081112   0.043405
  2023     1     2    13    51  0.000000   2.329562   0.081112   0.043408
  2023     1     2    13    51 30.000000   2.329564   0.081112   0.043410
  2023     1     2    13    52  0.000000   2.329565   0.081113   0.043412
  2023     1     2    13    52 30.000000   2.329562   0.081112   0.043414
  2023     1     2    13    53  0.000000   2.329567   0.081113   0.043417
  2023     1     2    13    53 30.000000   2.329561   0.081113   0.043419
  2023     1     2    13    54  0.000000   2.329561   0.081113   0.043422
  2023     1     2    13    54 30.000000   2.329558   0.081112   0.043425
  2023     1     2    13    55  0.000000   2.329560   0.081113   0.043426
  2023     1     2    13    55 30.000000   2.329562   0.081113   0.043428
  2023     1     2    13    56  0.000000   2.329562   0.081113   0.043429
  2023     1     2    13    56 30.000000   2.329562   0.081113   0.043428
  2023     1     2    13    57  0.000000   2.329559   0.081113   0.043428
  2023     1     2    13    57 30.000000   2.329563   0.081113   0.043426
  2023     1     2    13    58  0.000000   2.329562   0.081113   0.043424
  2023     1     2    13    58 30.000000   2.329560   0.081113   0.043422
  2023     1     2    13    59  0.000000   2.329560   0.081113   0.043420
  2023     1     2    13    59 30.000000   2.329562   0.081114   0.043417
  2023     1     2    14     0  0.000000   2.329555   0.081113   0.043415
  2023     1     2    14     0 30.000000   2.329557   0.081113   0.043412
  2023     1     2    14     1  0.000000   2.329559   0.081114   0.043409
  2023     1     2    14     1 30.000000   2.329565   0.081114   0.043405
  2023     1     2    14     2  0.000000   2.329563   0.081114   0.043401
  2023     1     2    14     2 30.000000   2.329564   0.081115   0.043399
  2023     1     2    14     3  0.000000   2.329561   0.081114   0.043397
  2023     1     2    14     3 30.000000   2.329559   0.081114   0.043395
  2023     1     2    14     4  0.000000   2.329556   0.081114   0.043393
  2023     1     2    14     4 30.000000   2.329555   0.081114   0.043391
  2023     1     2    14     5  0.000000   2.329551   0.081114   0.043387
  2023     1     2    14     5 30.000000   2.329549   0.081114   0.043383
  2023     1     2    14     6  0.000000   2.329563   0.081115   0.043378
  2023     1     2    14     6 30.000000   2.329564   0.081115   0.043372
  2023     1     2    14     7  0.000000   2.329561   0.081115   0.043367
  2023     1     2    14     7 30.000000   2.329557   0.081115   0.043362
  2023     1     2    14     8  0.000000   2.329559   0.081115   0.043357
  2023     1     2    14     8 30.000000   2.329560   0.081115   0.043352
  2023     1     2    14     9  0.000000   2.329558   0.081115   0.043346
  2023     1     2    14     9 30.000000   2.329554   0.081115   0.043339
  2023     1     2    14    10  0.000000   2.329552   0.081115   0.043332
  2023     1     2    14    10 30.000000   2.329554   0.081115   0.043325
  2023     1     2    14    11  0.000000   2.329563   0.081116   0.043316
  2023     1     2    14    11 30.000000   2.329549   0.081115   0.043307
  2023     1     2    14    12  0.000000   2.329555   0.081115   0.043297
  2023     1     2    14    12 30.000000   2.329559   0.081116   0.043286
  2023     1     2    14    13  0.000000   2.329561   0.081116   0.043275
  2023     1     2    14    13 30.000000   2.329555   0.081116   0.043262
  2023     1     2    14    14  0.000000   2.329559   0.081116   0.043250
  2023     1     2    14    14 30.000000   2.329559   0.081116   0.043237
  2023     1     2    14    15  0.000000   2.329559   0.081116   0.043224
  2023     1     2    14    15 30.000000   2.329558   0.081116   0.043211
  2023     1     2    14    16  0.000000   2.329561   0.081117   0.043198
  2023     1     2    14    16 30.000000   2.329561   0.081117   0.043183
  2023     1     2    14    17  0.000000   2.329556   0.081116   0.043169
  2023     1     2    14    17 30.000000   2.329556   0.081117   0.043153
  2023     1     2    14    18  0.000000   2.329556   0.081117   0.043139
  2023     1     2    14    18 30.000000   2.329555   0.081117   0.043124
  2023     1     2    14    19  0.000000   2.329558   0.081117   0.043109
  2023     1     2    14    19 30.000000   2.329559   0.081117   0.043094
  2023     1     2    14    20  0.000000   2.329561   0.081118   0.043079
  2023     1     2    14    20 30.000000   2.329562   0.081118   0.043064
  2023     1     2    14    21  0.000000   2.329556   0.081117   0.043050
  2023     1     2    14    21 30.000000   2.329561   0.081118   0.043035
  2023     1     2    14    22  0.000000   2.329558   0.081118   0.043021
  2023     1     2    14    22 30.000000   2.329566   0.081119   0.043007
  2023     1     2    14    23  0.000000   2.329565   0.081119   0.042993
  2023     1     2    14    23 30.000000   2.329570   0.081119   0.042978
  2023     1     2    14    24  0.000000   2.329559   0.081118   0.042963
  2023     1     2    14    24 30.000000   2.329560   0.081118   0.042948
  2023     1     2    14    25  0.000000   2.329557   0.081118   0.042934
  2023     1     2    14    25 30.000000   2.329559   0.081118   0.042919
  2023     1     2    14    26  0.000000   2.329565   0.081119   0.042904
  2023     1     2    14    26 30.000000   2.329561   0.081119   0.042889
  2023     1     2    14    27  0.000000   2.329556   0.081118   0.042874
  2023     1     2    14    27 30.000000   2.329558   0.081119   0.042859
  2023     1     2    14    28  0.000000   2.329560   0.081119   0.042845
  2023     1     2    14    28 30.000000   2.329557   0.081119   0.042830
  2023     1     2    14    29  0.000000   2.329568   0.081120   0.042816
  2023     1     2    14    29 30.000000   2.329568   0.081120   0.042801
  2023     1     2    14    30  0.000000   2.329565   0.081120   0.042787
  2023     1     2    14    30 30.000000   2.329562   0.081120   0.042773
  2023     1     2    14    31  0.000000   2.329556   0.081119   0.042760
  2023     1     2    14    31 30.000000   2.329564   0.081120   0.042746
  2023     1     2    14    32  0.000000   2.329563   0.081120   0.042733
  2023     1     2    14    32 30.000000   2.329566   0.081121   0.042720
  2023     1     2    14    33  0.000000   2.329563   0.081120   0.042706
  2023     1     2    14    33 30.000000   2.329563   0.081120   0.042693
  2023     1     2    14    34  0.000000   2.329557   0.081120   0.042680
  2023     1     2    14    34 30.000000   2.329561   0.081120   0.042667
  2023     1     2    14    35  0.000000   2.329557   0.081120   0.042654
  2023     1     2    14    35 30.000000   2.329566   0.081121   0.042641
  2023     1     2    14    36  0.000000   2.329560   0.081121   0.042627
  2023     1     2    14    36 30.000000   2.329557   0.081120   0.042614
  2023     1     2    14    37  0.000000   2.329559   0.081121   0.042601
  2023     1     2    14    37 30.000000   2.329555   0.081120   0.042589
  2023     1     2    14    38  0.000000   2.329556   0.081120   0.042575
  2023     1     2    14    38 30.000000   2.329560   0.081121   0.042562
  2023     1     2    14    39  0.000000   2.329559   0.081121   0.042549
  2023     1     2    14    39 30.000000   2.329562   0.081121   0.042536
  2023     1     2    14    40  0.000000   2.329566   0.081122   0.042523
  2023     1     2    14    40 30.000000   2.329555   0.081121   0.042510
  2023     1     2    14    41  0.000000   2.329562   0.081122   0.042497
  2023     1     2    14    41 30.000000   2.329566   0.081122   0.042484
  2023     1     2    14    42  0.000000   2.329572   0.081123   0.042471
  2023     1     2    14    42 30.000000   2.329576   0.081124   0.042458
  2023     1     2    14    43  0.000000   2.329565   0.081122   0.042446
  2023     1     2    14    43 30.000000   2.329563   0.081122   0.042433
  2023     1     2    14    44  0.000000   2.329561   0.081122   0.042421
  2023     1     2    14    44 30.000000   2.329567   0.081123   0.042408
  2023     1     2    14    45  0.000000   2.329559   0.081122   0.042395
  2023     1     2    14    45 30.000000   2.329559   0.081122   0.042382
  2023     1     2    14    46  0.000000   2.329558   0.081122   0.042370
  2023     1     2    14    46 30.000000   2.329558   0.081122   0.042357
  2023     1     2    14    47  0.000000   2.329563   0.081123   0.042345
  2023     1     2    14    47 30.000000   2.329556   0.081122   0.042333
  2023     1     2    14    48  0.000000   2.329569   0.081124   0.042320
  2023     1     2    14    48 30.000000   2.329563   0.081123   0.042308
  2023     1     2    14    49  0.000000   2.329559   0.081123   0.042295
  2023     1     2    14    49 30.000000   2.329563   0.081123   0.042282
  2023     1     2    14    50  0.000000   2.329557   0.081123   0.042270
  2023     1     2    14    50 30.000000   2.329556   0.081123   0.042257
  2023     1     2    14    51  0.000000   2.329562   0.081124   0.042244
  2023     1     2    14    51 30.000000   2.329567   0.081124   0.042232
  2023     1     2    14    52  0.000000   2.329560   0.081124   0.042220
  2023     1     2    14    52 30.000000   2.329563   0.081124   0.042207
  2023     1     2    14    53  0.000000   2.329563   0.081124   0.042195
  2023     1     2    14    53 30.000000   2.329560   0.081124   0.042182
  2023     1     2    14    54  0.000000   2.329554   0.081123   0.042170
  2023     1     2    14    54 30.000000   2.329554   0.081123   0.042158
  2023     1     2    14    55  0.000000   2.329557   0.081124   0.042145
  2023     1     2    14    55 30.000000   2.329564   0.081125   0.042133
  2023     1     2    14    56  0.000000   2.329562   0.081125   0.042120
  2023     1     2    14    56 30.000000   2.329560   0.081124   0.042108
  2023     1     2    14    57  0.000000   2.329562   0.081125   0.042096
  2023     1     2    14    57 30.000000   2.329553   0.081124   0.042083
  2023     1     2    14    58  0.000000   2.329562   0.081125   0.042071
  2023     1     2    14    58 30.000000   2.329565   0.081125   0.042058
  2023     1     2    14    59  0.000000   2.329559   0.081125   0.042045
  2023     1     2    14    59 30.000000   2.329560   0.081125   0.042033
  2023     1     2    15     0  0.000000   2.329560   0.081125   0.042020
  2023     1     2    15     0 30.000000   2.329561   0.081125   0.042007
  2023     1     2    15     1  0.000000   2.329559   0.081125   0.041995
  2023     1     2    15     1 30.000000   2.329555   0.081125   0.041982
  2023     1     2    15     2  0.000000   2.329553   0.081125   0.041969
  2023     1     2    15     2 30.000000   2.329556   0.081125   0.041957
  2023     1     2    15     3  0.000000   2.329552   0.081125   0.041945
  2023     1     2    15     3 30.000000   2.329557   0.081125   0.041933
  2023     1     2    15     4  0.000000   2.329556   0.081125   0.041921
  2023     1     2    15     4 30.000000   2.329557   0.081126   0.041907
  2023     1     2    15     5  0.000000   2.329560   0.081126   0.041895
  2023     1     2    15     5 30.000000   2.329556   0.081126   0.041883
  2023     1     2    15     6  0.000000   2.329556   0.081126   0.041872
  2023     1     2    15     6 30.000000   2.329559   0.081126   0.041862
  2023     1     2    15     7  0.000000   2.329558   0.081126   0.041851
  2023     1     2    15     7 30.000000   2.329553   0.081126   0.041840
  2023     1     2    15     8  0.000000   2.329557   0.081126   0.041828
  2023     1     2    15     8 30.000000   2.329561   0.081127   0.041817
  2023     1     2    15     9  0.000000   2.329555   0.081126   0.041806
  2023     1     2    15     9 30.000000   2.329555   0.081126   0.041796
  2023     1     2    15    10  0.000000   2.329561   0.081127   0.041786
  2023     1     2    15    10 30.000000   2.329558   0.081127   0.041776
  2023     1     2    15    11  0.000000   2.329560   0.081127   0.041766
  2023     1     2    15    11 30.000000   2.329559   0.081127   0.041755
  2023     1     2    15    12  0.000000   2.329557   0.081127   0.041744
  2023     1     2    15    12 30.000000   2.329559   0.081127   0.041734
  2023     1     2    15    13  0.000000   2.329561   0.081128   0.041723
  2023     1     2    15    13 30.000000   2.329559   0.081128   0.041713
  2023     1     2    15    14  0.000000   2.329555   0.081127   0.041703
  2023     1     2    15    14 30.000000   2.329554   0.081127   0.041693
  2023     1     2    15    15  0.000000   2.329559   0.081128   0.041685
  2023     1     2    15    15 30.000000   2.329560   0.081128   0.041676
  2023     1     2    15    16  0.000000   2.329550   0.081127   0.041667
  2023     1     2    15    16 30.000000   2.329553   0.081128   0.041658
  2023     1     2    15    17  0.000000   2.329554   0.081128   0.041649
  2023     1     2    15    17 30.000000   2.329560   0.081128   0.041640
  2023     1     2    15    18  0.000000   2.329558   0.081128   0.041631
  2023     1     2    15    18 30.000000   2.329557   0.081128   0.041623
  2023     1     2    15    19  0.000000   2.329561   0.081129   0.041615
  2023     1     2    15    19 30.000000   2.329552   0.081128   0.041605
  2023     1     2    15    20  0.000000   2.329553   0.081128   0.041596
  2023     1     2    15    20 30.000000   2.329555   0.081129   0.041587
  2023     1     2    15    21  0.000000   2.329560   0.081129   0.041579
  2023     1     2    15    21 30.000000   2.329564   0.081130   0.041570
  2023     1     2    15    22  0.000000   2.329559   0.081129   0.041562
  2023     1     2    15    22 30.000000   2.329560   0.081130   0.041555
  2023     1     2    15    23  0.000000   2.329563   0.081130   0.041549
  2023     1     2    15    23 30.000000   2.329554   0.081129   0.041542
  2023     1     2    15    24  0.000000   2.329557   0.081129   0.041536
  2023     1     2    15    24 30.000000   2.329557   0.081130   0.041529
  2023     1     2    15    25  0.000000   2.329552   0.081129   0.041523
  2023     1     2    15    25 30.000000   2.329561   0.081130   0.041516
  2023     1     2    15    26  0.000000   2.329554   0.081130   0.041508
  2023     1     2    15    26 30.000000   2.329557   0.081130   0.041500
  2023     1     2    15    27  0.000000   2.329557   0.081130   0.041491
  2023     1     2    15    27 30.000000   2.329559   0.081130   0.041482
  2023     1     2    15    28  0.000000   2.329553   0.081130   0.041473
  2023     1     2    15    28 30.000000   2.329559   0.081131   0.041465
  2023     1     2    15    29  0.000000   2.329560   0.081131   0.041456
  2023     1     2    15    29 30.000000   2.329562   0.081131   0.041447
  2023     1     2    15    30  0.000000   2.329553   0.081130   0.041438
  2023     1     2    15    30 30.000000   2.329558   0.081131   0.041429
  2023     1     2    15    31  0.000000   2.329555   0.081131   0.041419
  2023     1     2    15    31 30.000000   2.329569   0.081132   0.041409
  2023     1     2    15    32  0.000000   2.329567   0.081132   0.041400
  2023     1     2    15    32 30.000000   2.329561   0.081132   0.041391
  2023     1     2    15    33  0.000000   2.329554   0.081131   0.041381
  2023     1     2    15    33 30.000000   2.329560   0.081132   0.041372
  2023     1     2    15    34  0.000000   2.329554   0.081131   0.041363
  2023     1     2    15    34 30.000000   2.329554   0.081131   0.041353
  2023     1     2    15    35  0.000000   2.329569   0.081133   0.041344
  2023     1     2    15    35 30.000000   2.329553   0.081131   0.041335
  2023     1     2    15    36  0.000000   2.329564   0.081133   0.041325
  2023     1     2    15    36 30.000000   2.329562   0.081132   0.041315
  2023     1     2    15    37  0.000000   2.329561   0.081132   0.041305
  2023     1     2    15    37 30.000000   2.329558   0.081132   0.041294
  2023     1     2    15    38  0.000000   2.329552   0.081132   0.041283
  2023     1     2    15    38 30.000000   2.329556   0.081132   0.041272
  2023     1     2    15    39  0.000000   2.329554   0.081132   0.041261
  2023     1     2    15    39 30.000000   2.329553   0.081132   0.041250
  2023     1     2    15    40  0.000000   2.329549   0.081132   0.041239
  2023     1     2    15    40 30.000000   2.329559   0.081133   0.041227
  2023     1     2    15    41  0.000000   2.329557   0.081133   0.041216
  2023     1     2    15    41 30.000000   2.329556   0.081133   0.041203
  2023     1     2    15    42  0.000000   2.329560   0.081133   0.041190
  2023     1     2    15    42 30.000000   2.329558   0.081133   0.041177
  2023     1     2    15    43  0.000000   2.329552   0.081133   0.041164
  2023     1     2    15    43 30.000000   2.329558   0.081133   0.041150
  2023     1     2    15    44  0.000000   2.329554   0.081133   0.041137
  2023     1     2    15    44 30.000000   2.329557   0.081133   0.041123
  2023     1     2    15    45  0.000000   2.329563   0.081134   0.041109
  2023     1     2    15    45 30.000000   2.329560   0.081134   0.041095
  2023     1     2    15    46  0.000000   2.329559   0.081134   0.041082
  2023     1     2    15    46 30.000000   2.329556   0.081134   0.041068
  2023     1     2    15    47  0.000000   2.329565   0.081135   0.041054
  2023     1     2    15    47 30.000000   2.329554   0.081134   0.041042
  2023     1     2    15    48  0.000000   2.329557   0.081134   0.041029
  2023     1     2    15    48 30.000000   2.329551   0.081134   0.041016
  2023     1     2    15    49  0.000000   2.329551   0.081134   0.041003
  2023     1     2    15    49 30.000000   2.329548   0.081133   0.040990
  2023     1     2    15    50  0.000000   2.329555   0.081134   0.040977
  2023     1     2    15    50 30.000000   2.329557   0.081135   0.040965
  2023     1     2    15    51  0.000000   2.329558   0.081135   0.040953
  2023     1     2    15    51 30.000000   2.329557   0.081135   0.040941
  2023     1     2    15    52  0.000000   2.329557   0.081135   0.040927
  2023     1     2    15    52 30.000000   2.329554   0.081135   0.040914
  2023     1     2    15    53  0.000000   2.329553   0.081135   0.040901
  2023     1     2    15    53 30.000000   2.329555   0.081135   0.040889
  2023     1     2    15    54  0.000000   2.329565   0.081136   0.040877
  2023     1     2    15    54 30.000000   2.329563   0.081136   0.040866
  2023     1     2    15    55  0.000000   2.329556   0.081135   0.040854
  2023     1     2    15    55 30.000000   2.329557   0.081136   0.040842
  2023     1     2    15    56  0.000000   2.329558   0.081136   0.040829
  2023     1     2    15    56 30.000000   2.329558   0.081136   0.040816
  2023     1     2    15    57  0.000000   2.329551   0.081135   0.040802
  2023     1     2    15    57 30.000000   2.329554   0.081136   0.040787
  2023     1     2    15    58  0.000000   2.329557   0.081136   0.040771
  2023     1     2    15    58 30.000000   2.329558   0.081136   0.040755
  2023     1     2    15    59  0.000000   2.329557   0.081136   0.040740
  2023     1     2    15    59 30.000000   2.329551   0.081136   0.040725
  2023     1     2    16     0  0.000000   2.329558   0.081136   0.040710
  2023     1     2    16     0 30.000000   2.329557   0.081136   0.040694
  2023     1     2    16     1  0.000000   2.329555   0.081136   0.040678
  2023     1     2    16     1 30.000000   2.329555   0.081136   0.040660
  2023     1     2    16     2  0.000000   2.329559   0.081137   0.040644
  2023     1     2    16     2 30.000000   2.329560   0.081137   0.040628
  2023     1     2    16     3  0.000000   2.329558   0.081137   0.040613
  2023     1     2    16     3 30.000000   2.329557   0.081137   0.040599
  2023     1     2    16     4  0.000000   2.329552   0.081137   0.040584
  2023     1     2    16     4 30.000000   2.329558   0.081137   0.040570
  2023     1     2    16     5  0.000000   2.329547   0.081136   0.040555
  2023     1     2    16     5 30.000000   2.329551   0.081137   0.040539
  2023     1     2    16     6  0.000000   2.329550   0.081137   0.040524
  2023     1     2    16     6 30.000000   2.329556   0.081138   0.040507
  2023     1     2    16     7  0.000000   2.329557   0.081138   0.040490
  2023     1     2    16     7 30.000000   2.329557   0.081138   0.040474
  2023     1     2    16     8  0.000000   2.329551   0.081137   0.040458
  2023     1     2    16     8 30.000000   2.329553   0.081138   0.040442
  2023     1     2    16     9  0.000000   2.329554   0.081138   0.040427
  2023     1     2    16     9 30.000000   2.329553   0.081138   0.040412
  2023     1     2    16    10  0.000000   2.329553   0.081138   0.040396
  2023     1     2    16    10 30.000000   2.329551   0.081138   0.040381
  2023     1     2    16    11  0.000000   2.329554   0.081138   0.040366
  2023     1     2    16    11 30.000000   2.329554   0.081138   0.040351
  2023     1     2    16    12  0.000000   2.329547   0.081138   0.040337
  2023     1     2    16    12 30.000000   2.329548   0.081138   0.040322
  2023     1     2    16    13  0.000000   2.329554   0.081139   0.040308
  2023     1     2    16    13 30.000000   2.329553   0.081139   0.040294
  2023     1     2    16    14  0.000000   2.329551   0.081138   0.040279
  2023     1     2    16    14 30.000000   2.329552   0.081139   0.040265
  2023     1     2    16    15  0.000000   2.329555   0.081139   0.040251
  2023     1     2    16    15 30.000000   2.329549   0.081139   0.040237
  2023     1     2    16    16  0.000000   2.329551   0.081139   0.040223
  2023     1     2    16    16 30.000000   2.329556   0.081140   0.040209
  2023     1     2    16    17  0.000000   2.329548   0.081139   0.040194
  2023     1     2    16    17 30.000000   2.329554   0.081139   0.040180
  2023     1     2    16    18  0.000000   2.329556   0.081140   0.040165
  2023     1     2    16    18 30.000000   2.329556   0.081140   0.040152
  2023     1     2    16    19  0.000000   2.329557   0.081140   0.040139
  2023     1     2    16    19 30.000000   2.329554   0.081140   0.040127
  2023     1     2    16    20  0.000000   2.329550   0.081140   0.040115
  2023     1     2    16    20 30.000000   2.329542   0.081139   0.040103
  2023     1     2    16    21  0.000000   2.329552   0.081140   0.040091
  2023     1     2    16    21 30.000000   2.329551   0.081140   0.040080
  2023     1     2    16    22  0.000000   2.329555   0.081140   0.040069
  2023     1     2    16    22 30.000000   2.329553   0.081140   0.040058
  2023     1     2    16    23  0.000000   2.329555   0.081141   0.040047
  2023     1     2    16    23 30.000000   2.329552   0.081140   0.040035
  2023     1     2    16    24  0.000000   2.329549   0.081140   0.040023
  2023     1     2    16    24 30.000000   2.329549   0.081140   0.040012
  2023     1     2    16    25  0.000000   2.329544   0.081140   0.040000
  2023     1     2    16    25 30.000000   2.329552   0.081141   0.039989
  2023     1     2    16    26  0.000000   2.329552   0.081141   0.039977
  2023     1     2    16    26 30.000000   2.329557   0.081142   0.039966
  2023     1     2    16    27  0.000000   2.329550   0.081141   0.039954
  2023     1     2    16    27 30.000000   2.329549   0.081141   0.039943
  2023     1     2    16    28  0.000000   2.329555   0.081142   0.039933
  2023     1     2    16    28 30.000000   2.329555   0.081142   0.039923
  2023     1     2    16    29  0.000000   2.329555   0.081142   0.039912
  2023     1     2    16    29 30.000000   2.329551   0.081142   0.039901
  2023     1     2    16    30  0.000000   2.329556   0.081142   0.039889
  2023     1     2    16    30 30.000000   2.329557   0.081142   0.039877
  2023     1     2    16    31  0.000000   2.329555   0.081142   0.039866
  2023     1     2    16    31 30.000000   2.329559   0.081143   0.039855
  2023     1     2    16    32  0.000000   2.329560   0.081143   0.039843
  2023     1     2    16    32 30.000000   2.329555   0.081143   0.039831
  2023     1     2    16    33  0.000000   2.329558   0.081143   0.039819
  2023     1     2    16    33 30.000000   2.329558   0.081143   0.039809
  2023     1     2    16    34  0.000000   2.329561   0.081143   0.039798
  2023     1     2    16    34 30.000000   2.329559   0.081143   0.039787
  2023     1     2    16    35  0.000000   2.329562   0.081144   0.039777
  2023     1     2    16    35 30.000000   2.329555   0.081143   0.039766
  2023     1     2    16    36  0.000000   2.329553   0.081143   0.039755
  2023     1     2    16    36 30.000000   2.329556   0.081143   0.039744
  2023     1     2    16    37  0.000000   2.329562   0.081144   0.039733
  2023     1     2    16    37 30.000000   2.329553   0.081143   0.039722
  2023     1     2    16    38  0.000000   2.329552   0.081143   0.039712
  2023     1     2    16    38 30.000000   2.329552   0.081143   0.039702
  2023     1     2    16    39  0.000000   2.329555   0.081144   0.039691
  2023     1     2    16    39 30.000000   2.329553   0.081144   0.039681
  2023     1     2    16    40  0.000000   2.329554   0.081144   0.039670
  2023     1     2    16    40 30.000000   2.329554   0.081144   0.039660
  2023     1     2    16    41  0.000000   2.329556   0.081144   0.039649
  2023     1     2    16    41 30.000000   2.329553   0.081144   0.039640
  2023     1     2    16    42  0.000000   2.329554   0.081144   0.039630
  2023     1     2    16    42 30.000000   2.329556   0.081145   0.039622
  2023     1     2    16    43  0.000000   2.329553   0.081144   0.039613
  2023     1     2    16    43 30.000000   2.329555   0.081145   0.039605
  2023     1     2    16    44  0.000000   2.329552   0.081144   0.039596
  2023     1     2    16    44 30.000000   2.329552   0.081145   0.039586
  2023     1     2    16    45  0.000000   2.329551   0.081144   0.039576
  2023     1     2    16    45 30.000000   2.329556   0.081145   0.039566
  2023     1     2    16    46  0.000000   2.329555   0.081145   0.039556
  2023     1     2    16    46 30.000000   2.329554   0.081145   0.039545
  2023     1     2    16    47  0.000000   2.329553   0.081145   0.039534
  2023     1     2    16    47 30.000000   2.329553   0.081145   0.039524
  2023     1     2    16    48  0.000000   2.329557   0.081146   0.039513
  2023     1     2    16    48 30.000000   2.329554   0.081145   0.039503
  2023     1     2    16    49  0.000000   2.329552   0.081145   0.039493
  2023     1     2    16    49 30.000000   2.329552   0.081146   0.039483
  2023     1     2    16    50  0.000000   2.329552   0.081146   0.039474
  2023     1     2    16    50 30.000000   2.329554   0.081146   0.039466
  2023     1     2    16    51  0.000000   2.329554   0.081146   0.039458
  2023     1     2    16    51 30.000000   2.329553   0.081146   0.039449
  2023     1     2    16    52  0.000000   2.329550   0.081146   0.039440
  2023     1     2    16    52 30.000000   2.329558   0.081147   0.039431
  2023     1     2    16    53  0.000000   2.329550   0.081146   0.039423
  2023     1     2    16    53 30.000000   2.329554   0.081146   0.039414
  2023     1     2    16    54  0.000000   2.329551   0.081146   0.039406
  2023     1     2    16    54 30.000000   2.329555   0.081147   0.039397
  2023     1     2    16    55  0.000000   2.329552   0.081147   0.039389
  2023     1     2    16    55 30.000000   2.329557   0.081147   0.039380
  2023     1     2    16    56  0.000000   2.329556   0.081147   0.039371
  2023     1     2    16    56 30.000000   2.329552   0.081147   0.039362
  2023     1     2    16    57  0.000000   2.329551   0.081147   0.039354
  2023     1     2    16    57 30.000000   2.329557   0.081148   0.039345
  2023     1     2    16    58  0.000000   2.329555   0.081147   0.039336
  2023     1     2    16    58 30.000000   2.329553   0.081147   0.039327
  2023     1     2    16    59  0.000000   2.329556   0.081148   0.039318
  2023     1     2    16    59 30.000000   2.329560   0.081148   0.039309
  2023     1     2    17     0  0.000000   2.329549   0.081147   0.039301
  2023     1     2    17     0 30.000000   2.329556   0.081148   0.039292
  2023     1     2    17     1  0.000000   2.329549   0.081147   0.039283
  2023     1     2    17     1 30.000000   2.329550   0.081148   0.039274
  2023     1     2    17     2  0.000000   2.329554   0.081148   0.039265
  2023     1     2    17     2 30.000000   2.329544   0.081147   0.039256
  2023     1     2    17     3  0.000000   2.329549   0.081148   0.039247
  2023     1     2    17     3 30.000000   2.329551   0.081148   0.039238
  2023     1     2    17     4  0.000000   2.329551   0.081148   0.039229
  2023     1     2    17     4 30.000000   2.329550   0.081148   0.039219
  2023     1     2    17     5  0.000000   2.329550   0.081148   0.039210
  2023     1     2    17     5 30.000000   2.329550   0.081148   0.039201
  2023     1     2    17     6  0.000000   2.329553   0.081149   0.039192
  2023     1     2    17     6 30.000000   2.329552   0.081149   0.039183
  2023     1     2    17     7  0.000000   2.329552   0.081149   0.039174
  2023     1     2    17     7 30.000000   2.329553   0.081149   0.039164
  2023     1     2    17     8  0.000000   2.329555   0.081149   0.039155
  2023     1     2    17     8 30.000000   2.329555   0.081149   0.039145
  2023     1     2    17     9  0.000000   2.329555   0.081150   0.039136
  2023     1     2    17     9 30.000000   2.329548   0.081149   0.039127
  2023     1     2    17    10  0.000000   2.329551   0.081149   0.039117
  2023     1     2    17    10 30.000000   2.329555   0.081150   0.039107
  2023     1     2    17    11  0.000000   2.329549   0.081149   0.039097
  2023     1     2    17    11 30.000000   2.329546   0.081149   0.039087
  2023     1     2    17    12  0.000000   2.329550   0.081150   0.039077
  2023     1     2    17    12 30.000000   2.329551   0.081150   0.039066
  2023     1     2    17    13  0.000000   2.329553   0.081150   0.039057
  2023     1     2    17    13 30.000000   2.329551   0.081150   0.039048
  2023     1     2    17    14  0.000000   2.329551   0.081150   0.039039
  2023     1     2    17    14 30.000000   2.329556   0.081151   0.039030
  2023     1     2    17    15  0.000000   2.329558   0.081151   0.039022
  2023     1     2    17    15 30.000000   2.329556   0.081151   0.039012
  2023     1     2    17    16  0.000000   2.329553   0.081151   0.039001
  2023     1     2    17    16 30.000000   2.329553   0.081151   0.038990
  2023     1     2    17    17  0.000000   2.329551   0.081151   0.038980
  2023     1     2    17    17 30.000000   2.329553   0.081151   0.038970
  2023     1     2    17    18  0.000000   2.329551   0.081151   0.038959
  2023     1     2    17    18 30.000000   2.329551   0.081151   0.038948
  2023     1     2    17    19  0.000000   2.329551   0.081151   0.038936
  2023     1     2    17    19 30.000000   2.329548   0.081151   0.038924
  2023     1     2    17    20  0.000000   2.329554   0.081152   0.038911
  2023     1     2    17    20 30.000000   2.329553   0.081152   0.038899
  2023     1     2    17    21  0.000000   2.329547   0.081151   0.038887
  2023     1     2    17    21 30.000000   2.329546   0.081151   0.038874
  2023     1     2    17    22  0.000000   2.329555   0.081152   0.038862
  2023     1     2    17    22 30.000000   2.329550   0.081152   0.038851
  2023     1     2    17    23  0.000000   2.329558   0.081153   0.038840
  2023     1     2    17    23 30.000000   2.329551   0.081152   0.038829
  2023     1     2    17    24  0.000000   2.329546   0.081152   0.038817
  2023     1     2    17    24 30.000000   2.329546   0.081152   0.038804
  2023     1     2    17    25  0.000000   2.329547   0.081152   0.038792
  2023     1     2    17    25 30.000000   2.329548   0.081152   0.038779
  2023     1     2    17    26  0.000000   2.329550   0.081152   0.038765
  2023     1     2    17    26 30.000000   2.329551   0.081153   0.038751
  2023     1     2    17    27  0.000000   2.329549   0.081152   0.038736
  2023     1     2    17    27 30.000000   2.329552   0.081153   0.038721
  2023     1     2    17    28  0.000000   2.329549   0.081153   0.038706
  2023     1     2    17    28 30.000000   2.329547   0.081153   0.038689
  2023     1     2    17    29  0.000000   2.329551   0.081153   0.038670
  2023     1     2    17    29 30.000000   2.329551   0.081153   0.038651
  2023     1     2    17    30  0.000000   2.329551   0.081153   0.038632
  2023     1     2    17    30 30.000000   2.329553   0.081154   0.038612
  2023     1     2    17    31  0.000000   2.329551   0.081153   0.038593
  2023     1     2    17    31 30.000000   2.329551   0.081154   0.038572
  2023     1     2    17    32  0.000000   2.329548   0.081153   0.038552
  2023     1     2    17    32 30.000000   2.329554   0.081154   0.038533
  2023     1     2    17    33  0.000000   2.329554   0.081154   0.038513
  2023     1     2    17    33 30.000000   2.329555   0.081154   0.038491
  2023     1     2    17    34  0.000000   2.329554   0.081154   0.038469
  2023     1     2    17    34 30.000000   2.329552   0.081154   0.038446
  2023     1     2    17    35  0.000000   2.329547   0.081154   0.038421
  2023     1     2    17    35 30.000000   2.329548   0.081154   0.038395
  2023     1     2    17    36  0.000000   2.329551   0.081154   0.038369
  2023     1     2    17    36 30.000000   2.329555   0.081155   0.038343
  2023     1     2    17    37  0.000000   2.329556   0.081155   0.038316
  2023     1     2    17    37 30.000000   2.329555   0.081155   0.038290
  2023     1     2    17    38  0.000000   2.329553   0.081155   0.038263
  2023     1     2    17    38 30.000000   2.329551   0.081155   0.038236
  2023     1     2    17    39  0.000000   2.329553   0.081155   0.038209
  2023     1     2    17    39 30.000000   2.329554   0.081155   0.038181
  2023     1     2    17    40  0.000000   2.329554   0.081155   0.038154
  2023     1     2    17    40 30.000000   2.329552   0.081155   0.038126
  2023     1     2    17    41  0.000000   2.329550   0.081155   0.038097
  2023     1     2    17    41 30.000000   2.329547   0.081155   0.038068
  2023     1     2    17    42  0.000000   2.329545   0.081155   0.038037
  2023     1     2    17    42 30.000000   2.329549   0.081155   0.038005
  2023     1     2    17    43  0.000000   2.329553   0.081156   0.037972
  2023     1     2    17    43 30.000000   2.329553   0.081156   0.037939
  2023     1     2    17    44  0.000000   2.329552   0.081156   0.037906
  2023     1     2    17    44 30.000000   2.329548   0.081156   0.037872
  2023     1     2    17    45  0.000000   2.329547   0.081156   0.037839
  2023     1     2    17    45 30.000000   2.329552   0.081156   0.037805
  2023     1     2    17    46  0.000000   2.329554   0.081157   0.037771
  2023     1     2    17    46 30.000000   2.329557   0.081157   0.037738
  2023     1     2    17    47  0.000000   2.329550   0.081156   0.037705
  2023     1     2    17    47 30.000000   2.329549   0.081156   0.037670
  2023     1     2    17    48  0.000000   2.329552   0.081157   0.037635
  2023     1     2    17    48 30.000000   2.329549   0.081157   0.037598
  2023     1     2    17    49  0.000000   2.329546   0.081156   0.037562
  2023     1     2    17    49 30.000000   2.329554   0.081157   0.037525
  2023     1     2    17    50  0.000000   2.329548   0.081157   0.037487
  2023     1     2    17    50 30.000000   2.329549   0.081157   0.037448
  2023     1     2    17    51  0.000000   2.329544   0.081157   0.037408
  2023     1     2    17    51 30.000000   2.329550   0.081157   0.037368
  2023     1     2    17    52  0.000000   2.329549   0.081157   0.037327
  2023     1     2    17    52 30.000000   2.329546   0.081157   0.037287
  2023     1     2    17    53  0.000000   2.329549   0.081158   0.037246
  2023     1     2    17    53 30.000000   2.329554   0.081158   0.037204
  2023     1     2    17    54  0.000000   2.329549   0.081158   0.037162
  2023     1     2    17    54 30.000000   2.329549   0.081158   0.037119
  2023     1     2    17    55  0.000000   2.329552   0.081158   0.037076
  2023     1     2    17    55 30.000000   2.329546   0.081158   0.037033
  2023     1     2    17    56  0.000000   2.329545   0.081158   0.036991
  2023     1     2    17    56 30.000000   2.329549   0.081158   0.036948
  2023     1     2    17    57  0.000000   2.329549   0.081158   0.036905
  2023     1     2    17    57 30.000000   2.329548   0.081158   0.036861
  2023     1     2    17    58  0.000000   2.329548   0.081158   0.036816
  2023     1     2    17    58 30.000000   2.329548   0.081158   0.036771
  2023     1     2    17    59  0.000000   2.329553   0.081159   0.036725
  2023     1     2    17    59 30.000000   2.329552   0.081159   0.036679
  2023     1     2    18     0  0.000000   2.329547   0.081159   0.036633
  2023     1     2    18     0 30.000000   2.329549   0.081159   0.036586
  2023     1     2    18     1  0.000000   2.329550   0.081159   0.036539
  2023     1     2    18     1 30.000000   2.329542   0.081158   0.036493
  2023     1     2    18     2  0.000000   2.329550   0.081159   0.036446
  2023     1     2    18     2 30.000000   2.329548   0.081159   0.036399
  2023     1     2    18     3  0.000000   2.329544   0.081159   0.036352
  2023     1     2    18     3 30.000000   2.329546   0.081159   0.036304
  2023     1     2    18     4  0.000000   2.329546   0.081159   0.036256
  2023     1     2    18     4 30.000000   2.329548   0.081160   0.036208
  2023     1     2    18     5  0.000000   2.329546   0.081159   0.036161
  2023     1     2    18     5 30.000000   2.329548   0.081160   0.036113
  2023     1     2    18     6  0.000000   2.329550   0.081160   0.036065
  2023     1     2    18     6 30.000000   2.329550   0.081160   0.036017
  2023     1     2    18     7  0.000000   2.329540   0.081159   0.035969
  2023     1     2    18     7 30.000000   2.329534   0.081159   0.035921
  2023     1     2    18     8  0.000000   2.329549   0.081160   0.035872
  2023     1     2    18     8 30.000000   2.329551   0.081161   0.035824
  2023     1     2    18     9  0.000000   2.329550   0.081161   0.035775
  2023     1     2    18     9 30.000000   2.329551   0.081161   0.035726
  2023     1     2    18    10  0.000000   2.329541   0.081160   0.035677
  2023     1     2    18    10 30.000000   2.329545   0.081160   0.035627
  2023     1     2    18    11  0.000000   2.329548   0.081161   0.035576
  2023     1     2    18    11 30.000000   2.329545   0.081161   0.035526
  2023     1     2    18    12  0.000000   2.329546   0.081161   0.035475
  2023     1     2    18    12 30.000000   2.329552   0.081162   0.035424
  2023     1     2    18    13  0.000000   2.329550   0.081162   0.035373
  2023     1     2    18    13 30.000000   2.329546   0.081161   0.035322
  2023     1     2    18    14  0.000000   2.329554   0.081162   0.035271
  2023     1     2    18    14 30.000000   2.329550   0.081162   0.035220
  2023     1     2    18    15  0.000000   2.329548   0.081162   0.035168
  2023     1     2    18    15 30.000000   2.329548   0.081162   0.035117
  2023     1     2    18    16  0.000000   2.329552   0.081162   0.035065
  2023     1     2    18    16 30.000000   2.329549   0.081162   0.035012
  2023     1     2    18    17  0.000000   2.329552   0.081162   0.034958
  2023     1     2    18    17 30.000000   2.329552   0.081163   0.034905
  2023     1     2    18    18  0.000000   2.329548   0.081162   0.034852
  2023     1     2    18    18 30.000000   2.329553   0.081163   0.034800
  2023     1     2    18    19  0.000000   2.329548   0.081162   0.034746
  2023     1     2    18    19 30.000000   2.329545   0.081162   0.034691
  2023     1     2    18    20  0.000000   2.329546   0.081162   0.034636
  2023     1     2    18    20 30.000000   2.329549   0.081163   0.034581
  2023     1     2    18    21  0.000000   2.329546   0.081163   0.034527
  2023     1     2    18    21 30.000000   2.329546   0.081163   0.034472
  2023     1     2    18    22  0.000000   2.329550   0.081163   0.034417
  2023     1     2    18    22 30.000000   2.329547   0.081163   0.034362
  2023     1     2    18    23  0.000000   2.329548   0.081163   0.034307
  2023     1     2    18    23 30.000000   2.329548   0.081163   0.034252
  2023     1     2    18    24  0.000000   2.329548   0.081163   0.034197
  2023     1     2    18    24 30.000000   2.329548   0.081164   0.034142
  2023     1     2    18    25  0.000000   2.329545   0.081163   0.034087
  2023     1     2    18    25 30.000000   2.329547   0.081164   0.034032
  2023     1     2    18    26  0.000000   2.329547   0.081164   0.033978
  2023     1     2    18    26 30.000000   2.329554   0.081165   0.033923
  2023     1     2    18    27  0.000000   2.329559   0.081165   0.033868
  2023     1     2    18    27 30.000000   2.329541   0.081163   0.033814
  2023     1     2    18    28  0.000000   2.329552   0.081165   0.033759
  2023     1     2    18    28 30.000000   2.329544   0.081164   0.033704
  2023     1     2    18    29  0.000000   2.329540   0.081164   0.033651
  2023     1     2    18    29 30.000000   2.329549   0.081165   0.033596
  2023     1     2    18    30  0.000000   2.329548   0.081165   0.033542
  2023     1     2    18    30 30.000000   2.329550   0.081165   0.033487
  2023     1     2    18    31  0.000000   2.329552   0.081165   0.033432
  2023     1     2    18    31 30.000000   2.329542   0.081164   0.033377
  2023     1     2    18    32  0.000000   2.329538   0.081164   0.033323
  2023     1     2    18    32 30.000000   2.329533   0.081163   0.033269
  2023     1     2    18    33  0.000000   2.329543   0.081165   0.033218
  2023     1     2    18    33 30.000000   2.329545   0.081165   0.033168
  2023     1     2    18    34  0.000000   2.329545   0.081165   0.033118
  2023     1     2    18    34 30.000000   2.329541   0.081165   0.033069
  2023     1     2    18    35  0.000000   2.329543   0.081165   0.033020
  2023     1     2    18    35 30.000000   2.329543   0.081165   0.032972
  2023     1     2    18    36  0.000000   2.329546   0.081166   0.032923
  2023     1     2    18    36 30.000000   2.329541   0.081165   0.032875
  2023     1     2    18    37  0.000000   2.329547   0.081166   0.032827
  2023     1     2    18    37 30.000000   2.329545   0.081166   0.032779
  2023     1     2    18    38  0.000000   2.329552   0.081167   0.032730
  2023     1     2    18    38 30.000000   2.329545   0.081166   0.032681
  2023     1     2    18    39  0.000000   2.329545   0.081166   0.032632
  2023     1     2    18    39 30.000000   2.329541   0.081166   0.032585
  2023     1     2    18    40  0.000000   2.329543   0.081166   0.032538
  2023     1     2    18    40 30.000000   2.329551   0.081167   0.032491
  2023     1     2    18    41  0.000000   2.329547   0.081167   0.032444
  2023     1     2    18    41 30.000000   2.329543   0.081166   0.032396
  2023     1     2    18    42  0.000000   2.329540   0.081166   0.032347
  2023     1     2    18    42 30.000000   2.329542   0.081166   0.032300
  2023     1     2    18    43  0.000000   2.329543   0.081167   0.032253
  2023     1     2    18    43 30.000000   2.329539   0.081166   0.032206
  2023     1     2    18    44  0.000000   2.329539   0.081166   0.032159
  2023     1     2    18    44 30.000000   2.329542   0.081167   0.032112
  2023     1     2    18    45  0.000000   2.329541   0.081167   0.032066
  2023     1     2    18    45 30.000000   2.329542   0.081167   0.032020
  2023     1     2    18    46  0.000000   2.329541   0.081167   0.031974
  2023     1     2    18    46 30.000000   2.329543   0.081167   0.031927
  2023     1     2    18    47  0.000000   2.329536   0.081167   0.031881
  2023     1     2    18    47 30.000000   2.329538   0.081167   0.031834
  2023     1     2    18    48  0.000000   2.329541   0.081167   0.031788
  2023     1     2    18    48 30.000000   2.329541   0.081167   0.031742
  2023     1     2    18    49  0.000000   2.329544   0.081168   0.031696
  2023     1     2    18    49 30.000000   2.329548   0.081168   0.031651
  2023     1     2    18    50  0.000000   2.329543   0.081168   0.031607
  2023     1     2    18    50 30.000000   2.329543   0.081168   0.031563
  2023     1     2    18    51  0.000000   2.329546   0.081168   0.031518
  2023     1     2    18    51 30.000000   2.329547   0.081169   0.031474
  2023     1     2    18    52  0.000000   2.329544   0.081169   0.031429
  2023     1     2    18    52 30.000000   2.329543   0.081168   0.031384
  2023     1     2    18    53  0.000000   2.329544   0.081169   0.031340
  2023     1     2    18    53 30.000000   2.329542   0.081169   0.031297
  2023     1     2    18    54  0.000000   2.329542   0.081169   0.031256
  2023     1     2    18    54 30.000000   2.329546   0.081169   0.031215
  2023     1     2    18    55  0.000000   2.329548   0.081169   0.031171
  2023     1     2    18    55 30.000000   2.329545   0.081169   0.031129
  2023     1     2    18    56  0.000000   2.329541   0.081169   0.031086
  2023     1     2    18    56 30.000000   2.329541   0.081169   0.031044
  2023     1     2    18    57  0.000000   2.329544   0.081169   0.031004
  2023     1     2    18    57 30.000000   2.329546   0.081170   0.030964
  2023     1     2    18    58  0.000000   2.329549   0.081170   0.030924
  2023     1     2    18    58 30.000000   2.329550   0.081170   0.030886
  2023     1     2    18    59  0.000000   2.329549   0.081170   0.030848
  2023     1     2    18    59 30.000000   2.329545   0.081170   0.030809
  2023     1     2    19     0  0.000000   2.329546   0.081170   0.030769
  2023     1     2    19     0 30.000000   2.329546   0.081170   0.030728
  2023     1     2    19     1  0.000000   2.329543   0.081170   0.030688
  2023     1     2    19     1 30.000000   2.329546   0.081171   0.030650
  2023     1     2    19     2  0.000000   2.329543   0.081170   0.030613
  2023     1     2    19     2 30.000000   2.329544   0.081171   0.030575
  2023     1     2    19     3  0.000000   2.329543   0.081171   0.030539
  2023     1     2    19     3 30.000000   2.329544   0.081171   0.030502
  2023     1     2    19     4  0.000000   2.329543   0.081171   0.030467
  2023     1     2    19     4 30.000000   2.329543   0.081171   0.030431
  2023     1     2    19     5  0.000000   2.329543   0.081171   0.030396
  2023     1     2    19     5 30.000000   2.329544   0.081171   0.030360
  2023     1     2    19     6  0.000000   2.329544   0.081171   0.030324
  2023     1     2    19     6 30.000000   2.329542   0.081171   0.030287
  2023     1     2    19     7  0.000000   2.329538   0.081171   0.030250
  2023     1     2    19     7 30.000000   2.329540   0.081171   0.030213
  2023     1     2    19     8  0.000000   2.329541   0.081171   0.030177
  2023     1     2    19     8 30.000000   2.329534   0.081171   0.030142
  2023     1     2    19     9  0.000000   2.329537   0.081171   0.030107
  2023     1     2    19     9 30.000000   2.329539   0.081171   0.030073
  2023     1     2    19    10  0.000000   2.329536   0.081171   0.030039
  2023     1     2    19    10 30.000000   2.329537   0.081171   0.030005
  2023     1     2    19    11  0.000000   2.329536   0.081171   0.029971
  2023     1     2    19    11 30.000000   2.329539   0.081172   0.029937
  2023     1     2    19    12  0.000000   2.329542   0.081172   0.029903
  2023     1     2    19    12 30.000000   2.329538   0.081172   0.029868
  2023     1     2    19    13  0.000000   2.329542   0.081172   0.029834
  2023     1     2    19    13 30.000000   2.329542   0.081172   0.029800
  2023     1     2    19    14  0.000000   2.329531   0.081171   0.029766
  2023     1     2    19    14 30.000000   2.329538   0.081172   0.029732
  2023     1     2    19    15  0.000000   2.329534   0.081172   0.029697
  2023     1     2    19    15 30.000000   2.329536   0.081172   0.029664
  2023     1     2    19    16  0.000000   2.329541   0.081173   0.029630
  2023     1     2    19    16 30.000000   2.329536   0.081172   0.029597
  2023     1     2    19    17  0.000000   2.329540   0.081173   0.029564
  2023     1     2    19    17 30.000000   2.329544   0.081173   0.029532
  2023     1     2    19    18  0.000000   2.329542   0.081173   0.029500
  2023     1     2    19    18 30.000000   2.329536   0.081173   0.029468
  2023     1     2    19    19  0.000000   2.329537   0.081173   0.029436
  2023     1     2    19    19 30.000000   2.329536   0.081173   0.029405
  2023     1     2    19    20  0.000000   2.329535   0.081173   0.029374
  2023     1     2    19    20 30.000000   2.329537   0.081173   0.029344
  2023     1     2    19    21  0.000000   2.329535   0.081173   0.029313
  2023     1     2    19    21 30.000000   2.329536   0.081173   0.029283
  2023     1     2    19    22  0.000000   2.329537   0.081174   0.029253
  2023     1     2    19    22 30.000000   2.329540   0.081174   0.029223
  2023     1     2    19    23  0.000000   2.329541   0.081174   0.029193
  2023     1     2    19    23 30.000000   2.329541   0.081174   0.029163
  2023     1     2    19    24  0.000000   2.329536   0.081174   0.029133
  2023     1     2    19    24 30.000000   2.329532   0.081174   0.029102
  2023     1     2    19    25  0.000000   2.329539   0.081174   0.029071
  2023     1     2    19    25 30.000000   2.329539   0.081175   0.029040
  2023     1     2    19    26  0.000000   2.329537   0.081174   0.029009
  2023     1     2    19    26 30.000000   2.329542   0.081175   0.028978
  2023     1     2    19    27  0.000000   2.329539   0.081175   0.028946
  2023     1     2    19    27 30.000000   2.329538   0.081175   0.028914
  2023     1     2    19    28  0.000000   2.329538   0.081175   0.028882
  2023     1     2    19    28 30.000000   2.329532   0.081174   0.028850
  2023     1     2    19    29  0.000000   2.329536   0.081175   0.028817
  2023     1     2    19    29 30.000000   2.329540   0.081175   0.028785
  2023     1     2    19    30  0.000000   2.329544   0.081176   0.028752
  2023     1     2    19    30 30.000000   2.329536   0.081175   0.028720
  2023     1     2    19    31  0.000000   2.329538   0.081175   0.028687
  2023     1     2    19    31 30.000000   2.329535   0.081175   0.028654
  2023     1     2    19    32  0.000000   2.329539   0.081176   0.028620
  2023     1     2    19    32 30.000000   2.329536   0.081176   0.028587
  2023     1     2    19    33  0.000000   2.329533   0.081175   0.028553
  2023     1     2    19    33 30.000000   2.329539   0.081176   0.028518
  2023     1     2    19    34  0.000000   2.329538   0.081176   0.028483
  2023     1     2    19    34 30.000000   2.329540   0.081176   0.028447
  2023     1     2    19    35  0.000000   2.329549   0.081177   0.028411
  2023     1     2    19    35 30.000000   2.329546   0.081177   0.028375
  2023     1     2    19    36  0.000000   2.329545   0.081177   0.028341
  2023     1     2    19    36 30.000000   2.329542   0.081177   0.028306
  2023     1     2    19    37  0.000000   2.329545   0.081177   0.028272
  2023     1     2    19    37 30.000000   2.329533   0.081176   0.028239
  2023     1     2    19    38  0.000000   2.329541   0.081177   0.028206
  2023     1     2    19    38 30.000000   2.329542   0.081177   0.028173
  2023     1     2    19    39  0.000000   2.329542   0.081177   0.028141
  2023     1     2    19    39 30.000000   2.329544   0.081178   0.028109
  2023     1     2    19    40  0.000000   2.329542   0.081178   0.028078
  2023     1     2    19    40 30.000000   2.329541   0.081178   0.028047
  2023     1     2    19    41  0.000000   2.329543   0.081178   0.028017
  2023     1     2    19    41 30.000000   2.329542   0.081178   0.027987
  2023     1     2    19    42  0.000000   2.329543   0.081178   0.027958
  2023     1     2    19    42 30.000000   2.329539   0.081178   0.027930
  2023     1     2    19    43  0.000000   2.329542   0.081178   0.027901
  2023     1     2    19    43 30.000000   2.329545   0.081179   0.027874
  2023     1     2    19    44  0.000000   2.329547   0.081179   0.027846
  2023     1     2    19    44 30.000000   2.329542   0.081179   0.027820
  2023     1     2    19    45  0.000000   2.329545   0.081179   0.027793
  2023     1     2    19    45 30.000000   2.329543   0.081179   0.027767
  2023     1     2    19    46  0.000000   2.329544   0.081179   0.027741
  2023     1     2    19    46 30.000000   2.329548   0.081180   0.027716
  2023     1     2    19    47  0.000000   2.329544   0.081179   0.027692
  2023     1     2    19    47 30.000000   2.329546   0.081180   0.027667
  2023     1     2    19    48  0.000000   2.329542   0.081179   0.027644
  2023     1     2    19    48 30.000000   2.329540   0.081179   0.027621
  2023     1     2    19    49  0.000000   2.329538   0.081179   0.027599
  2023     1     2    19    49 30.000000   2.329539   0.081179   0.027578
  2023     1     2    19    50  0.000000   2.329545   0.081180   0.027557
  2023     1     2    19    50 30.000000   2.329544   0.081180   0.027536
  2023     1     2    19    51  0.000000   2.329542   0.081180   0.027516
  2023     1     2    19    51 30.000000   2.329537   0.081179   0.027497
  2023     1     2    19    52  0.000000   2.329541   0.081180   0.027479
  2023     1     2    19    52 30.000000   2.329549   0.081181   0.027461
  2023     1     2    19    53  0.000000   2.329543   0.081180   0.027444
  2023     1     2    19    53 30.000000   2.329541   0.081180   0.027427
  2023     1     2    19    54  0.000000   2.329541   0.081180   0.027411
  2023     1     2    19    54 30.000000   2.329542   0.081180   0.027395
  2023     1     2    19    55  0.000000   2.329547   0.081181   0.027380
  2023     1     2    19    55 30.000000   2.329544   0.081181   0.027366
  2023     1     2    19    56  0.000000   2.329543   0.081181   0.027352
  2023     1     2    19    56 30.000000   2.329540   0.081181   0.027339
  2023     1     2    19    57  0.000000   2.329541   0.081181   0.027327
  2023     1     2    19    57 30.000000   2.329548   0.081182   0.027313
  2023     1     2    19    58  0.000000   2.329540   0.081181   0.027300
  2023     1     2    19    58 30.000000   2.329545   0.081182   0.027286
  2023     1     2    19    59  0.000000   2.329543   0.081181   0.027273
  2023     1     2    19    59 30.000000   2.329538   0.081181   0.027259
  2023     1     2    20     0  0.000000   2.329543   0.081182   0.027245
  2023     1     2    20     0 30.000000   2.329536   0.081181   0.027231
  2023     1     2    20     1  0.000000   2.329536   0.081181   0.027217
  2023     1     2    20     1 30.000000   2.329543   0.081182   0.027203
  2023     1     2    20     2  0.000000   2.329549   0.081183   0.027189
  2023     1     2    20     2 30.000000   2.329540   0.081182   0.027176
  2023     1     2    20     3  0.000000   2.329539   0.081182   0.027162
  2023     1     2    20     3 30.000000   2.329543   0.081182   0.027149
  2023     1     2    20     4  0.000000   2.329541   0.081182   0.027136
  2023     1     2    20     4 30.000000   2.329542   0.081182   0.027122
  2023     1     2    20     5  0.000000   2.329541   0.081182   0.027108
  2023     1     2    20     5 30.000000   2.329539   0.081182   0.027093
  2023     1     2    20     6  0.000000   2.329545   0.081183   0.027078
  2023     1     2    20     6 30.000000   2.329541   0.081183   0.027063
  2023     1     2    20     7  0.000000   2.329544   0.081183   0.027047
  2023     1     2    20     7 30.000000   2.329547   0.081184   0.027032
  2023     1     2    20     8  0.000000   2.329549   0.081184   0.027017
  2023     1     2    20     8 30.000000   2.329544   0.081183   0.027003
  2023     1     2    20     9  0.000000   2.329546   0.081184   0.026988
  2023     1     2    20     9 30.000000   2.329549   0.081184   0.026974
  2023     1     2    20    10  0.000000   2.329547   0.081184   0.026959
  2023     1     2    20    10 30.000000   2.329543   0.081184   0.026945
  2023     1     2    20    11  0.000000   2.329550   0.081185   0.026931
  2023     1     2    20    11 30.000000   2.329548   0.081184   0.026918
  2023     1     2    20    12  0.000000   2.329545   0.081184   0.026905
  2023     1     2    20    12 30.000000   2.329545   0.081184   0.026893
  2023     1     2    20    13  0.000000   2.329544   0.081184   0.026881
  2023     1     2    20    13 30.000000   2.329544   0.081184   0.026870
  2023     1     2    20    14  0.000000   2.329545   0.081185   0.026858
  2023     1     2    20    14 30.000000   2.329543   0.081184   0.026847
  2023     1     2    20    15  0.000000   2.329546   0.081185   0.026835
  2023     1     2    20    15 30.000000   2.329540   0.081184   0.026823
  2023     1     2    20    16  0.000000   2.329545   0.081185   0.026810
  2023     1     2    20    16 30.000000   2.329545   0.081185   0.026797
  2023     1     2    20    17  0.000000   2.329545   0.081185   0.026784
  2023     1     2    20    17 30.000000   2.329547   0.081185   0.026770
  2023     1     2    20    18  0.000000   2.329548   0.081186   0.026757
  2023     1     2    20    18 30.000000   2.329549   0.081186   0.026745
  2023     1     2    20    19  0.000000   2.329544   0.081186   0.026732
  2023     1     2    20    19 30.000000   2.329544   0.081186   0.026721
  2023     1     2    20    20  0.000000   2.329541   0.081185   0.026710
  2023     1     2    20    20 30.000000   2.329547   0.081186   0.026699
  2023     1     2    20    21  0.000000   2.329550   0.081187   0.026689
  2023     1     2    20    21 30.000000   2.329546   0.081186   0.026679
  2023     1     2    20    22  0.000000   2.329546   0.081186   0.026669
  2023     1     2    20    22 30.000000   2.329552   0.081187   0.026660
  2023     1     2    20    23  0.000000   2.329550   0.081187   0.026650
  2023     1     2    20    23 30.000000   2.329550   0.081187   0.026641
  2023     1     2    20    24  0.000000   2.329544   0.081187   0.026633
  2023     1     2    20    24 30.000000   2.329550   0.081187   0.026625
  2023     1     2    20    25  0.000000   2.329545   0.081187   0.026616
  2023     1     2    20    25 30.000000   2.329542   0.081187   0.026607
  2023     1     2    20    26  0.000000   2.329542   0.081187   0.026597
  2023     1     2    20    26 30.000000   2.329540   0.081187   0.026588
  2023     1     2    20    27  0.000000   2.329544   0.081187   0.026579
  2023     1     2    20    27 30.000000   2.329542   0.081187   0.026570
  2023     1     2    20    28  0.000000   2.329542   0.081187   0.026561
  2023     1     2    20    28 30.000000   2.329542   0.081187   0.026551
  2023     1     2    20    29  0.000000   2.329540   0.081187   0.026540
  2023     1     2    20    29 30.000000   2.329545   0.081188   0.026528
  2023     1     2    20    30  0.000000   2.329544   0.081188   0.026516
  2023     1     2    20    30 30.000000   2.329541   0.081187   0.026504
  2023     1     2    20    31  0.000000   2.329541   0.081188   0.026490
  2023     1     2    20    31 30.000000   2.329542   0.081188   0.026475
  2023     1     2    20    32  0.000000   2.329545   0.081188   0.026459
  2023     1     2    20    32 30.000000   2.329548   0.081189   0.026442
  2023     1     2    20    33  0.000000   2.329550   0.081189   0.026423
  2023     1     2    20    33 30.000000   2.329547   0.081189   0.026403
  2023     1     2    20    34  0.000000   2.329543   0.081188   0.026382
  2023     1     2    20    34 30.000000   2.329539   0.081188   0.026362
  2023     1     2    20    35  0.000000   2.329547   0.081189   0.026339
  2023     1     2    20    35 30.000000   2.329547   0.081189   0.026315
  2023     1     2    20    36  0.000000   2.329546   0.081189   0.026290
  2023     1     2    20    36 30.000000   2.329543   0.081189   0.026264
  2023     1     2    20    37  0.000000   2.329545   0.081189   0.026238
  2023     1     2    20    37 30.000000   2.329542   0.081189   0.026213
  2023     1     2    20    38  0.000000   2.329543   0.081189   0.026186
  2023     1     2    20    38 30.000000   2.329544   0.081189   0.026158
  2023     1     2    20    39  0.000000   2.329543   0.081189   0.026131
  2023     1     2    20    39 30.000000   2.329537   0.081189   0.026105
  2023     1     2    20    40  0.000000   2.329539   0.081189   0.026081
  2023     1     2    20    40 30.000000   2.329545   0.081190   0.026057
  2023     1     2    20    41  0.000000   2.329538   0.081189   0.026034
  2023     1     2    20    41 30.000000   2.329539   0.081189   0.026010
  2023     1     2    20    42  0.000000   2.329539   0.081190   0.025987
  2023     1     2    20    42 30.000000   2.329541   0.081190   0.025963
  2023     1     2    20    43  0.000000   2.329540   0.081190   0.025936
  2023     1     2    20    43 30.000000   2.329541   0.081190   0.025909
  2023     1     2    20    44  0.000000   2.329543   0.081190   0.025883
  2023     1     2    20    44 30.000000   2.329538   0.081190   0.025857
  2023     1     2    20    45  0.000000   2.329532   0.081189   0.025830
  2023     1     2    20    45 30.000000   2.329532   0.081189   0.025803
  2023     1     2    20    46  0.000000   2.329535   0.081190   0.025775
  2023     1     2    20    46 30.000000   2.329536   0.081190   0.025747
  2023     1     2    20    47  0.000000   2.329541   0.081191   0.025719
  2023     1     2    20    47 30.000000   2.329539   0.081191   0.025692
  2023     1     2    20    48  0.000000   2.329541   0.081191   0.025665
  2023     1     2    20    48 30.000000   2.329547   0.081192   0.025641
  2023     1     2    20    49  0.000000   2.329541   0.081191   0.025615
  2023     1     2    20    49 30.000000   2.329538   0.081191   0.025589
  2023     1     2    20    50  0.000000   2.329540   0.081191   0.025563
  2023     1     2    20    50 30.000000   2.329544   0.081192   0.025537
  2023     1     2    20    51  0.000000   2.329551   0.081193   0.025512
  2023     1     2    20    51 30.000000   2.329545   0.081192   0.025486
  2023     1     2    20    52  0.000000   2.329547   0.081192   0.025459
  2023     1     2    20    52 30.000000   2.329540   0.081192   0.025431
  2023     1     2    20    53  0.000000   2.329542   0.081192   0.025404
  2023     1     2    20    53 30.000000   2.329547   0.081193   0.025377
  2023     1     2    20    54  0.000000   2.329545   0.081192   0.025350
  2023     1     2    20    54 30.000000   2.329546   0.081193   0.025323
  2023     1     2    20    55  0.000000   2.329546   0.081193   0.025297
  2023     1     2    20    55 30.000000   2.329543   0.081193   0.025272
  2023     1     2    20    56  0.000000   2.329541   0.081192   0.025247
  2023     1     2    20    56 30.000000   2.329546   0.081193   0.025220
  2023     1     2    20    57  0.000000   2.329540   0.081193   0.025192
  2023     1     2    20    57 30.000000   2.329546   0.081193   0.025162
  2023     1     2    20    58  0.000000   2.329543   0.081193   0.025133
  2023     1     2    20    58 30.000000   2.329544   0.081193   0.025105
  2023     1     2    20    59  0.000000   2.329548   0.081194   0.025076
  2023     1     2    20    59 30.000000   2.329546   0.081194   0.025046
  2023     1     2    21     0  0.000000   2.329545   0.081194   0.025018
  2023     1     2    21     0 30.000000   2.329546   0.081194   0.024989
  2023     1     2    21     1  0.000000   2.329545   0.081194   0.024961
  2023     1     2    21     1 30.000000   2.329546   0.081194   0.024933
  2023     1     2    21     2  0.000000   2.329544   0.081194   0.024906
  2023     1     2    21     2 30.000000   2.329546   0.081194   0.024879
  2023     1     2    21     3  0.000000   2.329544   0.081194   0.024853
  2023     1     2    21     3 30.000000   2.329544   0.081194   0.024826
  2023     1     2    21     4  0.000000   2.329543   0.081194   0.024800
  2023     1     2    21     4 30.000000   2.329545   0.081195   0.024774
  2023     1     2    21     5  0.000000   2.329542   0.081194   0.024748
  2023     1     2    21     5 30.000000   2.329541   0.081194   0.024721
  2023     1     2    21     6  0.000000   2.329545   0.081195   0.024695
  2023     1     2    21     6 30.000000   2.329544   0.081195   0.024668
  2023     1     2    21     7  0.000000   2.329544   0.081195   0.024642
  2023     1     2    21     7 30.000000   2.329541   0.081195   0.024616
  2023     1     2    21     8  0.000000   2.329542   0.081195   0.024590
  2023     1     2    21     8 30.000000   2.329547   0.081196   0.024564
  2023     1     2    21     9  0.000000   2.329540   0.081195   0.024538
  2023     1     2    21     9 30.000000   2.329548   0.081196   0.024512
  2023     1     2    21    10  0.000000   2.329546   0.081196   0.024488
  2023     1     2    21    10 30.000000   2.329544   0.081196   0.024464
  2023     1     2    21    11  0.000000   2.329547   0.081196   0.024441
  2023     1     2    21    11 30.000000   2.329544   0.081196   0.024418
  2023     1     2    21    12  0.000000   2.329542   0.081196   0.024395
  2023     1     2    21    12 30.000000   2.329544   0.081196   0.024372
  2023     1     2    21    13  0.000000   2.329540   0.081196   0.024349
  2023     1     2    21    13 30.000000   2.329545   0.081196   0.024325
  2023     1     2    21    14  0.000000   2.329542   0.081196   0.024301
  2023     1     2    21    14 30.000000   2.329542   0.081196   0.024276
  2023     1     2    21    15  0.000000   2.329540   0.081196   0.024252
  2023     1     2    21    15 30.000000   2.329539   0.081196   0.024229
  2023     1     2    21    16  0.000000   2.329542   0.081196   0.024206
  2023     1     2    21    16 30.000000   2.329545   0.081197   0.024184
  2023     1     2    21    17  0.000000   2.329544   0.081197   0.024162
  2023     1     2    21    17 30.000000   2.329544   0.081197   0.024140
  2023     1     2    21    18  0.000000   2.329545   0.081197   0.024118
  2023     1     2    21    18 30.000000   2.329539   0.081197   0.024096
  2023     1     2    21    19  0.000000   2.329542   0.081197   0.024074
  2023     1     2    21    19 30.000000   2.329541   0.081197   0.024051
  2023     1     2    21    20  0.000000   2.329541   0.081197   0.024030
  2023     1     2    21    20 30.000000   2.329541   0.081197   0.024008
  2023     1     2    21    21  0.000000   2.329544   0.081198   0.023985
  2023     1     2    21    21 30.000000   2.329546   0.081198   0.023964
  2023     1     2    21    22  0.000000   2.329543   0.081198   0.023943
  2023     1     2    21    22 30.000000   2.329544   0.081198   0.023921
  2023     1     2    21    23  0.000000   2.329544   0.081198   0.023899
  2023     1     2    21    23 30.000000   2.329544   0.081198   0.023878
  2023     1     2    21    24  0.000000   2.329547   0.081199   0.023857
  2023     1     2    21    24 30.000000   2.329547   0.081199   0.023838
  2023     1     2    21    25  0.000000   2.329548   0.081199   0.023818
  2023     1     2    21    25 30.000000   2.329548   0.081199   0.023799
  2023     1     2    21    26  0.000000   2.329545   0.081199   0.023779
  2023     1     2    21    26 30.000000   2.329547   0.081199   0.023760
  2023     1     2    21    27  0.000000   2.329552   0.081200   0.023740
  2023     1     2    21    27 30.000000   2.329546   0.081199   0.023722
  2023     1     2    21    28  0.000000   2.329543   0.081199   0.023704
  2023     1     2    21    28 30.000000   2.329544   0.081199   0.023687
  2023     1     2    21    29  0.000000   2.329546   0.081199   0.023669
  2023     1     2    21    29 30.000000   2.329545   0.081199   0.023652
  2023     1     2    21    30  0.000000   2.329547   0.081200   0.023635
  2023     1     2    21    30 30.000000   2.329546   0.081200   0.023619
  2023     1     2    21    31  0.000000   2.329542   0.081199   0.023603
  2023     1     2    21    31 30.000000   2.329544   0.081200   0.023587
  2023     1     2    21    32  0.000000   2.329545   0.081200   0.023571
  2023     1     2    21    32 30.000000   2.329544   0.081200   0.023556
  2023     1     2    21    33  0.000000   2.329542   0.081200   0.023541
  2023     1     2    21    33 30.000000   2.329545   0.081200   0.023526
  2023     1     2    21    34  0.000000   2.329548   0.081201   0.023510
  2023     1     2    21    34 30.000000   2.329544   0.081200   0.023494
  2023     1     2    21    35  0.000000   2.329547   0.081201   0.023478
  2023     1     2    21    35 30.000000   2.329547   0.081201   0.023462
  2023     1     2    21    36  0.000000   2.329547   0.081201   0.023447
  2023     1     2    21    36 30.000000   2.329549   0.081201   0.023431
  2023     1     2    21    37  0.000000   2.329547   0.081201   0.023416
  2023     1     2    21    37 30.000000   2.329546   0.081201   0.023401
  2023     1     2    21    38  0.000000   2.329549   0.081202   0.023385
  2023     1     2    21    38 30.000000   2.329548   0.081202   0.023371
  2023     1     2    21    39  0.000000   2.329547   0.081202   0.023356
  2023     1     2    21    39 30.000000   2.329547   0.081202   0.023341
  2023     1     2    21    40  0.000000   2.329546   0.081202   0.023327
  2023     1     2    21    40 30.000000   2.329547   0.081202   0.023312
  2023     1     2    21    41  0.000000   2.329548   0.081202   0.023297
  2023     1     2    21    41 30.000000   2.329554   0.081203   0.023282
  2023     1     2    21    42  0.000000   2.329546   0.081202   0.023268
  2023     1     2    21    42 30.000000   2.329548   0.081202   0.023253
  2023     1     2    21    43  0.000000   2.329549   0.081203   0.023237
  2023     1     2    21    43 30.000000   2.329545   0.081202   0.023222
  2023     1     2    21    44  0.000000   2.329544   0.081202   0.023206
  2023     1     2    21    44 30.000000   2.329545   0.081202   0.023189
  2023     1     2    21    45  0.000000   2.329545   0.081203   0.023172
  2023     1     2    21    45 30.000000   2.329548   0.081203   0.023154
  2023     1     2    21    46  0.000000   2.329544   0.081203   0.023136
  2023     1     2    21    46 30.000000   2.329546   0.081203   0.023117
  2023     1     2    21    47  0.000000   2.329548   0.081203   0.023100
  2023     1     2    21    47 30.000000   2.329544   0.081203   0.023086
  2023     1     2    21    48  0.000000   2.329547   0.081203   0.023071
  2023     1     2    21    48 30.000000   2.329545   0.081203   0.023059
  2023     1     2    21    49  0.000000   2.329547   0.081204   0.023046
  2023     1     2    21    49 30.000000   2.329546   0.081204   0.023033
  2023     1     2    21    50  0.000000   2.329547   0.081204   0.023020
  2023     1     2    21    50 30.000000   2.329546   0.081204   0.023007
  2023     1     2    21    51  0.000000   2.329545   0.081204   0.022995
  2023     1     2    21    51 30.000000   2.329546   0.081204   0.022983
  2023     1     2    21    52  0.000000   2.329541   0.081203   0.022971
  2023     1     2    21    52 30.000000   2.329545   0.081204   0.022959
  2023     1     2    21    53  0.000000   2.329551   0.081205   0.022948
  2023     1     2    21    53 30.000000   2.329548   0.081205   0.022936
  2023     1     2    21    54  0.000000   2.329545   0.081204   0.022925
  2023     1     2    21    54 30.000000   2.329543   0.081204   0.022913
  2023     1     2    21    55  0.000000   2.329543   0.081204   0.022901
  2023     1     2    21    55 30.000000   2.329547   0.081205   0.022890
  2023     1     2    21    56  0.000000   2.329549   0.081205   0.022879
  2023     1     2    21    56 30.000000   2.329542   0.081204   0.022868
  2023     1     2    21    57  0.000000   2.329542   0.081205   0.022858
  2023     1     2    21    57 30.000000   2.329546   0.081205   0.022847
  2023     1     2    21    58  0.000000   2.329547   0.081205   0.022837
  2023     1     2    21    58 30.000000   2.329548   0.081205   0.022827
  2023     1     2    21    59  0.000000   2.329541   0.081205   0.022818
  2023     1     2    21    59 30.000000   2.329542   0.081205   0.022809
  2023     1     2    22     0  0.000000   2.329543   0.081205   0.022800
  2023     1     2    22     0 30.000000   2.329546   0.081206   0.022791
  2023     1     2    22     1  0.000000   2.329542   0.081205   0.022782
  2023     1     2    22     1 30.000000   2.329547   0.081206   0.022773
  2023     1     2    22     2  0.000000   2.329544   0.081206   0.022764
  2023     1     2    22     2 30.000000   2.329544   0.081206   0.022755
  2023     1     2    22     3  0.000000   2.329543   0.081206   0.022746
  2023     1     2    22     3 30.000000   2.329545   0.081206   0.022738
  2023     1     2    22     4  0.000000   2.329545   0.081206   0.022730
  2023     1     2    22     4 30.000000   2.329546   0.081206   0.022723
  2023     1     2    22     5  0.000000   2.329543   0.081206   0.022715
  2023     1     2    22     5 30.000000   2.329543   0.081206   0.022708
  2023     1     2    22     6  0.000000   2.329547   0.081207   0.022701
  2023     1     2    22     6 30.000000   2.329545   0.081207   0.022694
  2023     1     2    22     7  0.000000   2.329546   0.081207   0.022688
  2023     1     2    22     7 30.000000   2.329548   0.081207   0.022682
  2023     1     2    22     8  0.000000   2.329546   0.081207   0.022676
  2023     1     2    22     8 30.000000   2.329538   0.081206   0.022671
  2023     1     2    22     9  0.000000   2.329544   0.081207   0.022667
  2023     1     2    22     9 30.000000   2.329544   0.081207   0.022664
  2023     1     2    22    10  0.000000   2.329542   0.081207   0.022661
  2023     1     2    22    10 30.000000   2.329549   0.081208   0.022658
  2023     1     2    22    11  0.000000   2.329547   0.081208   0.022655
  2023     1     2    22    11 30.000000   2.329538   0.081207   0.022651
  2023     1     2    22    12  0.000000   2.329537   0.081207   0.022649
  2023     1     2    22    12 30.000000   2.329544   0.081208   0.022646
  2023     1     2    22    13  0.000000   2.329545   0.081208   0.022643
  2023     1     2    22    13 30.000000   2.329539   0.081208   0.022641
  2023     1     2    22    14  0.000000   2.329539   0.081208   0.022638
  2023     1     2    22    14 30.000000   2.329537   0.081207   0.022635
  2023     1     2    22    15  0.000000   2.329536   0.081207   0.022633
  2023     1     2    22    15 30.000000   2.329542   0.081208   0.022632
  2023     1     2    22    16  0.000000   2.329545   0.081209   0.022632
  2023     1     2    22    16 30.000000   2.329539   0.081208   0.022630
  2023     1     2    22    17  0.000000   2.329542   0.081208   0.022630
  2023     1     2    22    17 30.000000   2.329542   0.081209   0.022631
  2023     1     2    22    18  0.000000   2.329544   0.081209   0.022631
  2023     1     2    22    18 30.000000   2.329543   0.081209   0.022630
  2023     1     2    22    19  0.000000   2.329538   0.081208   0.022629
  2023     1     2    22    19 30.000000   2.329539   0.081209   0.022628
  2023     1     2    22    20  0.000000   2.329541   0.081209   0.022628
  2023     1     2    22    20 30.000000   2.329542   0.081209   0.022628
  2023     1     2    22    21  0.000000   2.329547   0.081210   0.022628
  2023     1     2    22    21 30.000000   2.329547   0.081210   0.022628
  2023     1     2    22    22  0.000000   2.329544   0.081210   0.022628
  2023     1     2    22    22 30.000000   2.329546   0.081210   0.022629
  2023     1     2    22    23  0.000000   2.329545   0.081210   0.022629
  2023     1     2    22    23 30.000000   2.329542   0.081210   0.022630
  2023     1     2    22    24  0.000000   2.329541   0.081210   0.022631
  2023     1     2    22    24 30.000000   2.329539   0.081210   0.022631
  2023     1     2    22    25  0.000000   2.329543   0.081210   0.022631
  2023     1     2    22    25 30.000000   2.329546   0.081211   0.022631
  2023     1     2    22    26  0.000000   2.329546   0.081211   0.022630
  2023     1     2    22    26 30.000000   2.329543   0.081210   0.022631
  2023     1     2    22    27  0.000000   2.329542   0.081211   0.022632
  2023     1     2    22    27 30.000000   2.329541   0.081211   0.022632
  2023     1     2    22    28  0.000000   2.329545   0.081211   0.022633
  2023     1     2    22    28 30.000000   2.329540   0.081211   0.022633
  2023     1     2    22    29  0.000000   2.329541   0.081211   0.022633
  2023     1     2    22    29 30.000000   2.329544   0.081211   0.022632
  2023     1     2    22    30  0.000000   2.329541   0.081211   0.022631
  2023     1     2    22    30 30.000000   2.329543   0.081211   0.022629
  2023     1     2    22    31  0.000000   2.329541   0.081211   0.022627
  2023     1     2    22    31 30.000000   2.329543   0.081211   0.022626
  2023     1     2    22    32  0.000000   2.329544   0.081212   0.022623
  2023     1     2    22    32 30.000000   2.329545   0.081212   0.022621
  2023     1     2    22    33  0.000000   2.329544   0.081212   0.022618
  2023     1     2    22    33 30.000000   2.329546   0.081212   0.022615
  2023     1     2    22    34  0.000000   2.329546   0.081212   0.022612
  2023     1     2    22    34 30.000000   2.329547   0.081213   0.022609
  2023     1     2    22    35  0.000000   2.329546   0.081213   0.022607
  2023     1     2    22    35 30.000000   2.329551   0.081213   0.022604
  2023     1     2    22    36  0.000000   2.329547   0.081213   0.022602
  2023     1     2    22    36 30.000000   2.329543   0.081213   0.022600
  2023     1     2    22    37  0.000000   2.329546   0.081213   0.022597
  2023     1     2    22    37 30.000000   2.329549   0.081213   0.022593
  2023     1     2    22    38  0.000000   2.329552   0.081214   0.022588
  2023     1     2    22    38 30.000000   2.329543   0.081213   0.022583
  2023     1     2    22    39  0.000000   2.329547   0.081213   0.022577
  2023     1     2    22    39 30.000000   2.329548   0.081214   0.022570
  2023     1     2    22    40  0.000000   2.329552   0.081214   0.022563
  2023     1     2    22    40 30.000000   2.329546   0.081214   0.022557
  2023     1     2    22    41  0.000000   2.329537   0.081213   0.022551
  2023     1     2    22    41 30.000000   2.329543   0.081213   0.022545
  2023     1     2    22    42  0.000000   2.329546   0.081214   0.022538
  2023     1     2    22    42 30.000000   2.329548   0.081214   0.022531
  2023     1     2    22    43  0.000000   2.329546   0.081214   0.022524
  2023     1     2    22    43 30.000000   2.329542   0.081214   0.022518
  2023     1     2    22    44  0.000000   2.329543   0.081214   0.022511
  2023     1     2    22    44 30.000000   2.329550   0.081215   0.022504
  2023     1     2    22    45  0.000000   2.329545   0.081214   0.022498
  2023     1     2    22    45 30.000000   2.329542   0.081214   0.022492
  2023     1     2    22    46  0.000000   2.329538   0.081214   0.022485
  2023     1     2    22    46 30.000000   2.329540   0.081214   0.022478
  2023     1     2    22    47  0.000000   2.329542   0.081214   0.022471
  2023     1     2    22    47 30.000000   2.329548   0.081215   0.022463
  2023     1     2    22    48  0.000000   2.329543   0.081215   0.022455
  2023     1     2    22    48 30.000000   2.329540   0.081215   0.022447
  2023     1     2    22    49  0.000000   2.329539   0.081215   0.022439
  2023     1     2    22    49 30.000000   2.329539   0.081215   0.022431
  2023     1     2    22    50  0.000000   2.329541   0.081215   0.022422
  2023     1     2    22    50 30.000000   2.329537   0.081215   0.022414
  2023     1     2    22    51  0.000000   2.329542   0.081215   0.022404
  2023     1     2    22    51 30.000000   2.329541   0.081215   0.022395
  2023     1     2    22    52  0.000000   2.329537   0.081215   0.022385
  2023     1     2    22    52 30.000000   2.329537   0.081215   0.022373
  2023     1     2    22    53  0.000000   2.329541   0.081216   0.022361
  2023     1     2    22    53 30.000000   2.329544   0.081216   0.022348
  2023     1     2    22    54  0.000000   2.329543   0.081216   0.022335
  2023     1     2    22    54 30.000000   2.329541   0.081216   0.022323
  2023     1     2    22    55  0.000000   2.329542   0.081216   0.022311
  2023     1     2    22    55 30.000000   2.329539   0.081216   0.022299
  2023     1     2    22    56  0.000000   2.329541   0.081216   0.022288
  2023     1     2    22    56 30.000000   2.329541   0.081216   0.022276
  2023     1     2    22    57  0.000000   2.329537   0.081216   0.022265
  2023     1     2    22    57 30.000000   2.329537   0.081216   0.022252
  2023     1     2    22    58  0.000000   2.329540   0.081216   0.022240
  2023     1     2    22    58 30.000000   2.329542   0.081217   0.022228
  2023     1     2    22    59  0.000000   2.329539   0.081216   0.022217
  2023     1     2    22    59 30.000000   2.329541   0.081217   0.022207
  2023     1     2    23     0  0.000000   2.329539   0.081217   0.022196
  2023     1     2    23     0 30.000000   2.329541   0.081217   0.022186
  2023     1     2    23     1  0.000000   2.329539   0.081217   0.022175
  2023     1     2    23     1 30.000000   2.329540   0.081217   0.022166
  2023     1     2    23     2  0.000000   2.329547   0.081218   0.022159
  2023     1     2    23     2 30.000000   2.329543   0.081218   0.022153
  2023     1     2    23     3  0.000000   2.329541   0.081218   0.022148
  2023     1     2    23     3 30.000000   2.329543   0.081218   0.022145
  2023     1     2    23     4  0.000000   2.329537   0.081217   0.022142
  2023     1     2    23     4 30.000000   2.329541   0.081218   0.022140
  2023     1     2    23     5  0.000000   2.329540   0.081218   0.022137
  2023     1     2    23     5 30.000000   2.329539   0.081218   0.022135
  2023     1     2    23     6  0.000000   2.329537   0.081218   0.022135
  2023     1     2    23     6 30.000000   2.329540   0.081218   0.022134
  2023     1     2    23     7  0.000000   2.329538   0.081218   0.022133
  2023     1     2    23     7 30.000000   2.329539   0.081218   0.022131
  2023     1     2    23     8  0.000000   2.329534   0.081218   0.022130
  2023     1     2    23     8 30.000000   2.329539   0.081218   0.022128
  2023     1     2    23     9  0.000000   2.329541   0.081219   0.022126
  2023     1     2    23     9 30.000000   2.329540   0.081219   0.022123
  2023     1     2    23    10  0.000000   2.329541   0.081219   0.022120
  2023     1     2    23    10 30.000000   2.329538   0.081219   0.022118
  2023     1     2    23    11  0.000000   2.329537   0.081219   0.022116
  2023     1     2    23    11 30.000000   2.329537   0.081219   0.022114
  2023     1     2    23    12  0.000000   2.329538   0.081219   0.022113
  2023     1     2    23    12 30.000000   2.329541   0.081219   0.022111
  2023     1     2    23    13  0.000000   2.329540   0.081219   0.022108
  2023     1     2    23    13 30.000000   2.329539   0.081219   0.022106
  2023     1     2    23    14  0.000000   2.329539   0.081219   0.022104
  2023     1     2    23    14 30.000000   2.329540   0.081220   0.022101
  2023     1     2    23    15  0.000000   2.329533   0.081219   0.022098
  2023     1     2    23    15 30.000000   2.329541   0.081220   0.022095
  2023     1     2    23    16  0.000000   2.329538   0.081220   0.022093
  2023     1     2    23    16 30.000000   2.329535   0.081220   0.022091
  2023     1     2    23    17  0.000000   2.329537   0.081220   0.022090
  2023     1     2    23    17 30.000000   2.329538   0.081220   0.022088
  2023     1     2    23    18  0.000000   2.329542   0.081221   0.022086
  2023     1     2    23    18 30.000000   2.329539   0.081220   0.022085
  2023     1     2    23    19  0.000000   2.329541   0.081221   0.022084
  2023     1     2    23    19 30.000000   2.329537   0.081220   0.022083
  2023     1     2    23    20  0.000000   2.329540   0.081221   0.022080
  2023     1     2    23    20 30.000000   2.329540   0.081221   0.022077
  2023     1     2    23    21  0.000000   2.329540   0.081221   0.022073
  2023     1     2    23    21 30.000000   2.329538   0.081221   0.022069
  2023     1     2    23    22  0.000000   2.329539   0.081221   0.022065
  2023     1     2    23    22 30.000000   2.329535   0.081221   0.022060
  2023     1     2    23    23  0.000000   2.329536   0.081221   0.022054
  2023     1     2    23    23 30.000000   2.329536   0.081221   0.022049
  2023     1     2    23    24  0.000000   2.329540   0.081222   0.022043
  2023     1     2    23    24 30.000000   2.329537   0.081221   0.022038
  2023     1     2    23    25  0.000000   2.329538   0.081222   0.022033
  2023     1     2    23    25 30.000000   2.329538   0.081222   0.022028
  2023     1     2    23    26  0.000000   2.329536   0.081222   0.022022
  2023     1     2    23    26 30.000000   2.329538   0.081222   0.022017
  2023     1     2    23    27  0.000000   2.329537   0.081222   0.022011
  2023     1     2    23    27 30.000000   2.329541   0.081222   0.022006
  2023     1     2    23    28  0.000000   2.329536   0.081222   0.022001
  2023     1     2    23    28 30.000000   2.329532   0.081222   0.021996
  2023     1     2    23    29  0.000000   2.329541   0.081223   0.021991
  2023     1     2    23    29 30.000000   2.329537   0.081222   0.021986
  2023     1     2    23    30  0.000000   2.329536   0.081222   0.021981
  2023     1     2    23    30 30.000000   2.329538   0.081223   0.021977
  2023     1     2    23    31  0.000000   2.329539   0.081223   0.021973
  2023     1     2    23    31 30.000000   2.329533   0.081222   0.021969
  2023     1     2    23    32  0.000000   2.329537   0.081223   0.021965
  2023     1     2    23    32 30.000000   2.329543   0.081224   0.021960
  2023     1     2    23    33  0.000000   2.329541   0.081223   0.021956
  2023     1     2    23    33 30.000000   2.329536   0.081223   0.021953
  2023     1     2    23    34  0.000000   2.329534   0.081223   0.021949
  2023     1     2    23    34 30.000000   2.329535   0.081223   0.021946
  2023     1     2    23    35  0.000000   2.329538   0.081224   0.021944
  2023     1     2    23    35 30.000000   2.329534   0.081223   0.021942
  2023     1     2    23    36  0.000000   2.329535   0.081223   0.021940
  2023     1     2    23    36 30.000000   2.329533   0.081223   0.021939
  2023     1     2    23    37  0.000000   2.329538   0.081224   0.021937
  2023     1     2    23    37 30.000000   2.329535   0.081224   0.021936
  2023     1     2    23    38  0.000000   2.329531   0.081223   0.021935
  2023     1     2    23    38 30.000000   2.329537   0.081224   0.021934
  2023     1     2    23    39  0.000000   2.329542   0.081225   0.021933
  2023     1     2    23    39 30.000000   2.329539   0.081225   0.021932
  2023     1     2    23    40  0.000000   2.329538   0.081225   0.021931
  2023     1     2    23    40 30.000000   2.329540   0.081225   0.021931
  2023     1     2    23    41  0.000000   2.329541   0.081225   0.021931
  2023     1     2    23    41 30.000000   2.329542   0.081225   0.021931
  2023     1     2    23    42  0.000000   2.329544   0.081226   0.021931
  2023     1     2    23    42 30.000000   2.329545   0.081226   0.021931
  2023     1     2    23    43  0.000000   2.329543   0.081226   0.021931
  2023     1     2    23    43 30.000000   2.329533   0.081225   0.021931
  2023     1     2    23    44  0.000000   2.329540   0.081226   0.021931
  2023     1     2    23    44 30.000000   2.329537   0.081225   0.021932
  2023     1     2    23    45  0.000000   2.329539   0.081226   0.021932
  2023     1     2    23    45 30.000000   2.329538   0.081226   0.021933
  2023     1     2    23    46  0.000000   2.329538   0.081226   0.021933
  2023     1     2    23    46 30.000000   2.329541   0.081226   0.021933
  2023     1     2    23    47  0.000000   2.329542   0.081226   0.021933
  2023     1     2    23    47 30.000000   2.329540   0.081226   0.021934
  2023     1     2    23    48  0.000000   2.329539   0.081226   0.021935
  2023     1     2    23    48 30.000000   2.329538   0.081226   0.021935
  2023     1     2    23    49  0.000000   2.329539   0.081226   0.021935
  2023     1     2    23    49 30.000000   2.329544   0.081227   0.021935
  2023     1     2    23    50  0.000000   2.329541   0.081227   0.021935
  2023     1     2    23    50 30.000000   2.329538   0.081227   0.021935
  2023     1     2    23    51  0.000000   2.329545   0.081227   0.021935
  2023     1     2    23    51 30.000000   2.329537   0.081227   0.021935
  2023     1     2    23    52  0.000000   2.329537   0.081227   0.021935
  2023     1     2    23    52 30.000000   2.329543   0.081228   0.021935
  2023     1     2    23    53  0.000000   2.329541   0.081227   0.021934
  2023     1     2    23    53 30.000000   2.329541   0.081228   0.021933
  2023     1     2    23    54  0.000000   2.329538   0.081227   0.021932
  2023     1     2    23    54 30.000000   2.329539   0.081227   0.021931
  2023     1     2    23    55  0.000000   2.329535   0.081227   0.021930
  2023     1     2    23    55 30.000000   2.329533   0.081227   0.021929
  2023     1     2    23    56  0.000000   2.329539   0.081228   0.021928
  2023     1     2    23    56 30.000000   2.329544   0.081229   0.021926
  2023     1     2    23    57  0.000000   2.329540   0.081228   0.021926
  2023     1     2    23    57 30.000000   2.329537   0.081228   0.021925
  2023     1     2    23    58  0.000000   2.329543   0.081229   0.021925
  2023     1     2    23    58 30.000000   2.329543   0.081229   0.021924
  2023     1     2    23    59  0.000000   2.329541   0.081229   0.021923
  2023     1     2    23    59 30.000000   2.329544   0.081229   0.021923
