abpo                                                        STATION
Quasi-fixed  0.001019  0.001149  0.000604                   POS MODE/PRIORI (meter)
YES                                                         OBS STRICT EDITING
2020  1  3  0  0  0.00                                      OBS FIRST EPOCH
2020  1  3 23 59 30.00                                      OBS LAST EPOCH
   30.00                                                    OBS INTERVAL (sec)
    7.00                                                    OBS MASK ANGLE (deg)
    0.30                                                    MEASUREMENT NOISE PSEUDORANGE (1-SIGMA, meter)
    0.01                                                    MEASUREMENT NOISE CARRIER PHASE (1-SIGMA, cycle)
WUM0MGXRAP_20200030000_01D_05M_ORB.SP3                      SAT ORBIT
WUM0MGXRAP_20200030000_01D_30S_CLK.CLK                      SAT CLOCK
WUM0MGXRAP_20200030000_01D_30S_ATT.OBX                      SAT ATTITUDE
WUM0MGXRAP_20200030000_01D_01D_OSB.BIA                      SAT BIAS
WUM0MGXRAP_20200030000_01D_01D_ERP.ERP                      EARTH ROTATION PARAMETERS
SEPT POLARX5                                                SITE RECEIVER TYPE
ASH701945G_M    SCIT                                        SITE ANTENNA TYPE
        0.0000        0.0000        0.0083                  SITE ANTENNA E/N/H (meter)
G  L1   1      -0.43      0.76     89.24                    SITE ANTENNA PCO E/N/H (millimeter)
G  L2   2      -0.46     -0.39    117.85                    SITE ANTENNA PCO E/N/H (millimeter)
R  G1   1      -0.43      0.76     89.24                    SITE ANTENNA PCO E/N/H (millimeter)
R  G2   2      -0.46     -0.39    117.85                    SITE ANTENNA PCO E/N/H (millimeter)
E  E1   1      -0.43      0.76     89.24                    SITE ANTENNA PCO E/N/H (millimeter)
E  E5a  5      -0.46     -0.39    117.85                    SITE ANTENNA PCO E/N/H (millimeter)
C  B1I  2      -0.43      0.76     89.24                    SITE ANTENNA PCO E/N/H (millimeter)
C  B3I  6      -0.46     -0.39    117.85                    SITE ANTENNA PCO E/N/H (millimeter)
J  L1   1      -0.43      0.76     89.24                    SITE ANTENNA PCO E/N/H (millimeter)
J  L2   2      -0.46     -0.39    117.85                    SITE ANTENNA PCO E/N/H (millimeter)
IGS14_2247                                                  TABLE ANTEX
WNO                                                         RECEIVER CLOCK
STO                                                         TROP ZENITH
PWC:720                                                     TROP GRADIENT
NO                                                          IONO 2ND
SOLID  POLE OCEAN(Scherneck)                                TIDES
NON                                                         MULTIPATH MODEL
YES  GPS    41  GAL    26  BDS2   12  BDS3   21  QZSS    0  AMB FIXING
  600.00                                                    AMB DURATION (sec)
   15.00                                                    AMB CUTOFF (deg)
    0.20    0.15 1000.00                                    AMB WIDELANE
    0.15    0.15 1000.00                                    AMB NARROWLANE
    3       4       1.80    3.00                            AMB SEARCH
DEFAULT                                                     AMB AT DAY-BOUNDARY
Start Field Description                                     COMMENT
Year                                                        YEAR (GPS TIME)
Mon                                                         MONTH (GPS TIME)
Day                                                         DAY (GPS TIME)
Hour                                                        HOUR (GPS TIME)
Min                                                         MINUTE (GPS TIME)
Sec                                                         SECOND (GPS TIME)
RCK(GPS)                                                    GPS RECEIVER CLOCK ERROR (meter)
RCK(GLONASS)                                                GLONASS RECEIVER CLOCK ERROR (meter)
RCK(Galileo)                                                Galileo RECEIVER CLOCK ERROR (meter)
RCK(BDS-2)                                                  BDS-2 RECEIVER CLOCK ERROR (meter)
RCK(BDS-3)                                                  BDS-3 RECEIVER CLOCK ERROR (meter)
RCK(QZSS)                                                   QZSS RECEIVER CLOCK ERROR (meter)
End Field Description                                       COMMENT
                                                            END OF HEADER
* Year   Mon   Day  Hour   Min       Sec         RCK(GPS)     RCK(GLONASS)     RCK(Galileo)       RCK(BDS-2)       RCK(BDS-3)        RCK(QZSS)
  2020     1     3     0     0  0.000000        -1.993936         0.548599         7.560032        24.320618        11.954453         0.000000
  2020     1     3     0     0 30.000000        -2.287738         0.255420         7.265448        24.034912        11.663199         0.000000
  2020     1     3     0     1  0.000000        -1.844509         0.700612         7.708873        24.470437        12.097545         0.000000
  2020     1     3     0     1 30.000000        -1.869896         0.674240         7.682773        24.445913        12.074588         0.000000
  2020     1     3     0     2  0.000000        -2.079138         0.470354         7.471790        24.233242        11.857827         0.000000
  2020     1     3     0     2 30.000000        -1.994975         0.554761         7.557849        24.327119        11.948103         0.000000
  2020     1     3     0     3  0.000000        -1.870711         0.676451         7.681567        24.447461        12.073349         0.000000
  2020     1     3     0     3 30.000000        -1.994194         0.551974         7.559085        24.326012        11.948311         0.000000
  2020     1     3     0     4  0.000000        -1.936546         0.607726         7.614012        24.376851        11.999988         0.000000
  2020     1     3     0     4 30.000000        -1.924152         0.613888         7.621838        24.390830        12.017001         0.000000
  2020     1     3     0     5  0.000000        -2.118604         0.418521         7.430402        24.190631        11.821395         0.000000
  2020     1     3     0     5 30.000000        -2.128771         0.408848         7.420604        24.183162        11.809605         0.000000
  2020     1     3     0     6  0.000000        -2.113157         0.431043         7.434035        24.197795        11.822819         0.000000
  2020     1     3     0     6 30.000000        -2.054877         0.490991         7.493535        24.255993        11.881578         0.000000
  2020     1     3     0     7  0.000000        -1.643195         0.905860         7.905058        24.670515        12.298407         0.000000
  2020     1     3     0     7 30.000000        -1.661436         0.884960         7.886915        24.651071        12.278788         0.000000
  2020     1     3     0     8  0.000000        -2.080054         0.462580         7.464049        24.225479        11.859316         0.000000
  2020     1     3     0     8 30.000000        -1.984644         0.563839         7.563490        24.323921        11.956617         0.000000
  2020     1     3     0     9  0.000000        -2.161097         0.383726         7.389419        24.151734        11.786318         0.000000
  2020     1     3     0     9 30.000000        -2.003149         0.537008         7.548723        24.317813        11.939897         0.000000
  2020     1     3     0    10  0.000000        -2.112275         0.430296         7.438481        24.204113        11.830209         0.000000
  2020     1     3     0    10 30.000000        -1.828065         0.715219         7.717961        24.485424        12.111849         0.000000
  2020     1     3     0    11  0.000000        -1.994535         0.551960         7.556431        24.321181        11.945698         0.000000
  2020     1     3     0    11 30.000000        -1.764998         0.790591         7.787793        24.548607        12.179637         0.000000
  2020     1     3     0    12  0.000000        -2.053057         0.494677         7.495585        24.270750        11.887100         0.000000
  2020     1     3     0    12 30.000000        -1.932107         0.612698         7.615692        24.387222        12.003665         0.000000
  2020     1     3     0    13  0.000000        -1.909392         0.641191         7.642810        24.411803        12.029886         0.000000
  2020     1     3     0    13 30.000000        -1.839684         0.708139         7.712478        24.473336        12.102497         0.000000
  2020     1     3     0    14  0.000000        -2.105051         0.444831         7.448212        24.207713        11.840482         0.000000
  2020     1     3     0    14 30.000000        -2.121671         0.429255         7.430182        24.197927        11.823355         0.000000
  2020     1     3     0    15  0.000000        -1.801317         0.751802         7.750679        24.519318        12.144376         0.000000
  2020     1     3     0    15 30.000000        -1.999373         0.555199         7.553168        24.317991        11.949992         0.000000
  2020     1     3     0    16  0.000000        -1.727761         0.822955         7.823863        24.583847        12.221311         0.000000
  2020     1     3     0    16 30.000000        -2.149911         0.393099         7.399117        24.158260        11.797349         0.000000
  2020     1     3     0    17  0.000000        -2.002385         0.540475         7.546908        24.311791        11.946046         0.000000
  2020     1     3     0    17 30.000000        -1.872768         0.676743         7.676458        24.443534        12.071744         0.000000
  2020     1     3     0    18  0.000000        -1.580651         0.964373         7.969888        24.728294        12.364708         0.000000
  2020     1     3     0    18 30.000000        -2.078337         0.462605         7.468344        24.230869        11.860977         0.000000
  2020     1     3     0    19  0.000000        -1.728024         0.812358         7.819910        24.580347        12.214312         0.000000
  2020     1     3     0    19 30.000000        -1.986438         0.552570         7.562819        24.322754        11.958102         0.000000
  2020     1     3     0    20  0.000000        -2.226706         0.319769         7.323758        24.091863        11.717818         0.000000
  2020     1     3     0    20 30.000000        -2.198395         0.345771         7.353671        24.118345        11.749002         0.000000
  2020     1     3     0    21  0.000000        -1.830415         0.708813         7.719917        24.482194        12.118063         0.000000
  2020     1     3     0    21 30.000000        -1.953497         0.590855         7.596282        24.360653        11.993464         0.000000
  2020     1     3     0    22  0.000000        -2.045663         0.499036         7.503018        24.260871        11.900247         0.000000
  2020     1     3     0    22 30.000000        -1.845387         0.701205         7.709212        24.467422        12.104971         0.000000
  2020     1     3     0    23  0.000000        -2.329878         0.213944         7.223020        23.990513        11.620558         0.000000
  2020     1     3     0    23 30.000000        -1.911976         0.633664         7.640808        24.406407        12.036614         0.000000
  2020     1     3     0    24  0.000000        -2.082734         0.465590         7.470148        24.234228        11.865458         0.000000
  2020     1     3     0    24 30.000000        -2.230680         0.319889         7.323260        24.079528        11.716522         0.000000
  2020     1     3     0    25  0.000000        -2.063746         0.482257         7.487729        24.256048        11.884637         0.000000
  2020     1     3     0    25 30.000000        -1.914352         0.630291         7.638537        24.398564        12.036935         0.000000
  2020     1     3     0    26  0.000000        -2.000921         0.543991         7.551080        24.307814        11.942505         0.000000
  2020     1     3     0    26 30.000000        -2.183855         0.357870         7.368206        24.132386        11.757654         0.000000
  2020     1     3     0    27  0.000000        -2.303641         0.238029         7.246593        24.007943        11.639140         0.000000
  2020     1     3     0    27 30.000000        -2.292778         0.254176         7.258824        24.015000        11.653770         0.000000
  2020     1     3     0    28  0.000000        -2.276392         0.270571         7.276691        24.037086        11.666048         0.000000
  2020     1     3     0    28 30.000000        -1.918639         0.619451         7.629889        24.393773        12.021875         0.000000
  2020     1     3     0    29  0.000000        -2.386515         0.163939         7.166571        23.922476        11.558404         0.000000
  2020     1     3     0    29 30.000000        -1.879341         0.672837         7.674271        24.429365        12.066501         0.000000
  2020     1     3     0    30  0.000000        -2.173904         0.375624         7.377503         0.000000        11.769033         0.000000
  2020     1     3     0    30 30.000000        -2.085530         0.457216         7.466026        24.219458        11.856609         0.000000
  2020     1     3     0    31  0.000000        -2.176984         0.362827         7.372172        24.125827        11.762358         0.000000
  2020     1     3     0    31 30.000000        -1.978225         0.574947         7.571441        24.329500        11.967441         0.000000
  2020     1     3     0    32  0.000000        -2.166455         0.383500         7.382907        24.141041        11.779390         0.000000
  2020     1     3     0    32 30.000000        -2.155972         0.385101         7.396850        24.156399        11.790710         0.000000
  2020     1     3     0    33  0.000000        -2.180030         0.368687         7.371240        24.135922        11.762409         0.000000
  2020     1     3     0    33 30.000000        -2.128971         0.416164         7.425266        24.189174        11.819862         0.000000
  2020     1     3     0    34  0.000000        -1.965953         0.581153         7.583718        24.351718        11.980219         0.000000
  2020     1     3     0    34 30.000000        -2.332028         0.208737         7.216544        23.981709        11.614723         0.000000
  2020     1     3     0    35  0.000000        -2.307003         0.240659         7.241765        24.001918        11.645412         0.000000
  2020     1     3     0    35 30.000000        -2.209550         0.340514         7.342877        24.112850        11.740751         0.000000
  2020     1     3     0    36  0.000000        -2.244715         0.303474         7.307913        24.071659        11.705924         0.000000
  2020     1     3     0    36 30.000000        -2.186129         0.359466         7.370078        24.132536        11.765770         0.000000
  2020     1     3     0    37  0.000000        -2.542284         0.010737         7.011538        23.777320        11.407857         0.000000
  2020     1     3     0    37 30.000000        -2.277442         0.273664         7.276653        24.040646        11.671132         0.000000
  2020     1     3     0    38  0.000000        -2.348347         0.196854         7.202342        23.956748        11.599937         0.000000
  2020     1     3     0    38 30.000000        -2.429464         0.113035         7.121909        23.889572        11.522133         0.000000
  2020     1     3     0    39  0.000000        -2.566817        -0.025514         6.981849        23.745045        11.375625         0.000000
  2020     1     3     0    39 30.000000        -2.368915         0.172110         7.177696        23.945111        11.578913         0.000000
  2020     1     3     0    40  0.000000        -2.001352         0.536625         7.546867        24.318773        11.949599         0.000000
  2020     1     3     0    40 30.000000        -2.355731         0.187887         7.191274        23.948559        11.592606         0.000000
  2020     1     3     0    41  0.000000        -2.080267         0.457484         7.468856        24.233015        11.868863         0.000000
  2020     1     3     0    41 30.000000        -2.270579         0.271520         7.281170         0.000000        11.683267         0.000000
  2020     1     3     0    42  0.000000        -2.515764         0.028154         7.033868         0.000000        11.432871         0.000000
  2020     1     3     0    42 30.000000        -2.151617         0.393259         7.401068         0.000000        11.797620         0.000000
  2020     1     3     0    43  0.000000        -2.557261        -0.014985         6.996112         0.000000        11.393880         0.000000
  2020     1     3     0    43 30.000000        -2.375995         0.164486         7.175466         0.000000        11.577265         0.000000
  2020     1     3     0    44  0.000000        -2.805125        -0.263217         6.742813         0.000000        11.143567         0.000000
  2020     1     3     0    44 30.000000        -2.494099         0.047922         7.056345         0.000000        11.459048         0.000000
  2020     1     3     0    45  0.000000        -2.497936         0.043087         7.055110         0.000000        11.453733         0.000000
  2020     1     3     0    45 30.000000        -2.533810         0.012151         7.021015         0.000000        11.416400         0.000000
  2020     1     3     0    46  0.000000        -2.467837         0.072300         7.080006         0.000000        11.480918         0.000000
  2020     1     3     0    46 30.000000        -2.078974         0.463275         7.469025         0.000000        11.864080         0.000000
  2020     1     3     0    47  0.000000        -2.201094         0.349815         7.348832         0.000000        11.748192         0.000000
  2020     1     3     0    47 30.000000        -2.318581         0.230331         7.230894         0.000000        11.629467         0.000000
  2020     1     3     0    48  0.000000        -2.588573        -0.039820         6.961197         0.000000        11.356684         0.000000
  2020     1     3     0    48 30.000000        -2.480710         0.070022         7.070214         0.000000        11.466568         0.000000
  2020     1     3     0    49  0.000000        -2.392860         0.156983         7.157193         0.000000        11.552709         0.000000
  2020     1     3     0    49 30.000000        -2.537461         0.005214         7.014311         0.000000        11.410886         0.000000
  2020     1     3     0    50  0.000000        -2.613613        -0.063433         6.938357         0.000000        11.337027         0.000000
  2020     1     3     0    50 30.000000        -2.435307         0.114971         7.119825         0.000000        11.521190         0.000000
  2020     1     3     0    51  0.000000        -2.175484         0.371496         7.378513         0.000000        11.776041         0.000000
  2020     1     3     0    51 30.000000        -2.304368         0.242884         7.248879         0.000000        11.646800         0.000000
  2020     1     3     0    52  0.000000        -2.625124        -0.078380         6.929270         0.000000        11.322229         0.000000
  2020     1     3     0    52 30.000000        -2.315985         0.225354         7.240972         0.000000        11.629635         0.000000
  2020     1     3     0    53  0.000000        -2.281013         0.261140         7.270619         0.000000        11.663546         0.000000
  2020     1     3     0    53 30.000000        -2.472208         0.074696         7.078489         0.000000        11.473542         0.000000
  2020     1     3     0    54  0.000000        -2.430012         0.116738         7.122579         0.000000        11.514289         0.000000
  2020     1     3     0    54 30.000000        -2.561011        -0.019147         6.987683         0.000000        11.384254         0.000000
  2020     1     3     0    55  0.000000        -2.638109        -0.095779         6.910072         0.000000        11.312443         0.000000
  2020     1     3     0    55 30.000000        -2.539566         0.000087         7.009672         0.000000        11.414086         0.000000
  2020     1     3     0    56  0.000000        -2.604507        -0.058967         6.946849         0.000000        11.351724         0.000000
  2020     1     3     0    56 30.000000        -2.904044        -0.364241         6.644493         0.000000        11.043166         0.000000
  2020     1     3     0    57  0.000000        -2.690867        -0.156785         6.857912         0.000000        11.257000         0.000000
  2020     1     3     0    57 30.000000        -2.691886        -0.146977         6.861196         0.000000        11.255592         0.000000
  2020     1     3     0    58  0.000000        -2.490881         0.049239         7.057371         0.000000        11.453218         0.000000
  2020     1     3     0    58 30.000000        -2.713965        -0.174803         6.834174         0.000000        11.233545         0.000000
  2020     1     3     0    59  0.000000        -2.716969        -0.172687         6.834141         0.000000        11.235403         0.000000
  2020     1     3     0    59 30.000000        -2.461797         0.077777         7.088920         0.000000        11.489427         0.000000
  2020     1     3     1     0  0.000000        -2.342333         0.193817         7.208429         0.000000        11.606359         0.000000
  2020     1     3     1     0 30.000000        -2.283037         0.256260         7.265646         0.000000        11.664416         0.000000
  2020     1     3     1     1  0.000000        -2.261213         0.278530         7.284768         0.000000        11.685051         0.000000
  2020     1     3     1     1 30.000000        -2.385656         0.156389         7.162399         0.000000        11.561581         0.000000
  2020     1     3     1     2  0.000000        -2.748414        -0.204374         6.802392         0.000000        11.198285         0.000000
  2020     1     3     1     2 30.000000        -2.364035         0.172761         7.187098         0.000000        11.583413         0.000000
  2020     1     3     1     3  0.000000        -2.486889         0.049589         7.065640         0.000000        11.461559         0.000000
  2020     1     3     1     3 30.000000        -2.405513         0.133572         7.147194         0.000000        11.542977         0.000000
  2020     1     3     1     4  0.000000        -2.716069        -0.171293         6.833567         0.000000        11.230245         0.000000
  2020     1     3     1     4 30.000000        -2.342319         0.195366         7.211069         0.000000        11.606196         0.000000
  2020     1     3     1     5  0.000000        -2.667550        -0.128592         6.882724         0.000000        11.284651         0.000000
  2020     1     3     1     5 30.000000        -2.688925        -0.146287         6.859178         0.000000        11.261797         0.000000
  2020     1     3     1     6  0.000000        -2.233205         0.307962         7.315474         0.000000        11.710315         0.000000
  2020     1     3     1     6 30.000000        -2.252358         0.290493         7.295809         0.000000        11.691530         0.000000
  2020     1     3     1     7  0.000000        -2.643863        -0.102795         6.904045         0.000000        11.298472         0.000000
  2020     1     3     1     7 30.000000        -2.379626         0.162190         7.169927         0.000000        11.563909         0.000000
  2020     1     3     1     8  0.000000        -2.250810         0.296358         7.303889         0.000000        11.691827         0.000000
  2020     1     3     1     8 30.000000        -2.340694         0.197242         7.206993         0.000000        11.606545         0.000000
  2020     1     3     1     9  0.000000        -2.107288         0.439007         7.445594         0.000000        11.842685         0.000000
  2020     1     3     1     9 30.000000        -2.300416         0.241923         7.248790         0.000000        11.648158         0.000000
  2020     1     3     1    10  0.000000        -2.382596         0.162500         7.165917         0.000000        11.563461         0.000000
  2020     1     3     1    10 30.000000        -2.381644         0.158502         7.166809         0.000000        11.566600         0.000000
  2020     1     3     1    11  0.000000        -2.281418         0.260935         7.269039         0.000000        11.666083         0.000000
  2020     1     3     1    11 30.000000        -2.389206         0.148770         7.164411         0.000000        11.555210         0.000000
  2020     1     3     1    12  0.000000        -2.100731         0.443313         7.450889         0.000000        11.847883         0.000000
  2020     1     3     1    12 30.000000        -2.245064         0.298271         7.304234         0.000000        11.705318         0.000000
  2020     1     3     1    13  0.000000        -2.070631         0.467245         7.478099         0.000000        11.874333         0.000000
  2020     1     3     1    13 30.000000        -2.125971         0.413902         7.423749         0.000000        11.819671         0.000000
  2020     1     3     1    14  0.000000        -2.352524         0.187907         7.193538         0.000000        11.593602         0.000000
  2020     1     3     1    14 30.000000        -2.152569         0.380182         7.399102         0.000000        11.793946         0.000000
  2020     1     3     1    15  0.000000        -2.557654        -0.018317         6.992690         0.000000        11.390840         0.000000
  2020     1     3     1    15 30.000000        -2.543066        -0.005922         7.003982         0.000000        11.400700         0.000000
  2020     1     3     1    16  0.000000        -2.172804         0.372283         7.376350         0.000000        11.769210         0.000000
  2020     1     3     1    16 30.000000        -2.335365         0.202857         7.213315         0.000000        11.606608         0.000000
  2020     1     3     1    17  0.000000        -2.297353         0.241208         7.251447         0.000000        11.647210         0.000000
  2020     1     3     1    17 30.000000        -2.485854         0.054674         7.059722         0.000000        11.459453         0.000000
  2020     1     3     1    18  0.000000        -1.946425         0.592677         7.599044         0.000000        11.996610         0.000000
  2020     1     3     1    18 30.000000        -2.720731        -0.177849         6.825060         0.000000        11.220130         0.000000
  2020     1     3     1    19  0.000000        -2.411639         0.130462         7.131294         0.000000        11.533476         0.000000
  2020     1     3     1    19 30.000000        -2.343597         0.199937         7.200488         0.000000        11.602764         0.000000
  2020     1     3     1    20  0.000000        -2.594733        -0.052406         6.952383         0.000000        11.347109         0.000000
  2020     1     3     1    20 30.000000        -2.618774        -0.076377         6.928199         0.000000        11.321572         0.000000
  2020     1     3     1    21  0.000000        -2.597790        -0.054672         6.951367         0.000000        11.346015         0.000000
  2020     1     3     1    21 30.000000        -2.249274         0.293263         7.298088         0.000000        11.691623         0.000000
  2020     1     3     1    22  0.000000        -2.089915         0.456155         7.457949         0.000000        11.850098         0.000000
  2020     1     3     1    22 30.000000        -2.467533         0.077752         7.077928         0.000000        11.473451         0.000000
  2020     1     3     1    23  0.000000        -2.667047        -0.127807         6.878752         0.000000        11.274546         0.000000
  2020     1     3     1    23 30.000000        -2.840659        -0.297077         6.710090         0.000000        11.103722         0.000000
  2020     1     3     1    24  0.000000        -2.673478        -0.129355         6.874902         0.000000        11.270052         0.000000
  2020     1     3     1    24 30.000000        -2.298739         0.247048         7.249637         0.000000        11.645151         0.000000
  2020     1     3     1    25  0.000000        -2.584190        -0.042697         6.966355         0.000000        11.361584         0.000000
  2020     1     3     1    25 30.000000        -2.393256         0.148927         7.152811         0.000000        11.553505         0.000000
  2020     1     3     1    26  0.000000        -2.122922         0.416063         7.423358         0.000000        11.824152         0.000000
  2020     1     3     1    26 30.000000        -2.224104         0.313617         7.323482         0.000000        11.723562         0.000000
  2020     1     3     1    27  0.000000        -2.267817         0.273111         7.276398         0.000000        11.677010         0.000000
  2020     1     3     1    27 30.000000        -2.705247        -0.161138         6.842645         0.000000        11.243783         0.000000
  2020     1     3     1    28  0.000000        -2.409062         0.139284         7.141088         0.000000        11.543277         0.000000
  2020     1     3     1    28 30.000000        -2.532333         0.012937         7.015895         0.000000        11.419187         0.000000
  2020     1     3     1    29  0.000000        -2.304056         0.236128         7.244054         0.000000        11.641913         0.000000
  2020     1     3     1    29 30.000000        -2.649352        -0.111871         6.898339         0.000000        11.293669         0.000000
  2020     1     3     1    30  0.000000        -2.484797         0.054494         7.064150         0.000000        11.457291         0.000000
  2020     1     3     1    30 30.000000        -2.577975        -0.036221         6.971051         0.000000        11.365564         0.000000
  2020     1     3     1    31  0.000000        -2.601486        -0.065083         6.945723         0.000000        11.343844         0.000000
  2020     1     3     1    31 30.000000        -2.365144         0.177474         7.184810         0.000000        11.584336         0.000000
  2020     1     3     1    32  0.000000        -2.298932         0.239060         7.249424        24.018349        11.646911         0.000000
  2020     1     3     1    32 30.000000        -2.596367        -0.050913         6.953128        23.719481        11.351289         0.000000
  2020     1     3     1    33  0.000000        -2.462457         0.080198         7.088171        23.851347        11.484428         0.000000
  2020     1     3     1    33 30.000000        -2.398304         0.142786         7.148050        23.925740        11.548783         0.000000
  2020     1     3     1    34  0.000000        -2.454540         0.089420         7.092545        23.871583        11.492103         0.000000
  2020     1     3     1    34 30.000000        -2.302108         0.234948         7.244499        24.016906        11.646243         0.000000
  2020     1     3     1    35  0.000000        -2.431036         0.107800         7.116736        23.887864        11.517702         0.000000
  2020     1     3     1    35 30.000000        -2.633365        -0.098789         6.910505        23.682034        11.311681         0.000000
  2020     1     3     1    36  0.000000        -2.773790        -0.234927         6.772554        23.539615        11.178203         0.000000
  2020     1     3     1    36 30.000000        -2.386252         0.151965         7.157632        23.931728        11.563181         0.000000
  2020     1     3     1    37  0.000000        -2.793518        -0.251592         6.747548        23.526956        11.153148         0.000000
  2020     1     3     1    37 30.000000        -2.645473        -0.102068         6.900926        23.659966        11.301631         0.000000
  2020     1     3     1    38  0.000000        -2.725252        -0.176463         6.823198        23.599858        11.226013         0.000000
  2020     1     3     1    38 30.000000        -2.488383         0.060374         7.061024        23.840264        11.461923         0.000000
  2020     1     3     1    39  0.000000        -2.784256        -0.237946         6.768245        23.544420        11.168562         0.000000
  2020     1     3     1    39 30.000000        -2.721456        -0.178978         6.830517        23.598646        11.226654         0.000000
  2020     1     3     1    40  0.000000        -2.585155        -0.039180         6.967652        23.738990        11.363919         0.000000
  2020     1     3     1    40 30.000000        -2.480907         0.058979         7.067622        23.842174        11.463658         0.000000
  2020     1     3     1    41  0.000000        -2.932869        -0.386969         6.615428        23.386928        11.016959         0.000000
  2020     1     3     1    41 30.000000        -2.688811        -0.148392         6.862054        23.624227        11.257974         0.000000
  2020     1     3     1    42  0.000000        -2.513026         0.032418         7.038686        23.797456        11.437990         0.000000
  2020     1     3     1    42 30.000000        -2.691180        -0.147662         6.858964        23.624822        11.257663         0.000000
  2020     1     3     1    43  0.000000        -2.931851        -0.391039         6.618014        23.380681        11.018973         0.000000
  2020     1     3     1    43 30.000000        -2.543543        -0.000259         7.003928        23.775115        11.405345         0.000000
  2020     1     3     1    44  0.000000        -2.533882         0.015175         7.013559        23.778971        11.415508         0.000000
  2020     1     3     1    44 30.000000        -2.770208        -0.230219         6.775302        23.545445        11.181198         0.000000
  2020     1     3     1    45  0.000000        -2.800213        -0.254248         6.748112        23.516323        11.149481         0.000000
  2020     1     3     1    45 30.000000        -2.704326        -0.159065         6.848920        23.623308        11.248249         0.000000
  2020     1     3     1    46  0.000000        -2.409403         0.136276         7.141693        23.925392        11.541519         0.000000
  2020     1     3     1    46 30.000000        -2.711339        -0.167095         6.838862        23.604369        11.239870         0.000000
  2020     1     3     1    47  0.000000        -2.790425        -0.244625         6.760402        23.535000        11.160974         0.000000
  2020     1     3     1    47 30.000000        -2.453105         0.088573         7.095742        23.869475        11.495621         0.000000
  2020     1     3     1    48  0.000000        -2.612465        -0.068316         6.937278        23.703004        11.340065         0.000000
  2020     1     3     1    48 30.000000        -2.886780        -0.347514         6.663016        23.431915        11.064912         0.000000
  2020     1     3     1    49  0.000000        -2.450159         0.093845         7.099502        23.873450        11.497304         0.000000
  2020     1     3     1    49 30.000000        -2.491690         0.052206         7.060452        23.815297        11.460812         0.000000
  2020     1     3     1    50  0.000000        -2.620778        -0.081158         6.925594        23.695070        11.329571         0.000000
  2020     1     3     1    50 30.000000        -2.507414         0.036589         7.043616        23.807410        11.444715         0.000000
  2020     1     3     1    51  0.000000        -2.805480        -0.264938         6.745401        23.509962        11.149199         0.000000
  2020     1     3     1    51 30.000000        -2.636745        -0.094256         6.915828        23.674513        11.310593         0.000000
  2020     1     3     1    52  0.000000        -2.777194        -0.239495         6.774959        23.532932        11.174973         0.000000
  2020     1     3     1    52 30.000000        -2.091398         0.455119         7.460571        24.229066        11.862125         0.000000
  2020     1     3     1    53  0.000000        -2.465548         0.071565         7.082371        23.843195        11.484427         0.000000
  2020     1     3     1    53 30.000000        -2.354520         0.187013         7.197318        23.956488        11.593912         0.000000
  2020     1     3     1    54  0.000000        -2.419605         0.123417         7.129318        23.891001        11.525090         0.000000
  2020     1     3     1    54 30.000000        -2.796791        -0.253768         6.755721        23.522411        11.157829         0.000000
  2020     1     3     1    55  0.000000        -2.874388        -0.329376         6.677079        23.446982        11.077461         0.000000
  2020     1     3     1    55 30.000000        -2.621335        -0.081471         6.929819        23.698680        11.328371         0.000000
  2020     1     3     1    56  0.000000        -2.616871        -0.069138         6.932887        23.699317        11.331462         0.000000
  2020     1     3     1    56 30.000000        -2.858966        -0.311907         6.691425        23.453517        11.092320         0.000000
  2020     1     3     1    57  0.000000        -2.398468         0.146874         7.151847        23.918344        11.549716         0.000000
  2020     1     3     1    57 30.000000        -2.530554         0.013949         7.020344        23.789466        11.422971         0.000000
  2020     1     3     1    58  0.000000        -2.823905        -0.280843         6.725403        23.494106        11.126250         0.000000
  2020     1     3     1    58 30.000000        -2.933837        -0.385001         6.616443        23.382216        11.012913         0.000000
  2020     1     3     1    59  0.000000        -2.713701        -0.170690         6.837575        23.603692        11.239796         0.000000
  2020     1     3     1    59 30.000000        -2.771491        -0.222175         6.777291        23.545361        11.180335         0.000000
  2020     1     3     2     0  0.000000        -2.702004        -0.156339         6.849010        23.613641        11.248105         0.000000
  2020     1     3     2     0 30.000000        -2.938510        -0.392562         6.611049        23.389266        11.004122         0.000000
  2020     1     3     2     1  0.000000        -2.763404        -0.213183         6.788720        23.558510        11.186728         0.000000
  2020     1     3     2     1 30.000000        -2.667544        -0.121812         6.881036        23.645313        11.280055         0.000000
  2020     1     3     2     2  0.000000        -2.869672        -0.322148         6.682762        23.451059        11.076568         0.000000
  2020     1     3     2     2 30.000000        -3.133821        -0.585338         6.415798        23.190972        10.813285         0.000000
  2020     1     3     2     3  0.000000        -2.969421        -0.424052         6.581017        23.348173        10.978558         0.000000
  2020     1     3     2     3 30.000000        -2.874765        -0.328913         6.679491        23.429968        11.070579         0.000000
  2020     1     3     2     4  0.000000        -2.727442        -0.183774         6.825655        23.580795        11.222667         0.000000
  2020     1     3     2     4 30.000000        -3.188970        -0.644857         6.363564        23.117440        10.760897         0.000000
  2020     1     3     2     5  0.000000        -2.782586        -0.239074         6.769918        23.527296        11.163290         0.000000
  2020     1     3     2     5 30.000000        -2.712282        -0.168466         6.840000        23.603227        11.233574         0.000000
  2020     1     3     2     6  0.000000        -2.410055         0.134292         7.142711        23.903379        11.540014         0.000000
  2020     1     3     2     6 30.000000        -2.732340        -0.187766         6.820758        23.584584        11.212005         0.000000
  2020     1     3     2     7  0.000000        -2.790577        -0.245769         6.762731        23.526031        11.155957         0.000000
  2020     1     3     2     7 30.000000        -2.657978        -0.108694         6.894235        23.670063        11.290967         0.000000
  2020     1     3     2     8  0.000000        -2.627503        -0.080394         6.923650        23.690345        11.316694         0.000000
  2020     1     3     2     8 30.000000        -2.501547         0.045272         7.051212        23.818054        11.443800         0.000000
  2020     1     3     2     9  0.000000        -2.936139        -0.388156         6.617568        23.377069        11.014429         0.000000
  2020     1     3     2     9 30.000000        -2.477355         0.067941         7.072436        23.836892        11.471785         0.000000
  2020     1     3     2    10  0.000000        -2.699412        -0.151027         6.850676        23.610787        11.251818         0.000000
  2020     1     3     2    10 30.000000        -2.817007        -0.271319         6.730282        23.492176        11.127926         0.000000
  2020     1     3     2    11  0.000000        -2.790779        -0.246401         6.758796        23.523042        11.158548         0.000000
  2020     1     3     2    11 30.000000        -2.750919        -0.205552         6.801321        23.563168        11.198457         0.000000
  2020     1     3     2    12  0.000000        -2.246301         0.296497         7.304749        24.065659        11.700537         0.000000
  2020     1     3     2    12 30.000000        -2.616182        -0.068696         6.932694        23.695706        11.330768         0.000000
  2020     1     3     2    13  0.000000        -2.621838        -0.076700         6.927345        23.682715        11.323836         0.000000
  2020     1     3     2    13 30.000000        -2.368077         0.177825         7.183115        23.943163        11.576712         0.000000
  2020     1     3     2    14  0.000000        -2.788734        -0.240801         6.758944        23.527887        11.157915         0.000000
  2020     1     3     2    14 30.000000        -2.959282        -0.415373         6.584008        23.350107        10.988498         0.000000
  2020     1     3     2    15  0.000000        -2.484742         0.058024         7.059491        23.825856        11.461341         0.000000
  2020     1     3     2    15 30.000000        -2.595296        -0.045632         6.950249        23.719817        11.343794         0.000000
  2020     1     3     2    16  0.000000        -2.481595         0.065455         7.067556        23.828477        11.462592         0.000000
  2020     1     3     2    16 30.000000        -2.782700        -0.239369         6.766606        23.531738        11.162049         0.000000
  2020     1     3     2    17  0.000000        -2.591244        -0.040516         6.961552        23.727800        11.355344         0.000000
  2020     1     3     2    17 30.000000        -2.702217        -0.153202         6.851171        23.614119        11.244426         0.000000
  2020     1     3     2    18  0.000000        -2.478926         0.068313         7.073181        23.834594        11.467162         0.000000
  2020     1     3     2    18 30.000000        -2.777238        -0.229313         6.771770        23.534589        11.165487         0.000000
  2020     1     3     2    19  0.000000        -2.657020        -0.113980         6.892725        23.648880        11.285756         0.000000
  2020     1     3     2    19 30.000000        -2.601399        -0.055806         6.947522        23.714197        11.341465         0.000000
  2020     1     3     2    20  0.000000        -2.232677         0.312696         7.317040        24.083713        11.712398         0.000000
  2020     1     3     2    20 30.000000        -2.721520        -0.174619         6.826870        23.591012        11.227495         0.000000
  2020     1     3     2    21  0.000000        -2.172035         0.376031         7.376697        24.140757        11.774980         0.000000
  2020     1     3     2    21 30.000000        -2.363797         0.184701         7.183889        23.954422        11.588492         0.000000
  2020     1     3     2    22  0.000000        -2.729249        -0.182039         6.820421        23.577388        11.214607         0.000000
  2020     1     3     2    22 30.000000        -2.460046         0.089110         7.090010        23.851038        11.490124         0.000000
  2020     1     3     2    23  0.000000        -2.645705        -0.104442         6.905119        23.663577        11.300812         0.000000
  2020     1     3     2    23 30.000000        -2.377358         0.171150         7.174091        23.933677        11.571454         0.000000
  2020     1     3     2    24  0.000000        -2.370637         0.181177         7.180303        23.940446        11.576991         0.000000
  2020     1     3     2    24 30.000000        -2.967177        -0.411202         6.586019        23.350515        10.987117         0.000000
  2020     1     3     2    25  0.000000        -2.394033         0.154947         7.158397        23.920989        11.557119         0.000000
  2020     1     3     2    25 30.000000        -2.464693         0.086326         7.083596        23.840624        11.482990         0.000000
  2020     1     3     2    26  0.000000        -2.538642         0.011651         7.012571        23.776512        11.411767         0.000000
  2020     1     3     2    26 30.000000        -2.248033         0.306273         7.303106        24.070783        11.705126         0.000000
  2020     1     3     2    27  0.000000        -2.323310         0.227632         7.224211        23.990302        11.631232         0.000000
  2020     1     3     2    27 30.000000        -2.529518         0.020565         7.017533        23.783062        11.421083         0.000000
  2020     1     3     2    28  0.000000        -2.563298        -0.012453         6.982528        23.756238        11.387468         0.000000
  2020     1     3     2    28 30.000000        -2.710527        -0.162127         6.841144        23.608269        11.235670         0.000000
  2020     1     3     2    29  0.000000        -2.712194        -0.161413         6.839167        23.608962        11.234637         0.000000
  2020     1     3     2    29 30.000000        -2.421174         0.128764         7.128762        23.902100        11.528210         0.000000
  2020     1     3     2    30  0.000000        -2.571673        -0.024519         6.980113        23.744042        11.371021         0.000000
  2020     1     3     2    30 30.000000        -2.515413         0.035551         7.036979        23.801033        11.427021         0.000000
  2020     1     3     2    31  0.000000        -2.587232        -0.036268         6.967386        23.729488        11.359594         0.000000
  2020     1     3     2    31 30.000000        -2.516249         0.032737         7.034282        23.800017        11.434917         0.000000
  2020     1     3     2    32  0.000000        -2.384673         0.164196         7.168811        23.924357        11.563917         0.000000
  2020     1     3     2    32 30.000000        -2.356311         0.190518         7.195447        23.950535        11.592644         0.000000
  2020     1     3     2    33  0.000000        -2.600578        -0.049364         6.952003        23.715837        11.350248         0.000000
  2020     1     3     2    33 30.000000        -2.698864        -0.154299         6.854474        23.618725        11.257191         0.000000
  2020     1     3     2    34  0.000000        -2.738232        -0.188201         6.814521        23.582662        11.213936         0.000000
  2020     1     3     2    34 30.000000        -2.605188        -0.058136         6.946710        23.708345        11.344849         0.000000
  2020     1     3     2    35  0.000000        -2.251696         0.293383         7.299135        24.062002        11.698547         0.000000
  2020     1     3     2    35 30.000000        -2.671637        -0.120751         6.878322        23.646749        11.274397         0.000000
  2020     1     3     2    36  0.000000        -2.606407        -0.057083         6.942190        23.712876        11.338182         0.000000
  2020     1     3     2    36 30.000000        -2.423178         0.126499         7.128219        23.898214        11.520784         0.000000
  2020     1     3     2    37  0.000000        -2.483537         0.065972         7.071366        23.831973        11.460852         0.000000
  2020     1     3     2    37 30.000000        -2.633042        -0.089206         6.920503        23.687269        11.311617         0.000000
  2020     1     3     2    38  0.000000        -2.332151         0.219512         7.221266        23.984221        11.614777         0.000000
  2020     1     3     2    38 30.000000        -2.598280        -0.049141         6.953714        23.717452        11.348293         0.000000
  2020     1     3     2    39  0.000000        -2.727615        -0.183140         6.828406        23.586861        11.219960         0.000000
  2020     1     3     2    39 30.000000        -2.550231        -0.006825         7.002211        23.760814        11.397186         0.000000
  2020     1     3     2    40  0.000000        -2.386411         0.165784         7.168330        23.933176        11.561996         0.000000
  2020     1     3     2    40 30.000000        -2.528052         0.018385         7.024320        23.778716        11.415174         0.000000
  2020     1     3     2    41  0.000000        -2.725554        -0.181064         6.826245        23.588958        11.221161         0.000000
  2020     1     3     2    41 30.000000        -2.666149        -0.115377         6.888009        23.644993        11.281210         0.000000
  2020     1     3     2    42  0.000000        -2.486280         0.069812         7.065930        23.822644        11.459848         0.000000
  2020     1     3     2    42 30.000000        -2.405148         0.146286         7.148086        23.905411        11.540125         0.000000
  2020     1     3     2    43  0.000000        -2.461723         0.085472         7.089400        23.845541        11.482592         0.000000
  2020     1     3     2    43 30.000000        -2.514683         0.032305         7.037810        23.791641        11.427141         0.000000
  2020     1     3     2    44  0.000000        -2.702355        -0.157313         6.852035        23.609294        11.238921         0.000000
  2020     1     3     2    44 30.000000        -2.450928         0.089726         7.097524        23.856546        11.487768         0.000000
  2020     1     3     2    45  0.000000        -2.723652        -0.176979         6.826037        23.580051        11.220279         0.000000
  2020     1     3     2    45 30.000000        -2.388055         0.157777         7.164332        23.920695        11.558075         0.000000
  2020     1     3     2    46  0.000000        -2.564034        -0.016482         6.988056        23.746604        11.380489         0.000000
  2020     1     3     2    46 30.000000        -2.772102        -0.224539         6.777870        23.541014        11.168589         0.000000
  2020     1     3     2    47  0.000000        -2.441790         0.105825         7.108829        23.867093        11.497941         0.000000
  2020     1     3     2    47 30.000000        -2.556601        -0.004633         6.995264        23.752686        11.383239         0.000000
  2020     1     3     2    48  0.000000        -2.238055         0.313575         7.310423        24.072742        11.704750         0.000000
  2020     1     3     2    48 30.000000        -2.619521        -0.069165         6.927646        23.694185        11.324593         0.000000
  2020     1     3     2    49  0.000000        -2.664846        -0.116519         6.883691        23.648289        11.281962         0.000000
  2020     1     3     2    49 30.000000        -2.330798         0.211604         7.217283        23.984535        11.615041         0.000000
  2020     1     3     2    50  0.000000        -2.079095         0.467921         7.467857        24.230684        11.867873         0.000000
  2020     1     3     2    50 30.000000        -2.375856         0.169615         7.172247        23.934198        11.570949         0.000000
  2020     1     3     2    51  0.000000        -2.844936        -0.297796         6.702122        23.470585        11.097679         0.000000
  2020     1     3     2    51 30.000000        -2.361705         0.185211         7.189335        23.950998        11.581786         0.000000
  2020     1     3     2    52  0.000000        -2.607279        -0.060061         6.944523        23.711248        11.329781         0.000000
  2020     1     3     2    52 30.000000        -2.789793        -0.243786         6.761093        23.521796        11.150480         0.000000
  2020     1     3     2    53  0.000000        -2.761957        -0.218800         6.790247        23.546680        11.182551         0.000000
  2020     1     3     2    53 30.000000        -2.586313        -0.038281         6.963980        23.724783        11.360412         0.000000
  2020     1     3     2    54  0.000000        -2.563084        -0.017861         6.985129        23.743220        11.381710         0.000000
  2020     1     3     2    54 30.000000        -2.506162         0.044714         7.045715        23.811264        11.439707         0.000000
  2020     1     3     2    55  0.000000        -2.303066         0.246434         7.248683        24.005992        11.646775         0.000000
  2020     1     3     2    55 30.000000        -2.530929         0.014536         7.020897        23.783401        11.416251         0.000000
  2020     1     3     2    56  0.000000        -2.200984         0.340190         7.351166        24.110668        11.747429         0.000000
  2020     1     3     2    56 30.000000        -2.346154         0.202919         7.207700        23.975521        11.597513         0.000000
  2020     1     3     2    57  0.000000        -2.391672         0.151790         7.160091        23.928718        11.557335         0.000000
  2020     1     3     2    57 30.000000        -2.281642         0.000000         7.269149        24.032144        11.660367         0.000000
  2020     1     3     2    58  0.000000        -1.890801         0.656646         7.658582        24.419908        12.051192         0.000000
  2020     1     3     2    58 30.000000        -2.405113         0.142499         7.144002        23.906169        11.534883         0.000000
  2020     1     3     2    59  0.000000        -2.433379         0.109928         7.114279        23.875267        11.508770         0.000000
  2020     1     3     2    59 30.000000        -2.029025         0.516091         7.520626        24.273651        11.912770         0.000000
  2020     1     3     3     0  0.000000        -2.616004        -0.072850         6.931333        23.693297        11.322810         0.000000
  2020     1     3     3     0 30.000000        -2.218250         0.330469         7.330552        24.095738        11.720281         0.000000
  2020     1     3     3     1  0.000000        -2.332221         0.221504         7.215989        23.980309        11.607851         0.000000
  2020     1     3     3     1 30.000000        -2.517738         0.029374         7.030772        23.797694        11.423345         0.000000
  2020     1     3     3     2  0.000000        -2.430592         0.115286         7.122543        23.880272        11.516728         0.000000
  2020     1     3     3     2 30.000000        -2.215204         0.335060         7.334696        24.093805        11.733827         0.000000
  2020     1     3     3     3  0.000000        -2.035995         0.507420         7.512868        24.276337        11.906623         0.000000
  2020     1     3     3     3 30.000000        -2.243427         0.302736         7.305095        24.071381        11.697371         0.000000
  2020     1     3     3     4  0.000000        -2.095110         0.452010         7.449391        24.212500        11.843266         0.000000
  2020     1     3     3     4 30.000000        -2.561253        -0.010243         6.984855        23.748460        11.378846         0.000000
  2020     1     3     3     5  0.000000        -2.057100         0.493364         7.485572        24.255096        11.885270         0.000000
  2020     1     3     3     5 30.000000        -2.200738         0.351133         7.349309        24.115111        11.743458         0.000000
  2020     1     3     3     6  0.000000        -2.304145         0.246300         7.247721        24.007663        11.637702         0.000000
  2020     1     3     3     6 30.000000        -2.293355         0.258773         7.258922        24.020776        11.645716         0.000000
  2020     1     3     3     7  0.000000        -2.119879         0.430753         7.434032        24.194256        11.821282         0.000000
  2020     1     3     3     7 30.000000        -2.080747         0.469736         7.471492        24.229044        11.858948         0.000000
  2020     1     3     3     8  0.000000        -2.423151         0.127953         7.126146        23.890184        11.516619         0.000000
  2020     1     3     3     8 30.000000        -2.300770         0.247377         7.250931        24.008340        11.633249         0.000000
  2020     1     3     3     9  0.000000        -1.996533         0.549383         7.553240        24.307656        11.945844         0.000000
  2020     1     3     3     9 30.000000        -2.273094         0.277058         7.275552        24.037077        11.665418         0.000000
  2020     1     3     3    10  0.000000        -2.082667         0.460394         7.467819        24.225909        11.859237         0.000000
  2020     1     3     3    10 30.000000        -2.024080         0.523426         7.527220        24.289975        11.915128         0.000000
  2020     1     3     3    11  0.000000        -2.459119         0.091765         7.089652        23.858174        11.482302         0.000000
  2020     1     3     3    11 30.000000        -2.091383         0.455063         7.456863        24.223907        11.845894         0.000000
  2020     1     3     3    12  0.000000        -2.113943         0.432853         7.432621        24.198031        11.826149         0.000000
  2020     1     3     3    12 30.000000        -2.316387         0.234782         7.232552        24.002100        11.627584         0.000000
  2020     1     3     3    13  0.000000        -2.314272         0.231350         7.236604        24.000872        11.628447         0.000000
  2020     1     3     3    13 30.000000        -1.946444         0.601112         7.601746        24.365300        11.997862         0.000000
  2020     1     3     3    14  0.000000        -2.198429         0.351532         7.352257        24.115833        11.743408         0.000000
  2020     1     3     3    14 30.000000        -2.270094         0.274128         7.282585        24.043050        11.668632         0.000000
  2020     1     3     3    15  0.000000        -2.305184         0.241366         7.248681        24.011390        11.634740         0.000000
  2020     1     3     3    15 30.000000        -2.194812         0.350804         7.357992        24.116365        11.753504         0.000000
  2020     1     3     3    16  0.000000        -2.335858         0.211691         7.215743        23.980000        11.605483         0.000000
  2020     1     3     3    16 30.000000        -2.122394         0.422553         7.429921        24.192206        11.816480         0.000000
  2020     1     3     3    17  0.000000        -2.430371         0.116233         7.120840        23.889175        11.509809         0.000000
  2020     1     3     3    17 30.000000        -2.054694         0.494986         7.498754        24.262173        11.890725         0.000000
  2020     1     3     3    18  0.000000        -2.440138         0.106046         7.110116        23.880209        11.504448         0.000000
  2020     1     3     3    18 30.000000        -2.357594         0.192726         7.193169        23.960479        11.591886         0.000000
  2020     1     3     3    19  0.000000        -2.208731         0.339225         7.340377        24.104984        11.737811         0.000000
  2020     1     3     3    19 30.000000        -2.076882         0.468612         7.473396        24.240781        11.865238         0.000000
  2020     1     3     3    20  0.000000        -2.015836         0.530591         7.534736        24.299514        11.925879         0.000000
  2020     1     3     3    20 30.000000        -2.102646         0.446729         7.449528        24.208992        11.842865         0.000000
  2020     1     3     3    21  0.000000        -2.183151         0.364206         7.366985        24.129320        11.761272         0.000000
  2020     1     3     3    21 30.000000        -2.128626         0.420347         7.421932        24.184206        11.811754         0.000000
  2020     1     3     3    22  0.000000        -1.895261         0.651587         7.654915        24.418621        12.044712         0.000000
  2020     1     3     3    22 30.000000        -2.198176         0.348805         7.350444        24.109024        11.739362         0.000000
  2020     1     3     3    23  0.000000        -2.252532         0.294261         7.299082        24.059884        11.694162         0.000000
  2020     1     3     3    23 30.000000        -2.103783         0.444485         7.448493        24.210415        11.844464         0.000000
  2020     1     3     3    24  0.000000        -2.291512         0.252836         7.260682        24.015894        11.654178         0.000000
  2020     1     3     3    24 30.000000        -2.076937         0.470696         7.475628        24.237614        11.866094         0.000000
  2020     1     3     3    25  0.000000        -2.220379         0.322828         7.331487        24.092192        11.719871         0.000000
  2020     1     3     3    25 30.000000        -2.160453         0.386355         7.391340        24.160272        11.783920         0.000000
  2020     1     3     3    26  0.000000        -1.980705         0.563490         7.569211        24.336707        11.960419         0.000000
  2020     1     3     3    26 30.000000        -1.935215         0.611787         7.613839        24.379757        12.002987         0.000000
  2020     1     3     3    27  0.000000        -1.708783         0.832756         7.842165        24.600467        12.231140         0.000000
  2020     1     3     3    27 30.000000        -2.151171         0.392880         7.401404        24.164116        11.788298         0.000000
  2020     1     3     3    28  0.000000        -1.950503         0.591381         7.599251        24.360104        11.987350         0.000000
  2020     1     3     3    28 30.000000        -2.248763         0.294877         7.303206        24.069157        11.692931         0.000000
  2020     1     3     3    29  0.000000        -2.134552         0.414302         7.418241        24.184907        11.810146         0.000000
  2020     1     3     3    29 30.000000        -1.992333         0.552656         7.563079        24.326540        11.946471         0.000000
  2020     1     3     3    30  0.000000        -2.030900         0.514928         7.520501        24.285714        11.906942         0.000000
  2020     1     3     3    30 30.000000        -2.195888         0.345759         7.352147        24.125028        11.742185         0.000000
  2020     1     3     3    31  0.000000        -1.929574         0.616089         7.621015        24.388834        12.013284         0.000000
  2020     1     3     3    31 30.000000        -2.000796         0.542611         7.549006        24.318446        11.940417         0.000000
  2020     1     3     3    32  0.000000        -2.298537         0.243910         7.253442        24.021481        11.636703         0.000000
  2020     1     3     3    32 30.000000        -2.196330         0.351984         7.353583        24.122496        11.739938         0.000000
  2020     1     3     3    33  0.000000        -1.971702         0.576872         7.575556        24.344216        11.965687         0.000000
  2020     1     3     3    33 30.000000        -2.185948         0.360383         7.364796        24.127196        11.752137         0.000000
  2020     1     3     3    34  0.000000        -2.241190         0.305432         7.310883        24.073263        11.701550         0.000000
  2020     1     3     3    34 30.000000        -2.266465         0.275864         7.284812        24.045061        11.672909         0.000000
  2020     1     3     3    35  0.000000        -2.347442         0.200394         7.203671        23.969605        11.592515         0.000000
  2020     1     3     3    35 30.000000        -1.760016         0.782674         7.789360        24.554020        12.177027         0.000000
  2020     1     3     3    36  0.000000        -2.055392         0.485417         7.495902        24.257348        11.882326         0.000000
  2020     1     3     3    36 30.000000        -2.125107         0.411693         7.427602        24.188649        11.815493         0.000000
  2020     1     3     3    37  0.000000        -2.194257         0.349993         7.358011        24.120322        11.751360         0.000000
  2020     1     3     3    37 30.000000        -1.977291         0.565254         7.576592        24.339084        11.965528         0.000000
  2020     1     3     3    38  0.000000        -2.117360         0.423122         7.434884        24.200870        11.821187         0.000000
  2020     1     3     3    38 30.000000        -1.706666         0.840882         7.843042        24.606468        12.233503         0.000000
  2020     1     3     3    39  0.000000        -2.333821         0.206815         7.216449        23.984015        11.609884         0.000000
  2020     1     3     3    39 30.000000        -2.604314        -0.065098         6.946602        23.708217        11.343642         0.000000
  2020     1     3     3    40  0.000000        -2.060266         0.484801         7.492433        24.252015        11.880493         0.000000
  2020     1     3     3    40 30.000000        -2.099567         0.446913         7.450906        24.223435        11.844187         0.000000
  2020     1     3     3    41  0.000000        -2.004994         0.538170         7.542661        24.312852        11.934612         0.000000
  2020     1     3     3    41 30.000000        -1.884077         0.660191         7.665917        24.432685        12.060627         0.000000
  2020     1     3     3    42  0.000000        -2.300546         0.245184         7.248517        24.019334        11.646836         0.000000
  2020     1     3     3    42 30.000000        -2.381556         0.161247         7.167399        23.939760        11.559864         0.000000
  2020     1     3     3    43  0.000000        -1.918677         0.629801         7.630615        24.399541        12.021942         0.000000
  2020     1     3     3    43 30.000000        -2.098199         0.443312         7.448799        24.214512        11.845636         0.000000
  2020     1     3     3    44  0.000000        -2.030499         0.512130         7.517189        24.288431        11.916475         0.000000
  2020     1     3     3    44 30.000000        -2.151750         0.393292         7.393392        24.165146        11.790601         0.000000
  2020     1     3     3    45  0.000000        -2.109563         0.430934         7.434048        24.203065        11.829151         0.000000
  2020     1     3     3    45 30.000000        -2.349384         0.194974         7.199137        23.965570        11.592691         0.000000
  2020     1     3     3    46  0.000000        -2.018039         0.528209         7.530362        24.300707        11.923373         0.000000
  2020     1     3     3    46 30.000000        -1.933226         0.607068         7.616651        24.384925        12.005843         0.000000
  2020     1     3     3    47  0.000000        -1.962812         0.578560         7.587184        24.358747        11.980077         0.000000
  2020     1     3     3    47 30.000000        -2.236368         0.311233         7.315127        24.089272        11.708157         0.000000
  2020     1     3     3    48  0.000000        -2.295070         0.246770         7.255206        24.021921        11.648629         0.000000
  2020     1     3     3    48 30.000000        -2.229841         0.314223         7.320136        24.088741        11.713018         0.000000
  2020     1     3     3    49  0.000000        -1.870589         0.673013         7.681968        24.448001        12.065218         0.000000
  2020     1     3     3    49 30.000000        -1.983577         0.557862         7.562627        24.334993        11.955013         0.000000
  2020     1     3     3    50  0.000000        -2.512867         0.025463         7.037650        23.799906        11.428448         0.000000
  2020     1     3     3    50 30.000000        -1.947669         0.592835         7.606323        24.369297        11.991182         0.000000
  2020     1     3     3    51  0.000000        -1.910930         0.627445         7.639794        24.409336        12.024700         0.000000
  2020     1     3     3    51 30.000000        -2.292206         0.245511         7.256322        24.025988        11.643796         0.000000
  2020     1     3     3    52  0.000000        -2.045027         0.496815         7.501206        24.266728        11.890327         0.000000
  2020     1     3     3    52 30.000000        -2.131227         0.412007         7.421133        24.183730        11.810306         0.000000
  2020     1     3     3    53  0.000000        -2.133041         0.408857         7.418739        24.180065        11.807093         0.000000
  2020     1     3     3    53 30.000000        -2.000191         0.545619         7.548849        24.312540        11.943362         0.000000
  2020     1     3     3    54  0.000000        -1.716127         0.831149         7.830986        24.598963        12.225739         0.000000
  2020     1     3     3    54 30.000000        -2.090333         0.453584         7.457196        24.225439        11.846669         0.000000
  2020     1     3     3    55  0.000000        -2.006369         0.539881         7.541798        24.312436        11.935432         0.000000
  2020     1     3     3    55 30.000000        -1.893277         0.650839         7.654043        24.418358        12.045336         0.000000
  2020     1     3     3    56  0.000000        -2.259853         0.288459         7.291385        24.057685        11.682850         0.000000
  2020     1     3     3    56 30.000000        -1.840392         0.704237         7.710876        24.474791        12.105267         0.000000
  2020     1     3     3    57  0.000000        -1.848366         0.695891         7.701342        24.470346        12.094962         0.000000
  2020     1     3     3    57 30.000000        -2.074261         0.471133         7.474039        24.239920        11.867613         0.000000
  2020     1     3     3    58  0.000000        -2.026892         0.514093         7.524994        24.287730        11.911858         0.000000
  2020     1     3     3    58 30.000000        -2.029773         0.513238         7.519018        24.286446        11.910550         0.000000
  2020     1     3     3    59  0.000000        -1.937627         0.600466         7.606766        24.373011        12.003243         0.000000
  2020     1     3     3    59 30.000000        -1.845428         0.695076         7.703335        24.467766        12.094328         0.000000
  2020     1     3     4     0  0.000000        -2.117378         0.423537         7.432730        24.195438        11.826613         0.000000
  2020     1     3     4     0 30.000000        -2.568296        -0.026369         6.980633        23.749193        11.376969         0.000000
  2020     1     3     4     1  0.000000        -1.872986         0.669588         7.679195        24.443005        12.070084         0.000000
  2020     1     3     4     1 30.000000        -1.954237         0.589518         7.597313        24.369846        11.988636         0.000000
  2020     1     3     4     2  0.000000        -2.351154         0.190952         7.197349        23.963309        11.587948         0.000000
  2020     1     3     4     2 30.000000        -2.166569         0.371367         7.379308        24.149285        11.771243         0.000000
  2020     1     3     4     3  0.000000        -2.336728         0.201675         7.208177        23.981217        11.601754         0.000000
  2020     1     3     4     3 30.000000        -1.936702         0.601467         7.612733        24.379525        12.006540         0.000000
  2020     1     3     4     4  0.000000        -2.190082         0.346628         7.359019        24.128431        11.749434         0.000000
  2020     1     3     4     4 30.000000        -2.340757         0.196940         7.210491        23.979708        11.598719         0.000000
  2020     1     3     4     5  0.000000        -2.180710         0.356430         7.369038        24.137917        11.759102         0.000000
  2020     1     3     4     5 30.000000        -2.104789         0.433295         7.443280        24.211740        11.830526         0.000000
  2020     1     3     4     6  0.000000        -2.298392         0.239328         7.248478        24.019696        11.635904         0.000000
  2020     1     3     4     6 30.000000        -2.481414         0.056554         7.067473        23.835996        11.455971         0.000000
  2020     1     3     4     7  0.000000        -2.190632         0.348330         7.357420        24.126595        11.747163         0.000000
  2020     1     3     4     7 30.000000        -2.318512         0.216468         7.226544        23.991844        11.612398         0.000000
  2020     1     3     4     8  0.000000        -2.008480         0.529596         7.536219        24.308327        11.926989         0.000000
  2020     1     3     4     8 30.000000        -2.465680         0.074508         7.083252        23.851439        11.467782         0.000000
  2020     1     3     4     9  0.000000        -2.501124         0.034735         7.047024        23.817543        11.432072         0.000000
  2020     1     3     4     9 30.000000        -2.373359         0.163398         7.173522        23.942454        11.559664         0.000000
  2020     1     3     4    10  0.000000        -2.083051         0.453111         7.463144        24.232683        11.847112         0.000000
  2020     1     3     4    10 30.000000        -2.396974         0.140189         7.152118        23.919010        11.539795         0.000000
  2020     1     3     4    11  0.000000        -2.276080         0.262486         7.273557        24.041628        11.660897         0.000000
  2020     1     3     4    11 30.000000        -2.122532         0.419017         7.429034        24.195765        11.815647         0.000000
  2020     1     3     4    12  0.000000        -2.436022         0.102440         7.112221        23.882705        11.496043         0.000000
  2020     1     3     4    12 30.000000        -2.072152         0.469186         7.476044        24.246245        11.862514         0.000000
  2020     1     3     4    13  0.000000        -2.421724         0.122984         7.127107        23.894790        11.513816         0.000000
  2020     1     3     4    13 30.000000        -2.180393         0.359338         7.369085        24.139008        11.756590         0.000000
  2020     1     3     4    14  0.000000        -2.386644         0.153081         7.161194        23.932284        11.550393         0.000000
  2020     1     3     4    14 30.000000        -2.423484         0.115284         7.121855        23.897196        11.513497         0.000000
  2020     1     3     4    15  0.000000        -2.787658        -0.246689         6.762615        23.524235        11.152149         0.000000
  2020     1     3     4    15 30.000000        -2.560362        -0.022365         6.989988        23.755477        11.378176         0.000000
  2020     1     3     4    16  0.000000        -2.336861         0.201921         7.212519        23.980543        11.599667         0.000000
  2020     1     3     4    16 30.000000        -2.492730         0.048561         7.056889        23.829273        11.446982         0.000000
  2020     1     3     4    17  0.000000        -2.552193        -0.013869         6.997214        23.767939        11.387143         0.000000
  2020     1     3     4    17 30.000000        -2.359240         0.183175         7.194594        23.960618        11.583812         0.000000
  2020     1     3     4    18  0.000000        -2.115602         0.429545         7.433225        24.204009        11.824388         0.000000
  2020     1     3     4    18 30.000000        -2.323798         0.218795         7.224840        23.996378        11.618652         0.000000
  2020     1     3     4    19  0.000000        -2.202455         0.338186         7.344251        24.120265        11.738771         0.000000
  2020     1     3     4    19 30.000000        -2.581358        -0.040515         6.968513        23.738954        11.361768         0.000000
  2020     1     3     4    20  0.000000        -2.500466         0.039735         7.048993        23.822012        11.442334         0.000000
  2020     1     3     4    20 30.000000        -2.345068         0.194970         7.205203        23.976280        11.595325         0.000000
  2020     1     3     4    21  0.000000        -2.494386         0.042518         7.053003        23.820389        11.442847         0.000000
  2020     1     3     4    21 30.000000        -2.702521        -0.163803         6.842458        23.614504        11.237841         0.000000
  2020     1     3     4    22  0.000000        -2.598188        -0.057018         6.947216        23.717816        11.343285         0.000000
  2020     1     3     4    22 30.000000        -2.599881        -0.059978         6.947351        23.715021        11.340170         0.000000
  2020     1     3     4    23  0.000000        -2.353519         0.187151         7.195236        23.964332        11.588695         0.000000
  2020     1     3     4    23 30.000000        -3.027486        -0.491313         6.519593        23.288492        10.911921         0.000000
  2020     1     3     4    24  0.000000        -2.434974         0.105851         7.111478        23.880940        11.502473         0.000000
  2020     1     3     4    24 30.000000        -2.597106        -0.059353         6.950227        23.719256        11.342214         0.000000
  2020     1     3     4    25  0.000000        -2.566777        -0.030215         6.980984        23.744475        11.374620         0.000000
  2020     1     3     4    25 30.000000        -2.313598         0.225210         7.233702        24.004526        11.624072         0.000000
  2020     1     3     4    26  0.000000        -2.479103         0.057821         7.069564        23.841078        11.460025         0.000000
  2020     1     3     4    26 30.000000        -2.618861        -0.081832         6.928414        23.701781        11.322877         0.000000
  2020     1     3     4    27  0.000000        -2.673002        -0.134826         6.876086        23.649081        11.268748         0.000000
  2020     1     3     4    27 30.000000        -2.749405        -0.207703         6.800580        23.571506        11.188535         0.000000
  2020     1     3     4    28  0.000000        -2.419200         0.121665         7.128760        23.899776        11.522495         0.000000
  2020     1     3     4    28 30.000000        -2.506722         0.033024         7.039999        23.811926        11.432264         0.000000
  2020     1     3     4    29  0.000000        -2.780742        -0.243157         6.767587        23.539411        11.160190         0.000000
  2020     1     3     4    29 30.000000        -2.925536        -0.385123         6.625337        23.394936        11.016746         0.000000
  2020     1     3     4    30  0.000000        -2.900782        -0.358613         6.650453        23.418792        11.041852         0.000000
  2020     1     3     4    30 30.000000        -3.022875        -0.480659         6.527294        23.294965        10.920058         0.000000
  2020     1     3     4    31  0.000000        -2.533491         0.007966         7.015104        23.784786        11.407493         0.000000
  2020     1     3     4    31 30.000000        -2.617068        -0.072213         6.933133        23.699832        11.323212         0.000000
  2020     1     3     4    32  0.000000        -2.700976        -0.154526         6.850453        23.620524        11.242017         0.000000
  2020     1     3     4    32 30.000000        -2.570265        -0.030819         6.979693        23.740869        11.371617         0.000000
  2020     1     3     4    33  0.000000        -2.517792         0.020640         7.028902        23.795162        11.421927         0.000000
  2020     1     3     4    33 30.000000        -2.606534        -0.071252         6.938531        23.707585        11.333991         0.000000
  2020     1     3     4    34  0.000000        -2.522558         0.014184         7.025417        23.791522        11.417130         0.000000
  2020     1     3     4    34 30.000000        -2.549662        -0.008676         7.000710        23.764132        11.395329         0.000000
  2020     1     3     4    35  0.000000        -2.545036        -0.004773         7.002629        23.778278        11.396045         0.000000
  2020     1     3     4    35 30.000000        -2.422283         0.120908         7.125267        23.897801        11.520632         0.000000
  2020     1     3     4    36  0.000000        -2.797330        -0.254765         6.752408        23.526446        11.146420         0.000000
  2020     1     3     4    36 30.000000        -2.709785        -0.173716         6.835124        23.612426        11.232464         0.000000
  2020     1     3     4    37  0.000000        -2.421532         0.114113         7.124795        23.899512        11.523781         0.000000
  2020     1     3     4    37 30.000000        -2.449535         0.093057         7.098607        23.873274        11.491436         0.000000
  2020     1     3     4    38  0.000000        -2.809084        -0.267297         6.741333        23.512541        11.133746         0.000000
  2020     1     3     4    38 30.000000        -2.434529         0.108507         7.116188        23.884543        11.508142         0.000000
  2020     1     3     4    39  0.000000        -2.661528        -0.120979         6.886233        23.653436        11.278608         0.000000
  2020     1     3     4    39 30.000000        -2.775155        -0.232655         6.774269        23.541524        11.162094         0.000000
  2020     1     3     4    40  0.000000        -2.875080        -0.339441         6.672812        23.440633        11.067118         0.000000
  2020     1     3     4    40 30.000000        -2.596163        -0.054078         6.953789        23.718388        11.343801         0.000000
  2020     1     3     4    41  0.000000        -2.394993         0.147350         7.156357        23.922673        11.547832         0.000000
  2020     1     3     4    41 30.000000        -2.511286         0.031418         7.039234        23.805288        11.429414         0.000000
  2020     1     3     4    42  0.000000        -2.613711        -0.073104         6.935065        23.695998        11.327675         0.000000
  2020     1     3     4    42 30.000000        -2.604228        -0.065431         6.943706        23.705825        11.332551         0.000000
  2020     1     3     4    43  0.000000        -2.753826        -0.211307         6.792911        23.556359        11.185403         0.000000
  2020     1     3     4    43 30.000000        -2.666871        -0.125279         6.882598        23.648732        11.275789         0.000000
  2020     1     3     4    44  0.000000        -2.550964        -0.005833         7.001305        23.766873        11.395543         0.000000
  2020     1     3     4    44 30.000000        -2.794114        -0.248823         6.754400        23.525357        11.150610         0.000000
  2020     1     3     4    45  0.000000        -2.395292         0.150008         7.155829        23.919864        11.544763         0.000000
  2020     1     3     4    45 30.000000        -3.058147        -0.515793         6.492759        23.259552        10.884510         0.000000
  2020     1     3     4    46  0.000000        -2.575506        -0.040523         6.973681        23.740332        11.364922         0.000000
  2020     1     3     4    46 30.000000        -2.597535        -0.056269         6.956395        23.722676        11.347715         0.000000
  2020     1     3     4    47  0.000000        -2.400902         0.142532         7.152342        23.914262        11.542662         0.000000
  2020     1     3     4    47 30.000000        -2.501463         0.037121         7.050135        23.814969        11.441032         0.000000
  2020     1     3     4    48  0.000000        -2.607937        -0.068790         6.941142        23.705392        11.331949         0.000000
  2020     1     3     4    48 30.000000        -2.587007        -0.049052         6.961779        23.722712        11.352374         0.000000
  2020     1     3     4    49  0.000000        -2.445016         0.089931         7.103623        23.871606        11.494235         0.000000
  2020     1     3     4    49 30.000000        -2.444838         0.098224         7.106822        23.864632        11.495431         0.000000
  2020     1     3     4    50  0.000000        -2.986044        -0.443568         6.565120        23.326587        10.953419         0.000000
  2020     1     3     4    50 30.000000        -2.760551        -0.223721         6.789205        23.556060        11.177394         0.000000
  2020     1     3     4    51  0.000000        -2.725064        -0.184119         6.823610        23.585680        11.211316         0.000000
  2020     1     3     4    51 30.000000        -2.902600        -0.363537         6.649061        23.411968        11.038447         0.000000
  2020     1     3     4    52  0.000000        -2.539516        -0.000050         7.012741        23.774830        11.400063         0.000000
  2020     1     3     4    52 30.000000        -2.735871        -0.194197         6.812134        23.583363        11.201770         0.000000
  2020     1     3     4    53  0.000000        -2.931389        -0.390019         6.619883        23.383726        11.011766         0.000000
  2020     1     3     4    53 30.000000        -2.985042        -0.444134         6.566643        23.327062        10.958412         0.000000
  2020     1     3     4    54  0.000000        -2.770640        -0.226837         6.782070        23.543490        11.175071         0.000000
  2020     1     3     4    54 30.000000        -2.817873        -0.275854         6.733776        23.494359        11.127931         0.000000
  2020     1     3     4    55  0.000000        -2.713842        -0.171000         6.838702        23.600841        11.232461         0.000000
  2020     1     3     4    55 30.000000        -2.782383        -0.243014         6.770305        23.531700        11.160321         0.000000
  2020     1     3     4    56  0.000000        -2.849379        -0.310706         6.699222        23.460499        11.092698         0.000000
  2020     1     3     4    56 30.000000        -2.514150         0.026663         7.037517        23.792109        11.428358         0.000000
  2020     1     3     4    57  0.000000        -2.560940        -0.022605         6.990166        23.753158        11.383566         0.000000
  2020     1     3     4    57 30.000000        -2.353066         0.186696         7.195851        23.957545        11.587666         0.000000
  2020     1     3     4    58  0.000000        -2.520816         0.016925         7.029637        23.788281        11.418873         0.000000
  2020     1     3     4    58 30.000000        -2.536373         0.008978         7.016063        23.775987        11.406739         0.000000
  2020     1     3     4    59  0.000000        -2.387241         0.155499         7.165359        23.924177        11.553765         0.000000
  2020     1     3     4    59 30.000000        -2.373620         0.170643         7.175684        23.942219        11.568962         0.000000
  2020     1     3     5     0  0.000000        -2.419481         0.124373         7.131529        23.894619        11.522644         0.000000
  2020     1     3     5     0 30.000000        -2.669207        -0.122460         6.882999        23.645145        11.278380         0.000000
  2020     1     3     5     1  0.000000        -2.133075         0.413004         7.417733        24.184162        11.815459         0.000000
  2020     1     3     5     1 30.000000        -2.694229        -0.149494         6.859688        23.625264        11.253897         0.000000
  2020     1     3     5     2  0.000000        -2.475059         0.070125         7.075716        23.841294        11.469056         0.000000
  2020     1     3     5     2 30.000000        -2.237662         0.305532         7.313457        24.077989        11.708934         0.000000
  2020     1     3     5     3  0.000000        -2.521512         0.020165         7.028626        23.795290        11.419292         0.000000
  2020     1     3     5     3 30.000000        -2.483958         0.055809         7.065751        23.828509        11.454547         0.000000
  2020     1     3     5     4  0.000000        -2.160652         0.379978         7.390526        24.154816        11.781816         0.000000
  2020     1     3     5     4 30.000000        -2.486782         0.054804         7.063736        23.823938        11.452735         0.000000
  2020     1     3     5     5  0.000000        -2.586805        -0.046784         6.965091        23.727136        11.354208         0.000000
  2020     1     3     5     5 30.000000        -2.304901         0.235951         7.245552        24.011378        11.636084         0.000000
  2020     1     3     5     6  0.000000        -2.512527         0.028083         7.036112        23.802028        11.431596         0.000000
  2020     1     3     5     6 30.000000        -2.582886        -0.046141         6.968487        23.730872        11.356753         0.000000
  2020     1     3     5     7  0.000000        -1.949289         0.588330         7.601442        24.365788        11.994726         0.000000
  2020     1     3     5     7 30.000000        -2.736920        -0.196529         6.814524        23.573921        11.206819         0.000000
  2020     1     3     5     8  0.000000        -2.372465         0.168069         7.177069        23.945359        11.571294         0.000000
  2020     1     3     5     8 30.000000        -2.417320         0.119975         7.132595        23.895111        11.525315         0.000000
  2020     1     3     5     9  0.000000        -2.644060        -0.101722         6.904853        23.674634        11.298879         0.000000
  2020     1     3     5     9 30.000000        -2.698788        -0.156443         6.852894        23.619327        11.244859         0.000000
  2020     1     3     5    10  0.000000        -2.543628         0.002621         7.007604        23.773216        11.400143         0.000000
  2020     1     3     5    10 30.000000        -2.156718         0.384010         7.397229        24.158871        11.784001         0.000000
  2020     1     3     5    11  0.000000        -2.524180         0.015493         7.027458        23.790810        11.416212         0.000000
  2020     1     3     5    11 30.000000        -2.481886         0.061350         7.070184        23.832488        11.457626         0.000000
  2020     1     3     5    12  0.000000        -2.459049         0.081503         7.087594        23.852326        11.479990         0.000000
  2020     1     3     5    12 30.000000        -2.555017        -0.011480         6.995331        23.757862        11.386158         0.000000
  2020     1     3     5    13  0.000000        -2.243032         0.295856         7.303671        24.068641        11.695623         0.000000
  2020     1     3     5    13 30.000000        -2.469410         0.070237         7.078837        23.848543        11.469637         0.000000
  2020     1     3     5    14  0.000000        -2.647456        -0.109631         6.900279        23.665842        11.289964         0.000000
  2020     1     3     5    14 30.000000        -2.623194        -0.086882         6.922526        23.688160        11.316093         0.000000
  2020     1     3     5    15  0.000000        -2.380299         0.157437         7.166495        23.928738        11.556846         0.000000
  2020     1     3     5    15 30.000000        -2.631654        -0.088927         6.916405        23.684242        11.311142         0.000000
  2020     1     3     5    16  0.000000        -2.536880         0.003350         7.014514        23.773462        11.406301         0.000000
  2020     1     3     5    16 30.000000        -2.535370         0.007174         7.015603        23.781988        11.410381         0.000000
  2020     1     3     5    17  0.000000        -2.546577        -0.003547         7.003149        23.769132        11.401769         0.000000
  2020     1     3     5    17 30.000000        -2.443877         0.094900         7.103073        23.871412        11.502187         0.000000
  2020     1     3     5    18  0.000000        -2.478946         0.061069         7.069337        23.834281        11.464773         0.000000
  2020     1     3     5    18 30.000000        -2.637761        -0.095265         6.913146        23.677275        11.305335         0.000000
  2020     1     3     5    19  0.000000        -2.493245         0.047240         7.059813        23.822582        11.448415         0.000000
  2020     1     3     5    19 30.000000        -2.106308         0.433424         7.442331        24.204347        11.835026         0.000000
  2020     1     3     5    20  0.000000        -2.253525         0.285390         7.299725        24.059424        11.692078         0.000000
  2020     1     3     5    20 30.000000        -2.409827         0.135671         7.144525        23.906509        11.537877         0.000000
  2020     1     3     5    21  0.000000        -2.239670         0.302538         7.314213        24.075663        11.706421         0.000000
  2020     1     3     5    21 30.000000        -2.616797        -0.075625         6.938027        23.701770        11.326843         0.000000
  2020     1     3     5    22  0.000000        -2.614174        -0.072540         6.941581        23.701407        11.330162         0.000000
  2020     1     3     5    22 30.000000        -2.187454         0.348156         7.361658        24.125455        11.754871         0.000000
  2020     1     3     5    23  0.000000        -2.394619         0.142368         7.157834        23.922044        11.548907         0.000000
  2020     1     3     5    23 30.000000        -2.329383         0.205805         7.224979        23.980234        11.609676         0.000000
  2020     1     3     5    24  0.000000        -2.511020         0.029817         7.043838        23.806803        11.430965         0.000000
  2020     1     3     5    24 30.000000        -2.187136         0.352273         7.369781        24.129974        11.754967         0.000000
  2020     1     3     5    25  0.000000        -2.206530         0.334039         7.349750        24.106560        11.737567         0.000000
  2020     1     3     5    25 30.000000        -2.088888         0.448740         7.462246        24.220144        11.850667         0.000000
  2020     1     3     5    26  0.000000        -2.540463        -0.001352         7.010409        23.778129        11.403309         0.000000
  2020     1     3     5    26 30.000000        -2.466145         0.070554         7.085521        23.851698        11.474580         0.000000
  2020     1     3     5    27  0.000000        -2.161130         0.378535         7.387870        24.154245        11.778172         0.000000
  2020     1     3     5    27 30.000000        -2.331957         0.213717         7.220337        23.987214        11.612729         0.000000
  2020     1     3     5    28  0.000000        -2.401973         0.141749         7.150663        23.913300        11.545219         0.000000
  2020     1     3     5    28 30.000000        -2.120578         0.426301         7.434891        24.198937        11.824323         0.000000
  2020     1     3     5    29  0.000000        -2.287782         0.255887         7.265179        24.033610        11.655324         0.000000
  2020     1     3     5    29 30.000000        -2.277325         0.268209         7.279032        24.037493        11.669167         0.000000
  2020     1     3     5    30  0.000000        -2.398901         0.152353         7.157261        23.920980        11.548478         0.000000
  2020     1     3     5    30 30.000000        -2.548364        -0.001682         7.004230        23.765530        11.397938         0.000000
  2020     1     3     5    31  0.000000        -2.609959        -0.061611         6.941679        23.705808        11.334378         0.000000
  2020     1     3     5    31 30.000000        -2.962981        -0.415200         6.588962        23.352890        10.982220         0.000000
  2020     1     3     5    32  0.000000        -2.554129        -0.009231         6.994943        23.763970        11.392679         0.000000
  2020     1     3     5    32 30.000000        -2.204459         0.341728         7.344937        24.114183        11.742579         0.000000
  2020     1     3     5    33  0.000000        -2.302677         0.243089         7.249668        24.015035        11.645368         0.000000
  2020     1     3     5    33 30.000000        -2.455798         0.090962         7.098107        23.862792        11.494696         0.000000
  2020     1     3     5    34  0.000000        -2.488453         0.057032         7.067547        23.832050        11.465018         0.000000
  2020     1     3     5    34 30.000000        -2.334548         0.213215         7.219750        23.985582        11.618565         0.000000
  2020     1     3     5    35  0.000000        -2.383229         0.161941         7.172095        23.934309        11.569827         0.000000
  2020     1     3     5    35 30.000000        -2.648800        -0.103359         6.903427        23.671514        11.300726         0.000000
  2020     1     3     5    36  0.000000        -2.106471         0.436357         7.443315        24.209770        11.839649         0.000000
  2020     1     3     5    36 30.000000        -2.516998         0.026847         7.034286        23.798868        11.430596         0.000000
  2020     1     3     5    37  0.000000        -2.460161         0.084916         7.091835        23.854871        11.488657         0.000000
  2020     1     3     5    37 30.000000        -2.424523         0.115439         7.125588        23.895346        11.517872         0.000000
  2020     1     3     5    38  0.000000        -2.483515         0.058167         7.068462        23.835256        11.461495         0.000000
  2020     1     3     5    38 30.000000        -2.435314         0.105492         7.115844        23.880720        11.510215         0.000000
  2020     1     3     5    39  0.000000        -2.260236         0.282200         7.291567        24.060293        11.687044         0.000000
  2020     1     3     5    39 30.000000        -2.095374         0.453691         7.452006        24.222197        11.851725         0.000000
  2020     1     3     5    40  0.000000        -2.250486         0.295306         7.298837        24.061829        11.690895         0.000000
  2020     1     3     5    40 30.000000        -2.447054         0.092748         7.102348        23.873063        11.495475         0.000000
  2020     1     3     5    41  0.000000        -2.369415         0.177780         7.185451        23.947415        11.578164         0.000000
  2020     1     3     5    41 30.000000        -2.217328         0.324849         7.337004        24.104702        11.729839         0.000000
  2020     1     3     5    42  0.000000        -2.202051         0.347297         7.355565        24.121059        11.743784         0.000000
  2020     1     3     5    42 30.000000        -2.248592         0.297149         7.306450        24.069702        11.696515         0.000000
  2020     1     3     5    43  0.000000        -2.732598        -0.191068         6.819581        23.581018        11.210849         0.000000
  2020     1     3     5    43 30.000000        -2.451078         0.097104         7.102631        23.863262        11.496239         0.000000
  2020     1     3     5    44  0.000000        -2.427468         0.121199         7.128264        23.891285        11.522095         0.000000
  2020     1     3     5    44 30.000000        -2.254073         0.292166         7.304528        24.061617        11.693208         0.000000
  2020     1     3     5    45  0.000000        -2.330894         0.215391         7.224889        23.985687        11.613525         0.000000
  2020     1     3     5    45 30.000000        -2.238780         0.303038         7.317341        24.080300        11.705391         0.000000
  2020     1     3     5    46  0.000000        -2.580693        -0.037436         6.975002        23.735110        11.363383         0.000000
  2020     1     3     5    46 30.000000        -2.421359         0.124230         7.132028        23.895694        11.525817         0.000000
  2020     1     3     5    47  0.000000        -2.636855        -0.089659         6.917083        23.681502        11.309733         0.000000
  2020     1     3     5    47 30.000000        -2.324800         0.221674         7.229078        23.994435        11.622055         0.000000
  2020     1     3     5    48  0.000000        -2.392143         0.152496         7.162496        23.921069        11.551007         0.000000
  2020     1     3     5    48 30.000000        -2.319471         0.224227         7.234072        23.995589        11.624833         0.000000
  2020     1     3     5    49  0.000000        -2.349286         0.192833         7.203763        23.966103        11.594604         0.000000
  2020     1     3     5    49 30.000000        -2.356655         0.185450         7.197627        23.953441        11.587010         0.000000
  2020     1     3     5    50  0.000000        -2.219935         0.320260         7.332392        24.092737        11.719482         0.000000
  2020     1     3     5    50 30.000000        -2.433991         0.108549         7.121229        23.883101        11.506289         0.000000
  2020     1     3     5    51  0.000000        -2.195123         0.348191         7.357208        24.119852        11.746900         0.000000
  2020     1     3     5    51 30.000000        -2.304287         0.235930         7.245583        24.006498        11.631177         0.000000
  2020     1     3     5    52  0.000000        -2.414752         0.126598         7.137130        23.899134        11.524188         0.000000
  2020     1     3     5    52 30.000000        -2.627529        -0.087990         6.926865        23.683867        11.308675         0.000000
  2020     1     3     5    53  0.000000        -2.160575         0.381234         7.393395        24.150282        11.777893         0.000000
  2020     1     3     5    53 30.000000        -2.265671         0.278104         7.288611        24.046129        11.672498         0.000000
  2020     1     3     5    54  0.000000        -2.144875         0.397322         7.408521        24.168652        11.796424         0.000000
  2020     1     3     5    54 30.000000        -2.125626         0.412878         7.425148        24.183532        11.813753         0.000000
  2020     1     3     5    55  0.000000        -2.179814         0.359026         7.373005        24.135445        11.759809         0.000000
  2020     1     3     5    55 30.000000        -2.130804         0.414867         7.419630        24.178643        11.808640         0.000000
  2020     1     3     5    56  0.000000        -2.504753         0.032736         7.044602        23.805034        11.437991         0.000000
  2020     1     3     5    56 30.000000        -2.292586         0.249902         7.259623        24.017893        11.646590         0.000000
  2020     1     3     5    57  0.000000        -2.289710         0.250341         7.258098        24.023706        11.649942         0.000000
  2020     1     3     5    57 30.000000        -1.966353         0.575379         7.583286        24.347797        11.979599         0.000000
  2020     1     3     5    58  0.000000        -2.537105         0.000812         7.011810        23.775735        11.404113         0.000000
  2020     1     3     5    58 30.000000        -2.332233         0.210081         7.217131        23.980574        11.610326         0.000000
  2020     1     3     5    59  0.000000        -2.011899         0.528803         7.536667        24.297659        11.927597         0.000000
  2020     1     3     5    59 30.000000        -2.075700         0.466565         7.474780        24.237568        11.865837         0.000000
  2020     1     3     6     0  0.000000        -2.485904         0.054015         7.061719        23.830463        11.454943         0.000000
  2020     1     3     6     0 30.000000        -2.636787        -0.095082         6.910389        23.674235        11.306126         0.000000
  2020     1     3     6     1  0.000000        -2.330175         0.208172         7.218030        23.978514        11.608858         0.000000
  2020     1     3     6     1 30.000000        -2.010573         0.526297         7.536782        24.297431        11.931376         0.000000
  2020     1     3     6     2  0.000000        -2.262251         0.277064         7.285790        24.048506        11.674648         0.000000
  2020     1     3     6     2 30.000000        -2.434683         0.101924         7.114650        23.873451        11.500730         0.000000
  2020     1     3     6     3  0.000000        -2.246043         0.290299         7.302069        24.063416        11.691736         0.000000
  2020     1     3     6     3 30.000000        -2.322502         0.214096         7.225755        23.989067        11.615874         0.000000
  2020     1     3     6     4  0.000000        -2.393457         0.146889         7.156925        23.921505        11.550170         0.000000
  2020     1     3     6     4 30.000000        -2.163318         0.376443         7.386428        24.147479        11.779573         0.000000
  2020     1     3     6     5  0.000000        -2.291392         0.248825         7.258270        24.019855        11.653662         0.000000
  2020     1     3     6     5 30.000000        -2.508951         0.028875         7.040549        23.806611        11.434115         0.000000
  2020     1     3     6     6  0.000000        -1.894297         0.644900         7.653616        24.422100        12.050464         0.000000
  2020     1     3     6     6 30.000000        -2.506030         0.032966         7.045201        23.808874        11.441165         0.000000
  2020     1     3     6     7  0.000000        -2.888238        -0.346914         6.661022        23.422654        11.058352         0.000000
  2020     1     3     6     7 30.000000        -2.208420         0.335283         7.343090        24.107817        11.740754         0.000000
  2020     1     3     6     8  0.000000        -2.191777         0.348143         7.358008        24.119772        11.752159         0.000000
  2020     1     3     6     8 30.000000        -2.475697         0.061893         7.075225        23.843097        11.467408         0.000000
  2020     1     3     6     9  0.000000        -2.342203         0.194864         7.204884        23.970561        11.600984         0.000000
  2020     1     3     6     9 30.000000        -2.136812         0.396862         7.411460        24.179096        11.809714         0.000000
  2020     1     3     6    10  0.000000        -2.690320        -0.149596         6.857988        23.625236        11.256255         0.000000
  2020     1     3     6    10 30.000000        -2.311670         0.231117         7.236072        24.004436        11.633517         0.000000
  2020     1     3     6    11  0.000000        -2.267149         0.275344         7.281304        24.051166        11.677543         0.000000
  2020     1     3     6    11 30.000000        -2.513541         0.030740         7.037245        23.802937        11.433731         0.000000
  2020     1     3     6    12  0.000000        -2.413842         0.127408         7.133484        23.900528        11.530498         0.000000
  2020     1     3     6    12 30.000000        -2.280081         0.263722         7.268041        24.038270        11.664278         0.000000
  2020     1     3     6    13  0.000000        -2.429321         0.113176         7.117113        23.884288        11.516172         0.000000
  2020     1     3     6    13 30.000000        -2.628078        -0.089972         6.920607        23.688695        11.317831         0.000000
  2020     1     3     6    14  0.000000        -2.376818         0.164239         7.169235        23.940191        11.570462         0.000000
  2020     1     3     6    14 30.000000        -2.321265         0.224670         7.224346        23.998890        11.626156         0.000000
  2020     1     3     6    15  0.000000        -2.467432         0.074478         7.080654        23.843720        11.482373         0.000000
  2020     1     3     6    15 30.000000        -2.641582        -0.097091         6.910450        23.677850        11.309682         0.000000
  2020     1     3     6    16  0.000000        -2.414046         0.127944         7.135125        23.906987        11.534552         0.000000
  2020     1     3     6    16 30.000000        -2.447732         0.096179         7.106007        23.869433        11.498094         0.000000
  2020     1     3     6    17  0.000000        -2.466139         0.080628         7.086243        23.850244        11.475460         0.000000
  2020     1     3     6    17 30.000000        -2.747420        -0.201231         6.802033        23.568110        11.190296         0.000000
  2020     1     3     6    18  0.000000        -2.394600         0.153566         7.157770        23.921180        11.547133         0.000000
  2020     1     3     6    18 30.000000        -2.810714        -0.263472         6.742299        23.506848        11.128322         0.000000
  2020     1     3     6    19  0.000000        -2.953488        -0.407263         6.599385        23.361831        10.991464         0.000000
  2020     1     3     6    19 30.000000        -2.342855         0.203083         7.208533        23.973805        11.599806         0.000000
  2020     1     3     6    20  0.000000        -2.451975         0.092214         7.098135        23.869999        11.493872         0.000000
  2020     1     3     6    20 30.000000        -2.672714        -0.127750         6.879565        23.643562        11.270521         0.000000
  2020     1     3     6    21  0.000000        -2.354171         0.192376         7.196683        23.961771        11.591106         0.000000
  2020     1     3     6    21 30.000000        -2.212723         0.334648         7.336189        24.104674        11.730796         0.000000
  2020     1     3     6    22  0.000000        -2.859008        -0.311375         6.691534        23.457912        11.084642         0.000000
  2020     1     3     6    22 30.000000        -2.797181        -0.252284         6.749397        23.517348        11.145706         0.000000
  2020     1     3     6    23  0.000000        -2.691467        -0.146432         6.855639        23.628698        11.256567         0.000000
  2020     1     3     6    23 30.000000        -2.619064        -0.073957         6.926176        23.691665        11.324555         0.000000
  2020     1     3     6    24  0.000000        -2.718893        -0.179831         6.825393        23.594972        11.225306         0.000000
  2020     1     3     6    24 30.000000        -2.972077        -0.428820         6.573764        23.340561        10.968535         0.000000
  2020     1     3     6    25  0.000000        -2.636591        -0.091480         6.911193        23.675365        11.305013         0.000000
  2020     1     3     6    25 30.000000        -2.446398         0.095563         7.101236        23.865326        11.493674         0.000000
  2020     1     3     6    26  0.000000        -2.664697        -0.121479         6.883544        23.648184        11.276630         0.000000
  2020     1     3     6    26 30.000000        -2.537480         0.002493         7.010725        23.778887        11.403458         0.000000
  2020     1     3     6    27  0.000000        -2.706394        -0.162578         6.839997        23.606110        11.231957         0.000000
  2020     1     3     6    27 30.000000        -2.748584        -0.208270         6.799872        23.566855        11.194608         0.000000
  2020     1     3     6    28  0.000000        -2.664957        -0.122918         6.879016        23.648849        11.276362         0.000000
  2020     1     3     6    28 30.000000        -2.441390         0.102795         7.105347        23.869790        11.495275         0.000000
  2020     1     3     6    29  0.000000        -2.731745        -0.188891         6.813903        23.584724        11.206428         0.000000
  2020     1     3     6    29 30.000000        -2.710651        -0.169600         6.838607        23.600822        11.232607         0.000000
  2020     1     3     6    30  0.000000        -2.650714        -0.109258         6.900928        23.662846        11.295109         0.000000
  2020     1     3     6    30 30.000000        -2.835792        -0.289969         6.715421        23.479006        11.105778         0.000000
  2020     1     3     6    31  0.000000        -2.659226        -0.119048         6.892195        23.656082        11.283816         0.000000
  2020     1     3     6    31 30.000000        -2.774420        -0.229430         6.774426        23.547861        11.168709         0.000000
  2020     1     3     6    32  0.000000        -2.612599        -0.070109         6.934082        23.704196        11.329750         0.000000
  2020     1     3     6    32 30.000000        -2.650550        -0.105992         6.898554        23.662968        11.293211         0.000000
  2020     1     3     6    33  0.000000        -2.885392        -0.346184         6.661907        23.429650        11.059597         0.000000
  2020     1     3     6    33 30.000000        -2.641289        -0.098159         6.906400        23.673595        11.300669         0.000000
  2020     1     3     6    34  0.000000        -3.092403        -0.553113         6.453223        23.221911        10.848647         0.000000
  2020     1     3     6    34 30.000000        -2.781256        -0.242662         6.766782        23.531390        11.158307         0.000000
  2020     1     3     6    35  0.000000        -2.903230        -0.362490         6.644495        23.415339        11.035499         0.000000
  2020     1     3     6    35 30.000000        -2.336428         0.202624         7.212269        23.980898        11.602562         0.000000
  2020     1     3     6    36  0.000000        -2.780928        -0.239848         6.770611        23.531755        11.160832         0.000000
  2020     1     3     6    36 30.000000        -2.542782         0.000650         7.005869        23.772519        11.397384         0.000000
  2020     1     3     6    37  0.000000        -2.751264        -0.207838         6.796467        23.559039        11.185432         0.000000
  2020     1     3     6    37 30.000000        -2.771822        -0.227803         6.777786        23.545476        11.164911         0.000000
  2020     1     3     6    38  0.000000        -2.762181        -0.217958         6.786056        23.557633        11.178047         0.000000
  2020     1     3     6    38 30.000000        -2.696895        -0.157016         6.852520        23.620567        11.240072         0.000000
  2020     1     3     6    39  0.000000        -2.795238        -0.256236         6.749447        23.520004        11.142636         0.000000
  2020     1     3     6    39 30.000000        -3.077577        -0.532800         6.469953        23.242714        10.860410         0.000000
  2020     1     3     6    40  0.000000        -2.576838        -0.033231         6.972045        23.744586        11.365287         0.000000
  2020     1     3     6    40 30.000000        -2.534305         0.013676         7.015798        23.786360        11.411224         0.000000
  2020     1     3     6    41  0.000000        -2.590576        -0.047639         6.955821        23.728338        11.348804         0.000000
  2020     1     3     6    41 30.000000        -2.910521        -0.367452         6.636257        23.408238        11.026721         0.000000
  2020     1     3     6    42  0.000000        -3.050415        -0.508101         6.493972        23.261204        10.890741         0.000000
  2020     1     3     6    42 30.000000        -2.911011        -0.370181         6.634453        23.404605        11.024262         0.000000
  2020     1     3     6    43  0.000000        -2.947405        -0.400052         6.599406        23.366735        10.992486         0.000000
  2020     1     3     6    43 30.000000        -3.152044        -0.604813         6.398959        23.160116        10.786969         0.000000
  2020     1     3     6    44  0.000000        -3.002257        -0.459414         6.545250        23.311510        10.935840         0.000000
  2020     1     3     6    44 30.000000        -2.831464        -0.290307         6.715191        23.481955        11.100817         0.000000
  2020     1     3     6    45  0.000000        -2.845827        -0.307741         6.698953        23.465636        11.088819         0.000000
  2020     1     3     6    45 30.000000        -3.323962        -0.784109         6.219283        22.987086        10.610839         0.000000
  2020     1     3     6    46  0.000000        -2.933931        -0.393644         6.612519        23.379618        11.001957         0.000000
  2020     1     3     6    46 30.000000        -3.098553        -0.559443         6.448533        23.218903        10.840033         0.000000
  2020     1     3     6    47  0.000000        -3.043868        -0.501991         6.503201        23.270170        10.897490         0.000000
  2020     1     3     6    47 30.000000        -2.720723        -0.178541         6.829443        23.595411        11.220553         0.000000
  2020     1     3     6    48  0.000000        -2.620734        -0.080708         6.929304        23.692847        11.320462         0.000000
  2020     1     3     6    48 30.000000        -3.078827        -0.536300         6.471839        23.237328        10.863849         0.000000
  2020     1     3     6    49  0.000000        -2.899417        -0.357842         6.648364        23.415259        11.044194         0.000000
  2020     1     3     6    49 30.000000        -2.865280        -0.322203         6.681080        23.443362        11.077686         0.000000
  2020     1     3     6    50  0.000000        -2.764728        -0.219179         6.784514        23.555602        11.181767         0.000000
  2020     1     3     6    50 30.000000        -3.089998        -0.545433         6.457960        23.222146        10.857171         0.000000
  2020     1     3     6    51  0.000000        -2.908729        -0.366052         6.641720        23.408497        11.040553         0.000000
  2020     1     3     6    51 30.000000        -3.095971        -0.551407         6.454690        23.220859        10.849877         0.000000
  2020     1     3     6    52  0.000000        -2.608084        -0.065498         6.942269        23.705680        11.337229         0.000000
  2020     1     3     6    52 30.000000        -3.048886        -0.505863         6.500026        23.265584        10.893454         0.000000
  2020     1     3     6    53  0.000000        -3.197200        -0.653232         6.351096        23.114610        10.748377         0.000000
  2020     1     3     6    53 30.000000        -3.091807        -0.549669         6.456578        23.221544        10.853116         0.000000
  2020     1     3     6    54  0.000000        -2.932572        -0.386572         6.617254        23.384135        11.016126         0.000000
  2020     1     3     6    54 30.000000        -2.817449        -0.274097         6.732341        23.494384        11.130127         0.000000
  2020     1     3     6    55  0.000000        -2.989430        -0.446865         6.560428        23.326932        10.954309         0.000000
  2020     1     3     6    55 30.000000        -2.790751        -0.246513         6.761345        23.528120        11.155795         0.000000
  2020     1     3     6    56  0.000000        -2.790937        -0.247801         6.760336        23.524951        11.154551         0.000000
  2020     1     3     6    56 30.000000        -2.825393        -0.275592         6.728168        23.494101        11.121359         0.000000
  2020     1     3     6    57  0.000000        -2.969204        -0.425281         6.583257        23.354000        10.976175         0.000000
  2020     1     3     6    57 30.000000        -2.994712        -0.449219         6.554473        23.324938        10.947755         0.000000
  2020     1     3     6    58  0.000000        -2.894201        -0.353607         6.656203        23.418570        11.048269         0.000000
  2020     1     3     6    58 30.000000        -2.923330        -0.379950         6.627722        23.392280        11.015075         0.000000
  2020     1     3     6    59  0.000000        -3.051554        -0.508519         6.495868        23.266628        10.888211         0.000000
  2020     1     3     6    59 30.000000        -3.198467        -0.659266         6.350752        23.114848        10.741760         0.000000
  2020     1     3     7     0  0.000000        -2.813119        -0.271539         6.736607        23.500242        11.127177         0.000000
  2020     1     3     7     0 30.000000        -3.212541        -0.677779         6.336917        23.103429        10.730164         0.000000
  2020     1     3     7     1  0.000000        -2.723837        -0.188105         6.825949        23.592009        11.220035         0.000000
  2020     1     3     7     1 30.000000        -3.087520        -0.550124         6.461567        23.227897        10.855055         0.000000
  2020     1     3     7     2  0.000000        -3.470281        -0.930414         6.080286        22.842680        10.472569         0.000000
  2020     1     3     7     2 30.000000        -3.088395        -0.548283         6.463023        23.226533        10.855741         0.000000
  2020     1     3     7     3  0.000000        -3.066651        -0.532117         6.481917        23.247678        10.874830         0.000000
  2020     1     3     7     3 30.000000        -3.292886        -0.757156         6.254431        23.021086        10.651452         0.000000
  2020     1     3     7     4  0.000000        -3.186525        -0.644890         6.364381        23.130971        10.760781         0.000000
  2020     1     3     7     4 30.000000        -2.692926        -0.153036         6.852475        23.620984        11.249166         0.000000
  2020     1     3     7     5  0.000000        -3.265612        -0.722984         6.284430        23.052732        10.680745         0.000000
  2020     1     3     7     5 30.000000        -2.756850        -0.213222         6.792517        23.555507        11.188628         0.000000
  2020     1     3     7     6  0.000000        -2.905558        -0.365130         6.638661        23.405069        11.037877         0.000000
  2020     1     3     7     6 30.000000        -3.164321        -0.627011         6.382486        23.151395        10.780731         0.000000
  2020     1     3     7     7  0.000000        -3.031531        -0.491058         6.515844        23.283707        10.908946         0.000000
  2020     1     3     7     7 30.000000        -2.961260        -0.421265         6.586706        23.351195        10.981329         0.000000
  2020     1     3     7     8  0.000000        -2.948976        -0.407663         6.602143        23.369691        10.997384         0.000000
  2020     1     3     7     8 30.000000        -2.974291        -0.431948         6.577419        23.342682        10.973087         0.000000
  2020     1     3     7     9  0.000000        -3.075334        -0.536825         6.473948        23.242893        10.870832         0.000000
  2020     1     3     7     9 30.000000        -3.208904        -0.670885         6.342164        23.107914        10.737336         0.000000
  2020     1     3     7    10  0.000000        -3.119918        -0.577413         6.432308        23.194594        10.825818         0.000000
  2020     1     3     7    10 30.000000        -2.913788        -0.377561         6.636915        23.406331        11.031385         0.000000
  2020     1     3     7    11  0.000000        -3.161399        -0.626446         6.387693        23.162322        10.786632         0.000000
  2020     1     3     7    11 30.000000        -3.230227        -0.691466         6.321260        23.092250        10.714128         0.000000
  2020     1     3     7    12  0.000000        -3.015472        -0.478297         6.531114        23.304827        10.930678         0.000000
  2020     1     3     7    12 30.000000        -2.979779        -0.445097         6.571475        23.339401        10.968066         0.000000
  2020     1     3     7    13  0.000000        -3.089241        -0.552675         6.459782        23.224808        10.858597         0.000000
  2020     1     3     7    13 30.000000        -2.573761        -0.040381         6.975678        23.740144        11.373113         0.000000
  2020     1     3     7    14  0.000000        -2.816926        -0.282311         6.729816        23.499431        11.130478         0.000000
  2020     1     3     7    14 30.000000        -2.923977        -0.385663         6.622831        23.394977        11.021392         0.000000
  2020     1     3     7    15  0.000000        -3.231224        -0.692927         6.316555        23.088477        10.710766         0.000000
  2020     1     3     7    15 30.000000        -3.031557        -0.494677         6.518241        23.288832        10.907882         0.000000
  2020     1     3     7    16  0.000000        -2.841975        -0.304392         6.706213        23.475904        11.099140         0.000000
  2020     1     3     7    16 30.000000        -2.862972        -0.327670         6.686997        23.456167        11.078142         0.000000
  2020     1     3     7    17  0.000000        -2.678824        -0.138473         6.871105        23.636132        11.264391         0.000000
  2020     1     3     7    17 30.000000        -3.021958        -0.480569         6.529021        23.294363        10.917789         0.000000
  2020     1     3     7    18  0.000000        -2.849001        -0.306820         6.700858        23.471900        11.094652         0.000000
  2020     1     3     7    18 30.000000        -2.728491        -0.186985         6.821908        23.596462        11.215806         0.000000
  2020     1     3     7    19  0.000000        -2.520813         0.020289         7.029904        23.793391        11.420186         0.000000
  2020     1     3     7    19 30.000000        -2.557260        -0.016163         6.993561        23.761618        11.386765         0.000000
  2020     1     3     7    20  0.000000        -2.880264        -0.338723         6.671213        23.437435        11.065934         0.000000
  2020     1     3     7    20 30.000000        -2.294029         0.250658         7.256085        24.021443        11.649355         0.000000
  2020     1     3     7    21  0.000000        -2.528466         0.009166         7.019927        23.785196        11.410368         0.000000
  2020     1     3     7    21 30.000000        -2.721343        -0.179038         6.830013        23.590749        11.221201         0.000000
  2020     1     3     7    22  0.000000        -2.586649        -0.046899         6.963117        23.726388        11.354396         0.000000
  2020     1     3     7    22 30.000000        -2.652677        -0.114598         6.897863        23.655364        11.292561         0.000000
  2020     1     3     7    23  0.000000        -2.348605         0.189390         7.199270        23.965293        11.593727         0.000000
  2020     1     3     7    23 30.000000        -2.429345         0.111030         7.122148        23.885605        11.517630         0.000000
  2020     1     3     7    24  0.000000        -2.533216         0.005868         7.014124        23.779278        11.411226         0.000000
  2020     1     3     7    24 30.000000        -2.345431         0.187609         7.203485        23.968437        11.598365         0.000000
  2020     1     3     7    25  0.000000        -1.971902         0.565487         7.578956        24.342090        11.971739         0.000000
  2020     1     3     7    25 30.000000        -2.420155         0.116192         7.127586        23.892276        11.524493         0.000000
  2020     1     3     7    26  0.000000        -2.335814         0.199570         7.210227        23.977397        11.609336         0.000000
  2020     1     3     7    26 30.000000        -2.217756         0.318150         7.327194        24.092011        11.724106         0.000000
  2020     1     3     7    27  0.000000        -2.520157         0.013839         7.028961        23.793635        11.423568         0.000000
  2020     1     3     7    27 30.000000        -2.588130        -0.047034         6.965351        23.721975        11.357760         0.000000
  2020     1     3     7    28  0.000000        -2.418218         0.121061         7.128434        23.894694        11.526811         0.000000
  2020     1     3     7    28 30.000000        -2.327578         0.208061         7.219302        23.988047        11.617653         0.000000
  2020     1     3     7    29  0.000000        -2.081546         0.458584         7.465874        24.229169        11.864617         0.000000
  2020     1     3     7    29 30.000000        -2.171349         0.368975         7.372676        24.136741        11.772923         0.000000
  2020     1     3     7    30  0.000000        -2.320817         0.217926         7.227289        23.993878        11.625878         0.000000
  2020     1     3     7    30 30.000000        -2.445942         0.093840         7.106421        23.866819        11.503521         0.000000
  2020     1     3     7    31  0.000000        -2.269957         0.270101         7.281412        24.043696        11.678613         0.000000
  2020     1     3     7    31 30.000000        -2.383040         0.155024         7.168375        23.927978        11.563029         0.000000
  2020     1     3     7    32  0.000000        -2.265539         0.270844         7.287686        24.043089        11.678936         0.000000
  2020     1     3     7    32 30.000000        -2.378510         0.161484         7.172864        23.936507        11.571217         0.000000
  2020     1     3     7    33  0.000000        -2.011671         0.526865         7.538573        24.302971        11.937887         0.000000
  2020     1     3     7    33 30.000000        -2.258154         0.278042         7.292074        24.060479        11.690147         0.000000
  2020     1     3     7    34  0.000000        -2.484858         0.053454         7.060912        23.828117        11.462678         0.000000
  2020     1     3     7    34 30.000000        -2.577351        -0.036712         6.972865        23.736537        11.373130         0.000000
  2020     1     3     7    35  0.000000        -2.573801        -0.029302         6.976299        23.742846        11.377321         0.000000
  2020     1     3     7    35 30.000000        -2.235323         0.312524         7.314069        24.080696        11.713284         0.000000
  2020     1     3     7    36  0.000000        -2.566701        -0.024021         6.984547        23.747588        11.381229         0.000000
  2020     1     3     7    36 30.000000        -2.440836         0.106718         7.107600        23.877177        11.504968         0.000000
  2020     1     3     7    37  0.000000        -2.289178         0.251032         7.256819        24.022987        11.656692         0.000000
  2020     1     3     7    37 30.000000        -2.418259         0.124301         7.129163        23.896307        11.532182         0.000000
  2020     1     3     7    38  0.000000        -2.422665         0.114408         7.124450        23.892398        11.529203         0.000000
  2020     1     3     7    38 30.000000        -2.289025         0.248099         7.263266        24.029080        11.660194         0.000000
  2020     1     3     7    39  0.000000        -2.504987         0.031240         7.044764        23.810238        11.441558         0.000000
  2020     1     3     7    39 30.000000        -2.679571        -0.142718         6.870874        23.637213        11.269677         0.000000
  2020     1     3     7    40  0.000000        -2.465971         0.068512         7.082757        23.858549        11.477945         0.000000
  2020     1     3     7    40 30.000000        -2.638384        -0.104674         6.910230        23.674406        11.305520         0.000000
  2020     1     3     7    41  0.000000        -2.573508        -0.038046         6.975932        23.748411        11.369700         0.000000
  2020     1     3     7    41 30.000000        -2.234198         0.307656         7.317097        24.082689        11.707690         0.000000
  2020     1     3     7    42  0.000000        -2.328495         0.208908         7.221958        23.989851        11.617373         0.000000
  2020     1     3     7    42 30.000000        -2.366029         0.175448         7.183008        23.951317        11.575136         0.000000
  2020     1     3     7    43  0.000000        -2.424549         0.113222         7.123535        23.890774        11.516443         0.000000
  2020     1     3     7    43 30.000000        -2.299938         0.234538         7.247914        24.012110        11.645531         0.000000
  2020     1     3     7    44  0.000000        -1.996970         0.543834         7.549875        24.317205        11.946898         0.000000
  2020     1     3     7    44 30.000000        -2.153896         0.382797         7.395747        24.155445        11.794705         0.000000
  2020     1     3     7    45  0.000000        -2.129844         0.405255         7.417979        24.180113        11.813899         0.000000
  2020     1     3     7    45 30.000000        -2.338982         0.194195         7.209370        23.974816        11.605379         0.000000
  2020     1     3     7    46  0.000000        -2.319162         0.216492         7.230069        23.994219        11.629073         0.000000
  2020     1     3     7    46 30.000000        -2.182933         0.352061         7.365882        24.129037        11.767682         0.000000
  2020     1     3     7    47  0.000000        -2.125118         0.412169         7.425245        24.185340        11.825825         0.000000
  2020     1     3     7    47 30.000000        -2.254808         0.283598         7.297527        24.058178        11.695488         0.000000
  2020     1     3     7    48  0.000000        -2.270315         0.266577         7.279308        24.039952        11.679216         0.000000
  2020     1     3     7    48 30.000000        -2.330187         0.203421         7.217847        23.984290        11.615061         0.000000
  2020     1     3     7    49  0.000000        -2.156730         0.380916         7.389878        24.156084        11.785017         0.000000
  2020     1     3     7    49 30.000000        -2.446935         0.092200         7.098182        23.862447        11.498777         0.000000
  2020     1     3     7    50  0.000000        -2.024903         0.518152         7.524306        24.286951        11.923758         0.000000
  2020     1     3     7    50 30.000000        -2.100730         0.437738         7.445954        24.215981        11.846437         0.000000
  2020     1     3     7    51  0.000000        -2.071229         0.471682         7.481317        24.242344        11.875295         0.000000
  2020     1     3     7    51 30.000000        -2.563678        -0.023681         6.987972        23.751216        11.386116         0.000000
  2020     1     3     7    52  0.000000        -2.424862         0.116748         7.126122        23.895594        11.528316         0.000000
  2020     1     3     7    52 30.000000        -2.219953         0.322878         7.329730        24.099388        11.730821         0.000000
  2020     1     3     7    53  0.000000        -2.628947        -0.084305         6.922914        23.687926        11.319008         0.000000
  2020     1     3     7    53 30.000000        -2.232327         0.305291         7.317637        24.086992        11.718073         0.000000
  2020     1     3     7    54  0.000000        -1.840952         0.698770         7.709346        24.479056        12.103292         0.000000
  2020     1     3     7    54 30.000000        -2.350064         0.191139         7.197593        23.970277        11.593544         0.000000
  2020     1     3     7    55  0.000000        -2.369988         0.170509         7.178864        23.953174        11.577314         0.000000
  2020     1     3     7    55 30.000000        -1.984480         0.548431         7.563224        24.334256        11.963371         0.000000
  2020     1     3     7    56  0.000000        -2.173310         0.361554         7.376612        24.148877        11.777222         0.000000
  2020     1     3     7    56 30.000000        -2.201384         0.332490         7.348100        24.118650        11.747672         0.000000
  2020     1     3     7    57  0.000000        -2.388943         0.142081         7.158906        23.935030        11.557624         0.000000
  2020     1     3     7    57 30.000000        -2.066033         0.460869         7.483484        24.252128        11.877730         0.000000
  2020     1     3     7    58  0.000000        -2.189996         0.338450         7.356622        24.121369        11.752472         0.000000
  2020     1     3     7    58 30.000000        -2.100778         0.432925         7.446097        24.220025        11.845977         0.000000
  2020     1     3     7    59  0.000000        -2.270830         0.264456         7.275214        24.040669        11.678376         0.000000
  2020     1     3     7    59 30.000000        -2.153014         0.382458         7.393169        24.160113        11.793692         0.000000
  2020     1     3     8     0  0.000000        -1.886707         0.653605         7.655827        24.425790        12.061520         0.000000
  2020     1     3     8     0 30.000000        -2.498703         0.041200         7.043377        23.813429        11.449616         0.000000
  2020     1     3     8     1  0.000000        -2.238205         0.302917         7.305875        24.074372        11.706631         0.000000
  2020     1     3     8     1 30.000000        -2.038411         0.503208         7.505169        24.279445        11.907000         0.000000
  2020     1     3     8     2  0.000000        -2.225101         0.310162         7.317034        24.088859        11.718364         0.000000
  2020     1     3     8     2 30.000000        -2.270675         0.264625         7.272324        24.037204        11.679010         0.000000
  2020     1     3     8     3  0.000000        -2.487081         0.049603         7.058309        23.828712        11.462851         0.000000
  2020     1     3     8     3 30.000000        -2.023166         0.507359         7.523445        24.289543        11.925784         0.000000
  2020     1     3     8     4  0.000000        -2.704902        -0.170680         6.841644        23.610152        11.245880         0.000000
  2020     1     3     8     4 30.000000        -1.856887         0.681253         7.687203        24.457300        12.088754         0.000000
  2020     1     3     8     5  0.000000        -2.059043         0.481706         7.484237        24.248389        11.888768         0.000000
  2020     1     3     8     5 30.000000        -2.308542         0.230855         7.234582        23.998134        11.633926         0.000000
  2020     1     3     8     6  0.000000        -2.236306         0.302030         7.305598        24.069805        11.704142         0.000000
  2020     1     3     8     6 30.000000        -1.857086         0.680950         7.684165        24.450073        12.083095         0.000000
  2020     1     3     8     7  0.000000        -2.068267         0.466347         7.473040        24.238542        11.872634         0.000000
  2020     1     3     8     7 30.000000        -1.783872         0.753044         7.760222        24.526481        12.162763         0.000000
  2020     1     3     8     8  0.000000        -1.898544         0.636210         7.648033        24.412714        12.049047         0.000000
  2020     1     3     8     8 30.000000        -2.098288         0.436701         7.448632        24.212286        11.846491         0.000000
  2020     1     3     8     9  0.000000        -2.095471         0.442022         7.452863        24.220274        11.851452         0.000000
  2020     1     3     8     9 30.000000        -2.071804         0.471259         7.478316        24.239422        11.875561         0.000000
  2020     1     3     8    10  0.000000        -1.764495         0.777446         7.781993        24.541862        12.180571         0.000000
  2020     1     3     8    10 30.000000        -2.018773         0.521087         7.526250        24.289442        11.922545         0.000000
  2020     1     3     8    11  0.000000        -2.315877         0.218695         7.230465        23.990210        11.624730         0.000000
  2020     1     3     8    11 30.000000        -1.926160         0.614562         7.619847        24.382068        12.020502         0.000000
  2020     1     3     8    12  0.000000        -2.068791         0.467315         7.475359        24.239279        11.871654         0.000000
  2020     1     3     8    12 30.000000        -2.213680         0.325962         7.331006        24.093434        11.731225         0.000000
  2020     1     3     8    13  0.000000        -1.740407         0.795546         7.803457        24.569520        12.203363         0.000000
  2020     1     3     8    13 30.000000        -2.134012         0.411205         7.407887        24.173095        11.814321         0.000000
  2020     1     3     8    14  0.000000        -2.296513         0.248647         7.250495        24.012240        11.651927         0.000000
  2020     1     3     8    14 30.000000        -1.616624         0.921031         7.925374        24.694279        12.328473         0.000000
  2020     1     3     8    15  0.000000        -1.966699         0.568584         7.577680        24.341859        11.979731         0.000000
  2020     1     3     8    15 30.000000        -2.016605         0.519235         7.524928        24.294343        11.927116         0.000000
  2020     1     3     8    16  0.000000        -1.987870         0.549111         7.556077        24.319969        11.960871         0.000000
  2020     1     3     8    16 30.000000        -2.297280         0.239868         7.245284        24.008103        11.651576         0.000000
  2020     1     3     8    17  0.000000        -1.976961         0.566508         7.572686        24.333589        11.969330         0.000000
  2020     1     3     8    17 30.000000        -1.850503         0.693030         7.697011        24.461573        12.095045         0.000000
  2020     1     3     8    18  0.000000        -2.062533         0.478528         7.480459        24.248586        11.880784         0.000000
  2020     1     3     8    18 30.000000        -1.809232         0.735368         7.735841        24.499853        12.141169         0.000000
  2020     1     3     8    19  0.000000        -2.049397         0.494806         7.498466        24.258866        11.900925         0.000000
  2020     1     3     8    19 30.000000        -1.722830         0.813584         7.821521        24.582302        12.223917         0.000000
  2020     1     3     8    20  0.000000        -1.737076         0.807456         7.813895        24.580617        12.214580         0.000000
  2020     1     3     8    20 30.000000        -1.468843         1.072166         8.079966        24.832586        12.480459         0.000000
  2020     1     3     8    21  0.000000        -1.897499         0.642699         7.653243        24.415334        12.049016         0.000000
  2020     1     3     8    21 30.000000        -2.054539         0.480325         7.494618        24.255802        11.893310         0.000000
  2020     1     3     8    22  0.000000        -1.816840         0.715144         7.730886        24.489985        12.127598         0.000000
  2020     1     3     8    22 30.000000        -1.782557         0.751646         7.767898        24.525066        12.161610         0.000000
  2020     1     3     8    23  0.000000        -2.069966         0.464243         7.483920        24.237280        11.874443         0.000000
  2020     1     3     8    23 30.000000        -2.063970         0.470843         7.485307        24.246440        11.883299         0.000000
  2020     1     3     8    24  0.000000        -1.996309         0.540940         7.553882        24.309244        11.948783         0.000000
  2020     1     3     8    24 30.000000        -1.856646         0.676333         7.690066        24.450051        12.089469         0.000000
  2020     1     3     8    25  0.000000        -1.900500         0.631811         7.646636        24.405625        12.047310         0.000000
  2020     1     3     8    25 30.000000        -1.405039         1.130074         8.140352        24.898621        12.537323         0.000000
  2020     1     3     8    26  0.000000        -1.754240         0.779537         7.787926        24.548466        12.187823         0.000000
  2020     1     3     8    26 30.000000        -2.087976         0.444412         7.453942        24.217174        11.855342         0.000000
  2020     1     3     8    27  0.000000        -2.252543         0.284813         7.291074        24.049935        11.691894         0.000000
  2020     1     3     8    27 30.000000        -1.748879         0.794826         7.794261        24.557786        12.199396         0.000000
  2020     1     3     8    28  0.000000        -1.911737         0.625495         7.633096        24.394334        12.035212         0.000000
  2020     1     3     8    28 30.000000        -2.137285         0.392575         7.402723        24.167477        11.801367         0.000000
  2020     1     3     8    29  0.000000        -2.059595         0.475432         7.479894        24.244944        11.889188         0.000000
  2020     1     3     8    29 30.000000        -2.037902         0.498005         7.506787        24.264771        11.910466         0.000000
  2020     1     3     8    30  0.000000        -1.594079         0.940682         7.953520        24.711449        12.351351         0.000000
  2020     1     3     8    30 30.000000        -1.423517         1.103638         8.123012        24.883920        12.521554         0.000000
  2020     1     3     8    31  0.000000        -1.917969         0.617994         7.629705        24.396495        12.028068         0.000000
  2020     1     3     8    31 30.000000        -1.531706         1.007485         8.016664        24.776808        12.411748         0.000000
  2020     1     3     8    32  0.000000        -1.619366         0.915493         7.932031        24.688646        12.328430         0.000000
  2020     1     3     8    32 30.000000        -2.091186         0.439447         7.455394        24.212443        11.854206         0.000000
  2020     1     3     8    33  0.000000        -1.879434         0.652808         7.667388        24.427809        12.063836         0.000000
  2020     1     3     8    33 30.000000        -2.074450         0.457797         7.471090        24.231584        11.868945         0.000000
  2020     1     3     8    34  0.000000        -1.832538         0.696823         7.714629        24.470198        12.111249         0.000000
  2020     1     3     8    34 30.000000        -1.859096         0.668181         7.685900        24.438184        12.086042         0.000000
  2020     1     3     8    35  0.000000        -1.946060         0.585626         7.597534        24.350289        11.999484         0.000000
  2020     1     3     8    35 30.000000        -1.853286         0.679215         7.685727        24.445437        12.091083         0.000000
  2020     1     3     8    36  0.000000        -1.982473         0.545670         7.554726        24.310437        11.961481         0.000000
  2020     1     3     8    36 30.000000        -2.045125         0.480400         7.494513        24.255235        11.896295         0.000000
  2020     1     3     8    37  0.000000        -2.153376         0.371945         7.388766        24.144297        11.785408         0.000000
  2020     1     3     8    37 30.000000        -2.187472         0.338513         7.352719        24.110530        11.753758         0.000000
  2020     1     3     8    38  0.000000        -2.006582         0.516082         7.530269        24.291747        11.937362         0.000000
  2020     1     3     8    38 30.000000        -1.588522         0.937448         7.951362        24.718400        12.356984         0.000000
  2020     1     3     8    39  0.000000        -2.004987         0.526861         7.535819        24.302085        11.947189         0.000000
  2020     1     3     8    39 30.000000        -1.982371         0.552924         7.562577        24.325891        11.971266         0.000000
  2020     1     3     8    40  0.000000        -2.027298         0.507134         7.516260        24.275975        11.927369         0.000000
  2020     1     3     8    40 30.000000        -2.018506         0.515998         7.519464        24.283691        11.934513         0.000000
  2020     1     3     8    41  0.000000        -2.037924         0.499493         7.503319        24.270782        11.919637         0.000000
  2020     1     3     8    41 30.000000        -2.045608         0.495852         7.502877        24.263155        11.917889         0.000000
  2020     1     3     8    42  0.000000        -1.923907         0.618476         7.623089        24.380667        12.042308         0.000000
  2020     1     3     8    42 30.000000        -1.742184         0.793786         7.804736        24.559352        12.219671         0.000000
  2020     1     3     8    43  0.000000        -1.984645         0.555490         7.561684        24.321959        11.980604         0.000000
  2020     1     3     8    43 30.000000        -1.892363         0.648717         7.651668        24.408845        12.076115         0.000000
  2020     1     3     8    44  0.000000        -2.023831         0.517629         7.517883        24.278474        11.933434         0.000000
  2020     1     3     8    44 30.000000        -1.867805         0.677401         7.672612        24.432123        12.092498         0.000000
  2020     1     3     8    45  0.000000        -1.990382         0.561207         7.551564        24.309938        11.971925         0.000000
  2020     1     3     8    45 30.000000        -2.132133         0.417427         7.407604        24.169880        11.825814         0.000000
  2020     1     3     8    46  0.000000        -2.068730         0.472680         7.468741        24.228854        11.886327         0.000000
  2020     1     3     8    46 30.000000        -2.020205         0.520072         7.515519        24.281956        11.937332         0.000000
  2020     1     3     8    47  0.000000        -1.986054         0.557928         7.551208        24.318403        11.967391         0.000000
  2020     1     3     8    47 30.000000        -2.133645         0.406399         7.403300        24.176634        11.823383         0.000000
  2020     1     3     8    48  0.000000        -1.783194         0.754779         7.757510        24.529332        12.170304         0.000000
  2020     1     3     8    48 30.000000        -1.833521         0.705149         7.706322        24.478717        12.118028         0.000000
  2020     1     3     8    49  0.000000        -1.631261         0.908806         7.904919        24.678538        12.320569         0.000000
  2020     1     3     8    49 30.000000        -2.143603         0.392484         7.392472        24.168266        11.802376         0.000000
  2020     1     3     8    50  0.000000        -2.279962         0.257214         7.259915        24.028998        11.664474         0.000000
  2020     1     3     8    50 30.000000        -2.358983         0.172951         7.183307        23.948149        11.588743         0.000000
  2020     1     3     8    51  0.000000        -1.601573         0.929699         7.938362        24.708797        12.341306         0.000000
  2020     1     3     8    51 30.000000        -1.967446         0.564314         7.569598        24.337365        11.965046         0.000000
  2020     1     3     8    52  0.000000        -1.944139         0.588453         7.589608        24.365556        11.989124         0.000000
  2020     1     3     8    52 30.000000        -1.755139         0.775706         7.778657        24.552352        12.182521         0.000000
  2020     1     3     8    53  0.000000        -2.153751         0.374544         7.380342        24.148816        11.781082         0.000000
  2020     1     3     8    53 30.000000        -1.996775         0.525166         7.534456        24.305082        11.938961         0.000000
  2020     1     3     8    54  0.000000        -1.998842         0.516390         7.529120        24.292866        11.935297         0.000000
  2020     1     3     8    54 30.000000        -1.866278         0.647804         7.659317        24.434240        12.066862         0.000000
  2020     1     3     8    55  0.000000        -1.785232         0.733567         7.735500        24.512695        12.147061         0.000000
  2020     1     3     8    55 30.000000        -2.044925         0.467785         7.472317        24.245395        11.888093         0.000000
  2020     1     3     8    56  0.000000        -2.026809         0.495081         7.490469        24.263404        11.906758         0.000000
  2020     1     3     8    56 30.000000        -1.910118         0.615947         7.610084        24.389122        12.030008         0.000000
  2020     1     3     8    57  0.000000        -1.790427         0.735955         7.727018        24.506372        12.149607         0.000000
  2020     1     3     8    57 30.000000        -2.375048         0.152452         7.142340        23.921731        11.566484         0.000000
  2020     1     3     8    58  0.000000        -2.120142         0.405356         7.400972        24.177446        11.826335         0.000000
  2020     1     3     8    58 30.000000        -2.050360         0.480611         7.472998        24.250342        11.899761         0.000000
  2020     1     3     8    59  0.000000        -1.840378         0.683456         7.685422        24.462883        12.106571         0.000000
  2020     1     3     8    59 30.000000        -2.351294         0.173709         7.171192        23.951828        11.598266         0.000000
  2020     1     3     9     0  0.000000        -2.239513         0.295901         7.286260        24.068396        11.713288         0.000000
  2020     1     3     9     0 30.000000        -1.851808         0.680397         7.674411        24.449373        12.099772         0.000000
  2020     1     3     9     1  0.000000        -1.498658         1.026851         8.028713        24.797272        12.447839         0.000000
  2020     1     3     9     1 30.000000        -1.899638         0.630276         7.634358        24.402872        12.054988         0.000000
  2020     1     3     9     2  0.000000        -1.847328         0.686298         7.688104        24.454599        12.107469         0.000000
  2020     1     3     9     2 30.000000        -2.113915         0.429301         7.424912        24.190278        11.837864         0.000000
  2020     1     3     9     3  0.000000        -2.130589         0.410981         7.406502        24.175833        11.827237         0.000000
  2020     1     3     9     3 30.000000        -2.090189         0.453788         7.448099        24.217548        11.865757         0.000000
  2020     1     3     9     4  0.000000        -1.975678         0.567750         7.567343        24.330703        11.981337         0.000000
  2020     1     3     9     4 30.000000        -1.976693         0.569176         7.565652        24.332267        11.975362         0.000000
  2020     1     3     9     5  0.000000        -2.131043         0.411610         7.409371        24.169228        11.814174         0.000000
  2020     1     3     9     5 30.000000        -2.084896         0.457559         7.452367        24.218064        11.859474         0.000000
  2020     1     3     9     6  0.000000        -2.247866         0.293845         7.294496        24.060390        11.696816         0.000000
  2020     1     3     9     6 30.000000        -2.338290         0.205546         7.203440        23.963450        11.604116         0.000000
  2020     1     3     9     7  0.000000        -2.337609         0.210217         7.205521        23.966374        11.610605         0.000000
  2020     1     3     9     7 30.000000        -2.101715         0.444977         7.447222        24.200524        11.852192         0.000000
  2020     1     3     9     8  0.000000        -1.972315         0.577590         7.575082        24.339085        11.982101         0.000000
  2020     1     3     9     8 30.000000        -1.926060         0.624339         7.623072        24.385332        12.030770         0.000000
  2020     1     3     9     9  0.000000        -1.880474         0.671595         7.670820        24.426613        12.072970         0.000000
  2020     1     3     9     9 30.000000        -2.190350         0.361835         7.357811        24.114699        11.768971         0.000000
  2020     1     3     9    10  0.000000        -2.518695         0.031717         7.028452        23.787807        11.441182         0.000000
  2020     1     3     9    10 30.000000        -2.066925         0.484318         7.481080        24.245228        11.885827         0.000000
  2020     1     3     9    11  0.000000        -2.290891         0.253466         7.252856        24.017609        11.662236         0.000000
  2020     1     3     9    11 30.000000        -2.187400         0.362932         7.357046        24.126388        11.758407         0.000000
  2020     1     3     9    12  0.000000        -2.169815         0.370800         7.374392        24.136074        11.777461         0.000000
  2020     1     3     9    12 30.000000        -2.240643         0.305538         7.303992        24.067005        11.705168         0.000000
  2020     1     3     9    13  0.000000        -2.378262         0.163060         7.161962        23.924634        11.574283         0.000000
  2020     1     3     9    13 30.000000        -2.186436         0.356697         7.351564        24.115216        11.763432         0.000000
  2020     1     3     9    14  0.000000        -1.920152         0.630673         7.619485        24.381682        12.034212         0.000000
  2020     1     3     9    14 30.000000        -2.275490         0.273159         7.268298        24.029933        11.679459         0.000000
  2020     1     3     9    15  0.000000        -1.821702         0.730140         7.718402        24.484082        12.128510         0.000000
  2020     1     3     9    15 30.000000        -1.957279         0.590689         7.584722        24.346144        11.987034         0.000000
  2020     1     3     9    16  0.000000        -1.797468         0.753119         7.743270        24.500953        12.147566         0.000000
  2020     1     3     9    16 30.000000        -1.801847         0.753465         7.743205        24.498906        12.149180         0.000000
  2020     1     3     9    17  0.000000        -2.287540         0.261880         7.256966        24.008959        11.663990         0.000000
  2020     1     3     9    17 30.000000        -2.000534         0.551720         7.547038        24.300735        11.949937         0.000000
  2020     1     3     9    18  0.000000        -1.981707         0.570392         7.565165        24.323902        11.968503         0.000000
  2020     1     3     9    18 30.000000        -2.204896         0.350451         7.345023        24.101058        11.745997         0.000000
  2020     1     3     9    19  0.000000        -1.819670         0.736190         7.731450        24.486801        12.126349         0.000000
  2020     1     3     9    19 30.000000        -1.613269         0.941727         7.938623        24.693647        12.329786         0.000000
  2020     1     3     9    20  0.000000        -2.012302         0.541356         7.539309        24.294971        11.932170         0.000000
  2020     1     3     9    20 30.000000        -2.207041         0.356953         7.344951        24.099580        11.733574         0.000000
  2020     1     3     9    21  0.000000        -2.279961         0.278188         7.273645        24.025264        11.661370         0.000000
  2020     1     3     9    21 30.000000        -2.258053         0.300861         7.294770        24.042547        11.681283         0.000000
  2020     1     3     9    22  0.000000        -1.911472         0.646402         7.644727        24.391934        12.023541         0.000000
  2020     1     3     9    22 30.000000        -1.709219         0.846632         7.846012        24.599179        12.231516         0.000000
  2020     1     3     9    23  0.000000        -2.228008         0.329840         7.329885        24.079755        11.716224         0.000000
  2020     1     3     9    23 30.000000        -1.867244         0.690515         7.694011        24.437885        12.082016         0.000000
  2020     1     3     9    24  0.000000        -1.887368         0.672208         7.676932        24.425607        12.060047         0.000000
  2020     1     3     9    24 30.000000        -2.409063         0.142127         7.152038        23.896069        11.538682         0.000000
  2020     1     3     9    25  0.000000        -2.016429         0.532702         7.545148        24.292091        11.928636         0.000000
  2020     1     3     9    25 30.000000        -2.446066         0.106613         7.117222        23.871322        11.502806         0.000000
  2020     1     3     9    26  0.000000        -2.165724         0.382277         7.399041        24.150030        11.779554         0.000000
  2020     1     3     9    26 30.000000        -2.057284         0.487649         7.505908        24.256987        11.883106         0.000000
  2020     1     3     9    27  0.000000        -2.249580         0.291172         7.309747        24.064328        11.688813         0.000000
  2020     1     3     9    27 30.000000        -2.353109         0.186429         7.203444        23.967675        11.586430         0.000000
  2020     1     3     9    28  0.000000        -2.217479         0.329115         7.346200        24.103365        11.730540         0.000000
  2020     1     3     9    28 30.000000        -2.479381         0.066051         7.079870        23.835510        11.462962         0.000000
  2020     1     3     9    29  0.000000        -2.247315         0.294797         7.313053        24.070989        11.697402         0.000000
  2020     1     3     9    29 30.000000        -2.286580         0.257683         7.272817        24.036459        11.657262         0.000000
  2020     1     3     9    30  0.000000        -2.269612         0.271643         7.291222        24.054572        11.677185         0.000000
  2020     1     3     9    30 30.000000        -1.919907         0.626473         7.641021        24.408749        12.028330         0.000000
  2020     1     3     9    31  0.000000        -2.036465         0.503259         7.524642        24.288991        11.904302         0.000000
  2020     1     3     9    31 30.000000        -2.296865         0.243994         7.262037        24.034473        11.645472         0.000000
  2020     1     3     9    32  0.000000        -1.951183         0.585392         7.606354        24.371855        11.991136         0.000000
  2020     1     3     9    32 30.000000        -2.532258         0.004418         7.024462        23.792903        11.411905         0.000000
  2020     1     3     9    33  0.000000        -2.466931         0.063062         7.090160        23.857809        11.475629         0.000000
  2020     1     3     9    33 30.000000        -2.431166         0.101192         7.125678        23.892048        11.508588         0.000000
  2020     1     3     9    34  0.000000        -2.219472         0.313379         7.333582        24.100722        11.721696         0.000000
  2020     1     3     9    34 30.000000        -1.917046         0.613154         7.639871        24.406075        12.021049         0.000000
  2020     1     3     9    35  0.000000        -2.370932         0.161308         7.184860        23.952518        11.571242         0.000000
  2020     1     3     9    35 30.000000        -2.102517         0.427247         7.451577        24.217977        11.835462         0.000000
  2020     1     3     9    36  0.000000        -2.237859         0.296852         7.316481        24.089842        11.706455         0.000000
  2020     1     3     9    36 30.000000        -2.468953         0.066452         7.084506        23.857278        11.471452         0.000000
  2020     1     3     9    37  0.000000        -2.091374         0.439440         7.457873        24.236100        11.847679         0.000000
  2020     1     3     9    37 30.000000        -1.977162         0.554667         7.574700        24.349642        11.961384         0.000000
  2020     1     3     9    38  0.000000        -2.512959         0.019572         7.038622        23.818775        11.426428         0.000000
  2020     1     3     9    38 30.000000        -2.378106         0.158679         7.174709        23.951135        11.562319         0.000000
  2020     1     3     9    39  0.000000        -2.445430         0.090202         7.111041        23.891233        11.496916         0.000000
  2020     1     3     9    39 30.000000        -2.394603         0.144695         7.159774        23.944422        11.553026         0.000000
  2020     1     3     9    40  0.000000        -2.206560         0.331727         7.348087        24.119084        11.737149         0.000000
  2020     1     3     9    40 30.000000        -2.475040         0.057938         7.076155        23.850517        11.468149         0.000000
  2020     1     3     9    41  0.000000        -2.653663        -0.121140         6.892451        23.675225        11.292929         0.000000
  2020     1     3     9    41 30.000000        -2.454117         0.084432         7.093513        23.876266        11.486568         0.000000
  2020     1     3     9    42  0.000000        -2.287304         0.245514         7.257668        24.034701        11.655042         0.000000
  2020     1     3     9    42 30.000000        -2.573106        -0.036150         6.976148        23.754689        11.372538         0.000000
  2020     1     3     9    43  0.000000        -2.555521        -0.020132         6.996640        23.772726        11.387987         0.000000
  2020     1     3     9    43 30.000000        -2.688546        -0.154543         6.862133        23.641188        11.259647         0.000000
  2020     1     3     9    44  0.000000        -2.459851         0.078064         7.092138        23.872973        11.488421         0.000000
  2020     1     3     9    44 30.000000        -2.866816        -0.330348         6.686518        23.458905        11.080749         0.000000
  2020     1     3     9    45  0.000000        -2.693044        -0.152862         6.860836        23.628360        11.258618         0.000000
  2020     1     3     9    45 30.000000        -2.583741        -0.042635         6.965474        23.739411        11.360631         0.000000
  2020     1     3     9    46  0.000000        -2.207191         0.331131         7.342523        24.110877        11.735848         0.000000
  2020     1     3     9    46 30.000000        -2.674647        -0.134887         6.873298        23.646361        11.271639         0.000000
  2020     1     3     9    47  0.000000        -2.890759        -0.357330         6.654138        23.430967        11.053213         0.000000
  2020     1     3     9    47 30.000000        -2.583694        -0.052115         6.964003        23.735270        11.354862         0.000000
  2020     1     3     9    48  0.000000        -2.799333        -0.260247         6.749243        23.523863        11.146811         0.000000
  2020     1     3     9    48 30.000000        -2.593499        -0.052452         6.954535        23.727418        11.351816         0.000000
  2020     1     3     9    49  0.000000        -2.669667        -0.126658         6.880825        23.653675        11.281019         0.000000
  2020     1     3     9    49 30.000000        -2.706264        -0.163133         6.845403        23.621798        11.242581         0.000000
  2020     1     3     9    50  0.000000        -2.859613        -0.313978         6.693242        23.467410        11.090993         0.000000
  2020     1     3     9    50 30.000000        -2.756992        -0.217218         6.795162        23.567645        11.193007         0.000000
  2020     1     3     9    51  0.000000        -2.874237        -0.328739         6.679223        23.451383        11.079301         0.000000
  2020     1     3     9    51 30.000000        -2.811875        -0.269635         6.738119        23.511341        11.138186         0.000000
  2020     1     3     9    52  0.000000        -2.692535        -0.149939         6.859313        23.627704        11.257570         0.000000
  2020     1     3     9    52 30.000000        -2.819032        -0.273874         6.733899        23.503602        11.129887         0.000000
  2020     1     3     9    53  0.000000        -2.742454        -0.197917         6.810153        23.583207        11.207491         0.000000
  2020     1     3     9    53 30.000000        -2.974534        -0.431916         6.576949        23.344126        10.972932         0.000000
  2020     1     3     9    54  0.000000        -2.872466        -0.328664         6.678178        23.448793        11.075070         0.000000
  2020     1     3     9    54 30.000000        -2.865193        -0.325192         6.682235        23.452825        11.081313         0.000000
  2020     1     3     9    55  0.000000        -3.006684        -0.464469         6.540611        23.314381        10.940295         0.000000
  2020     1     3     9    55 30.000000        -3.004419        -0.459927         6.544078        23.312001        10.943488         0.000000
  2020     1     3     9    56  0.000000        -2.916367        -0.374948         6.633289        23.410038        11.034844         0.000000
  2020     1     3     9    56 30.000000        -2.924447        -0.382201         6.623598        23.398014        11.027866         0.000000
  2020     1     3     9    57  0.000000        -2.744876        -0.199262         6.806074        23.582412        11.209213         0.000000
  2020     1     3     9    57 30.000000        -2.612340        -0.066193         6.939975        23.712664        11.347953         0.000000
  2020     1     3     9    58  0.000000        -2.852879        -0.308191         6.698670        23.471642        11.103845         0.000000
  2020     1     3     9    58 30.000000        -2.764038        -0.219987         6.789231        23.558644        11.192771         0.000000
  2020     1     3     9    59  0.000000        -2.744341        -0.205185         6.800785        23.577604        11.205555         0.000000
  2020     1     3     9    59 30.000000        -2.715220        -0.170631         6.837441        23.609135        11.236536         0.000000
  2020     1     3    10     0  0.000000        -2.765588        -0.221852         6.784667        23.564116        11.177680         0.000000
  2020     1     3    10     0 30.000000        -2.914424        -0.373924         6.632597        23.412465        11.028497         0.000000
  2020     1     3    10     1  0.000000        -3.141867        -0.598696         6.403241        23.181735        10.804156         0.000000
  2020     1     3    10     1 30.000000        -3.332683        -0.790147         6.213751        22.992277        10.615489         0.000000
  2020     1     3    10     2  0.000000        -2.892895        -0.348921         6.651620        23.429582        11.059654         0.000000
  2020     1     3    10     2 30.000000        -2.956190        -0.409368         6.591337        23.366764        10.996563         0.000000
  2020     1     3    10     3  0.000000        -2.938880        -0.391501         6.608046        23.382638        11.010866         0.000000
  2020     1     3    10     3 30.000000        -2.762974        -0.218700         6.782427        23.561533        11.186205         0.000000
  2020     1     3    10     4  0.000000        -3.093216        -0.545133         6.453936        23.229144        10.859557         0.000000
  2020     1     3    10     4 30.000000        -2.773939        -0.227135         6.773374        23.547571        11.173337         0.000000
  2020     1     3    10     5  0.000000        -2.851002        -0.304435         6.693665        23.470737        11.097208         0.000000
  2020     1     3    10     5 30.000000        -3.148905        -0.604012         6.394094        23.171362        10.803868         0.000000
  2020     1     3    10     6  0.000000        -3.167479        -0.623001         6.376934        23.152545        10.777255         0.000000
  2020     1     3    10     6 30.000000        -2.996331        -0.454505         6.547289        23.324741        10.948599         0.000000
  2020     1     3    10     7  0.000000        -2.771262        -0.227457         6.773438        23.559587        11.175768         0.000000
  2020     1     3    10     7 30.000000        -2.984653        -0.439881         6.562770        23.338580        10.963470         0.000000
  2020     1     3    10     8  0.000000        -3.053605        -0.505208         6.490885        23.265284        10.889847         0.000000
  2020     1     3    10     8 30.000000        -2.932846        -0.385899         6.611888        23.389148        11.014382         0.000000
  2020     1     3    10     9  0.000000        -3.194634        -0.648888         6.352096        23.131575        10.754241         0.000000
  2020     1     3    10     9 30.000000        -2.909365        -0.365465         6.639336        23.416026        11.036664         0.000000
  2020     1     3    10    10  0.000000        -3.052138        -0.508231         6.497665        23.272557        10.897227         0.000000
  2020     1     3    10    10 30.000000        -3.026950        -0.482830         6.523194        23.301913        10.920399         0.000000
  2020     1     3    10    11  0.000000        -2.947797        -0.405911         6.601549        23.379733        11.000435         0.000000
  2020     1     3    10    11 30.000000        -3.055082        -0.510883         6.495011        23.268449        10.892476         0.000000
  2020     1     3    10    12  0.000000        -3.192683        -0.650172         6.358230        23.135343        10.752924         0.000000
  2020     1     3    10    12 30.000000        -3.039268        -0.499845         6.512159        23.278770        10.903661         0.000000
  2020     1     3    10    13  0.000000        -3.280729        -0.740756         6.266636        23.042758        10.659489         0.000000
  2020     1     3    10    13 30.000000        -3.044191        -0.503056         6.504230        23.278002        10.901933         0.000000
  2020     1     3    10    14  0.000000        -2.951852        -0.411215         6.597223        23.371841        10.993883         0.000000
  2020     1     3    10    14 30.000000        -2.993522        -0.454073         6.556638        23.330684        10.948091         0.000000
  2020     1     3    10    15  0.000000        -3.158645        -0.617013         6.389104        23.162742        10.786013         0.000000
  2020     1     3    10    15 30.000000        -3.153121        -0.609900         6.395133        23.164062        10.793286         0.000000
  2020     1     3    10    16  0.000000        -3.122436        -0.581954         6.424409        23.200265        10.826573         0.000000
  2020     1     3    10    16 30.000000        -3.136441        -0.591698         6.411582        23.189166        10.816427         0.000000
  2020     1     3    10    17  0.000000        -3.247863        -0.708531         6.298707        23.067529        10.703387         0.000000
  2020     1     3    10    17 30.000000        -2.996200        -0.459379         6.548483        23.323338        10.948892         0.000000
  2020     1     3    10    18  0.000000        -3.109475        -0.572091         6.435198        23.205268        10.840224         0.000000
  2020     1     3    10    18 30.000000        -3.118369        -0.582919         6.424013        23.200676        10.830154         0.000000
  2020     1     3    10    19  0.000000        -3.626598        -1.087059         5.921506        22.690738        10.324889         0.000000
  2020     1     3    10    19 30.000000        -3.253466        -0.710329         6.293933        23.066213        10.697722         0.000000
  2020     1     3    10    20  0.000000        -3.194225        -0.650770         6.350212        23.126311        10.756513         0.000000
  2020     1     3    10    20 30.000000        -3.193374        -0.649705         6.349133        23.129926        10.754195         0.000000
  2020     1     3    10    21  0.000000        -3.254175        -0.710996         6.286738        23.069071        10.698559         0.000000
  2020     1     3    10    21 30.000000        -3.274901        -0.735207         6.265573        23.044272        10.679197         0.000000
  2020     1     3    10    22  0.000000        -3.082521        -0.541147         6.459882        23.237002        10.871237         0.000000
  2020     1     3    10    22 30.000000        -3.073858        -0.531035         6.468051        23.248371        10.878278         0.000000
  2020     1     3    10    23  0.000000        -3.434770        -0.894008         6.110079        22.883513        10.514429         0.000000
  2020     1     3    10    23 30.000000        -2.972464        -0.432668         6.571636        23.344404        10.980935         0.000000
  2020     1     3    10    24  0.000000        -3.125932        -0.584812         6.421136        23.201630        10.824446         0.000000
  2020     1     3    10    24 30.000000        -3.089044        -0.547045         6.457535        23.233990        10.866472         0.000000
  2020     1     3    10    25  0.000000        -3.175487        -0.632159         6.369498        23.146130        10.776955         0.000000
  2020     1     3    10    25 30.000000        -3.240564        -0.698785         6.305748        23.080098        10.712285         0.000000
  2020     1     3    10    26  0.000000        -2.979070        -0.435376         6.566897        23.342131        10.978207         0.000000
  2020     1     3    10    26 30.000000        -2.894195        -0.352418         6.654992        23.424306        11.064968         0.000000
  2020     1     3    10    27  0.000000        -2.951930        -0.418169         6.596722        23.360339        11.004780         0.000000
  2020     1     3    10    27 30.000000        -3.213270        -0.673307         6.335579        23.098852        10.749239         0.000000
  2020     1     3    10    28  0.000000        -3.313300        -0.773526         6.234849        23.001476        10.638195         0.000000
  2020     1     3    10    28 30.000000        -3.405472        -0.870198         6.143466        22.910450        10.542068         0.000000
  2020     1     3    10    29  0.000000        -3.203963        -0.667887         6.342834        23.103609        10.742106         0.000000
  2020     1     3    10    29 30.000000        -3.285072        -0.747361         6.256788        23.024890        10.659561         0.000000
  2020     1     3    10    30  0.000000        -3.130854        -0.592923         6.413440        23.180382        10.819489         0.000000
  2020     1     3    10    30 30.000000        -3.457428        -0.921015         6.088126        22.849386        10.489808         0.000000
  2020     1     3    10    31  0.000000        -3.190942        -0.649465         6.354243        23.120174        10.759416         0.000000
  2020     1     3    10    31 30.000000        -3.240196        -0.698997         6.311275        23.070548        10.709823         0.000000
  2020     1     3    10    32  0.000000        -3.071136        -0.529957         6.475975        23.234680        10.878502         0.000000
  2020     1     3    10    32 30.000000        -3.305682        -0.763117         6.240985        22.999591        10.648352         0.000000
  2020     1     3    10    33  0.000000        -3.538007        -1.001319         6.008627        22.766935        10.408186         0.000000
  2020     1     3    10    33 30.000000        -3.360101        -0.821241         6.188151        22.951150        10.591900         0.000000
  2020     1     3    10    34  0.000000        -3.147467        -0.611755         6.400921        23.158079        10.802486         0.000000
  2020     1     3    10    34 30.000000        -3.373940        -0.837377         6.172870        22.938983        10.576018         0.000000
  2020     1     3    10    35  0.000000        -3.228171        -0.687157         6.319627        23.082745        10.722405         0.000000
  2020     1     3    10    35 30.000000        -3.377454        -0.840453         6.169045        22.929432        10.576565         0.000000
  2020     1     3    10    36  0.000000        -3.119210        -0.579618         6.430774        23.189819        10.834209         0.000000
  2020     1     3    10    36 30.000000        -3.393639        -0.854218         6.158942        22.914890        10.559659         0.000000
  2020     1     3    10    37  0.000000        -3.053694        -0.512136         6.494501        23.249521        10.887860         0.000000
  2020     1     3    10    37 30.000000        -3.296923        -0.762003         6.249160        23.005559        10.646098         0.000000
  2020     1     3    10    38  0.000000        -3.413087        -0.874933         6.137544        22.893563        10.534230         0.000000
  2020     1     3    10    38 30.000000        -3.517837        -0.979765         6.033502        22.785029        10.433756         0.000000
  2020     1     3    10    39  0.000000        -3.265859        -0.722113         6.285237        23.043188        10.685799         0.000000
  2020     1     3    10    39 30.000000        -3.517307        -0.969282         6.038619        22.793620        10.430821         0.000000
  2020     1     3    10    40  0.000000        -2.922560        -0.375415         6.631771        23.390249        11.024921         0.000000
  2020     1     3    10    40 30.000000        -3.036743        -0.493140         6.517623        23.275134        10.916506         0.000000
  2020     1     3    10    41  0.000000        -3.341835        -0.798170         6.210289        22.969832        10.610529         0.000000
  2020     1     3    10    41 30.000000        -3.234435        -0.694573         6.316167        23.074411        10.718050         0.000000
  2020     1     3    10    42  0.000000        -3.092176        -0.549304         6.460833        23.216754        10.857024         0.000000
  2020     1     3    10    42 30.000000        -3.369339        -0.818350         6.186763        22.947193        10.580642         0.000000
  2020     1     3    10    43  0.000000        -3.077078        -0.533592         6.473146        23.243400        10.873965         0.000000
  2020     1     3    10    43 30.000000        -3.145674        -0.602346         6.405562        23.167035        10.805324         0.000000
  2020     1     3    10    44  0.000000        -3.205144        -0.656264         6.345094        23.104162        10.747542         0.000000
  2020     1     3    10    44 30.000000        -3.345807        -0.797205         6.206815        22.969372        10.608839         0.000000
  2020     1     3    10    45  0.000000        -2.993282        -0.442668         6.557055        23.315987        10.970211         0.000000
  2020     1     3    10    45 30.000000        -3.022678        -0.475304         6.525134        23.282703        10.932449         0.000000
  2020     1     3    10    46  0.000000        -2.893610        -0.343363         6.659229        23.420610        11.059697         0.000000
  2020     1     3    10    46 30.000000        -3.487768        -0.940938         6.063024        22.824977        10.463791         0.000000
  2020     1     3    10    47  0.000000        -3.503857        -0.956081         6.048172        22.808460        10.447762         0.000000
  2020     1     3    10    47 30.000000        -3.121759        -0.573870         6.427796        23.191420        10.833247         0.000000
  2020     1     3    10    48  0.000000        -3.068610        -0.519017         6.477846        23.245014        10.876508         0.000000
  2020     1     3    10    48 30.000000        -2.843439        -0.291879         6.702053        23.465386        11.099023         0.000000
  2020     1     3    10    49  0.000000        -3.086424        -0.539699         6.462639        23.225080        10.856505         0.000000
  2020     1     3    10    49 30.000000        -3.484933        -0.938902         6.061750        22.824797        10.458588         0.000000
  2020     1     3    10    50  0.000000        -3.410382        -0.863124         6.137518        22.900814        10.537230         0.000000
  2020     1     3    10    50 30.000000        -3.375431        -0.829503         6.176516        22.935747        10.580069         0.000000
  2020     1     3    10    51  0.000000        -3.000046        -0.450915         6.553009        23.316292        10.955447         0.000000
  2020     1     3    10    51 30.000000        -2.978665        -0.432475         6.572322        23.329152        10.970093         0.000000
  2020     1     3    10    52  0.000000        -2.941375        -0.401147         6.609675        23.370025        11.006101         0.000000
  2020     1     3    10    52 30.000000        -3.141717        -0.594917         6.413427        23.168244        10.811277         0.000000
  2020     1     3    10    53  0.000000        -3.081961        -0.533401         6.472138        23.229264        10.870562         0.000000
  2020     1     3    10    53 30.000000        -3.194394        -0.648625         6.355233        23.116552        10.754591         0.000000
  2020     1     3    10    54  0.000000        -3.261198        -0.714951         6.291634        23.048947        10.687725         0.000000
  2020     1     3    10    54 30.000000        -2.981167        -0.431993         6.576087        23.324183        10.972623         0.000000
  2020     1     3    10    55  0.000000        -2.946729        -0.398149         6.613978        23.364684        11.008495         0.000000
  2020     1     3    10    55 30.000000        -3.039592        -0.488357         6.517042        23.274315        10.912950         0.000000
  2020     1     3    10    56  0.000000        -3.235208        -0.688651         6.323433        23.078346        10.716631         0.000000
  2020     1     3    10    56 30.000000        -2.852153        -0.306799         6.706374        23.461145        11.094454         0.000000
  2020     1     3    10    57  0.000000        -3.552212        -1.001643         6.006765        22.767531        10.396053         0.000000
  2020     1     3    10    57 30.000000        -2.995256        -0.443893         6.565119        23.321170        10.957377         0.000000
  2020     1     3    10    58  0.000000        -3.009241        -0.460778         6.552420        23.307328        10.943141         0.000000
  2020     1     3    10    58 30.000000        -3.034408        -0.480710         6.526261        23.276562        10.915578         0.000000
  2020     1     3    10    59  0.000000        -3.244716        -0.695028         6.315649        23.069534        10.701031         0.000000
  2020     1     3    10    59 30.000000        -3.213625        -0.668495         6.348003        23.099109        10.727818         0.000000
  2020     1     3    11     0  0.000000        -2.952753        -0.404398         6.607008        23.365763        10.994071         0.000000
  2020     1     3    11     0 30.000000        -2.689823        -0.146444         6.867740        23.622085        11.258509         0.000000
  2020     1     3    11     1  0.000000        -2.784047        -0.239830         6.771918        23.526847        11.164944         0.000000
  2020     1     3    11     1 30.000000        -2.905159        -0.355952         6.650079        23.410137        11.040460         0.000000
  2020     1     3    11     2  0.000000        -3.084489        -0.543242         6.466338        23.231182        10.863517         0.000000
  2020     1     3    11     2 30.000000        -2.926324        -0.381124         6.625783        23.391276        11.016054         0.000000
  2020     1     3    11     3  0.000000        -3.061511        -0.510571         6.490582        23.247498        10.881507         0.000000
  2020     1     3    11     3 30.000000        -3.006617        -0.460074         6.545674        23.308191        10.935855         0.000000
  2020     1     3    11     4  0.000000        -3.333835        -0.791296         6.220134        22.976490        10.613311         0.000000
  2020     1     3    11     4 30.000000        -2.804627        -0.259980         6.744266        23.506893        11.133068         0.000000
  2020     1     3    11     5  0.000000        -2.789157        -0.246708         6.760722        23.519475        11.152545         0.000000
  2020     1     3    11     5 30.000000        -2.748686        -0.204422         6.799947        23.559033        11.189993         0.000000
  2020     1     3    11     6  0.000000        -2.967920        -0.421797         6.581063        23.340118        10.968639         0.000000
  2020     1     3    11     6 30.000000        -3.175162        -0.628177         6.373420        23.135974        10.760984         0.000000
  2020     1     3    11     7  0.000000        -3.119820        -0.579376         6.428360        23.191052        10.820116         0.000000
  2020     1     3    11     7 30.000000        -2.963802        -0.418665         6.579720        23.344058        10.973520         0.000000
  2020     1     3    11     8  0.000000        -3.292783        -0.747336         6.251596        23.016869        10.638870         0.000000
  2020     1     3    11     8 30.000000        -2.878183        -0.332032         6.666003        23.429842        11.057133         0.000000
  2020     1     3    11     9  0.000000        -2.747993        -0.207511         6.794704        23.563408        11.186277         0.000000
  2020     1     3    11     9 30.000000        -3.045951        -0.507565         6.498747        23.261906        10.887724         0.000000
  2020     1     3    11    10  0.000000        -2.904552        -0.365463         6.641956        23.405894        11.030026         0.000000
  2020     1     3    11    10 30.000000        -3.128484        -0.589182         6.416118        23.185993        10.804274         0.000000
  2020     1     3    11    11  0.000000        -2.801843        -0.257355         6.747888        23.515420        11.136009         0.000000
  2020     1     3    11    11 30.000000        -2.476851         0.071923         7.070260        23.838336        11.464753         0.000000
  2020     1     3    11    12  0.000000        -2.952156        -0.407874         6.595169        23.363907        10.981044         0.000000
  2020     1     3    11    12 30.000000        -2.840273        -0.292689         6.705021        23.470920        11.096979         0.000000
  2020     1     3    11    13  0.000000        -2.843490        -0.301701         6.699519        23.473324        11.095319         0.000000
  2020     1     3    11    13 30.000000        -2.851427        -0.307560         6.695993        23.460995        11.092332         0.000000
  2020     1     3    11    14  0.000000        -2.333312         0.214835         7.214598        23.984507        11.604226         0.000000
  2020     1     3    11    14 30.000000        -2.597397        -0.055375         6.951765        23.716065        11.340699         0.000000
  2020     1     3    11    15  0.000000        -2.933177        -0.388940         6.615699        23.378332        11.002042         0.000000
  2020     1     3    11    15 30.000000        -2.851771        -0.305748         6.695284        23.458447        11.080153         0.000000
  2020     1     3    11    16  0.000000        -2.589185        -0.042153         6.961262        23.720518        11.340663         0.000000
  2020     1     3    11    16 30.000000        -2.511896         0.028801         7.036802        23.800908        11.417683         0.000000
  2020     1     3    11    17  0.000000        -2.964876        -0.425721         6.585087        23.353979        10.969987         0.000000
  2020     1     3    11    17 30.000000        -2.698180        -0.158969         6.849214        23.616717        11.229685         0.000000
  2020     1     3    11    18  0.000000        -2.996203        -0.455867         6.550109        23.321369        10.936378         0.000000
  2020     1     3    11    18 30.000000        -2.435106         0.104705         7.113796        23.884225        11.503971         0.000000
  2020     1     3    11    19  0.000000        -2.734529        -0.187652         6.813589        23.576949        11.198527         0.000000
  2020     1     3    11    19 30.000000        -2.636044        -0.086714         6.913001        23.678673        11.296609         0.000000
  2020     1     3    11    20  0.000000        -2.779061        -0.236112         6.769995        23.537647        11.154723         0.000000
  2020     1     3    11    20 30.000000        -2.572663        -0.034196         6.972309        23.749486        11.361030         0.000000
  2020     1     3    11    21  0.000000        -2.611041        -0.068393         6.936223        23.709904        11.326772         0.000000
  2020     1     3    11    21 30.000000        -2.519195         0.022986         7.031369        23.803421        11.421463         0.000000
  2020     1     3    11    22  0.000000        -2.741120        -0.203434         6.809877        23.585322        11.197632         0.000000
  2020     1     3    11    22 30.000000        -2.733771        -0.191984         6.815986        23.588045        11.209131         0.000000
  2020     1     3    11    23  0.000000        -2.387357         0.157180         7.165463        23.938207        11.555053         0.000000
  2020     1     3    11    23 30.000000        -2.742471        -0.200523         6.810189        23.586833        11.200020         0.000000
  2020     1     3    11    24  0.000000        -2.631292        -0.087082         6.920496        23.696656        11.309651         0.000000
  2020     1     3    11    24 30.000000        -2.594312        -0.047271         6.959021        23.736832        11.349765         0.000000
  2020     1     3    11    25  0.000000        -2.885085        -0.340963         6.670728        23.451077        11.053165         0.000000
  2020     1     3    11    25 30.000000        -2.803461        -0.263154         6.747801        23.526731        11.135809         0.000000
  2020     1     3    11    26  0.000000        -2.746455        -0.211596         6.802297        23.583588        11.196506         0.000000
  2020     1     3    11    26 30.000000        -2.655395        -0.114532         6.895933        23.677762        11.285512         0.000000
  2020     1     3    11    27  0.000000        -2.919954        -0.384958         6.627927        23.410911        11.021660         0.000000
  2020     1     3    11    27 30.000000        -2.752216        -0.215763         6.795773        23.568193        11.185381         0.000000
  2020     1     3    11    28  0.000000        -2.794737        -0.260450         6.750972        23.530455        11.139217         0.000000
  2020     1     3    11    28 30.000000        -2.841418        -0.304886         6.706156        23.484747        11.095173         0.000000
  2020     1     3    11    29  0.000000        -2.990241        -0.451492         6.560029        23.339798        10.951327         0.000000
  2020     1     3    11    29 30.000000        -2.797037        -0.263003         6.754390        23.532805        11.138153         0.000000
  2020     1     3    11    30  0.000000        -2.648570        -0.112193         6.901879        23.677154        11.289047         0.000000
  2020     1     3    11    30 30.000000        -2.624452        -0.086958         6.927329        23.699748        11.313280         0.000000
  2020     1     3    11    31  0.000000        -2.630878        -0.095851         6.922569        23.700727        11.307964         0.000000
  2020     1     3    11    31 30.000000        -2.796379        -0.259238         6.753604        23.529621        11.140660         0.000000
  2020     1     3    11    32  0.000000        -2.805377        -0.266931         6.742742        23.515757        11.131303         0.000000
  2020     1     3    11    32 30.000000        -2.787416        -0.247546         6.762488        23.534934        11.148779         0.000000
  2020     1     3    11    33  0.000000        -2.907972        -0.367601         6.641805        23.414951        11.027531         0.000000
  2020     1     3    11    33 30.000000        -2.468425         0.070291         7.079569        23.852581        11.471107         0.000000
  2020     1     3    11    34  0.000000        -2.775813        -0.235427         6.772340        23.543575        11.158907         0.000000
  2020     1     3    11    34 30.000000        -2.815238        -0.275022         6.735645        23.505842        11.121241         0.000000
  2020     1     3    11    35  0.000000        -2.525497         0.009538         7.026747        23.794643        11.418719         0.000000
  2020     1     3    11    35 30.000000        -2.583851        -0.038780         6.966640        23.740210        11.356872         0.000000
  2020     1     3    11    36  0.000000        -2.974552        -0.433623         6.580133        23.343138        10.962487         0.000000
  2020     1     3    11    36 30.000000        -2.988697        -0.452338         6.564328        23.327547        10.951829         0.000000
  2020     1     3    11    37  0.000000        -2.760900        -0.216104         6.794000        23.559389        11.179025         0.000000
  2020     1     3    11    37 30.000000        -2.854993        -0.316304         6.700373        23.460242        11.083878         0.000000
  2020     1     3    11    38  0.000000        -2.557077        -0.018731         6.996125        23.761400        11.380995         0.000000
  2020     1     3    11    38 30.000000        -2.832267        -0.296266         6.716735        23.484645        11.102089         0.000000
  2020     1     3    11    39  0.000000        -2.926017        -0.393659         6.623658        23.392474        11.003217         0.000000
  2020     1     3    11    39 30.000000        -2.773425        -0.238155         6.772643        23.544278        11.158988         0.000000
  2020     1     3    11    40  0.000000        -3.012908        -0.477973         6.535224        23.299143        10.922005         0.000000
  2020     1     3    11    40 30.000000        -2.942552        -0.406731         6.603973        23.370402        10.986011         0.000000
  2020     1     3    11    41  0.000000        -2.821228        -0.281729         6.725738        23.489926        11.108193         0.000000
  2020     1     3    11    41 30.000000        -2.483881         0.054947         7.063200        23.833408        11.448423         0.000000
  2020     1     3    11    42  0.000000        -2.617630        -0.078268         6.927912        23.694263        11.313782         0.000000
  2020     1     3    11    42 30.000000        -2.777406        -0.240578         6.770670        23.533715        11.153604         0.000000
  2020     1     3    11    43  0.000000        -2.909849        -0.372125         6.638445        23.402077        11.020244         0.000000
  2020     1     3    11    43 30.000000        -2.644478        -0.109308         6.902645        23.667238        11.286387         0.000000
  2020     1     3    11    44  0.000000        -2.794000        -0.256788         6.754020        23.522065        11.135278         0.000000
  2020     1     3    11    44 30.000000        -2.635833        -0.094687         6.916493        23.681743        11.298608         0.000000
  2020     1     3    11    45  0.000000        -2.760008        -0.221472         6.789787        23.551504        11.170626         0.000000
  2020     1     3    11    45 30.000000        -3.184549        -0.647230         6.362314        23.122617        10.744866         0.000000
  2020     1     3    11    46  0.000000        -3.249904        -0.714860         6.293822        23.056314        10.675522         0.000000
  2020     1     3    11    46 30.000000        -2.969839        -0.435086         6.573270        23.336867        10.959457         0.000000
  2020     1     3    11    47  0.000000        -2.799154        -0.262340         6.741079        23.504055        11.132344         0.000000
  2020     1     3    11    47 30.000000        -2.757543        -0.222802         6.785625        23.548842        11.172920         0.000000
  2020     1     3    11    48  0.000000        -2.771244        -0.237364         6.774620        23.536115        11.157358         0.000000
  2020     1     3    11    48 30.000000        -2.886157        -0.350024         6.659121        23.423105        11.046451         0.000000
  2020     1     3    11    49  0.000000        -2.643139        -0.103463         6.902071        23.661285        11.286954         0.000000
  2020     1     3    11    49 30.000000        -3.125017        -0.586383         6.419722        23.184174        10.807957         0.000000
  2020     1     3    11    50  0.000000        -3.080729        -0.545688         6.465247        23.228200        10.852657         0.000000
  2020     1     3    11    50 30.000000        -2.604966        -0.064366         6.941040        23.710266        11.332412         0.000000
  2020     1     3    11    51  0.000000        -2.537310         0.008559         7.011882        23.776916        11.400947         0.000000
  2020     1     3    11    51 30.000000        -2.668605        -0.126914         6.882185        23.646324        11.270238         0.000000
  2020     1     3    11    52  0.000000        -2.418358         0.124467         7.134628        23.899281        11.519252         0.000000
  2020     1     3    11    52 30.000000        -2.384241         0.159207         7.168125        23.939135        11.558233         0.000000
  2020     1     3    11    53  0.000000        -2.901679        -0.357627         6.650333        23.415523        11.036605         0.000000
  2020     1     3    11    53 30.000000        -2.689495        -0.144956         6.860624        23.624563        11.251788         0.000000
  2020     1     3    11    54  0.000000        -2.809935        -0.267122         6.739275        23.509574        11.128194         0.000000
  2020     1     3    11    54 30.000000        -2.527841         0.018222         7.021265        23.793366        11.411429         0.000000
  2020     1     3    11    55  0.000000        -2.486391         0.057142         7.060400        23.828897        11.450803         0.000000
  2020     1     3    11    55 30.000000        -2.108177         0.441765         7.441625        24.211347        11.833358         0.000000
  2020     1     3    11    56  0.000000        -2.806301        -0.260475         6.742936        23.509008        11.134610         0.000000
  2020     1     3    11    56 30.000000        -2.462043         0.079604         7.085255        23.858724        11.475015         0.000000
  2020     1     3    11    57  0.000000        -2.530532         0.012106         7.016994        23.786483        11.409219         0.000000
  2020     1     3    11    57 30.000000        -2.647975        -0.103955         6.904459        23.672347        11.292018         0.000000
  2020     1     3    11    58  0.000000        -2.324195         0.217176         7.225645        23.993230        11.617991         0.000000
  2020     1     3    11    58 30.000000        -2.378707         0.160702         7.170566        23.934608        11.562442         0.000000
  2020     1     3    11    59  0.000000        -2.462959         0.082001         7.089131        23.855446        11.477245         0.000000
  2020     1     3    11    59 30.000000        -2.710629        -0.168847         6.843383        23.607829        11.227983         0.000000
  2020     1     3    12     0  0.000000        -2.658948        -0.121012         6.894046        23.661217        11.284464         0.000000
  2020     1     3    12     0 30.000000        -2.997906        -0.458401         6.552021        23.315252        10.943990         0.000000
  2020     1     3    12     1  0.000000        -2.259948         0.277544         7.290866        24.057065        11.684036         0.000000
  2020     1     3    12     1 30.000000        -2.487346         0.054104         7.063987        23.829060        11.452311         0.000000
  2020     1     3    12     2  0.000000        -2.102754         0.434057         7.448011        24.208233        11.838884         0.000000
  2020     1     3    12     2 30.000000        -2.788678        -0.254137         6.761471        23.523090        11.149300         0.000000
  2020     1     3    12     3  0.000000        -2.473257         0.062340         7.071748        23.841659        11.462842         0.000000
  2020     1     3    12     3 30.000000        -2.544546        -0.005894         7.002208        23.770074        11.387601         0.000000
  2020     1     3    12     4  0.000000        -2.492297         0.046000         7.054068        23.818536        11.442752         0.000000
  2020     1     3    12     4 30.000000        -2.211644         0.326533         7.337759        24.101955        11.725165         0.000000
  2020     1     3    12     5  0.000000        -2.365103         0.181107         7.186005        23.950377        11.573316         0.000000
  2020     1     3    12     5 30.000000        -2.234121         0.308939         7.315804        24.082187        11.702976         0.000000
  2020     1     3    12     6  0.000000        -2.351235         0.194583         7.201236        23.965646        11.590063         0.000000
  2020     1     3    12     6 30.000000        -2.456057         0.088780         7.095166        23.859656        11.483738         0.000000
  2020     1     3    12     7  0.000000        -2.280991         0.269991         7.268375        24.038283        11.653548         0.000000
  2020     1     3    12     7 30.000000        -2.172717         0.373979         7.377201        24.143750        11.764989         0.000000
  2020     1     3    12     8  0.000000        -2.079454         0.467299         7.474327        24.244156        11.856671         0.000000
  2020     1     3    12     8 30.000000        -2.219015         0.322650         7.333144        24.099654        11.719799         0.000000
  2020     1     3    12     9  0.000000        -2.378667         0.166736         7.170294        23.938562        11.558794         0.000000
  2020     1     3    12     9 30.000000        -2.146223         0.398090         7.406198        24.178853        11.792440         0.000000
  2020     1     3    12    10  0.000000        -2.033304         0.506803         7.519243        24.284001         0.000000         0.000000
  2020     1     3    12    10 30.000000        -2.092410         0.449130         7.455786        24.227869        11.842762         0.000000
  2020     1     3    12    11  0.000000        -2.116459         0.430092         7.437574        24.203917         0.000000         0.000000
  2020     1     3    12    11 30.000000        -1.725924         0.816223         7.827037        24.597025        12.210562         0.000000
  2020     1     3    12    12  0.000000        -2.036613         0.504886         7.513438        24.285596        11.896807         0.000000
  2020     1     3    12    12 30.000000        -2.247410         0.295406         7.303844        24.077410         0.000000         0.000000
  2020     1     3    12    13  0.000000        -2.008426         0.537877         7.545618        24.315219         0.000000         0.000000
  2020     1     3    12    13 30.000000        -1.940749         0.603474         7.611458        24.381109        11.999416         0.000000
  2020     1     3    12    14  0.000000        -2.182402         0.361093         7.369375        24.140822         0.000000         0.000000
  2020     1     3    12    14 30.000000        -1.562433         0.977657         7.990795        24.757668         0.000000         0.000000
  2020     1     3    12    15  0.000000        -1.868207         0.675548         7.685140        24.449683         0.000000         0.000000
  2020     1     3    12    15 30.000000        -2.099450         0.441393         7.455038        24.219333         0.000000         0.000000
  2020     1     3    12    16  0.000000        -1.602899         0.939376         7.949707        24.716040         0.000000         0.000000
  2020     1     3    12    16 30.000000        -1.989702         0.554067         7.562554        24.336214        11.949779         0.000000
  2020     1     3    12    17  0.000000        -2.020826         0.522289         7.529790        24.300521        11.921196         0.000000
  2020     1     3    12    17 30.000000        -2.250967         0.295134         7.301784        24.069969         0.000000         0.000000
  2020     1     3    12    18  0.000000        -2.032225         0.513027         7.522919        24.286972        11.913485         0.000000
  2020     1     3    12    18 30.000000        -1.902818         0.643137         7.649734        24.415496         0.000000         0.000000
  2020     1     3    12    19  0.000000        -1.696543         0.848901         7.855156        24.624969         0.000000         0.000000
  2020     1     3    12    19 30.000000        -1.513959         1.035757         8.041843        24.810620        12.430875         0.000000
  2020     1     3    12    20  0.000000        -1.755356         0.792974         7.800132        24.562833        12.189524         0.000000
  2020     1     3    12    20 30.000000        -1.702938         0.846455         7.852064        24.621404         0.000000         0.000000
  2020     1     3    12    21  0.000000        -1.609412         0.930303         7.945113        24.712373         0.000000         0.000000
  2020     1     3    12    21 30.000000        -1.788073         0.753468         7.766075        24.530379         0.000000         0.000000
  2020     1     3    12    22  0.000000        -1.212717         1.338374         8.342373        25.109461         0.000000         0.000000
  2020     1     3    12    22 30.000000        -1.594650         0.953509         7.958709        24.731012         0.000000         0.000000
  2020     1     3    12    23  0.000000        -1.067204         1.480324         8.483783        25.253844         0.000000         0.000000
  2020     1     3    12    23 30.000000        -1.676532         0.875337         7.876132        24.646573         0.000000         0.000000
  2020     1     3    12    24  0.000000        -1.161933         1.385922         8.393307        25.160077         0.000000         0.000000
  2020     1     3    12    24 30.000000        -1.285667         1.266451         8.271292        25.037377        12.647931         0.000000
  2020     1     3    12    25  0.000000        -1.506276         1.034384         8.048734        24.811315        12.430719         0.000000
  2020     1     3    12    25 30.000000        -1.570311         0.972567         7.983027        24.743474        12.359300         0.000000
  2020     1     3    12    26  0.000000        -1.455976         1.084710         8.095332        24.859679         0.000000         0.000000
  2020     1     3    12    26 30.000000        -1.504001         1.041830         8.051720        24.811254        12.433079         0.000000
  2020     1     3    12    27  0.000000        -1.425029         1.118633         8.126248        24.891904         0.000000         0.000000
  2020     1     3    12    27 30.000000        -1.716409         0.825241         7.834118        24.598792        12.219028         0.000000
  2020     1     3    12    28  0.000000        -1.126411         1.412685         8.424138        25.189619        12.808249         0.000000
  2020     1     3    12    28 30.000000        -1.447877         1.096449         8.106619        24.868479        12.485915         0.000000
  2020     1     3    12    29  0.000000        -1.022268         1.521606         8.532268        25.293010        12.914549         0.000000
  2020     1     3    12    29 30.000000        -1.144083         1.398987         8.406859        25.170450        12.789897         0.000000
  2020     1     3    12    30  0.000000        -1.431661         1.109587         8.120647        24.875828        12.503746         0.000000
  2020     1     3    12    30 30.000000        -1.463123         1.076492         8.086620        24.847464        12.475533         0.000000
  2020     1     3    12    31  0.000000        -1.053843         1.488183         8.496161        25.262899        12.885710         0.000000
  2020     1     3    12    31 30.000000        -1.196844         1.347788         8.353306        25.121373        12.746254         0.000000
  2020     1     3    12    32  0.000000        -1.327668         1.215619         8.224878        24.988523        12.613921         0.000000
  2020     1     3    12    32 30.000000        -1.247513         1.297390         8.302324        25.068369        12.687467         0.000000
  2020     1     3    12    33  0.000000        -1.263012         1.282930         8.286000        25.055433        12.676575         0.000000
  2020     1     3    12    33 30.000000        -1.720658         0.820999         7.827610        24.601737        12.216590         0.000000
  2020     1     3    12    34  0.000000        -1.584430         0.962360         7.965375        24.733078        12.354562         0.000000
  2020     1     3    12    34 30.000000        -1.599600         0.946515         7.951418        24.712315        12.338041         0.000000
  2020     1     3    12    35  0.000000        -1.398769         1.143619         8.149116        24.910205        12.539882         0.000000
  2020     1     3    12    35 30.000000        -1.498693         1.042350         8.050588        24.809681        12.439329         0.000000
  2020     1     3    12    36  0.000000        -1.673185         0.871223         7.876188        24.637312        12.267776         0.000000
  2020     1     3    12    36 30.000000        -1.500507         1.043336         8.046991        24.810653        12.432036         0.000000
  2020     1     3    12    37  0.000000        -1.196895         1.347660         8.349142        25.111182        12.738990         0.000000
  2020     1     3    12    37 30.000000        -1.248216         1.298322         8.298128        25.062822        12.685906         0.000000
  2020     1     3    12    38  0.000000        -1.039450         1.504692         8.508113        25.272045        12.897415         0.000000
  2020     1     3    12    38 30.000000        -1.505949         1.041161         8.040332        24.803952        12.432689         0.000000
  2020     1     3    12    39  0.000000        -1.089517         1.456238         8.463009        25.222267        12.848475         0.000000
  2020     1     3    12    39 30.000000        -1.294154         1.252582         8.258786        25.013338        12.649339         0.000000
  2020     1     3    12    40  0.000000        -1.128316         1.413615         8.421809        25.174812        12.816554         0.000000
  2020     1     3    12    40 30.000000        -1.239736         1.303686         8.309559        25.066550        12.702946         0.000000
  2020     1     3    12    41  0.000000        -1.151147         1.389907         8.399189        25.153186        12.790899         0.000000
  2020     1     3    12    41 30.000000        -1.037773         1.507363         8.515254        25.268056        12.904732         0.000000
  2020     1     3    12    42  0.000000        -0.999340         1.544114         8.548332        25.310028        12.942618         0.000000
  2020     1     3    12    42 30.000000        -0.623020         1.922637         8.926383        25.680681        13.319993         0.000000
  2020     1     3    12    43  0.000000        -1.252516         1.289678         8.295679        25.052147        12.688435         0.000000
  2020     1     3    12    43 30.000000        -1.175764         1.365917         8.373551        25.129904        12.764913         0.000000
  2020     1     3    12    44  0.000000        -0.870087         1.669489         8.680917        25.435996        13.069839         0.000000
  2020     1     3    12    44 30.000000        -1.071796         1.471075         8.477671        25.230047        12.869582         0.000000
  2020     1     3    12    45  0.000000        -1.108343         1.437368         8.446626        25.198799        12.831440         0.000000
  2020     1     3    12    45 30.000000        -1.367504         1.173736         8.185172        24.938198        12.574620         0.000000
  2020     1     3    12    46  0.000000        -0.893028         1.648299         8.662843        25.418050        13.052234         0.000000
  2020     1     3    12    46 30.000000        -1.020051         1.523857         8.534049        25.289100        12.923219         0.000000
  2020     1     3    12    47  0.000000        -0.904326         1.634274         8.648831        25.406571        13.036128         0.000000
  2020     1     3    12    47 30.000000        -1.085717         1.455811         8.468658        25.225828        12.854789         0.000000
  2020     1     3    12    48  0.000000        -1.081015         1.461813         8.470961        25.231890        12.858077         0.000000
  2020     1     3    12    48 30.000000        -0.776561         1.759874         8.773579        25.529696        13.162677         0.000000
  2020     1     3    12    49  0.000000        -1.173656         1.363042         8.375331        25.135951        12.764122         0.000000
  2020     1     3    12    49 30.000000        -0.593782         1.946628         8.951895        25.716973        13.344213         0.000000
  2020     1     3    12    50  0.000000        -0.784518         1.754089         8.763877        25.523799        13.152104         0.000000
  2020     1     3    12    50 30.000000        -1.139721         1.402302         8.412094        25.168847        12.799269         0.000000
  2020     1     3    12    51  0.000000        -1.290253         1.249742         8.262028        25.017517        12.652075         0.000000
  2020     1     3    12    51 30.000000        -0.945660         1.591898         8.605369        25.364621        12.997466         0.000000
  2020     1     3    12    52  0.000000        -1.325565         1.213295         8.227581        24.982751        12.616344         0.000000
  2020     1     3    12    52 30.000000        -0.967924         1.576044         8.581668        25.341003        12.975475         0.000000
  2020     1     3    12    53  0.000000        -1.162115         1.381574         8.389890        25.151489        12.783704         0.000000
  2020     1     3    12    53 30.000000        -1.120094         1.422518         8.431637        25.190579        12.825146         0.000000
  2020     1     3    12    54  0.000000        -1.197968         1.348385         8.354353        25.114072        12.745672         0.000000
  2020     1     3    12    54 30.000000        -1.123388         1.426282         8.430056        25.187669        12.820783         0.000000
  2020     1     3    12    55  0.000000        -1.342892         1.202525         8.209497        24.971281        12.601645         0.000000
  2020     1     3    12    55 30.000000        -1.042514         1.501926         8.506785        25.269629        12.896367         0.000000
  2020     1     3    12    56  0.000000        -1.081729         1.463121         8.471741        25.233027        12.868859         0.000000
  2020     1     3    12    56 30.000000        -0.994279         1.550460         8.560571        25.316010        12.950261         0.000000
  2020     1     3    12    57  0.000000        -0.666712         1.878706         8.887358        25.643642        13.277158         0.000000
  2020     1     3    12    57 30.000000        -1.290278         1.251779         8.259494        25.015753        12.655960         0.000000
  2020     1     3    12    58  0.000000        -0.990538         1.552015         8.561664        25.321915        12.951206         0.000000
  2020     1     3    12    58 30.000000        -1.438099         1.105207         8.111968        24.871222        12.509896         0.000000
  2020     1     3    12    59  0.000000        -1.074722         1.470433         8.474685        25.234918        12.876437         0.000000
  2020     1     3    12    59 30.000000        -1.060416         1.482001         8.489391        25.246047        12.889832         0.000000
  2020     1     3    13     0  0.000000        -1.047613         1.494958         8.500839        25.255649        12.900971         0.000000
  2020     1     3    13     0 30.000000        -1.308944         1.238272         8.240581        24.996936        12.637023         0.000000
  2020     1     3    13     1  0.000000        -1.038271         1.503960         8.508564        25.265284        12.903493         0.000000
  2020     1     3    13     1 30.000000        -1.110432         1.436551         8.441185        25.192288        12.832728         0.000000
  2020     1     3    13     2  0.000000        -1.391394         1.154747         8.157020        24.913418        12.555895         0.000000
  2020     1     3    13     2 30.000000        -1.370688         1.172103         8.179340        24.939485        12.577284         0.000000
  2020     1     3    13     3  0.000000        -1.408807         1.133447         8.142341        24.899674        12.537841         0.000000
  2020     1     3    13     3 30.000000        -1.520128         1.024188         8.030655        24.785020        12.423893         0.000000
  2020     1     3    13     4  0.000000        -1.070729         1.473277         8.477482        25.236085        12.874192         0.000000
  2020     1     3    13     4 30.000000        -1.272477         1.271802         8.278477        25.035419        12.671839         0.000000
  2020     1     3    13     5  0.000000        -1.039635         1.509538         8.512099        25.274934        12.907002         0.000000
  2020     1     3    13     5 30.000000        -1.092989         1.456226         8.455716        25.212403        12.855758         0.000000
  2020     1     3    13     6  0.000000        -1.191190         1.356798         8.357340        25.119076        12.756469         0.000000
  2020     1     3    13     6 30.000000        -1.170252         1.380879         8.375893        25.142052        12.779515         0.000000
  2020     1     3    13     7  0.000000        -1.186127         1.361652         8.359829        25.124132        12.761612         0.000000
  2020     1     3    13     7 30.000000        -1.498314         1.048727         8.046947        24.812118        12.451220         0.000000
  2020     1     3    13     8  0.000000        -0.852804         1.690335         8.695018        25.459776        13.092179         0.000000
  2020     1     3    13     8 30.000000        -1.213631         1.332784         8.328593        25.100021        12.729205         0.000000
  2020     1     3    13     9  0.000000        -1.169475         1.374489         8.377562        25.137811        12.773954         0.000000
  2020     1     3    13     9 30.000000        -1.300263         1.244072         8.247540        25.009317        12.647841         0.000000
  2020     1     3    13    10  0.000000        -1.233494         1.314219         8.315049        25.076018        12.719746         0.000000
  2020     1     3    13    10 30.000000        -1.362381         1.182098         8.185369        24.940409        12.586874         0.000000
  2020     1     3    13    11  0.000000        -1.162987         1.382481         8.387275        25.141463        12.789170         0.000000
  2020     1     3    13    11 30.000000        -1.270556         1.270678         8.278689        25.037413        12.678872         0.000000
  2020     1     3    13    12  0.000000        -1.018666         1.519681         8.528311        25.283106        12.931962         0.000000
  2020     1     3    13    12 30.000000        -1.085460         1.459477         8.461603        25.216733        12.858398         0.000000
  2020     1     3    13    13  0.000000        -1.272379         1.269453         8.274324        25.032789        12.665047         0.000000
  2020     1     3    13    13 30.000000        -1.218015         1.327046         8.329912        25.089325        12.721828         0.000000
  2020     1     3    13    14  0.000000        -1.640314         0.903153         7.905323        24.662579        12.300188         0.000000
  2020     1     3    13    14 30.000000        -1.563415         0.982376         7.985802        24.748470        12.379964         0.000000
  2020     1     3    13    15  0.000000        -1.375960         1.168525         8.168634        24.930823        12.563243         0.000000
  2020     1     3    13    15 30.000000        -1.445612         1.097519         8.101592        24.861824        12.493530         0.000000
  2020     1     3    13    16  0.000000        -1.694699         0.848248         7.850650        24.612224        12.248211         0.000000
  2020     1     3    13    16 30.000000        -1.298151         1.245431         8.247982        25.010956        12.646404         0.000000
  2020     1     3    13    17  0.000000        -1.268228         1.279091         8.278405        25.041403        12.676156         0.000000
  2020     1     3    13    17 30.000000        -1.358199         1.186768         8.189611        24.945452        12.580578         0.000000
  2020     1     3    13    18  0.000000        -1.475436         1.066235         8.074461        24.833602        12.462520         0.000000
  2020     1     3    13    18 30.000000        -1.313565         1.228887         8.233287        24.993795        12.622987         0.000000
  2020     1     3    13    19  0.000000        -1.902995         0.637289         7.642643        24.402011        12.031970         0.000000
  2020     1     3    13    19 30.000000        -1.831784         0.703890         7.710083        24.471270        12.103580         0.000000
  2020     1     3    13    20  0.000000        -1.761713         0.775545         7.780235        24.544105        12.172184         0.000000
  2020     1     3    13    20 30.000000        -1.620061         0.920386         7.922957        24.685728        12.318303         0.000000
  2020     1     3    13    21  0.000000        -1.450234         1.093117         8.093785        24.857971        12.483204         0.000000
  2020     1     3    13    21 30.000000        -1.842448         0.695624         7.702891        24.466696        12.100297         0.000000
  2020     1     3    13    22  0.000000        -1.427778         1.114735         8.115463        24.875881        12.511797         0.000000
  2020     1     3    13    22 30.000000        -1.924465         0.616924         7.621042        24.386604        12.015973         0.000000
  2020     1     3    13    23  0.000000        -1.477358         1.061828         8.065904        24.832182        12.458863         0.000000
  2020     1     3    13    23 30.000000        -1.728617         0.813383         7.814403        24.578461        12.210247         0.000000
  2020     1     3    13    24  0.000000        -1.606294         0.934324         7.941241        24.697926        12.332988         0.000000
  2020     1     3    13    24 30.000000        -1.695063         0.847682         7.850013        24.609728        12.250029         0.000000
  2020     1     3    13    25  0.000000        -1.443835         1.102802         8.102525        24.865948        12.500959         0.000000
  2020     1     3    13    25 30.000000        -1.983592         0.559052         7.561894        24.324405        11.959041         0.000000
  2020     1     3    13    26  0.000000        -1.621533         0.920181         7.925071        24.686236        12.321919         0.000000
  2020     1     3    13    26 30.000000        -2.039831         0.501210         7.509826        24.264046        11.908608         0.000000
  2020     1     3    13    27  0.000000        -1.642502         0.900198         7.905404        24.667368        12.306181         0.000000
  2020     1     3    13    27 30.000000        -1.750999         0.792504         7.797239        24.556252        12.197969         0.000000
  2020     1     3    13    28  0.000000        -1.766194         0.779269         7.781368        24.536155        12.181231         0.000000
  2020     1     3    13    28 30.000000        -1.773843         0.768886         7.773443        24.533270        12.172418         0.000000
  2020     1     3    13    29  0.000000        -1.640935         0.902167         7.907411        24.662828        12.305530         0.000000
  2020     1     3    13    29 30.000000        -1.871650         0.671170         7.674158        24.434127        12.075092         0.000000
  2020     1     3    13    30  0.000000        -1.669200         0.875187         7.876005        24.642991        12.273825         0.000000
  2020     1     3    13    30 30.000000        -2.031153         0.508498         7.513991        24.273631        11.913387         0.000000
  2020     1     3    13    31  0.000000        -1.699524         0.840488         7.848837        24.600847        12.237331         0.000000
  2020     1     3    13    31 30.000000        -1.656850         0.887102         7.891149        24.648762        12.282310         0.000000
  2020     1     3    13    32  0.000000        -1.163879         1.376686         8.385719        25.139520        12.769097         0.000000
  2020     1     3    13    32 30.000000        -1.444826         1.093954         8.106875        24.862536        12.497868         0.000000
  2020     1     3    13    33  0.000000        -1.620328         0.919120         7.932313        24.692493        12.327065         0.000000
  2020     1     3    13    33 30.000000        -1.266360         1.274701         8.284154        25.039838        12.677207         0.000000
  2020     1     3    13    34  0.000000        -1.498166         1.045698         8.054191        24.812576        12.441926         0.000000
  2020     1     3    13    34 30.000000        -1.578415         0.964236         7.973600        24.734552        12.363803         0.000000
  2020     1     3    13    35  0.000000        -1.702226         0.839846         7.846222        24.607573        12.240295         0.000000
  2020     1     3    13    35 30.000000        -1.441015         1.100704         8.108304        24.864152        12.507615         0.000000
  2020     1     3    13    36  0.000000        -1.483283         1.054924         8.063856        24.830161        12.457916         0.000000
  2020     1     3    13    36 30.000000        -1.445455         1.100978         8.104900        24.868380        12.499598         0.000000
  2020     1     3    13    37  0.000000        -1.609354         0.928380         7.939596        24.693936        12.330369         0.000000
  2020     1     3    13    37 30.000000        -1.752469         0.785394         7.797791        24.562606        12.191923         0.000000
  2020     1     3    13    38  0.000000        -1.676429         0.858396         7.870295        24.636859        12.267811         0.000000
  2020     1     3    13    38 30.000000        -1.329459         1.207894         8.217335        24.977882        12.615590         0.000000
  2020     1     3    13    39  0.000000        -1.579106         0.963780         7.968908        24.730750        12.364935         0.000000
  2020     1     3    13    39 30.000000        -1.740605         0.797390         7.807367        24.571063        12.204166         0.000000
  2020     1     3    13    40  0.000000        -1.879725         0.655712         7.666541        24.430195        12.065253         0.000000
  2020     1     3    13    40 30.000000        -1.743557         0.794759         7.801619        24.568811        12.194764         0.000000
  2020     1     3    13    41  0.000000        -1.700123         0.840860         7.844161        24.603690        12.238384         0.000000
  2020     1     3    13    41 30.000000        -1.433446         1.107319         8.113028        24.875187        12.509214         0.000000
  2020     1     3    13    42  0.000000        -1.588641         0.951809         7.957808        24.725775        12.354088         0.000000
  2020     1     3    13    42 30.000000        -1.688516         0.847410         7.860755        24.619454        12.253830         0.000000
  2020     1     3    13    43  0.000000        -1.660330         0.876088         7.885411        24.649207        12.280235         0.000000
  2020     1     3    13    43 30.000000        -1.825637         0.712369         7.720820        24.485219        12.118522         0.000000
  2020     1     3    13    44  0.000000        -1.944308         0.594857         7.601745        24.364397        11.998310         0.000000
  2020     1     3    13    44 30.000000        -1.675891         0.864143         7.869583        24.636296        12.265508         0.000000
  2020     1     3    13    45  0.000000        -1.805919         0.733224         7.738385        24.501593        12.133166         0.000000
  2020     1     3    13    45 30.000000        -1.996474         0.535373         7.547522        24.311066        11.939443         0.000000
  2020     1     3    13    46  0.000000        -1.752519         0.782093         7.790313        24.553452        12.183908         0.000000
  2020     1     3    13    46 30.000000        -1.466035         1.070584         8.078046        24.843651        12.476375         0.000000
  2020     1     3    13    47  0.000000        -1.727135         0.810206         7.818253        24.590051        12.217222         0.000000
  2020     1     3    13    47 30.000000        -1.776258         0.759749         7.766150        24.535357        12.168008         0.000000
  2020     1     3    13    48  0.000000        -1.739442         0.795721         7.802932        24.572867        12.203104         0.000000
  2020     1     3    13    48 30.000000        -1.704523         0.830893         7.837205        24.613802        12.233426         0.000000
  2020     1     3    13    49  0.000000        -1.671257         0.861771         7.871661        24.642303        12.266603         0.000000
  2020     1     3    13    49 30.000000        -1.911340         0.625341         7.634029        24.397086        12.025198         0.000000
  2020     1     3    13    50  0.000000        -1.916381         0.616113         7.625111        24.396591        12.025611         0.000000
  2020     1     3    13    50 30.000000        -1.328940         1.208025         8.215402        24.990750        12.616977         0.000000
  2020     1     3    13    51  0.000000        -1.857121         0.675353         7.690577        24.456195        12.093181         0.000000
  2020     1     3    13    51 30.000000        -1.720923         0.814241         7.827431        24.594632        12.228808         0.000000
  2020     1     3    13    52  0.000000        -1.739116         0.794757         7.805381        24.573602        12.202937         0.000000
  2020     1     3    13    52 30.000000        -1.882832         0.654577         7.659353        24.427574        12.054803         0.000000
  2020     1     3    13    53  0.000000        -1.701725         0.835201         7.845769        24.605739        12.241819         0.000000
  2020     1     3    13    53 30.000000        -1.681828         0.855237         7.862279        24.632589        12.261262         0.000000
  2020     1     3    13    54  0.000000        -1.632872         0.905576         7.912189        24.680623        12.308851         0.000000
  2020     1     3    13    54 30.000000        -1.836349         0.698005         7.705016        24.478486        12.100628         0.000000
  2020     1     3    13    55  0.000000        -1.524501         1.014323         8.022375        24.785261        12.412481         0.000000
  2020     1     3    13    55 30.000000        -1.628394         0.910596         7.921323        24.687782        12.314380         0.000000
  2020     1     3    13    56  0.000000        -1.657327         0.880451         7.892862        24.653520        12.281973         0.000000
  2020     1     3    13    56 30.000000        -1.424474         1.120211         8.126628        24.895851        12.519013         0.000000
  2020     1     3    13    57  0.000000        -1.513646         1.029565         8.035598        24.802639        12.428571         0.000000
  2020     1     3    13    57 30.000000        -1.748362         0.794273         7.802320        24.563454        12.194115         0.000000
  2020     1     3    13    58  0.000000        -1.449497         1.091327         8.101638        24.864294        12.493454         0.000000
  2020     1     3    13    58 30.000000        -1.429615         1.114875         8.117149        24.878154        12.509381         0.000000
  2020     1     3    13    59  0.000000        -2.099542         0.439910         7.444152        24.213561        11.835341         0.000000
  2020     1     3    13    59 30.000000        -1.477688         1.060048         8.061414        24.839716        12.454951         0.000000
  2020     1     3    14     0  0.000000        -1.570409         0.971113         7.970477        24.740227        12.363747         0.000000
  2020     1     3    14     0 30.000000        -1.630451         0.909172         7.912364        24.675431        12.304273         0.000000
  2020     1     3    14     1  0.000000        -1.729643         0.808642         7.810622        24.564527        12.201996         0.000000
  2020     1     3    14     1 30.000000        -1.775518         0.766243         7.768023        24.531404        12.159928         0.000000
  2020     1     3    14     2  0.000000        -1.406143         1.132359         8.136859        24.904665        12.524384         0.000000
  2020     1     3    14     2 30.000000        -1.540522         0.994802         7.998744        24.772462        12.393565         0.000000
  2020     1     3    14     3  0.000000        -1.447147         1.085619         8.098005        24.865308        12.485546         0.000000
  2020     1     3    14     3 30.000000        -1.776607         0.760956         7.768339        24.533182        12.160706         0.000000
  2020     1     3    14     4  0.000000        -1.703101         0.834125         7.840813        24.612066        12.233136         0.000000
  2020     1     3    14     4 30.000000        -1.742899         0.796257         7.806365        24.570445        12.194235         0.000000
  2020     1     3    14     5  0.000000        -1.455065         1.083607         8.091830        24.859592        12.485428         0.000000
  2020     1     3    14     5 30.000000        -1.450630         1.089171         8.098205        24.859827        12.491201         0.000000
  2020     1     3    14     6  0.000000        -1.729635         0.810523         7.818913        24.582327        12.213008         0.000000
  2020     1     3    14     6 30.000000        -1.356978         1.180074         8.188921        24.958424        12.585544         0.000000
  2020     1     3    14     7  0.000000        -1.476032         1.064472         8.073280        24.834553        12.463698         0.000000
  2020     1     3    14     7 30.000000        -1.525733         1.013596         8.019113        24.781093        12.409564         0.000000
  2020     1     3    14     8  0.000000        -1.282427         1.255873         8.260022        25.020251        12.647983         0.000000
  2020     1     3    14     8 30.000000        -1.316827         1.228380         8.229099        24.991898        12.618352         0.000000
  2020     1     3    14     9  0.000000        -1.514805         1.025231         8.031024        24.795014        12.416526         0.000000
  2020     1     3    14     9 30.000000        -1.539849         0.998769         8.005224        24.771492        12.391215         0.000000
  2020     1     3    14    10  0.000000        -0.947312         1.588608         8.596193        25.359068        12.980289         0.000000
  2020     1     3    14    10 30.000000        -1.340553         1.198782         8.204646        24.962642        12.586569         0.000000
  2020     1     3    14    11  0.000000        -0.927475         1.611727         8.619819        25.383009        13.003107         0.000000
  2020     1     3    14    11 30.000000        -0.990445         1.548524         8.557074        25.319207        12.940853         0.000000
  2020     1     3    14    12  0.000000        -1.474688         1.062510         8.071161        24.830800        12.454886         0.000000
  2020     1     3    14    12 30.000000        -1.255914         1.280345         8.289200        25.051561        12.671458         0.000000
  2020     1     3    14    13  0.000000        -1.290500         1.250014         8.252484        25.013902        12.641380         0.000000
  2020     1     3    14    13 30.000000        -1.292548         1.242729         8.250956        25.012033        12.635405         0.000000
  2020     1     3    14    14  0.000000        -1.196654         1.340281         8.343701        25.109777        12.731087         0.000000
  2020     1     3    14    14 30.000000        -1.236034         1.295369         8.303780        25.075674        12.688947         0.000000
  2020     1     3    14    15  0.000000        -1.086882         1.452808         8.455560        25.221765        12.843130         0.000000
  2020     1     3    14    15 30.000000        -1.362909         1.178914         8.181546        24.947994        12.568606         0.000000
  2020     1     3    14    16  0.000000        -0.971962         1.569441         8.572408        25.342047        12.960421         0.000000
  2020     1     3    14    16 30.000000        -1.146658         1.390406         8.395399        25.163351        12.781640         0.000000
  2020     1     3    14    17  0.000000        -1.355115         1.186492         8.189220        24.961923        12.576036         0.000000
  2020     1     3    14    17 30.000000        -1.181335         1.357180         8.359510        25.128014        12.748152         0.000000
  2020     1     3    14    18  0.000000        -1.216055         1.323463         8.324018        25.085678        12.713490         0.000000
  2020     1     3    14    18 30.000000        -1.102988         1.434603         8.434319        25.199681        12.827259         0.000000
  2020     1     3    14    19  0.000000        -1.277618         1.259837         8.261399        25.028400        12.647451         0.000000
  2020     1     3    14    19 30.000000        -1.007154         1.525838         8.531544        25.291869        12.919090         0.000000
  2020     1     3    14    20  0.000000        -1.265662         1.271834         8.274331        25.046174        12.662765         0.000000
  2020     1     3    14    20 30.000000        -1.454091         1.078890         8.085792        24.850719        12.474740         0.000000
  2020     1     3    14    21  0.000000        -1.187639         1.347507         8.355609        25.117744        12.742929         0.000000
  2020     1     3    14    21 30.000000        -1.516056         1.020309         8.025113        24.783822        12.410401         0.000000
  2020     1     3    14    22  0.000000        -1.045110         1.490411         8.494018        25.252659        12.878772         0.000000
  2020     1     3    14    22 30.000000        -1.021487         1.514812         8.519213        25.283743        12.903151         0.000000
  2020     1     3    14    23  0.000000        -1.537078         0.998768         8.006042        24.766231        12.394844         0.000000
  2020     1     3    14    23 30.000000        -1.221565         1.312292         8.319278        25.088643        12.706496         0.000000
  2020     1     3    14    24  0.000000        -1.185870         1.350169         8.354573        25.122564        12.737961         0.000000
  2020     1     3    14    24 30.000000        -1.384088         1.149620         8.155301        24.920438        12.538478         0.000000
  2020     1     3    14    25  0.000000        -1.514264         1.025217         8.027051        24.793271        12.408625         0.000000
  2020     1     3    14    25 30.000000        -1.173165         1.368778         8.373078        25.136261        12.753632         0.000000
  2020     1     3    14    26  0.000000        -1.470526         1.071933         8.075581        24.840895        12.453062         0.000000
  2020     1     3    14    26 30.000000        -1.449007         1.090623         8.094231        24.871129        12.475842         0.000000
  2020     1     3    14    27  0.000000        -1.088441         1.450191         8.453313        25.221676        12.838230         0.000000
  2020     1     3    14    27 30.000000        -1.567237         0.971702         7.973928        24.738316        12.358502         0.000000
  2020     1     3    14    28  0.000000        -1.189527         1.349523         8.353564        25.122092        12.738066         0.000000
  2020     1     3    14    28 30.000000        -1.203170         1.336674         8.338680        25.108592        12.723703         0.000000
  2020     1     3    14    29  0.000000        -1.216453         1.318982         8.324254        25.088045        12.707562         0.000000
  2020     1     3    14    29 30.000000        -1.303326         1.230322         8.235607        24.995554        12.618415         0.000000
  2020     1     3    14    30  0.000000        -1.169151         1.363405         8.370383        25.137266        12.755592         0.000000
  2020     1     3    14    30 30.000000        -1.441545         1.095199         8.103104        24.861199        12.487485         0.000000
  2020     1     3    14    31  0.000000        -1.335670         1.200729         8.210741        24.967904        12.589153         0.000000
  2020     1     3    14    31 30.000000        -1.349447         1.189368         8.195716        24.956642        12.576676         0.000000
  2020     1     3    14    32  0.000000        -1.331976         1.204969         8.210829        24.970068        12.598121         0.000000
  2020     1     3    14    32 30.000000        -0.986187         1.554791         8.560434        25.320710        12.945754         0.000000
  2020     1     3    14    33  0.000000        -1.127945         1.404425         8.417836        25.175838        12.802202         0.000000
  2020     1     3    14    33 30.000000        -1.255008         1.279706         8.285433        25.045930        12.671236         0.000000
  2020     1     3    14    34  0.000000        -1.136861         1.396069         8.403904        25.163883        12.790916         0.000000
  2020     1     3    14    34 30.000000        -1.349525         1.187216         8.193952        24.960138        12.577771         0.000000
  2020     1     3    14    35  0.000000        -1.178325         1.362981         8.369270        25.127671        12.752613         0.000000
  2020     1     3    14    35 30.000000        -1.244466         1.291329         8.300345        25.073027        12.687882         0.000000
  2020     1     3    14    36  0.000000        -1.169108         1.368838         8.378390        25.135207        12.762606         0.000000
  2020     1     3    14    36 30.000000        -1.244218         1.293291         8.301246        25.066905        12.685118         0.000000
  2020     1     3    14    37  0.000000        -1.149541         1.388756         8.394710        25.151249        12.783035         0.000000
  2020     1     3    14    37 30.000000        -1.446378         1.088708         8.101458        24.862569        12.486587         0.000000
  2020     1     3    14    38  0.000000        -1.305821         1.235189         8.239279        24.996896        12.624693         0.000000
  2020     1     3    14    38 30.000000        -1.327900         1.209371         8.215724        24.978880        12.601923         0.000000
  2020     1     3    14    39  0.000000        -1.634834         0.900039         7.907505        24.666325        12.294091         0.000000
  2020     1     3    14    39 30.000000        -1.293530         1.247355         8.247813        25.011501        12.640441         0.000000
  2020     1     3    14    40  0.000000        -1.322168         1.215637         8.221736        24.988035        12.612635         0.000000
  2020     1     3    14    40 30.000000        -1.234804         1.302526         8.310250        25.069326        12.703840         0.000000
  2020     1     3    14    41  0.000000        -1.192683         1.343700         8.352049        25.110431        12.747643         0.000000
  2020     1     3    14    41 30.000000        -1.114047         1.423650         8.430836        25.193837        12.822100         0.000000
  2020     1     3    14    42  0.000000        -0.941630         1.592832         8.597487        25.363799        12.993369         0.000000
  2020     1     3    14    42 30.000000        -0.899465         1.642402         8.643648        25.404510        13.035044         0.000000
  2020     1     3    14    43  0.000000        -1.706505         0.834328         7.837637        24.594939        12.228993         0.000000
  2020     1     3    14    43 30.000000        -1.387149         1.151542         8.156077        24.913373        12.548295         0.000000
  2020     1     3    14    44  0.000000        -0.917517         1.620258         8.623957        25.379322        13.017653         0.000000
  2020     1     3    14    44 30.000000        -1.404957         1.135278         8.137928        24.894966        12.534238         0.000000
  2020     1     3    14    45  0.000000        -1.098442         1.443495         8.445228        25.208085        12.842794         0.000000
  2020     1     3    14    45 30.000000        -1.305040         1.237882         8.240572        24.997839        12.639233         0.000000
  2020     1     3    14    46  0.000000        -1.208005         1.334841         8.338493        25.086854        12.735540         0.000000
  2020     1     3    14    46 30.000000        -1.077552         1.467864         8.470745        25.222888        12.859757         0.000000
  2020     1     3    14    47  0.000000        -1.175333         1.364156         8.372232        25.119790        12.763050         0.000000
  2020     1     3    14    47 30.000000        -1.261139         1.280063         8.282884        25.041387        12.674688         0.000000
  2020     1     3    14    48  0.000000        -0.865852         1.673619         8.677154        25.429361        13.068366         0.000000
  2020     1     3    14    48 30.000000        -0.863895         1.678133         8.680258        25.431013        13.072132         0.000000
  2020     1     3    14    49  0.000000        -1.311603         1.226995         8.233272        24.992134        12.626954         0.000000
  2020     1     3    14    49 30.000000        -1.377959         1.155700         8.167793        24.918289        12.557969         0.000000
  2020     1     3    14    50  0.000000        -1.001458         1.535999         8.544103        25.291106        12.937974         0.000000
  2020     1     3    14    50 30.000000        -1.085284         1.456390         8.459192        25.212255        12.856374         0.000000
  2020     1     3    14    51  0.000000        -1.211473         1.326571         8.335280        25.083412        12.727906         0.000000
  2020     1     3    14    51 30.000000        -1.202050         1.334599         8.339345        25.090767        12.734575         0.000000
  2020     1     3    14    52  0.000000        -0.810348         1.727219         8.737641        25.485638        13.130092         0.000000
  2020     1     3    14    52 30.000000        -1.224262         1.318818         8.319440        25.075111        12.715313         0.000000
  2020     1     3    14    53  0.000000        -1.438511         1.098044         8.107767        24.854834        12.498558         0.000000
  2020     1     3    14    53 30.000000        -1.031801         1.505703         8.512218        25.263746        12.907760         0.000000
  2020     1     3    14    54  0.000000        -1.527422         1.009379         8.013103        24.769726        12.409760         0.000000
  2020     1     3    14    54 30.000000        -1.149101         1.386570         8.395845        25.149959        12.784541         0.000000
  2020     1     3    14    55  0.000000        -1.248808         1.289212         8.296454        25.055597        12.686138         0.000000
  2020     1     3    14    55 30.000000        -1.134863         1.403822         8.407300        25.160507        12.798962         0.000000
  2020     1     3    14    56  0.000000        -1.186135         1.350629         8.357030        25.101520        12.749014         0.000000
  2020     1     3    14    56 30.000000        -0.823521         1.718100         8.718902        25.467917        13.113789         0.000000
  2020     1     3    14    57  0.000000        -1.669925         0.870985         7.870771        24.627114        12.268759         0.000000
  2020     1     3    14    57 30.000000        -1.324037         1.215129         8.219595        24.973146        12.609192         0.000000
  2020     1     3    14    58  0.000000        -1.349799         1.188832         8.191916        24.945025        12.588503         0.000000
  2020     1     3    14    58 30.000000        -1.399143         1.143503         8.143868        24.899341        12.540814         0.000000
  2020     1     3    14    59  0.000000        -1.390716         1.152272         8.149807        24.906505        12.545222         0.000000
  2020     1     3    14    59 30.000000        -1.142623         1.400304         8.400220        25.156204        12.795005         0.000000
  2020     1     3    15     0  0.000000        -1.280770         1.260013         8.262059        25.020297        12.654615         0.000000
  2020     1     3    15     0 30.000000        -1.255504         1.284631         8.293593        25.039118        12.685790         0.000000
  2020     1     3    15     1  0.000000        -1.343226         1.198628         8.205544        24.965543        12.595655         0.000000
  2020     1     3    15     1 30.000000        -1.390258         1.147628         8.157839        24.919454        12.549215         0.000000
  2020     1     3    15     2  0.000000        -1.244208         1.296653         8.301422        25.058346        12.691192         0.000000
  2020     1     3    15     2 30.000000        -1.414089         1.127796         8.131248        24.887429        12.522851         0.000000
  2020     1     3    15     3  0.000000        -1.112383         1.427284         8.432715        25.183874        12.823707         0.000000
  2020     1     3    15     3 30.000000        -1.366484         1.175767         8.179349        24.939673        12.575345         0.000000
  2020     1     3    15     4  0.000000        -1.346993         1.193018         8.195855        24.947803        12.589425         0.000000
  2020     1     3    15     4 30.000000        -1.293248         1.251345         8.254322        25.009712        12.642866         0.000000
  2020     1     3    15     5  0.000000        -1.712698         0.837718         7.832716        24.590283        12.226797         0.000000
  2020     1     3    15     5 30.000000        -1.614684         0.930741         7.931941        24.679711        12.324147         0.000000
  2020     1     3    15     6  0.000000        -1.119082         1.424938         8.426052        25.177097        12.820902         0.000000
  2020     1     3    15     6 30.000000        -1.222197         1.322145         8.325900        25.084587        12.720583         0.000000
  2020     1     3    15     7  0.000000        -1.643055         0.901924         7.903903        24.659075        12.296790         0.000000
  2020     1     3    15     7 30.000000        -1.315330         1.235865         8.234153        24.986021        12.628199         0.000000
  2020     1     3    15     8  0.000000        -1.484258         1.061281         8.064754        24.816725        12.456559         0.000000
  2020     1     3    15     8 30.000000        -1.324399         1.219972         8.223365        24.979885        12.614591         0.000000
  2020     1     3    15     9  0.000000        -1.497197         1.047887         8.051257        24.805220        12.441303         0.000000
  2020     1     3    15     9 30.000000        -1.521249         1.021893         8.028158        24.784415        12.419498         0.000000
  2020     1     3    15    10  0.000000        -1.422228         1.119728         8.130539        24.882890        12.520901         0.000000
  2020     1     3    15    10 30.000000        -1.550027         0.995859         8.001456        24.757642        12.392395         0.000000
  2020     1     3    15    11  0.000000        -1.576270         0.973502         7.973736        24.727760        12.367636         0.000000
  2020     1     3    15    11 30.000000        -1.658546         0.888469         7.889494        24.647832        12.287224         0.000000
  2020     1     3    15    12  0.000000        -1.658956         0.891657         7.892156        24.644607        12.285799         0.000000
  2020     1     3    15    12 30.000000        -1.284771         1.261468         8.264627        25.017724        12.656619         0.000000
  2020     1     3    15    13  0.000000        -1.456063         1.089907         8.094418        24.847989        12.488365         0.000000
  2020     1     3    15    13 30.000000        -1.772652         0.774254         7.775251        24.527265        12.170052         0.000000
  2020     1     3    15    14  0.000000        -1.444438         1.096448         8.101875        24.850807        12.495953         0.000000
  2020     1     3    15    14 30.000000        -1.863857         0.684711         7.684328        24.434229        12.079170         0.000000
  2020     1     3    15    15  0.000000        -1.700772         0.844660         7.847433        24.594250        12.242725         0.000000
  2020     1     3    15    15 30.000000        -2.365999         0.175549         7.181902        23.933881        11.573958         0.000000
  2020     1     3    15    16  0.000000        -1.953912         0.590742         7.592788        24.346037        11.984366         0.000000
  2020     1     3    15    16 30.000000        -1.603232         0.944381         7.945905        24.695726        12.335195         0.000000
  2020     1     3    15    17  0.000000        -1.757766         0.790198         7.792450        24.544658        12.185648         0.000000
  2020     1     3    15    17 30.000000        -1.490383         1.053672         8.058054        24.808090        12.451116         0.000000
  2020     1     3    15    18  0.000000        -1.642947         0.904054         7.912155        24.656715        12.298311         0.000000
  2020     1     3    15    18 30.000000        -1.668457         0.880008         7.885093        24.638890        12.272511         0.000000
  2020     1     3    15    19  0.000000        -1.560251         0.984783         7.990359        24.742767        12.380064         0.000000
  2020     1     3    15    19 30.000000        -1.852037         0.693176         7.696525        24.450774        12.091243         0.000000
  2020     1     3    15    20  0.000000        -1.676811         0.868700         7.873225        24.626659        12.264577         0.000000
  2020     1     3    15    20 30.000000        -1.373181         1.173365         8.179425        24.930808        12.570747         0.000000
  2020     1     3    15    21  0.000000        -1.499393         1.041776         8.052823        24.804181        12.441635         0.000000
  2020     1     3    15    21 30.000000        -1.759581         0.782246         7.790426        24.539989        12.177880         0.000000
  2020     1     3    15    22  0.000000        -1.870106         0.665982         7.680780        24.433840        12.068955         0.000000
  2020     1     3    15    22 30.000000        -1.269346         1.265791         8.280631        25.031627        12.669501         0.000000
  2020     1     3    15    23  0.000000        -1.889721         0.649856         7.661169        24.419056        12.046715         0.000000
  2020     1     3    15    23 30.000000        -1.743954         0.798667         7.803677        24.558060        12.190708         0.000000
  2020     1     3    15    24  0.000000        -1.241563         1.301362         8.302662        25.066480        12.694095         0.000000
  2020     1     3    15    24 30.000000        -1.834797         0.708771         7.710066        24.474265        12.099556         0.000000
  2020     1     3    15    25  0.000000        -2.030760         0.514973         7.512056        24.278647        11.901266         0.000000
  2020     1     3    15    25 30.000000        -1.977894         0.565641         7.566852        24.323907        11.956015         0.000000
  2020     1     3    15    26  0.000000        -1.523173         1.022753         8.021263        24.778896        12.408749         0.000000
  2020     1     3    15    26 30.000000        -1.794155         0.753312         7.751358        24.505539        12.138756         0.000000
  2020     1     3    15    27  0.000000        -1.885782         0.653802         7.660221        24.418425        12.046718         0.000000
  2020     1     3    15    27 30.000000        -1.727509         0.813275         7.819312        24.579804        12.208072         0.000000
  2020     1     3    15    28  0.000000        -2.121901         0.414164         7.423487        24.176198        11.810595         0.000000
  2020     1     3    15    28 30.000000        -1.726368         0.805118         7.819153        24.571128        12.206315         0.000000
  2020     1     3    15    29  0.000000        -1.671402         0.862849         7.875093        24.628490        12.262651         0.000000
  2020     1     3    15    29 30.000000        -1.724572         0.810427         7.823081        24.572926        12.213216         0.000000
  2020     1     3    15    30  0.000000        -2.007637         0.525731         7.539254        24.289465        11.933244         0.000000
  2020     1     3    15    30 30.000000        -1.715219         0.823212         7.834377        24.586151        12.225954         0.000000
  2020     1     3    15    31  0.000000        -1.855154         0.680789         7.693805        24.449101        12.083284         0.000000
  2020     1     3    15    31 30.000000        -2.080357         0.456064         7.467344        24.224345        11.856071         0.000000
  2020     1     3    15    32  0.000000        -1.787959         0.749914         7.758530        24.521474        12.146974         0.000000
  2020     1     3    15    32 30.000000        -1.778556         0.760055         7.768108        24.532622        12.158693         0.000000
  2020     1     3    15    33  0.000000        -2.082573         0.456988         7.465440        24.219702        11.852398         0.000000
  2020     1     3    15    33 30.000000        -1.784559         0.753347         7.761812        24.516395        12.149329         0.000000
  2020     1     3    15    34  0.000000        -1.605105         0.931682         7.944848        24.696881        12.329931         0.000000
  2020     1     3    15    34 30.000000        -1.511467         1.022259         8.033920        24.794801        12.420775         0.000000
  2020     1     3    15    35  0.000000        -1.836934         0.702114         7.711535        24.467889        12.096859         0.000000
  2020     1     3    15    35 30.000000        -1.915438         0.622778         7.629663        24.385160        12.015635         0.000000
  2020     1     3    15    36  0.000000        -1.735342         0.802525         7.810782        24.569742        12.193286         0.000000
  2020     1     3    15    36 30.000000        -1.980404         0.561450         7.562533        24.324051        11.946833         0.000000
  2020     1     3    15    37  0.000000        -1.871376         0.673291         7.669798        24.422687        12.060156         0.000000
  2020     1     3    15    37 30.000000        -1.938688         0.605851         7.603316        24.358747        11.989094         0.000000
  2020     1     3    15    38  0.000000        -2.058022         0.481725         7.487349        24.245207        11.873006         0.000000
  2020     1     3    15    38 30.000000        -1.958532         0.578986         7.585442        24.343888        11.973923         0.000000
  2020     1     3    15    39  0.000000        -2.077033         0.458641         7.468346        24.217077        11.859296         0.000000
  2020     1     3    15    39 30.000000        -2.063485         0.471924         7.481249        24.231473        11.868716         0.000000
  2020     1     3    15    40  0.000000        -1.797532         0.737740         7.746352        24.500039        12.137989         0.000000
  2020     1     3    15    40 30.000000        -1.991942         0.541514         7.550380        24.303760        11.942077         0.000000
  2020     1     3    15    41  0.000000        -1.939897         0.595874         7.604827        24.355184        11.994935         0.000000
  2020     1     3    15    41 30.000000        -2.066920         0.470926         7.477965        24.231477        11.872060         0.000000
  2020     1     3    15    42  0.000000        -1.860278         0.679562         7.683268        24.437062        12.068420         0.000000
  2020     1     3    15    42 30.000000        -2.119879         0.421012         7.424359        24.182612        11.811686         0.000000
  2020     1     3    15    43  0.000000        -2.465592         0.074716         7.079342        23.837990        11.467326         0.000000
  2020     1     3    15    43 30.000000        -1.599378         0.939934         7.943285        24.709480        12.330515         0.000000
  2020     1     3    15    44  0.000000        -1.804558         0.737205         7.737575        24.498179        12.126104         0.000000
  2020     1     3    15    44 30.000000        -2.072706         0.468617         7.468734        24.232935        11.863386         0.000000
  2020     1     3    15    45  0.000000        -1.921826         0.621422         7.622915        24.380413        12.014712         0.000000
  2020     1     3    15    45 30.000000        -1.986823         0.551723         7.556525        24.317274        11.944203         0.000000
  2020     1     3    15    46  0.000000        -2.440816         0.100608         7.104707        23.863347        11.494090         0.000000
  2020     1     3    15    46 30.000000        -2.231620         0.303818         7.314273        24.068346        11.703400         0.000000
  2020     1     3    15    47  0.000000        -2.359512         0.169118         7.186674        23.935401        11.573613         0.000000
  2020     1     3    15    47 30.000000        -1.990776         0.548783         7.554042        24.309863        11.946540         0.000000
  2020     1     3    15    48  0.000000        -2.020870         0.517366         7.524800        24.284397        11.920565         0.000000
  2020     1     3    15    48 30.000000        -2.153717         0.389135         7.389543        24.148012        11.782857         0.000000
  2020     1     3    15    49  0.000000        -2.160266         0.384403         7.380378        24.136627        11.778275         0.000000
  2020     1     3    15    49 30.000000        -2.143757         0.405358         7.399715        24.156905        11.798085         0.000000
  2020     1     3    15    50  0.000000        -2.083296         0.462720         7.460098        24.217163        11.857837         0.000000
  2020     1     3    15    50 30.000000        -1.866269         0.675472         7.675545        24.438024        12.073183         0.000000
  2020     1     3    15    51  0.000000        -2.199344         0.345207         7.343473        24.105306        11.738134         0.000000
  2020     1     3    15    51 30.000000        -2.124137         0.416319         7.418768        24.180471        11.813516         0.000000
  2020     1     3    15    52  0.000000        -2.221191         0.321199         7.322894        24.078080        11.718795         0.000000
  2020     1     3    15    52 30.000000        -2.294984         0.245297         7.250115        24.009716        11.649949         0.000000
  2020     1     3    15    53  0.000000        -2.145081         0.400180         7.404947        24.160785        11.794666         0.000000
  2020     1     3    15    53 30.000000        -2.380661         0.164390         7.168039        23.921456        11.556502         0.000000
  2020     1     3    15    54  0.000000        -2.067170         0.479241         7.484713        24.234437        11.870206         0.000000
  2020     1     3    15    54 30.000000        -2.139689         0.403196         7.407546        24.161044        11.799732         0.000000
  2020     1     3    15    55  0.000000        -2.309686         0.234209         7.239199        24.002663        11.627820         0.000000
  2020     1     3    15    55 30.000000        -2.223814         0.313924         7.323266        24.085590        11.714693         0.000000
  2020     1     3    15    56  0.000000        -2.283904         0.261268         7.261173        24.025152        11.650432         0.000000
  2020     1     3    15    56 30.000000        -2.204268         0.339218         7.340776        24.108969        11.731688         0.000000
  2020     1     3    15    57  0.000000        -2.740007        -0.194711         6.807190        23.578104        11.195104         0.000000
  2020     1     3    15    57 30.000000        -2.521998         0.024432         7.024584        23.787746        11.413126         0.000000
  2020     1     3    15    58  0.000000        -2.528914         0.015542         7.021941        23.786641        11.407837         0.000000
  2020     1     3    15    58 30.000000        -2.901926        -0.363212         6.646254        23.416007        11.035840         0.000000
  2020     1     3    15    59  0.000000        -2.438777         0.106814         7.109721        23.875573        11.496681         0.000000
  2020     1     3    15    59 30.000000        -2.391832         0.152114         7.155350        23.923855        11.545598         0.000000
  2020     1     3    16     0  0.000000        -2.160341         0.382268         7.384272        24.146552        11.777291         0.000000
  2020     1     3    16     0 30.000000        -2.490220         0.054995         7.056615        23.816120        11.446628         0.000000
  2020     1     3    16     1  0.000000        -2.469103         0.073356         7.077470        23.835190        11.470145         0.000000
  2020     1     3    16     1 30.000000        -2.164091         0.383057         7.379197        24.142096        11.772953         0.000000
  2020     1     3    16     2  0.000000        -2.671179        -0.128685         6.872581        23.636272        11.263698         0.000000
  2020     1     3    16     2 30.000000        -2.409995         0.133737         7.133520        23.891457        11.519983         0.000000
  2020     1     3    16     3  0.000000        -2.351556         0.185236         7.194108        23.954047        11.577702         0.000000
  2020     1     3    16     3 30.000000        -2.950232        -0.409894         6.594138        23.349478        10.981841         0.000000
  2020     1     3    16     4  0.000000        -2.521071         0.026729         7.021891        23.782378        11.412732         0.000000
  2020     1     3    16     4 30.000000        -2.438343         0.104426         7.103962        23.873894        11.499957         0.000000
  2020     1     3    16     5  0.000000        -2.528651         0.007363         7.012932        23.777028        11.409108         0.000000
  2020     1     3    16     5 30.000000        -2.789200        -0.245535         6.752856        23.510585        11.153509         0.000000
  2020     1     3    16     6  0.000000        -2.397596         0.143088         7.140399        23.899797        11.539985         0.000000
  2020     1     3    16     6 30.000000        -2.491560         0.048857         7.048292        23.815159        11.445996         0.000000
  2020     1     3    16     7  0.000000        -2.531647         0.007737         7.009908        23.770885        11.406473         0.000000
  2020     1     3    16     7 30.000000        -2.614964        -0.072806         6.925393        23.691979        11.324814         0.000000
  2020     1     3    16     8  0.000000        -2.776279        -0.236732         6.767669        23.527007        11.164246         0.000000
  2020     1     3    16     8 30.000000        -2.588617        -0.054332         6.952218        23.708111        11.343076         0.000000
  2020     1     3    16     9  0.000000        -2.969835        -0.432691         6.571908        23.320738        10.962060         0.000000
  2020     1     3    16     9 30.000000        -2.515666         0.025839         7.028253        23.784697        11.418276         0.000000
  2020     1     3    16    10  0.000000        -2.423219         0.119371         7.120418        23.876121        11.509674         0.000000
  2020     1     3    16    10 30.000000        -2.393932         0.146145         7.150088        23.909662        11.540681         0.000000
  2020     1     3    16    11  0.000000        -2.487236         0.053452         7.059196        23.819927        11.447430         0.000000
  2020     1     3    16    11 30.000000        -2.698108        -0.162077         6.850011        23.609588        11.239094         0.000000
  2020     1     3    16    12  0.000000        -2.545847        -0.007221         7.004312        23.764399        11.396300         0.000000
  2020     1     3    16    12 30.000000        -2.754266        -0.214707         6.795971        23.550681        11.188119         0.000000
  2020     1     3    16    13  0.000000        -2.742402        -0.198852         6.808119        23.565828        11.198163         0.000000
  2020     1     3    16    13 30.000000        -2.824598        -0.279113         6.726008        23.479417        11.111738         0.000000
  2020     1     3    16    14  0.000000        -2.322725         0.221329         7.229417        23.983770        11.618119         0.000000
  2020     1     3    16    14 30.000000        -2.478649         0.060866         7.076244        23.832436        11.462404         0.000000
  2020     1     3    16    15  0.000000        -2.553382        -0.012758         6.999918        23.755663        11.385454         0.000000
  2020     1     3    16    15 30.000000        -2.794740        -0.255445         6.758466        23.510410        11.144680         0.000000
  2020     1     3    16    16  0.000000        -2.687166        -0.150687         6.863412        23.618656        11.248243         0.000000
  2020     1     3    16    16 30.000000        -2.328044         0.216428         7.222409        23.980284        11.612867         0.000000
  2020     1     3    16    17  0.000000        -2.387459         0.162305         7.161300         0.000000        11.555606         0.000000
  2020     1     3    16    17 30.000000        -2.461974         0.081659         7.088879        23.853458        11.484291         0.000000
  2020     1     3    16    18  0.000000        -2.057962         0.486718         7.489232        24.256441        11.889205         0.000000
  2020     1     3    16    18 30.000000        -2.516284         0.026659         7.032146        23.785552        11.427725         0.000000
  2020     1     3    16    19  0.000000        -2.195498         0.346631         7.351335        24.104549        11.744485         0.000000
  2020     1     3    16    19 30.000000        -2.202450         0.339038         7.339879        24.107957        11.738416         0.000000
  2020     1     3    16    20  0.000000        -2.158381         0.388113         7.389432        24.152112        11.781114         0.000000
  2020     1     3    16    20 30.000000        -2.128355         0.418548         7.419413        24.182616        11.810918         0.000000
  2020     1     3    16    21  0.000000        -2.385134         0.159360         7.163641        23.922405        11.552142         0.000000
  2020     1     3    16    21 30.000000        -2.391715         0.157309         7.162572        23.916507        11.547168         0.000000
  2020     1     3    16    22  0.000000        -2.294355         0.250455         7.253623        24.012885        11.642379         0.000000
  2020     1     3    16    22 30.000000        -2.394658         0.144199         7.156101        23.913179        11.542872         0.000000
  2020     1     3    16    23  0.000000        -2.127602         0.418296         7.422396        24.182418        11.811816         0.000000
  2020     1     3    16    23 30.000000        -2.681103        -0.136907         6.871609        23.628690        11.255769         0.000000
  2020     1     3    16    24  0.000000        -2.395486         0.147102         7.153693        23.915015        11.546314         0.000000
  2020     1     3    16    24 30.000000        -2.394675         0.151717         7.156477        23.917829        11.548437         0.000000
  2020     1     3    16    25  0.000000        -2.314986         0.231414         7.237053        23.998396        11.627273         0.000000
  2020     1     3    16    25 30.000000        -2.312377         0.229580         7.239641        24.003555        11.629602         0.000000
  2020     1     3    16    26  0.000000        -2.196240         0.348418         7.356191        24.114239        11.744250         0.000000
  2020     1     3    16    26 30.000000        -2.109094         0.438501         7.442883        24.202779        11.836173         0.000000
  2020     1     3    16    27  0.000000        -2.180234         0.363810         7.374922        24.125839        11.764010         0.000000
  2020     1     3    16    27 30.000000        -2.099403         0.444728         7.457165        24.212649        11.851667         0.000000
  2020     1     3    16    28  0.000000        -2.269568         0.272733         7.286728        24.038877        11.675716         0.000000
  2020     1     3    16    28 30.000000        -2.434878         0.111431         7.120197        23.876436        11.509487         0.000000
  2020     1     3    16    29  0.000000        -1.863692         0.676565         7.690129        24.452192        12.080135         0.000000
  2020     1     3    16    29 30.000000        -2.152175         0.386577         7.403829        24.153514        11.792037         0.000000
  2020     1     3    16    30  0.000000        -2.068135         0.472633         7.493945        24.234549        11.876173         0.000000
  2020     1     3    16    30 30.000000        -2.467352         0.073287         7.094213        23.836564        11.482002         0.000000
  2020     1     3    16    31  0.000000        -2.205482         0.337169         7.354989        24.103796        11.736255         0.000000
  2020     1     3    16    31 30.000000        -2.099065         0.437991         7.462448        24.202208        11.841890         0.000000
  2020     1     3    16    32  0.000000        -2.148854         0.390071         7.414654        24.161566        11.792441         0.000000
  2020     1     3    16    32 30.000000        -1.918450         0.624442         7.644679        24.387235        12.024882         0.000000
  2020     1     3    16    33  0.000000        -2.117003         0.422861         7.444994        24.184513        11.825076         0.000000
  2020     1     3    16    33 30.000000        -2.050802         0.490503         7.512377        24.258873        11.889709         0.000000
  2020     1     3    16    34  0.000000        -2.261940         0.279747         7.304374        24.039057        11.678461         0.000000
  2020     1     3    16    34 30.000000        -2.058317         0.480305         7.504576        24.246797        11.880708         0.000000
  2020     1     3    16    35  0.000000        -1.921962         0.617040         7.639438        24.374040        12.016058         0.000000
  2020     1     3    16    35 30.000000        -2.141258         0.394864         7.415788        24.155461        11.791304         0.000000
  2020     1     3    16    36  0.000000        -2.211251         0.330020         7.346440        24.085207        11.725652         0.000000
  2020     1     3    16    36 30.000000        -2.045148         0.495556         7.513107        24.257618        11.893035         0.000000
  2020     1     3    16    37  0.000000        -1.777204         0.766518         7.781476        24.513922        12.162186         0.000000
  2020     1     3    16    37 30.000000        -2.283856         0.261949         7.279544        24.015011        11.657889         0.000000
  2020     1     3    16    38  0.000000        -2.066784         0.473524         7.494699        24.222465        11.872330         0.000000
  2020     1     3    16    38 30.000000        -2.108132         0.433799         7.457387        24.189012        11.838478         0.000000
  2020     1     3    16    39  0.000000        -2.215013         0.326781         7.348684        24.080015        11.730593         0.000000
  2020     1     3    16    39 30.000000        -1.868305         0.676015         7.696659        24.420762        12.077588         0.000000
  2020     1     3    16    40  0.000000        -2.057430         0.491757         7.508664        24.239701        11.895329         0.000000
  2020     1     3    16    40 30.000000        -2.290824         0.257228         7.269505        24.005886        11.662322         0.000000
  2020     1     3    16    41  0.000000        -2.268275         0.276743         7.289315        24.028796        11.675705         0.000000
  2020     1     3    16    41 30.000000        -2.079123         0.462319         7.477424        24.211018        11.864855         0.000000
  2020     1     3    16    42  0.000000        -2.168160         0.375611         7.386973        24.119923        11.776292         0.000000
  2020     1     3    16    42 30.000000        -2.070900         0.470478         7.485652        24.220130        11.877106         0.000000
  2020     1     3    16    43  0.000000        -1.865843         0.673722         7.688353        24.423929        12.078500         0.000000
  2020     1     3    16    43 30.000000        -2.133078         0.401464         7.419677        24.156423        11.808192         0.000000
  2020     1     3    16    44  0.000000        -2.242929         0.289058         7.306936        24.038064        11.700223         0.000000
  2020     1     3    16    44 30.000000        -2.246415         0.293609         7.303187        24.043880        11.694445         0.000000
  2020     1     3    16    45  0.000000        -1.634958         0.904770         7.913822        24.654031        12.306637         0.000000
  2020     1     3    16    45 30.000000        -2.183117         0.361467         7.368208        24.104319        11.759372         0.000000
  2020     1     3    16    46  0.000000        -1.795459         0.746538         7.753779        24.494055        12.145538         0.000000
  2020     1     3    16    46 30.000000        -1.861881         0.679778         7.688841        24.437841        12.079645         0.000000
  2020     1     3    16    47  0.000000        -1.473168         1.072245         8.078355        24.820169        12.465690         0.000000
  2020     1     3    16    47 30.000000        -1.836063         0.703598         7.713976        24.452697        12.102214         0.000000
  2020     1     3    16    48  0.000000        -1.636256         0.901706         7.915926        24.653988        12.304483         0.000000
  2020     1     3    16    48 30.000000        -1.610667         0.935749         7.938865        24.683601        12.329712         0.000000
  2020     1     3    16    49  0.000000        -1.536521         1.000862         8.010679        24.755691        12.400867         0.000000
  2020     1     3    16    49 30.000000        -1.875924         0.664627         7.671695        24.411475        12.058468         0.000000
  2020     1     3    16    50  0.000000        -1.748296         0.789689         7.798354        24.540573        12.183450         0.000000
  2020     1     3    16    50 30.000000        -1.351811         1.192831         8.195689        24.940810        12.582055         0.000000
  2020     1     3    16    51  0.000000        -1.747953         0.791489         7.801183        24.554748        12.186095         0.000000
  2020     1     3    16    51 30.000000        -1.529524         1.011392         8.018713        24.769285        12.401023         0.000000
  2020     1     3    16    52  0.000000        -1.817925         0.720154         7.730002        24.487973        12.113811         0.000000
  2020     1     3    16    52 30.000000        -1.489812         1.055917         8.053552        24.812421        12.442779         0.000000
  2020     1     3    16    53  0.000000        -1.453995         1.091515         8.092631        24.849494        12.478738         0.000000
  2020     1     3    16    53 30.000000        -1.623087         0.918047         7.924251        24.689788        12.312465         0.000000
  2020     1     3    16    54  0.000000        -1.738441         0.801966         7.811415        24.567685        12.200384         0.000000
  2020     1     3    16    54 30.000000        -1.635394         0.904788         7.911645        24.665672        12.303976         0.000000
  2020     1     3    16    55  0.000000        -1.619649         0.913882         7.929666        24.690453        12.318835         0.000000
  2020     1     3    16    55 30.000000        -1.748687         0.785809         7.801571        24.560695        12.188468         0.000000
  2020     1     3    16    56  0.000000        -1.660602         0.870370         7.885723        24.645596        12.277168         0.000000
  2020     1     3    16    56 30.000000        -1.570956         0.964417         7.978433        24.738348        12.367381         0.000000
  2020     1     3    16    57  0.000000        -1.521897         1.008488         8.026682        24.784170        12.413206         0.000000
  2020     1     3    16    57 30.000000        -1.580061         0.949882         7.971236        24.730004        12.356548         0.000000
  2020     1     3    16    58  0.000000        -1.625342         0.908905         7.924438         0.000000        12.309399         0.000000
  2020     1     3    16    58 30.000000        -1.638746         0.892048         7.905744        24.683198        12.295620         0.000000
  2020     1     3    16    59  0.000000        -1.744650         0.777947         7.798011        24.566054        12.191329         0.000000
  2020     1     3    16    59 30.000000        -1.613506         0.909638         7.929895        24.699288        12.324523         0.000000
  2020     1     3    17     0  0.000000        -1.513012         1.018331         8.028311        24.790046        12.424165         0.000000
  2020     1     3    17     0 30.000000        -1.971123         0.552572         7.568984        24.337571        11.959058         0.000000
  2020     1     3    17     1  0.000000        -1.723187         0.816482         7.820229        24.588210        12.210122         0.000000
  2020     1     3    17     1 30.000000        -1.525960         1.015112         8.018250        24.781971        12.415164         0.000000
  2020     1     3    17     2  0.000000        -1.473495         1.069564         8.070628        24.835453        12.466897         0.000000
  2020     1     3    17     2 30.000000        -1.561308         0.978098         7.986578        24.750313        12.380959         0.000000
  2020     1     3    17     3  0.000000        -1.464132         1.075766         8.084360        24.846137        12.477661         0.000000
  2020     1     3    17     3 30.000000        -1.484690         1.056751         8.065304        24.830334        12.454904         0.000000
  2020     1     3    17     4  0.000000        -1.574542         0.963597         7.974378        24.734591        12.363957         0.000000
  2020     1     3    17     4 30.000000        -1.642643         0.896438         7.904709        24.665942        12.294312         0.000000
  2020     1     3    17     5  0.000000        -1.786756         0.756177         7.760679        24.523351        12.151370         0.000000
  2020     1     3    17     5 30.000000        -1.713170         0.824407         7.834127        24.591786        12.223763         0.000000
  2020     1     3    17     6  0.000000        -1.910931         0.628799         7.639699        24.408325        12.030216         0.000000
  2020     1     3    17     6 30.000000        -1.225557         1.311476         8.323116        25.078834        12.713297         0.000000
  2020     1     3    17     7  0.000000        -1.392956         1.146143         8.158764        24.923457        12.546121         0.000000
  2020     1     3    17     7 30.000000        -1.487496         1.052982         8.055846        24.823212        12.449438         0.000000
  2020     1     3    17     8  0.000000        -1.555993         0.979454         7.987843        24.755271        12.379633         0.000000
  2020     1     3    17     8 30.000000        -1.527687         1.012848         8.017905        24.788506        12.408492         0.000000
  2020     1     3    17     9  0.000000        -1.800432         0.741114         7.744549        24.507812        12.132401         0.000000
  2020     1     3    17     9 30.000000        -1.495728         1.050493         8.048653        24.819020        12.443339         0.000000
  2020     1     3    17    10  0.000000        -1.522099         1.021046         8.020419        24.788783        12.413000         0.000000
  2020     1     3    17    10 30.000000        -1.705215         0.839559         7.837682        24.604954        12.227610         0.000000
  2020     1     3    17    11  0.000000        -1.895198         0.646596         7.647903        24.408580        12.039728         0.000000
  2020     1     3    17    11 30.000000        -1.498394         1.043908         8.041653        24.811738        12.439139         0.000000
  2020     1     3    17    12  0.000000        -1.605058         0.931788         7.934761        24.706029        12.330439         0.000000
  2020     1     3    17    12 30.000000        -1.605216         0.941072         7.933103        24.706066        12.326901         0.000000
  2020     1     3    17    13  0.000000        -1.464823         1.082109         8.074066        24.850899        12.470467         0.000000
  2020     1     3    17    13 30.000000        -1.503164         1.041107         8.041816        24.809804        12.437871         0.000000
  2020     1     3    17    14  0.000000        -1.484060         1.060730         8.060312        24.821976        12.453218         0.000000
  2020     1     3    17    14 30.000000        -1.642392         0.905000         7.907739        24.664994        12.297852         0.000000
  2020     1     3    17    15  0.000000        -1.263557         1.287199         8.285935        25.059405        12.675604         0.000000
  2020     1     3    17    15 30.000000        -1.731687         0.812613         7.816751        24.583909        12.205209         0.000000
  2020     1     3    17    16  0.000000        -1.419752         1.125123         8.125136        24.887876        12.515561         0.000000
  2020     1     3    17    16 30.000000        -1.156627         1.392712         8.394733        25.140433        12.780846         0.000000
  2020     1     3    17    17  0.000000        -1.279580         1.269787         8.274454        25.023989        12.662154         0.000000
  2020     1     3    17    17 30.000000        -1.495251         1.057295         8.060938        24.813465        12.451754         0.000000
  2020     1     3    17    18  0.000000        -1.762172         0.788708         7.794267        24.546520        12.182070         0.000000
  2020     1     3    17    18 30.000000        -1.058208         1.495011         8.498141        25.245451        12.883834         0.000000
  2020     1     3    17    19  0.000000        -1.133736         1.414129         8.421340         0.000000        12.812022         0.000000
  2020     1     3    17    19 30.000000        -1.205585         1.346990         8.349252        25.098128        12.738373         0.000000
  2020     1     3    17    20  0.000000        -1.685201         0.862974         7.868106        24.617504        12.256247         0.000000
  2020     1     3    17    20 30.000000        -1.263615         1.278630         8.290021        25.040534        12.676092         0.000000
  2020     1     3    17    21  0.000000        -1.287192         1.257726         8.266062         0.000000        12.653162         0.000000
  2020     1     3    17    21 30.000000        -1.198902         1.345291         8.356859        25.099457        12.742310         0.000000
  2020     1     3    17    22  0.000000        -1.254528         1.289147         8.301724        25.042373        12.688864         0.000000
  2020     1     3    17    22 30.000000        -1.163775         1.380596         8.392709         0.000000        12.776398         0.000000
  2020     1     3    17    23  0.000000        -1.263507         1.281931         8.290009        25.035807        12.672812         0.000000
  2020     1     3    17    23 30.000000        -1.196508         1.348228         8.356181        25.100805        12.742171         0.000000
  2020     1     3    17    24  0.000000        -1.230479         1.317007         8.323381        25.065731        12.704969         0.000000
  2020     1     3    17    24 30.000000        -1.052867         1.488379         8.499145        25.243226        12.878577         0.000000
  2020     1     3    17    25  0.000000        -1.368537         1.175916         8.184029        24.931041        12.565608         0.000000
  2020     1     3    17    25 30.000000        -1.160237         1.378957         8.389234        25.126850        12.771843         0.000000
  2020     1     3    17    26  0.000000        -0.998407         1.546107         8.553071        25.299852        12.933453         0.000000
  2020     1     3    17    26 30.000000        -0.655612         1.886535         8.900602        25.635195        13.278101         0.000000
  2020     1     3    17    27  0.000000        -1.114823         1.425307         8.437743        25.188829        12.817689         0.000000
  2020     1     3    17    27 30.000000        -1.368589         1.170573         8.182204        24.921447        12.568517         0.000000
  2020     1     3    17    28  0.000000        -0.879664         1.661342         8.672858        25.415777        13.053025         0.000000
  2020     1     3    17    28 30.000000        -0.839559         1.698824         8.712369        25.457844        13.098424         0.000000
  2020     1     3    17    29  0.000000        -1.292393         1.248662         8.261877        25.003021        12.645118         0.000000
  2020     1     3    17    29 30.000000        -1.119663         1.420994         8.430913        25.179019        12.819173         0.000000
  2020     1     3    17    30  0.000000        -0.766528         1.772606         8.782705        25.537282        13.168833         0.000000
  2020     1     3    17    30 30.000000        -1.494835         1.042630         8.055325        24.807197        12.441048         0.000000
  2020     1     3    17    31  0.000000        -1.012298         1.526353         8.533872        25.289695        12.919529         0.000000
  2020     1     3    17    31 30.000000        -0.815685         1.725562         8.731203        25.471434        13.115233         0.000000
  2020     1     3    17    32  0.000000        -0.949500         1.592912         8.599332        25.360353        12.981566         0.000000
  2020     1     3    17    32 30.000000        -1.526713         1.015636         8.020882        24.776964        12.409016         0.000000
  2020     1     3    17    33  0.000000        -1.055315         1.484142         8.493426        25.228812        12.876138         0.000000
  2020     1     3    17    33 30.000000        -0.741913         1.801902         8.806468        25.563265        13.188130         0.000000
  2020     1     3    17    34  0.000000        -0.974402         1.564388         8.575837        25.320191        12.962863         0.000000
  2020     1     3    17    34 30.000000        -1.001857         1.538823         8.548695        25.286130        12.936397         0.000000
  2020     1     3    17    35  0.000000        -0.994945         1.545348         8.557783        25.294860        12.941942         0.000000
  2020     1     3    17    35 30.000000        -1.270231         1.271255         8.282463        25.033528        12.669581         0.000000
  2020     1     3    17    36  0.000000        -1.225625         1.316672         8.323771        25.073623        12.712158         0.000000
  2020     1     3    17    36 30.000000        -1.110430         1.431741         8.438671        25.191526        12.827145         0.000000
  2020     1     3    17    37  0.000000        -1.151540         1.393909         8.400914        25.144824        12.787971         0.000000
  2020     1     3    17    37 30.000000        -1.280589         1.261506         8.269745        25.015656        12.661538         0.000000
  2020     1     3    17    38  0.000000        -1.099090         1.444483         8.451899        25.204978        12.841008         0.000000
  2020     1     3    17    38 30.000000        -1.245007         1.303048         8.306085        25.066214        12.698823         0.000000
  2020     1     3    17    39  0.000000        -1.305173         1.236572         8.247539        25.003059        12.635845         0.000000
  2020     1     3    17    39 30.000000        -1.297725         1.247023         8.253727        25.008363        12.647243         0.000000
  2020     1     3    17    40  0.000000        -1.186966         1.355234         8.364903        25.124519        12.755568         0.000000
  2020     1     3    17    40 30.000000        -1.370670         1.167730         8.173099        24.942323        12.566858         0.000000
  2020     1     3    17    41  0.000000        -1.158597         1.385156         8.388260        25.148926        12.779285         0.000000
  2020     1     3    17    41 30.000000        -0.865753         1.677395         8.681836        25.444720        13.075077         0.000000
  2020     1     3    17    42  0.000000        -0.972753         1.568864         8.573919        25.335556        12.964747         0.000000
  2020     1     3    17    42 30.000000        -0.937448         1.605121         8.607222        25.368753        12.997486         0.000000
  2020     1     3    17    43  0.000000        -1.234216         1.313261         8.316303        25.076582        12.707010         0.000000
  2020     1     3    17    43 30.000000        -1.383777         1.160274         8.166741        24.934385        12.560034         0.000000
  2020     1     3    17    44  0.000000        -1.180582         1.363380         8.365979        25.128063        12.764681         0.000000
  2020     1     3    17    44 30.000000        -1.751131         0.796633         7.797715        24.559074        12.192444         0.000000
  2020     1     3    17    45  0.000000        -1.227834         1.317392         8.324595        25.082934        12.712954         0.000000
  2020     1     3    17    45 30.000000        -1.465865         1.079364         8.087806        24.840548        12.477091         0.000000
  2020     1     3    17    46  0.000000        -1.401531         1.142576         8.148884        24.910316        12.539798         0.000000
  2020     1     3    17    46 30.000000        -1.263052         1.282225         8.287738        25.050890        12.676036         0.000000
  2020     1     3    17    47  0.000000        -1.553810         0.988893         7.997152        24.749170        12.384812         0.000000
  2020     1     3    17    47 30.000000        -1.427725         1.113648         8.122098        24.876407        12.511320         0.000000
  2020     1     3    17    48  0.000000        -1.407404         1.137144         8.140585        24.892839        12.527250         0.000000
  2020     1     3    17    48 30.000000        -1.309623         1.232751         8.241452        24.984143        12.629497         0.000000
  2020     1     3    17    49  0.000000        -1.385574         1.156693         8.166398        24.909171        12.554618         0.000000
  2020     1     3    17    49 30.000000        -1.210151         1.336072         8.339641        25.086160        12.729217         0.000000
  2020     1     3    17    50  0.000000        -1.216699         1.330940         8.333196        25.079986        12.726063         0.000000
  2020     1     3    17    50 30.000000        -1.781133         0.769779         7.770055        24.527663        12.162849         0.000000
  2020     1     3    17    51  0.000000        -1.611903         0.934897         7.939399        24.697389        12.330977         0.000000
  2020     1     3    17    51 30.000000        -1.315010         1.234941         8.233809        24.987158        12.626625         0.000000
  2020     1     3    17    52  0.000000        -1.849750         0.696901         7.699105        24.456873        12.092513         0.000000
  2020     1     3    17    52 30.000000        -1.577247         0.970401         7.970186        24.731263        12.361102         0.000000
  2020     1     3    17    53  0.000000        -1.689004         0.854482         7.858836        24.611125        12.251190         0.000000
  2020     1     3    17    53 30.000000        -2.132526         0.412120         7.416638        24.168193        11.810049         0.000000
  2020     1     3    17    54  0.000000        -1.640329         0.903639         7.908277        24.650274        12.296808         0.000000
  2020     1     3    17    54 30.000000        -1.386364         1.156624         8.164660        24.907635        12.549132         0.000000
  2020     1     3    17    55  0.000000        -1.508523         1.034718         8.040179        24.793695        12.424918         0.000000
  2020     1     3    17    55 30.000000        -1.923764         0.625340         7.627581        24.371763        12.017598         0.000000
  2020     1     3    17    56  0.000000        -1.567081         0.981121         7.983409        24.730104        12.374179         0.000000
  2020     1     3    17    56 30.000000        -1.592202         0.956227         7.957170        24.716428        12.347867         0.000000
  2020     1     3    17    57  0.000000        -1.842065         0.703673         7.708597        24.452015        12.101619         0.000000
  2020     1     3    17    57 30.000000        -1.973166         0.574922         7.574044        24.324765        11.968374         0.000000
  2020     1     3    17    58  0.000000        -1.894410         0.648917         7.649893        24.408836        12.045895         0.000000
  2020     1     3    17    58 30.000000        -1.640470         0.905425         7.906292        24.656562        12.301216         0.000000
  2020     1     3    17    59  0.000000        -1.635049         0.905597         7.910678        24.663541        12.302996         0.000000
  2020     1     3    17    59 30.000000        -1.735474         0.808738         7.809474        24.566214        12.198773         0.000000
  2020     1     3    18     0  0.000000        -1.750979         0.795627         7.796760        24.552846        12.188132         0.000000
  2020     1     3    18     0 30.000000        -2.167030         0.374632         7.384615        24.129599        11.772987         0.000000
  2020     1     3    18     1  0.000000        -1.760579         0.784111         7.790904        24.534547        12.176689         0.000000
  2020     1     3    18     1 30.000000        -2.002031         0.544711         7.551492        24.309170        11.941201         0.000000
  2020     1     3    18     2  0.000000        -1.932368         0.609741         7.618544        24.378042        12.009968         0.000000
  2020     1     3    18     2 30.000000        -2.180896         0.363144         7.370102        24.130515        11.762228         0.000000
  2020     1     3    18     3  0.000000        -1.958191         0.582407         7.588480        24.337198        11.985917         0.000000
  2020     1     3    18     3 30.000000        -1.935643         0.604671         7.613985        24.371628        12.003453         0.000000
  2020     1     3    18     4  0.000000        -2.257022         0.278464         7.291595        24.042842        11.682926         0.000000
  2020     1     3    18     4 30.000000        -2.233768         0.302531         7.313018        24.064343        11.708091         0.000000
  2020     1     3    18     5  0.000000        -1.883699         0.651650         7.662969        24.410371        12.058484         0.000000
  2020     1     3    18     5 30.000000        -2.154348         0.381969         7.392882        24.135642        11.787205         0.000000
  2020     1     3    18     6  0.000000        -2.294073         0.239035         7.252166        23.997863        11.648357         0.000000
  2020     1     3    18     6 30.000000        -2.461906         0.074701         7.082863        23.827690        11.477164         0.000000
  2020     1     3    18     7  0.000000        -2.138671         0.397390         7.408467        24.157629        11.797318         0.000000
  2020     1     3    18     7 30.000000        -1.966942         0.573423         7.579678        24.324166        11.972351         0.000000
  2020     1     3    18     8  0.000000        -2.364037         0.173267         7.182521        23.932930        11.573684         0.000000
  2020     1     3    18     8 30.000000        -2.173629         0.365284         7.377309        24.123831        11.768595         0.000000
  2020     1     3    18     9  0.000000        -1.995243         0.540854         7.555580        24.298006        11.941309         0.000000
  2020     1     3    18     9 30.000000        -2.228076         0.307753         7.325476        24.063735        11.712557         0.000000
  2020     1     3    18    10  0.000000        -2.113441         0.418577         7.435308        24.184805        11.826128         0.000000
  2020     1     3    18    10 30.000000        -2.077052         0.462084         7.474339        24.229853        11.858225         0.000000
  2020     1     3    18    11  0.000000        -2.432452         0.107363         7.115754        23.871605        11.506464         0.000000
  2020     1     3    18    11 30.000000        -2.269356         0.267468         7.282461        24.042001        11.677434         0.000000
  2020     1     3    18    12  0.000000        -2.540783         0.001252         7.012076        23.768375        11.404333         0.000000
  2020     1     3    18    12 30.000000        -2.279804         0.260264         7.270737        24.030462        11.662774         0.000000
  2020     1     3    18    13  0.000000        -2.268130         0.272583         7.277258        24.045479        11.673983         0.000000
  2020     1     3    18    13 30.000000        -2.261648         0.283679         7.287283        24.056456        11.681885         0.000000
  2020     1     3    18    14  0.000000        -2.368490         0.169254         7.180427        23.944846        11.576786         0.000000
  2020     1     3    18    14 30.000000        -2.458955         0.081683         7.088309        23.854081        11.482327         0.000000
  2020     1     3    18    15  0.000000        -2.521853         0.014851         7.022270        23.793711        11.416480         0.000000
  2020     1     3    18    15 30.000000        -2.523179         0.018286         7.024318        23.784894        11.416789         0.000000
  2020     1     3    18    16  0.000000        -2.566936        -0.024847         6.983464        23.742888        11.370142         0.000000
  2020     1     3    18    16 30.000000        -2.842600        -0.302618         6.705727        23.464008        11.095101         0.000000
  2020     1     3    18    17  0.000000        -2.515846         0.024185         7.030231        23.793938        11.422084         0.000000
  2020     1     3    18    17 30.000000        -2.812095        -0.278815         6.733959        23.503244        11.126324         0.000000
  2020     1     3    18    18  0.000000        -2.764771        -0.220692         6.783897        23.545731        11.174787         0.000000
  2020     1     3    18    18 30.000000        -2.824500        -0.285004         6.725612        23.480661        11.118076         0.000000
  2020     1     3    18    19  0.000000        -3.051927        -0.514661         6.495250        23.264455        10.888623         0.000000
  2020     1     3    18    19 30.000000        -2.798032        -0.258894         6.752219        23.519098        11.141410         0.000000
  2020     1     3    18    20  0.000000        -3.111638        -0.572846         6.440586        23.194907        10.826842         0.000000
  2020     1     3    18    20 30.000000        -2.853123        -0.316959         6.699007        23.458695        11.082907         0.000000
  2020     1     3    18    21  0.000000        -2.371686         0.167054         7.179586        23.949791        11.567203         0.000000
  2020     1     3    18    21 30.000000        -2.963356        -0.427448         6.587750        23.345085        10.969525         0.000000
  2020     1     3    18    22  0.000000        -3.210697        -0.675262         6.338258        23.099191        10.724094         0.000000
  2020     1     3    18    22 30.000000        -3.027173        -0.491960         6.524825        23.279910        10.910956         0.000000
  2020     1     3    18    23  0.000000        -2.947314        -0.408828         6.602508        23.363729        10.992278         0.000000
  2020     1     3    18    23 30.000000        -2.935798        -0.394830         6.616820        23.375713        11.004150         0.000000
  2020     1     3    18    24  0.000000        -3.165770        -0.622131         6.387373        23.151977        10.775409         0.000000
  2020     1     3    18    24 30.000000        -3.089558        -0.547865         6.461442        23.219840        10.851376         0.000000
  2020     1     3    18    25  0.000000        -3.052644        -0.510032         6.500070        23.261390        10.882924         0.000000
  2020     1     3    18    25 30.000000        -3.401274        -0.857551         6.150592        22.913498        10.536877         0.000000
  2020     1     3    18    26  0.000000        -3.063676        -0.519487         6.487451        23.244590        10.874664         0.000000
  2020     1     3    18    26 30.000000        -3.120407        -0.578327         6.427194        23.194668        10.815372         0.000000
  2020     1     3    18    27  0.000000        -3.057525        -0.523995         6.491561        23.254708        10.881633         0.000000
  2020     1     3    18    27 30.000000        -3.369534        -0.832246         6.178400        22.940603        10.573454         0.000000
  2020     1     3    18    28  0.000000        -3.426737        -0.886947         6.117416        22.890742        10.512306         0.000000
  2020     1     3    18    28 30.000000        -3.372854        -0.834404         6.171403        22.934948        10.569231         0.000000
  2020     1     3    18    29  0.000000        -3.458813        -0.921655         6.087215        22.853027        10.480674         0.000000
  2020     1     3    18    29 30.000000        -3.326263        -0.787298         6.223125        22.984818        10.616124         0.000000
  2020     1     3    18    30  0.000000        -3.574266        -1.034997         5.975711        22.742503        10.369717         0.000000
  2020     1     3    18    30 30.000000        -3.839473        -1.299812         5.711277        22.481006        10.099832         0.000000
  2020     1     3    18    31  0.000000        -3.510764        -0.968125         6.040909        22.803350        10.430831         0.000000
  2020     1     3    18    31 30.000000        -3.681015        -1.142485         5.867454        22.626550        10.259185         0.000000
  2020     1     3    18    32  0.000000        -3.558706        -1.022750         5.990979        22.750690        10.381102         0.000000
  2020     1     3    18    32 30.000000        -3.151205        -0.617606         6.396223        23.160508        10.790122         0.000000
  2020     1     3    18    33  0.000000        -3.516991        -0.976990         6.035549        22.797167        10.421027         0.000000
  2020     1     3    18    33 30.000000        -3.708603        -1.168024         5.839417        22.603925        10.225675         0.000000
  2020     1     3    18    34  0.000000        -3.503300        -0.964739         6.047383        22.811881        10.439622         0.000000
  2020     1     3    18    34 30.000000        -3.872549        -1.332193         5.674456        22.447063        10.068050         0.000000
  2020     1     3    18    35  0.000000        -3.862942        -1.325336         5.684004        22.449088        10.077815         0.000000
  2020     1     3    18    35 30.000000        -3.605375        -1.072164         5.941843        22.704066        10.333449         0.000000
  2020     1     3    18    36  0.000000        -3.664161        -1.130062         5.884531        22.645095        10.273365         0.000000
  2020     1     3    18    36 30.000000        -3.666040        -1.130969         5.880532        22.642464        10.271470         0.000000
  2020     1     3    18    37  0.000000        -3.786610        -1.250541         5.762183        22.522435        10.154739         0.000000
  2020     1     3    18    37 30.000000        -3.795772        -1.258709         5.754337        22.506762        10.142767         0.000000
  2020     1     3    18    38  0.000000        -3.614893        -1.073196         5.934222        22.698737        10.325699         0.000000
  2020     1     3    18    38 30.000000        -3.952145        -1.412841         5.599653        22.356620         9.990348         0.000000
  2020     1     3    18    39  0.000000        -3.605324        -1.070676         5.942594        22.698631        10.330522         0.000000
  2020     1     3    18    39 30.000000        -3.623805        -1.092172         5.922531        22.689372        10.308566         0.000000
  2020     1     3    18    40  0.000000        -3.819616        -1.286513         5.729258        22.488774        10.115234         0.000000
  2020     1     3    18    40 30.000000        -3.464545        -0.929629         6.085743        22.845183        10.473355         0.000000
  2020     1     3    18    41  0.000000        -3.896852        -1.356157         5.656689        22.418634        10.041073         0.000000
  2020     1     3    18    41 30.000000        -3.364703        -0.828869         6.184551        22.954834        10.571460         0.000000
  2020     1     3    18    42  0.000000        -3.372564        -0.840039         6.177542        22.942179        10.565654         0.000000
  2020     1     3    18    42 30.000000        -3.591328        -1.057070         5.958712        22.728217        10.343496         0.000000
  2020     1     3    18    43  0.000000        -3.740174        -1.200935         5.808521        22.574800        10.198925         0.000000
  2020     1     3    18    43 30.000000        -3.579335        -1.040643         5.970934        22.739092        10.357899         0.000000
  2020     1     3    18    44  0.000000        -3.744804        -1.206250         5.806926        22.572388        10.194288         0.000000
  2020     1     3    18    44 30.000000        -3.983419        -1.440888         5.568171        22.322703         9.952534         0.000000
  2020     1     3    18    45  0.000000        -3.669028        -1.132339         5.880739        22.646996        10.267143         0.000000
  2020     1     3    18    45 30.000000        -4.085582        -1.547899         5.465518        22.232754         9.854744         0.000000
  2020     1     3    18    46  0.000000        -4.270454        -1.734629         5.278317        22.043128         9.667143         0.000000
  2020     1     3    18    46 30.000000        -3.950133        -1.414068         5.600459        22.359715         9.990217         0.000000
  2020     1     3    18    47  0.000000        -4.261573        -1.727756         5.287694        22.051300         9.679191         0.000000
  2020     1     3    18    47 30.000000        -4.158568        -1.620292         5.391182        22.149870         9.781996         0.000000
  2020     1     3    18    48  0.000000        -4.058579        -1.528445         5.488229        22.250389         9.883233         0.000000
  2020     1     3    18    48 30.000000        -3.651431        -1.114385         5.895393        22.657491        10.288664         0.000000
  2020     1     3    18    49  0.000000        -3.782300        -1.241464         5.763060        22.532239        10.156424         0.000000
  2020     1     3    18    49 30.000000        -3.745568        -1.210761         5.799392        22.568211        10.192383         0.000000
  2020     1     3    18    50  0.000000        -3.934782        -1.397917         5.609388        22.372608        10.005469         0.000000
  2020     1     3    18    50 30.000000        -3.754209        -1.221477         5.792006        22.560367        10.185515         0.000000
  2020     1     3    18    51  0.000000        -4.292707        -1.755642         5.251905        22.021460         9.645753         0.000000
  2020     1     3    18    51 30.000000        -3.576535        -1.042156         5.967433        22.738429        10.355378         0.000000
  2020     1     3    18    52  0.000000        -3.735203        -1.196878         5.811816        22.567604        10.200671         0.000000
  2020     1     3    18    52 30.000000        -4.266593        -1.725736         5.278308        22.038931         9.669482         0.000000
  2020     1     3    18    53  0.000000        -4.253004        -1.714712         5.294445        22.059702         9.685018         0.000000
  2020     1     3    18    53 30.000000        -3.766839        -1.230383         5.783099        22.537079        10.170373         0.000000
  2020     1     3    18    54  0.000000        -3.876779        -1.342010         5.668886        22.430880        10.059558         0.000000
  2020     1     3    18    54 30.000000        -4.049011        -1.519683         5.496151        22.257941         9.884367         0.000000
  2020     1     3    18    55  0.000000        -4.081180        -1.544634         5.469724        22.225806         9.854825         0.000000
  2020     1     3    18    55 30.000000        -3.558750        -1.021135         5.993784        22.751579        10.385728         0.000000
  2020     1     3    18    56  0.000000        -3.905158        -1.370767         5.645203        22.410084        10.035964         0.000000
  2020     1     3    18    56 30.000000        -4.093112        -1.552962         5.454581        22.217046         9.847362         0.000000
  2020     1     3    18    57  0.000000        -4.079973        -1.544240         5.466475        22.235918         9.859502         0.000000
  2020     1     3    18    57 30.000000        -3.946169        -1.408524         5.605153        22.368222         9.995934         0.000000
  2020     1     3    18    58  0.000000        -3.953847        -1.418534         5.593266        22.353074         9.983782         0.000000
  2020     1     3    18    58 30.000000        -3.770506        -1.236655         5.778877        22.537376        10.167904         0.000000
  2020     1     3    18    59  0.000000        -4.085392        -1.550791         5.465508        22.225029         9.853654         0.000000
  2020     1     3    18    59 30.000000        -3.918048        -1.385454         5.630663        22.391373        10.018219         0.000000
  2020     1     3    19     0  0.000000        -3.923610        -1.389813         5.625036        22.383844        10.016134         0.000000
  2020     1     3    19     0 30.000000        -3.968565        -1.432956         5.583773        22.342792         9.974611         0.000000
  2020     1     3    19     1  0.000000        -3.764987        -1.233730         5.786608        22.543621        10.175041         0.000000
  2020     1     3    19     1 30.000000        -4.013583        -1.479743         5.537543        22.298509         9.927667         0.000000
  2020     1     3    19     2  0.000000        -3.640247        -1.110027         5.907051        22.661232        10.300964         0.000000
  2020     1     3    19     2 30.000000        -3.930223        -1.397135         5.619747        22.370266        10.008554         0.000000
  2020     1     3    19     3  0.000000        -3.505738        -0.971791         6.045805        22.797820        10.433816         0.000000
  2020     1     3    19     3 30.000000        -3.473327        -0.942696         6.074911        22.829998        10.460431         0.000000
  2020     1     3    19     4  0.000000        -3.650180        -1.118153         5.899833        22.653529        10.286355         0.000000
  2020     1     3    19     4 30.000000        -3.676833        -1.140497         5.874670        22.627165        10.258516         0.000000
  2020     1     3    19     5  0.000000        -3.900121        -1.363355         5.653925        22.410013        10.038471         0.000000
  2020     1     3    19     5 30.000000        -3.712225        -1.172034         5.839675        22.594940        10.221698         0.000000
  2020     1     3    19     6  0.000000        -3.926644        -1.391809         5.622874        22.375743        10.013842         0.000000
  2020     1     3    19     6 30.000000        -3.588577        -1.054041         5.963564        22.723238        10.352300         0.000000
  2020     1     3    19     7  0.000000        -4.001351        -1.468455         5.549888        22.304330         9.940237         0.000000
  2020     1     3    19     7 30.000000        -3.824056        -1.287484         5.729567        22.480186        10.115453         0.000000
  2020     1     3    19     8  0.000000        -3.694365        -1.159322         5.853813        22.608790        10.241692         0.000000
  2020     1     3    19     8 30.000000        -3.899521        -1.360297         5.652596        22.411209        10.040612         0.000000
  2020     1     3    19     9  0.000000        -3.710142        -1.171297         5.842701        22.596813        10.230018         0.000000
  2020     1     3    19     9 30.000000        -3.849727        -1.307803         5.704677        22.458952        10.094141         0.000000
  2020     1     3    19    10  0.000000        -3.970656        -1.429970         5.580476        22.340343         9.970728         0.000000
  2020     1     3    19    10 30.000000        -3.461851        -0.918929         6.089837        22.841615        10.479137         0.000000
  2020     1     3    19    11  0.000000        -3.352904        -0.810037         6.199710        22.955098        10.588280         0.000000
  2020     1     3    19    11 30.000000        -3.753625        -1.210531         5.801248        22.556773        10.188295         0.000000
  2020     1     3    19    12  0.000000        -3.465129        -0.927125         6.087885        22.844244        10.472381         0.000000
  2020     1     3    19    12 30.000000        -3.566123        -1.032568         5.986078        22.733007        10.372414         0.000000
  2020     1     3    19    13  0.000000        -3.430233        -0.893827         6.121493        22.874550        10.507605         0.000000
  2020     1     3    19    13 30.000000        -3.498723        -0.966580         6.050688        22.798468        10.435131         0.000000
  2020     1     3    19    14  0.000000        -3.572910        -1.038554         5.976505        22.725584        10.365338         0.000000
  2020     1     3    19    14 30.000000        -3.374895        -0.836426         6.176387        22.929469        10.566507         0.000000
  2020     1     3    19    15  0.000000        -3.621009        -1.084445         5.929364        22.688097        10.319450         0.000000
  2020     1     3    19    15 30.000000        -3.995675        -1.463753         5.553643        22.305119         9.946271         0.000000
  2020     1     3    19    16  0.000000        -3.570977        -1.036692         5.977922        22.746113        10.371564         0.000000
  2020     1     3    19    16 30.000000        -3.439559        -0.900723         6.108076        22.860393        10.497140         0.000000
  2020     1     3    19    17  0.000000        -3.350936        -0.812993         6.196158        22.950884        10.585908         0.000000
  2020     1     3    19    17 30.000000        -3.849379        -1.313946         5.699205        22.456899        10.088307         0.000000
  2020     1     3    19    18  0.000000        -3.838728        -1.294189         5.710497        22.463159        10.099425         0.000000
  2020     1     3    19    18 30.000000        -3.014894        -0.474010         6.537300        23.287509        10.920846         0.000000
  2020     1     3    19    19  0.000000        -3.297992        -0.761352         6.249787        23.001237        10.640993         0.000000
  2020     1     3    19    19 30.000000        -3.644251        -1.103643         5.907616        22.653312        10.294289         0.000000
  2020     1     3    19    20  0.000000        -3.326857        -0.791019         6.220995        22.972834        10.608069         0.000000
  2020     1     3    19    20 30.000000        -3.227355        -0.694805         6.322803        23.079619        10.707990         0.000000
  2020     1     3    19    21  0.000000        -3.596863        -1.064263         5.954971        22.702234        10.340380         0.000000
  2020     1     3    19    21 30.000000        -3.461580        -0.928777         6.089117        22.836678        10.472461         0.000000
  2020     1     3    19    22  0.000000        -3.171564        -0.640763         6.377287        23.139285        10.766291         0.000000
  2020     1     3    19    22 30.000000        -3.291220        -0.764155         6.258842        23.002463        10.643480         0.000000
  2020     1     3    19    23  0.000000        -3.352509        -0.816027         6.198547        22.949328        10.583127         0.000000
  2020     1     3    19    23 30.000000        -3.579892        -1.049460         5.969950        22.722907        10.354921         0.000000
  2020     1     3    19    24  0.000000        -3.427551        -0.901344         6.120650        22.869569        10.505592         0.000000
  2020     1     3    19    24 30.000000        -3.183333        -0.655265         6.363554        23.119087        10.752581         0.000000
  2020     1     3    19    25  0.000000        -3.367013        -0.841442         6.176756        22.930502        10.564888         0.000000
  2020     1     3    19    25 30.000000        -3.624605        -1.097630         5.920906        22.682986        10.305105         0.000000
  2020     1     3    19    26  0.000000        -3.663707        -1.131468         5.883377        22.633096        10.273395         0.000000
  2020     1     3    19    26 30.000000        -3.123858        -0.591604         6.424315        23.177204        10.812197         0.000000
  2020     1     3    19    27  0.000000        -3.312894        -0.784273         6.231356        22.980358        10.617578         0.000000
  2020     1     3    19    27 30.000000        -3.496134        -0.967168         6.050655        22.798276        10.431808         0.000000
  2020     1     3    19    28  0.000000        -3.452224        -0.923551         6.095280        22.843860        10.476083         0.000000
  2020     1     3    19    28 30.000000        -3.273612        -0.741863         6.273893        23.023110        10.660417         0.000000
  2020     1     3    19    29  0.000000        -3.321055        -0.792290         6.227249        22.983571        10.612803         0.000000
  2020     1     3    19    29 30.000000        -3.560713        -1.029434         5.986191        22.741257        10.375213         0.000000
  2020     1     3    19    30  0.000000        -3.573174        -1.036603         5.977535        22.732149        10.359816         0.000000
  2020     1     3    19    30 30.000000        -3.807986        -1.278847         5.738671        22.492261        10.121341         0.000000
  2020     1     3    19    31  0.000000        -3.466839        -0.936677         6.077586        22.828570        10.464825         0.000000
  2020     1     3    19    31 30.000000        -3.243085        -0.706467         6.305062        23.059073        10.687930         0.000000
  2020     1     3    19    32  0.000000        -3.763878        -1.231360         5.784381        22.540445        10.167241         0.000000
  2020     1     3    19    32 30.000000        -3.605821        -1.071902         5.941893        22.705794        10.327180         0.000000
  2020     1     3    19    33  0.000000        -3.464167        -0.933547         6.084798        22.841589        10.470148         0.000000
  2020     1     3    19    33 30.000000        -3.377329        -0.848820         6.172611        22.931638        10.555053         0.000000
  2020     1     3    19    34  0.000000        -3.552090        -1.020160         5.999600        22.752169        10.382150         0.000000
  2020     1     3    19    34 30.000000        -3.290574        -0.754973         6.261395        23.011919        10.645898         0.000000
  2020     1     3    19    35  0.000000        -3.527103        -0.989116         6.023777        22.776687        10.411117         0.000000
  2020     1     3    19    35 30.000000        -3.845226        -1.310954         5.707221        22.459504        10.093841         0.000000
  2020     1     3    19    36  0.000000        -3.283484        -0.749355         6.266331        23.019057        10.656254         0.000000
  2020     1     3    19    36 30.000000        -3.655659        -1.123320         5.893383        22.645457        10.280583         0.000000
  2020     1     3    19    37  0.000000        -3.872339        -1.336165         5.677425        22.435251        10.064505         0.000000
  2020     1     3    19    37 30.000000        -3.479993        -0.946427         6.067517        22.828493        10.455336         0.000000
  2020     1     3    19    38  0.000000        -3.666651        -1.136540         5.881351        22.644848        10.268889         0.000000
  2020     1     3    19    38 30.000000        -3.493206        -0.963060         6.051521        22.807569        10.437792         0.000000
  2020     1     3    19    39  0.000000        -3.636885        -1.110701         5.909978        22.664973        10.293078         0.000000
  2020     1     3    19    39 30.000000        -3.431018        -0.902502         6.113192        22.867916        10.497638         0.000000
  2020     1     3    19    40  0.000000        -3.602835        -1.070342         5.945246        22.699915        10.327752         0.000000
  2020     1     3    19    40 30.000000        -3.421702        -0.892470         6.128128        22.881618        10.508906         0.000000
  2020     1     3    19    41  0.000000        -3.834867        -1.303007         5.712144        22.476049        10.100328         0.000000
  2020     1     3    19    41 30.000000        -3.495936        -0.965289         6.053718        22.810475        10.437691         0.000000
  2020     1     3    19    42  0.000000        -3.766219        -1.235470         5.781168        22.546314        10.165793         0.000000
  2020     1     3    19    42 30.000000        -3.804787        -1.273776         5.742454        22.505775        10.128255         0.000000
  2020     1     3    19    43  0.000000        -3.715984        -1.188158         5.828912        22.590877        10.217282         0.000000
  2020     1     3    19    43 30.000000        -3.750191        -1.220417         5.797390        22.557373        10.184281         0.000000
  2020     1     3    19    44  0.000000        -3.676930        -1.142832         5.872680        22.622633        10.257493         0.000000
  2020     1     3    19    44 30.000000        -3.803603        -1.270617         5.747895        22.501508        10.133131         0.000000
  2020     1     3    19    45  0.000000        -3.887026        -1.349900         5.666612        22.427208        10.053113         0.000000
  2020     1     3    19    45 30.000000        -3.816615        -1.282035         5.737205        22.499646        10.118083         0.000000
  2020     1     3    19    46  0.000000        -3.704931        -1.165379         5.844769        22.604421        10.233152         0.000000
  2020     1     3    19    46 30.000000        -3.733444        -1.206021         5.814679        22.571356        10.200214         0.000000
  2020     1     3    19    47  0.000000        -3.581113        -1.054570         5.963782        22.723736        10.353759         0.000000
  2020     1     3    19    47 30.000000        -3.716186        -1.192363         5.829870        22.587867        10.219903         0.000000
  2020     1     3    19    48  0.000000        -3.433692        -0.906411         6.115446        22.873516        10.502536         0.000000
  2020     1     3    19    48 30.000000        -3.687637        -1.158079         5.858339        22.617724        10.247834         0.000000
  2020     1     3    19    49  0.000000        -3.621672        -1.095082         5.924961        22.679837        10.315434         0.000000
  2020     1     3    19    49 30.000000        -3.523477        -0.992625         6.022490        22.774590        10.413205         0.000000
  2020     1     3    19    50  0.000000        -3.817734        -1.285705         5.730798        22.487291        10.116162         0.000000
  2020     1     3    19    50 30.000000        -3.531868        -1.003978         6.016842        22.772699        10.401269         0.000000
  2020     1     3    19    51  0.000000        -3.777042        -1.244635         5.769617        22.519616        10.153450         0.000000
  2020     1     3    19    51 30.000000        -3.739189        -1.205758         5.810140        22.557643        10.191489         0.000000
  2020     1     3    19    52  0.000000        -3.531306        -0.998908         6.013653        22.766816        10.400636         0.000000
  2020     1     3    19    52 30.000000        -3.749302        -1.216014         5.798375        22.549829        10.183226         0.000000
  2020     1     3    19    53  0.000000        -3.612378        -1.080149         5.934481        22.691239        10.319584         0.000000
  2020     1     3    19    53 30.000000        -4.053720        -1.515621         5.494526        22.256402         9.882787         0.000000
  2020     1     3    19    54  0.000000        -3.657357        -1.119201         5.894134        22.657952        10.278329         0.000000
  2020     1     3    19    54 30.000000        -4.196509        -1.665128         5.351461        22.115588         9.738331         0.000000
  2020     1     3    19    55  0.000000        -3.824991        -1.288207         5.723407        22.478327        10.108665         0.000000
  2020     1     3    19    55 30.000000        -3.752585        -1.218237         5.792819        22.548234        10.183962         0.000000
  2020     1     3    19    56  0.000000        -3.761589        -1.226725         5.786724        22.546657        10.178497         0.000000
  2020     1     3    19    56 30.000000        -3.695138        -1.162120         5.851329        22.606036        10.241204         0.000000
  2020     1     3    19    57  0.000000        -3.426264        -0.890820         6.121688        22.879695        10.513193         0.000000
  2020     1     3    19    57 30.000000        -3.658853        -1.125534         5.889271        22.652446        10.282696         0.000000
  2020     1     3    19    58  0.000000        -3.480514        -0.947892         6.065378        22.827137        10.455538         0.000000
  2020     1     3    19    58 30.000000        -3.540089        -1.008125         6.004383        22.764347        10.392507         0.000000
  2020     1     3    19    59  0.000000        -3.618571        -1.083030         5.927274        22.694031        10.314746         0.000000
  2020     1     3    19    59 30.000000        -3.428293        -0.893113         6.118769        22.879920        10.505291         0.000000
  2020     1     3    20     0  0.000000        -3.612881        -1.083871         5.932463        22.685717        10.323713         0.000000
  2020     1     3    20     0 30.000000        -3.977480        -1.443640         5.567237        22.323906         9.958137         0.000000
  2020     1     3    20     1  0.000000        -3.745819        -1.210530         5.800799        22.567804        10.191993         0.000000
  2020     1     3    20     1 30.000000        -3.828377        -1.291588         5.721624        22.480573        10.114274         0.000000
  2020     1     3    20     2  0.000000        -3.724543        -1.192784         5.825988        22.579750        10.215289         0.000000
  2020     1     3    20     2 30.000000        -3.643115        -1.109190         5.906137        22.659507        10.294538         0.000000
  2020     1     3    20     3  0.000000        -3.600653        -1.068596         5.945315        22.702218        10.336892         0.000000
  2020     1     3    20     3 30.000000        -3.538759        -1.005059         6.009731        22.769503        10.400692         0.000000
  2020     1     3    20     4  0.000000        -3.520309        -0.983135         6.032565        22.790979        10.422192         0.000000
  2020     1     3    20     4 30.000000        -3.293500        -0.755102         6.258100        23.013479        10.646735         0.000000
  2020     1     3    20     5  0.000000        -3.548136        -1.014354         6.001844        22.756608        10.389472         0.000000
  2020     1     3    20     5 30.000000        -3.478267        -0.950112         6.072328        22.822548        10.457181         0.000000
  2020     1     3    20     6  0.000000        -3.272666        -0.738438         6.277788        23.029068        10.665225         0.000000
  2020     1     3    20     6 30.000000        -3.373229        -0.846678         6.175635        22.932687        10.564082         0.000000
  2020     1     3    20     7  0.000000        -3.593399        -1.064151         5.952988        22.708424        10.345396         0.000000
  2020     1     3    20     7 30.000000        -3.305795        -0.771455         6.242008        22.998859        10.626046         0.000000
  2020     1     3    20     8  0.000000        -3.513852        -0.981567         6.036777        22.787998        10.419110         0.000000
  2020     1     3    20     8 30.000000        -3.585152        -1.054310         5.964812        22.713745        10.343946         0.000000
  2020     1     3    20     9  0.000000        -3.603221        -1.072147         5.943540        22.688799        10.328208         0.000000
  2020     1     3    20     9 30.000000        -3.566318        -1.030809         5.983779        22.725095        10.367295         0.000000
  2020     1     3    20    10  0.000000        -3.542313        -1.011799         6.005727        22.754713        10.390480         0.000000
  2020     1     3    20    10 30.000000        -3.319528        -0.787301         6.226834        22.983150        10.617048         0.000000
  2020     1     3    20    11  0.000000        -3.213958        -0.686163         6.335147        23.090955        10.722967         0.000000
  2020     1     3    20    11 30.000000        -3.273686        -0.742809         6.275665        23.021601        10.664831         0.000000
  2020     1     3    20    12  0.000000        -3.405147        -0.872451         6.145317        22.892762        10.531815         0.000000
  2020     1     3    20    12 30.000000        -3.228644        -0.696525         6.321921        23.073416        10.705534         0.000000
  2020     1     3    20    13  0.000000        -3.009171        -0.474430         6.541717        23.297990        10.927781         0.000000
  2020     1     3    20    13 30.000000        -3.262507        -0.729692         6.289690        23.035984        10.677261         0.000000
  2020     1     3    20    14  0.000000        -3.254148        -0.725829         6.296562        23.048346        10.683761         0.000000
  2020     1     3    20    14 30.000000        -3.392527        -0.863327         6.157738        22.912413        10.543982         0.000000
  2020     1     3    20    15  0.000000        -2.985983        -0.459922         6.563122        23.314289        10.950793         0.000000
  2020     1     3    20    15 30.000000        -3.547667        -1.018037         6.000633        22.755289        10.390538         0.000000
  2020     1     3    20    16  0.000000        -3.272789        -0.744290         6.278617        23.027308        10.666404         0.000000
  2020     1     3    20    16 30.000000        -3.495171        -0.964522         6.052179        22.810543        10.441194         0.000000
  2020     1     3    20    17  0.000000        -3.501796        -0.967958         6.049796        22.803813        10.435658         0.000000
  2020     1     3    20    17 30.000000        -3.193604        -0.660666         6.356061        23.110174        10.743700         0.000000
  2020     1     3    20    18  0.000000        -3.499244        -0.965525         6.052385        22.806650        10.440049         0.000000
  2020     1     3    20    18 30.000000        -3.324547        -0.789950         6.226949        22.985405        10.615940         0.000000
  2020     1     3    20    19  0.000000        -2.824377        -0.292740         6.726927        23.481750        11.113908         0.000000
  2020     1     3    20    19 30.000000        -3.196444        -0.663097         6.356025        23.109932        10.744358         0.000000
  2020     1     3    20    20  0.000000        -3.212528        -0.681637         6.338726        23.089574        10.723320         0.000000
  2020     1     3    20    20 30.000000        -3.215340        -0.681017         6.336590        23.096258        10.726591         0.000000
  2020     1     3    20    21  0.000000        -3.099193        -0.568900         6.452935        23.208579        10.837248         0.000000
  2020     1     3    20    21 30.000000        -3.333343        -0.801026         6.216672        22.974121        10.605811         0.000000
  2020     1     3    20    22  0.000000        -3.385271        -0.850969         6.162875        22.915332        10.550241         0.000000
  2020     1     3    20    22 30.000000        -2.863961        -0.331316         6.687068        23.446663        11.078809         0.000000
  2020     1     3    20    23  0.000000        -3.242734        -0.705227         6.310464        23.061253        10.700473         0.000000
  2020     1     3    20    23 30.000000        -3.134657        -0.604009         6.417809        23.168948        10.808470         0.000000
  2020     1     3    20    24  0.000000        -3.479712        -0.949657         6.072518        22.827706        10.462526         0.000000
  2020     1     3    20    24 30.000000        -3.445001        -0.914165         6.102474        22.861084        10.493807         0.000000
  2020     1     3    20    25  0.000000        -3.427943        -0.897125         6.122644        22.871474        10.510998         0.000000
  2020     1     3    20    25 30.000000        -3.102890        -0.573296         6.446498        23.203199        10.835325         0.000000
  2020     1     3    20    26  0.000000        -2.986571        -0.452766         6.560500        23.312536        10.950370         0.000000
  2020     1     3    20    26 30.000000        -3.123786        -0.594761         6.427882        23.189201        10.810663         0.000000
  2020     1     3    20    27  0.000000        -3.513309        -0.981493         6.034062        22.789694        10.423581         0.000000
  2020     1     3    20    27 30.000000        -3.259077        -0.726737         6.289026        23.044705        10.676878         0.000000
  2020     1     3    20    28  0.000000        -3.415941        -0.886583         6.132875        22.881254        10.525245         0.000000
  2020     1     3    20    28 30.000000        -2.968525        -0.438366         6.579955        23.337588        10.968513         0.000000
  2020     1     3    20    29  0.000000        -2.927638        -0.389219         6.624219        23.378250        11.013534         0.000000
  2020     1     3    20    29 30.000000        -2.962328        -0.429329         6.583610        23.340969        10.976845         0.000000
  2020     1     3    20    30  0.000000        -3.206358        -0.676894         6.338893        23.095932        10.731107         0.000000
  2020     1     3    20    30 30.000000        -3.293298        -0.763926         6.250730        23.013525        10.642540         0.000000
  2020     1     3    20    31  0.000000        -3.134951        -0.602773         6.409942        23.164017        10.801670         0.000000
  2020     1     3    20    31 30.000000        -3.058560        -0.529030         6.486754        23.240849        10.878293         0.000000
  2020     1     3    20    32  0.000000        -3.241086        -0.713447         6.306335        23.059295        10.698189         0.000000
  2020     1     3    20    32 30.000000        -2.924059        -0.391503         6.622681        23.378467        11.013821         0.000000
  2020     1     3    20    33  0.000000        -2.582725        -0.049135         6.967427        23.722921        11.357053         0.000000
  2020     1     3    20    33 30.000000        -2.657169        -0.124861         6.891379        23.641924        11.276529         0.000000
  2020     1     3    20    34  0.000000        -2.770182        -0.239732         6.777844        23.532996        11.161358         0.000000
  2020     1     3    20    34 30.000000        -2.725111        -0.190801         6.824128        23.575977        11.207927         0.000000
  2020     1     3    20    35  0.000000        -2.960016        -0.429509         6.587011        23.346113        10.974385         0.000000
  2020     1     3    20    35 30.000000        -2.942618        -0.413521         6.601260        23.364347        10.988017         0.000000
  2020     1     3    20    36  0.000000        -2.854755        -0.321089         6.692369        23.452625        11.079161         0.000000
  2020     1     3    20    36 30.000000        -2.621254        -0.085058         6.927041        23.685850        11.310432         0.000000
  2020     1     3    20    37  0.000000        -2.661328        -0.124093         6.887931        23.646531        11.273946         0.000000
  2020     1     3    20    37 30.000000        -2.829678        -0.294920         6.718274        23.474064        11.108349         0.000000
  2020     1     3    20    38  0.000000        -2.688469        -0.154831         6.857456        23.622259        11.243874         0.000000
  2020     1     3    20    38 30.000000        -2.670236        -0.137697         6.874221        23.633144        11.267066         0.000000
  2020     1     3    20    39  0.000000        -2.738188        -0.203598         6.811781        23.568344        11.198955         0.000000
  2020     1     3    20    39 30.000000        -2.905777        -0.370795         6.641624        23.402889        11.031461         0.000000
  2020     1     3    20    40  0.000000        -2.566253        -0.034446         6.981367        23.741292        11.369520         0.000000
  2020     1     3    20    40 30.000000        -2.599138        -0.069480         6.944212        23.705413        11.334041         0.000000
  2020     1     3    20    41  0.000000        -2.476022         0.052545         7.068586        23.829138        11.462984         0.000000
  2020     1     3    20    41 30.000000        -2.756297        -0.221466         6.792095        23.556593        11.178864         0.000000
  2020     1     3    20    42  0.000000        -2.896738        -0.364424         6.653382        23.414452        11.042901         0.000000
  2020     1     3    20    42 30.000000        -2.577504        -0.043910         6.972550        23.727153        11.363602         0.000000
  2020     1     3    20    43  0.000000        -2.441223         0.095240         7.107709        23.868751        11.492409         0.000000
  2020     1     3    20    43 30.000000        -2.593375        -0.060018         6.958005        23.717247        11.347282         0.000000
  2020     1     3    20    44  0.000000        -2.615124        -0.080970         6.935488        23.701331        11.324894         0.000000
  2020     1     3    20    44 30.000000        -2.869060        -0.335837         6.676900        23.440865        11.072291         0.000000
  2020     1     3    20    45  0.000000        -2.751011        -0.215995         6.795348        23.557503        11.187893         0.000000
  2020     1     3    20    45 30.000000        -2.983259        -0.446069         6.567348        23.323736        10.954409         0.000000
  2020     1     3    20    46  0.000000        -2.838622        -0.301090         6.711871        23.471998        11.102251         0.000000
  2020     1     3    20    46 30.000000        -2.626332        -0.086002         6.923770        23.688100        11.315890         0.000000
  2020     1     3    20    47  0.000000        -2.654425        -0.115442         6.896030        23.656806        11.285574         0.000000
  2020     1     3    20    47 30.000000        -2.578166        -0.040274         6.974046        23.739676        11.361548         0.000000
  2020     1     3    20    48  0.000000        -2.837792        -0.302348         6.713546        23.476384        11.104068         0.000000
  2020     1     3    20    48 30.000000        -2.834249        -0.298972         6.714386        23.471667        11.106599         0.000000
  2020     1     3    20    49  0.000000        -2.940036        -0.403666         6.609232        23.369213        10.999521         0.000000
  2020     1     3    20    49 30.000000        -2.598300        -0.063492         6.947283        23.707380        11.338368         0.000000
  2020     1     3    20    50  0.000000        -2.846486        -0.307810         6.702496        23.462433        11.095125         0.000000
  2020     1     3    20    50 30.000000        -2.786969        -0.247634         6.760716        23.521346        11.155676         0.000000
  2020     1     3    20    51  0.000000        -2.790450        -0.256184         6.759266        23.514061        11.151913         0.000000
  2020     1     3    20    51 30.000000        -2.734593        -0.197379         6.812166        23.578146        11.204681         0.000000
  2020     1     3    20    52  0.000000        -2.710480        -0.174904         6.836154        23.606463        11.226044         0.000000
  2020     1     3    20    52 30.000000        -2.781859        -0.244387         6.764479        23.536787        11.156438         0.000000
  2020     1     3    20    53  0.000000        -2.565343        -0.023453         6.983632        23.749226        11.377200         0.000000
  2020     1     3    20    53 30.000000        -2.533562         0.005907         7.016697        23.789642        11.407326         0.000000
  2020     1     3    20    54  0.000000        -2.580913        -0.039041         6.969772        23.731615        11.359268         0.000000
  2020     1     3    20    54 30.000000        -2.534162         0.009194         7.015856        23.785926        11.404295         0.000000
  2020     1     3    20    55  0.000000        -2.094616         0.446198         7.454979        24.224094        11.844182         0.000000
  2020     1     3    20    55 30.000000        -2.549263        -0.015545         6.996355        23.759745        11.386350         0.000000
  2020     1     3    20    56  0.000000        -2.538212        -0.001429         7.010188        23.766171        11.399409         0.000000
  2020     1     3    20    56 30.000000        -2.584480        -0.042272         6.966276        23.723472        11.354116         0.000000
  2020     1     3    20    57  0.000000        -2.555003        -0.016628         6.997245        23.749871        11.385217         0.000000
  2020     1     3    20    57 30.000000        -2.299501         0.237004         7.250537        24.014136        11.637581         0.000000
  2020     1     3    20    58  0.000000        -2.035079         0.502111         7.512214        24.282463        11.905255         0.000000
  2020     1     3    20    58 30.000000        -2.287159         0.248144         7.261991        24.021697        11.650567         0.000000
  2020     1     3    20    59  0.000000        -2.545779        -0.006592         7.003500        23.769865        11.396683         0.000000
  2020     1     3    20    59 30.000000        -2.396494         0.139100         7.150792        23.923883        11.544467         0.000000
  2020     1     3    21     0  0.000000        -2.506506         0.033057         7.041865        23.805283        11.439245         0.000000
  2020     1     3    21     0 30.000000        -2.801260        -0.262685         6.746984        23.511031        11.140660         0.000000
  2020     1     3    21     1  0.000000        -2.413622         0.128051         7.136288        23.896582        11.529897         0.000000
  2020     1     3    21     1 30.000000        -2.218590         0.318481         7.332753        24.094964        11.721905         0.000000
  2020     1     3    21     2  0.000000        -2.489891         0.046366         7.060186        23.822191        11.452787         0.000000
  2020     1     3    21     2 30.000000        -2.319729         0.222824         7.231284        23.992896        11.619245         0.000000
  2020     1     3    21     3  0.000000        -2.355360         0.184340         7.194089        23.963093        11.587320         0.000000
  2020     1     3    21     3 30.000000        -2.486840         0.052213         7.060680        23.822332        11.450609         0.000000
  2020     1     3    21     4  0.000000        -2.338312         0.198999         7.209600        23.970268        11.598610         0.000000
  2020     1     3    21     4 30.000000        -2.503690         0.037941         7.046437        23.809054        11.435861         0.000000
  2020     1     3    21     5  0.000000        -2.469291         0.069761         7.082424        23.843399        11.466867         0.000000
  2020     1     3    21     5 30.000000        -2.282563         0.253605         7.262757        24.021616        11.650678         0.000000
  2020     1     3    21     6  0.000000        -2.281659         0.251249         7.261187        24.025647        11.651928         0.000000
  2020     1     3    21     6 30.000000        -2.312250         0.226962         7.234561        23.996088        11.620945         0.000000
  2020     1     3    21     7  0.000000        -2.169908         0.372881         7.379064        24.141439        11.767459         0.000000
  2020     1     3    21     7 30.000000        -2.659175        -0.120127         6.886239        23.652345        11.281490         0.000000
  2020     1     3    21     8  0.000000        -2.555218        -0.014681         6.991868        23.749983        11.382057         0.000000
  2020     1     3    21     8 30.000000        -1.792937         0.745336         7.754069        24.513574        12.144138         0.000000
  2020     1     3    21     9  0.000000        -2.104997         0.430466         7.443265        24.211604        11.826626         0.000000
  2020     1     3    21     9 30.000000        -2.091307         0.444222         7.458909        24.223781        11.843465         0.000000
  2020     1     3    21    10  0.000000        -2.031663         0.506708         7.516422        24.284451        11.903379         0.000000
  2020     1     3    21    10 30.000000        -2.166663         0.368871         7.380161        24.140940        11.767619         0.000000
  2020     1     3    21    11  0.000000        -1.873251         0.657917         7.671738        24.434615        12.060891         0.000000
  2020     1     3    21    11 30.000000        -1.832965         0.706201         7.713882        24.470098        12.098916         0.000000
  2020     1     3    21    12  0.000000        -1.814087         0.717271         7.730179        24.489116        12.117631         0.000000
  2020     1     3    21    12 30.000000        -1.902117         0.633623         7.646345        24.404048        12.033463         0.000000
  2020     1     3    21    13  0.000000        -2.148687         0.388744         7.397802        24.162552        11.783994         0.000000
  2020     1     3    21    13 30.000000        -1.809756         0.731073         7.739082        24.500799        12.122259         0.000000
  2020     1     3    21    14  0.000000        -1.735447         0.800203         7.812091        24.572727        12.201455         0.000000
  2020     1     3    21    14 30.000000        -2.237502         0.302732         7.311189        24.074618        11.695979         0.000000
  2020     1     3    21    15  0.000000        -1.758539         0.783069         7.788877        24.557005        12.175999         0.000000
  2020     1     3    21    15 30.000000        -2.067725         0.469832         7.478696        24.237287        11.866721         0.000000
  2020     1     3    21    16  0.000000        -2.121100         0.419617         7.427911        24.189628        11.815740         0.000000
  2020     1     3    21    16 30.000000        -1.825512         0.714564         7.724561        24.484295        12.110022         0.000000
  2020     1     3    21    17  0.000000        -1.827918         0.715442         7.724125        24.477773        12.109392         0.000000
  2020     1     3    21    17 30.000000        -1.956676         0.584749         7.592645        24.347154        11.978667         0.000000
  2020     1     3    21    18  0.000000        -1.823802         0.711563         7.723022        24.488100        12.109239         0.000000
  2020     1     3    21    18 30.000000        -1.973792         0.565737         7.573444        24.324058        11.961907         0.000000
  2020     1     3    21    19  0.000000        -1.739443         0.794957         7.808261        24.568500        12.195450         0.000000
  2020     1     3    21    19 30.000000        -2.041290         0.493081         7.505265        24.264655        11.892438         0.000000
  2020     1     3    21    20  0.000000        -1.700456         0.833035         7.849021        24.607512        12.235799         0.000000
  2020     1     3    21    20 30.000000        -1.917834         0.619230         7.631655        24.395438        12.017566         0.000000
  2020     1     3    21    21  0.000000        -2.022353         0.513609         7.524980        24.290823        11.911081         0.000000
  2020     1     3    21    21 30.000000        -2.060805         0.481674         7.488481        24.253837        11.872169         0.000000
  2020     1     3    21    22  0.000000        -1.877189         0.662772         7.673248        24.428633        12.058141         0.000000
  2020     1     3    21    22 30.000000        -2.089191         0.447562         7.458561        24.222236        11.843029         0.000000
  2020     1     3    21    23  0.000000        -1.989681         0.547986         7.555686        24.320899        11.943569         0.000000
  2020     1     3    21    23 30.000000        -1.882417         0.653527         7.665081        24.421323        12.052760         0.000000
  2020     1     3    21    24  0.000000        -2.051204         0.484759         7.495320        24.255689        11.885269         0.000000
  2020     1     3    21    24 30.000000        -2.005001         0.530054         7.540955        24.304099        11.932563         0.000000
  2020     1     3    21    25  0.000000        -1.987960         0.548900         7.558741        24.325436        11.952315         0.000000
  2020     1     3    21    25 30.000000        -1.845134         0.695290         7.702158        24.461037        12.092888         0.000000
  2020     1     3    21    26  0.000000        -1.656426         0.878568         7.888835        24.652761        12.278878         0.000000
  2020     1     3    21    26 30.000000        -1.778580         0.755100         7.767155        24.531627        12.157312         0.000000
  2020     1     3    21    27  0.000000        -1.715121         0.821054         7.831774        24.598418        12.221881         0.000000
  2020     1     3    21    27 30.000000        -1.898739         0.636312         7.649709        24.418419        12.039626         0.000000
  2020     1     3    21    28  0.000000        -1.887182         0.653851         7.660548        24.429927        12.051910         0.000000
  2020     1     3    21    28 30.000000        -1.915050         0.624203         7.633732        24.394477        12.022330         0.000000
  2020     1     3    21    29  0.000000        -1.804735         0.733270         7.743345        24.501092        12.131072         0.000000
  2020     1     3    21    29 30.000000        -1.782947         0.754023         7.764343        24.527601        12.148864         0.000000
  2020     1     3    21    30  0.000000        -1.905583         0.630735         7.640524        24.399222        12.026397         0.000000
  2020     1     3    21    30 30.000000        -1.816946         0.718719         7.728987        24.488134        12.115324         0.000000
  2020     1     3    21    31  0.000000        -1.576374         0.963394         7.971431        24.733489        12.356822         0.000000
  2020     1     3    21    31 30.000000        -1.574785         0.962951         7.973738        24.737956        12.359376         0.000000
  2020     1     3    21    32  0.000000        -1.644754         0.890508         7.902331        24.665113        12.289697         0.000000
  2020     1     3    21    32 30.000000        -1.734315         0.805531         7.810596        24.576513        12.197868         0.000000
  2020     1     3    21    33  0.000000        -1.609209         0.927866         7.937106        24.704237        12.324699         0.000000
  2020     1     3    21    33 30.000000        -2.168728         0.365923         7.377783        24.141142        11.768591         0.000000
  2020     1     3    21    34  0.000000        -1.379846         1.156381         8.167193        24.921001        12.555905         0.000000
  2020     1     3    21    34 30.000000        -1.732848         0.807688         7.815726        24.578350        12.206330         0.000000
  2020     1     3    21    35  0.000000        -1.594970         0.943676         7.954042        24.717742        12.344273         0.000000
  2020     1     3    21    35 30.000000        -1.582884         0.958584         7.964277        24.728600        12.356886         0.000000
  2020     1     3    21    36  0.000000        -1.734566         0.809670         7.818547        24.580627        12.205541         0.000000
  2020     1     3    21    36 30.000000        -1.533718         1.013855         8.016795        24.779678        12.406994         0.000000
  2020     1     3    21    37  0.000000        -1.608478         0.936664         7.941830        24.700363        12.331383         0.000000
  2020     1     3    21    37 30.000000        -1.674489         0.869101         7.878262        24.641960        12.263371         0.000000
  2020     1     3    21    38  0.000000        -1.540252         0.999602         8.012094        24.768391        12.394061         0.000000
  2020     1     3    21    38 30.000000        -1.333740         1.204691         8.216438        24.974270        12.604740         0.000000
  2020     1     3    21    39  0.000000        -1.682434         0.858721         7.868464        24.628497        12.256491         0.000000
  2020     1     3    21    39 30.000000        -1.509961         1.029477         8.040396        24.804420        12.428972         0.000000
  2020     1     3    21    40  0.000000        -1.535664         1.008551         8.013903        24.773497        12.399931         0.000000
  2020     1     3    21    40 30.000000        -1.512970         1.026475         8.038446        24.797760        12.422993         0.000000
  2020     1     3    21    41  0.000000        -1.607221         0.937804         7.945387        24.701743        12.330852         0.000000
  2020     1     3    21    41 30.000000        -1.485377         1.055376         8.067033        24.822666        12.452330         0.000000
  2020     1     3    21    42  0.000000        -1.565194         0.977160         7.986241        24.743595        12.373007         0.000000
  2020     1     3    21    42 30.000000        -1.312977         1.229088         8.238669        24.996214        12.623063         0.000000
  2020     1     3    21    43  0.000000        -1.524743         1.017410         8.024327        24.789126        12.413949         0.000000
  2020     1     3    21    43 30.000000        -1.539730         1.000702         8.007469        24.768419        12.394988         0.000000
  2020     1     3    21    44  0.000000        -1.676312         0.861738         7.871480        24.635312        12.258542         0.000000
  2020     1     3    21    44 30.000000        -1.239515         1.297218         8.308081        25.075318        12.695006         0.000000
  2020     1     3    21    45  0.000000        -1.273378         1.263796         8.275271        25.034224        12.660523         0.000000
  2020     1     3    21    45 30.000000        -1.730458         0.806149         7.816727        24.581716        12.204432         0.000000
  2020     1     3    21    46  0.000000        -1.264068         1.274743         8.283034        25.043809        12.673591         0.000000
  2020     1     3    21    46 30.000000        -1.253110         1.285354         8.297259        25.058390        12.685362         0.000000
  2020     1     3    21    47  0.000000        -1.262410         1.278614         8.286333        25.056401        12.672881         0.000000
  2020     1     3    21    47 30.000000        -1.401037         1.142354         8.145826        24.920475        12.535364         0.000000
  2020     1     3    21    48  0.000000        -1.456822         1.082877         8.090776        24.855808        12.478813         0.000000
  2020     1     3    21    48 30.000000        -1.228486         1.312992         8.320942        25.080991        12.706035         0.000000
  2020     1     3    21    49  0.000000        -1.764020         0.780311         7.786928        24.553042        12.173427         0.000000
  2020     1     3    21    49 30.000000        -1.360224         1.180907         8.190963        24.953691        12.578250         0.000000
  2020     1     3    21    50  0.000000        -1.290656         1.248134         8.260475        25.026935        12.644832         0.000000
  2020     1     3    21    50 30.000000        -1.074233         1.469766         8.476893        25.236322        12.863960         0.000000
  2020     1     3    21    51  0.000000        -1.198813         1.345341         8.352682        25.121800        12.741695         0.000000
  2020     1     3    21    51 30.000000        -1.282225         1.260883         8.268864        25.036925        12.655986         0.000000
  2020     1     3    21    52  0.000000        -1.415944         1.124980         8.135499        24.899368        12.522348         0.000000
  2020     1     3    21    52 30.000000        -0.998488         1.537792         8.552813        25.316664        12.937679         0.000000
  2020     1     3    21    53  0.000000        -1.644379         0.891602         7.907114        24.674157        12.294456         0.000000
  2020     1     3    21    53 30.000000        -1.154097         1.385883         8.397805        25.163099        12.783761         0.000000
  2020     1     3    21    54  0.000000        -1.283620         1.249316         8.268861        25.033906        12.653989         0.000000
  2020     1     3    21    54 30.000000        -0.956926         1.580900         8.593093        25.358878        12.979062         0.000000
  2020     1     3    21    55  0.000000        -1.424772         1.112181         8.126066        24.887474        12.514486         0.000000
  2020     1     3    21    55 30.000000        -1.307897         1.228855         8.243823        25.006870        12.630556         0.000000
  2020     1     3    21    56  0.000000        -1.240735         1.297836         8.312036        25.076624        12.697031         0.000000
  2020     1     3    21    56 30.000000        -1.250539         1.289625         8.301320        25.064054        12.686994         0.000000
  2020     1     3    21    57  0.000000        -1.329369         1.210714         8.223806        24.984699        12.610621         0.000000
  2020     1     3    21    57 30.000000        -1.259747         1.274956         8.292923        25.056680        12.680233         0.000000
  2020     1     3    21    58  0.000000        -1.073179         1.465249         8.479363        25.244332        12.865563         0.000000
  2020     1     3    21    58 30.000000        -1.293385         1.243133         8.257292        25.017955        12.645800         0.000000
  2020     1     3    21    59  0.000000        -1.420426         1.121233         8.132850        24.898499        12.516013         0.000000
  2020     1     3    21    59 30.000000        -1.413145         1.129607         8.138530        24.904689        12.523726         0.000000
  2020     1     3    22     0  0.000000        -1.372494         1.170363         8.179450        24.938846        12.564896         0.000000
  2020     1     3    22     0 30.000000        -1.562675         0.982652         7.992727        24.754410        12.373018         0.000000
  2020     1     3    22     1  0.000000        -1.337242         1.200327         8.216518        24.977116        12.598664         0.000000
  2020     1     3    22     1 30.000000        -1.475974         1.061101         8.074577        24.841190        12.457318         0.000000
  2020     1     3    22     2  0.000000        -1.254192         1.282305         8.295302        25.063888        12.680662         0.000000
  2020     1     3    22     2 30.000000        -1.113953         1.418108         8.434999        25.207235        12.820216         0.000000
  2020     1     3    22     3  0.000000        -1.176884         1.361547         8.373344        25.140217        12.758514         0.000000
  2020     1     3    22     3 30.000000        -1.250776         1.290445         8.300519        25.071221        12.682166         0.000000
  2020     1     3    22     4  0.000000        -1.112978         1.425960         8.437256        25.199101        12.822984         0.000000
  2020     1     3    22     4 30.000000        -1.407393         1.132488         8.143239        24.907126        12.523189         0.000000
  2020     1     3    22     5  0.000000        -1.156002         1.375155         8.393436        25.158614        12.776578         0.000000
  2020     1     3    22     5 30.000000        -1.303898         1.234880         8.249336        25.013398        12.629289         0.000000
  2020     1     3    22     6  0.000000        -1.236232         1.308778         8.317394        25.076017        12.698057         0.000000
  2020     1     3    22     6 30.000000        -1.187058         1.354743         8.366292        25.137501        12.747106         0.000000
  2020     1     3    22     7  0.000000        -1.119788         1.421866         8.434256        25.200994        12.816940         0.000000
  2020     1     3    22     7 30.000000        -1.042448         1.495174         8.507891        25.279869        12.894188         0.000000
  2020     1     3    22     8  0.000000        -1.679388         0.857951         7.870502        24.639308        12.255795         0.000000
  2020     1     3    22     8 30.000000        -1.186498         1.356527         8.364523        25.133029        12.751513         0.000000
  2020     1     3    22     9  0.000000        -1.229558         1.310113         8.323692        25.092900        12.706921         0.000000
  2020     1     3    22     9 30.000000        -1.131880         1.406016         8.419869        25.186315        12.807041         0.000000
  2020     1     3    22    10  0.000000        -1.194736         1.347662         8.359695        25.124499        12.742459         0.000000
  2020     1     3    22    10 30.000000        -1.397533         1.138317         8.152459        24.920519        12.537405         0.000000
  2020     1     3    22    11  0.000000        -1.115173         1.416553         8.436111        25.198132        12.823922         0.000000
  2020     1     3    22    11 30.000000        -1.623816         0.913126         7.927161        24.702563        12.313589         0.000000
  2020     1     3    22    12  0.000000        -1.082434         1.449213         8.470672        25.240306        12.854074         0.000000
  2020     1     3    22    12 30.000000        -1.386826         1.151621         8.165705        24.933738        12.552532         0.000000
  2020     1     3    22    13  0.000000        -1.633124         0.902573         7.915850        24.682701        12.304770         0.000000
  2020     1     3    22    13 30.000000        -1.258408         1.281515         8.289998        25.054455        12.679264         0.000000
  2020     1     3    22    14  0.000000        -1.314375         1.224053         8.234342        25.005883        12.625418         0.000000
  2020     1     3    22    14 30.000000        -1.566594         0.969963         7.982515        24.746403        12.372585         0.000000
  2020     1     3    22    15  0.000000        -1.320878         1.215201         8.229305        25.002361        12.619405         0.000000
  2020     1     3    22    15 30.000000        -1.409936         1.128468         8.139171        24.908620        12.527914         0.000000
  2020     1     3    22    16  0.000000        -1.462437         1.077029         8.087240        24.854911        12.478265         0.000000
  2020     1     3    22    16 30.000000        -1.415228         1.120862         8.133970        24.898424        12.523331         0.000000
  2020     1     3    22    17  0.000000        -1.521197         1.017874         8.028932        24.790820        12.416564         0.000000
  2020     1     3    22    17 30.000000        -1.081843         1.454377         8.465876        25.226440        12.854443         0.000000
  2020     1     3    22    18  0.000000        -1.290551         1.247592         8.258630        25.022036        12.647075         0.000000
  2020     1     3    22    18 30.000000        -1.373816         1.160652         8.174912        24.938526        12.566623         0.000000
  2020     1     3    22    19  0.000000        -1.471104         1.060638         8.077810        24.840662        12.467279         0.000000
  2020     1     3    22    19 30.000000        -1.186080         1.349005         8.364697        25.124757        12.753380         0.000000
  2020     1     3    22    20  0.000000        -1.329309         1.209362         8.220782        24.982366        12.610791         0.000000
  2020     1     3    22    20 30.000000        -1.582380         0.955193         7.968252        24.730549        12.353717         0.000000
  2020     1     3    22    21  0.000000        -1.287482         1.247803         8.260613        25.025574        12.653144         0.000000
  2020     1     3    22    21 30.000000        -1.350758         1.182248         8.196962        24.954705        12.584831         0.000000
  2020     1     3    22    22  0.000000        -1.301497         1.234517         8.247418        25.011707        12.635856         0.000000
  2020     1     3    22    22 30.000000        -1.063816         1.476496         8.485506        25.251384        12.874597         0.000000
  2020     1     3    22    23  0.000000        -1.108285         1.424492         8.438873        25.202232        12.831213         0.000000
  2020     1     3    22    23 30.000000        -1.230678         1.304178         8.317790        25.080898        12.708889         0.000000
  2020     1     3    22    24  0.000000        -0.954321         1.577158         8.592174        25.357916        12.986210         0.000000
  2020     1     3    22    24 30.000000        -1.069114         1.468847         8.480712        25.247035        12.872784         0.000000
  2020     1     3    22    25  0.000000        -1.146514         1.391020         8.403433        25.160679        12.799773         0.000000
  2020     1     3    22    25 30.000000        -1.294499         1.242491         8.256785        25.016441        12.648182         0.000000
  2020     1     3    22    26  0.000000        -1.465086         1.074033         8.086211        24.847763        12.476419         0.000000
  2020     1     3    22    26 30.000000        -1.492972         1.040776         8.058421        24.825605        12.448986         0.000000
  2020     1     3    22    27  0.000000        -1.353742         1.181134         8.199711        24.963141        12.587816         0.000000
  2020     1     3    22    27 30.000000        -1.016467         1.526076         8.538208        25.294915        12.928751         0.000000
  2020     1     3    22    28  0.000000        -1.471166         1.068904         8.082997        24.850351        12.471323         0.000000
  2020     1     3    22    28 30.000000        -1.351821         1.185720         8.199455        24.965932        12.588781         0.000000
  2020     1     3    22    29  0.000000        -1.383395         1.157249         8.170189        24.932129        12.557656         0.000000
  2020     1     3    22    29 30.000000        -1.174718         1.367890         8.375915        25.137922        12.762598         0.000000
  2020     1     3    22    30  0.000000        -1.447801         1.092726         8.106862        24.870846        12.494905         0.000000
  2020     1     3    22    30 30.000000        -1.315854         1.223719         8.237497        25.001665        12.624571         0.000000
  2020     1     3    22    31  0.000000        -0.914617         1.624634         8.639923        25.407366        13.024902         0.000000
  2020     1     3    22    31 30.000000        -1.135690         1.400604         8.417150        25.178798        12.801032         0.000000
  2020     1     3    22    32  0.000000        -1.039256         1.498513         8.511382        25.275973        12.898009         0.000000
  2020     1     3    22    32 30.000000        -1.189070         1.345872         8.364037        25.123694        12.750474         0.000000
  2020     1     3    22    33  0.000000        -1.300469         1.238156         8.252884        25.020738        12.636831         0.000000
  2020     1     3    22    33 30.000000        -1.051178         1.484933         8.501290        25.266787        12.889352         0.000000
  2020     1     3    22    34  0.000000        -1.334340         1.199241         8.215602        24.983902        12.601489         0.000000
  2020     1     3    22    34 30.000000        -1.029778         1.507878         8.522805        25.287734        12.903208         0.000000
  2020     1     3    22    35  0.000000        -1.413014         1.124074         8.139546        24.906126        12.526253         0.000000
  2020     1     3    22    35 30.000000        -1.421096         1.111690         8.130797        24.898818        12.519921         0.000000
  2020     1     3    22    36  0.000000        -1.110457         1.430317         8.441998        25.208249        12.830378         0.000000
  2020     1     3    22    36 30.000000        -1.127262         1.410455         8.425995        25.197789        12.812429         0.000000
  2020     1     3    22    37  0.000000        -1.171624         1.364261         8.379632        25.149941        12.767490         0.000000
  2020     1     3    22    37 30.000000        -0.939041         1.596188         8.612363        25.378644        13.000435         0.000000
  2020     1     3    22    38  0.000000        -1.123460         1.413341         8.426130        25.197035        12.815433         0.000000
  2020     1     3    22    38 30.000000        -1.421110         1.114664         8.127601        24.895437        12.517640         0.000000
  2020     1     3    22    39  0.000000        -1.187665         1.352128         8.361373        25.125279        12.748894         0.000000
  2020     1     3    22    39 30.000000        -1.292973         1.243284         8.254503        25.025980        12.643176         0.000000
  2020     1     3    22    40  0.000000        -1.233319         1.301934         8.316236        25.084286        12.702386         0.000000
  2020     1     3    22    40 30.000000        -1.417662         1.116081         8.128702        24.904554        12.512644         0.000000
  2020     1     3    22    41  0.000000        -1.011184         1.523246         8.536859        25.301569        12.921126         0.000000
  2020     1     3    22    41 30.000000        -1.255594         1.281702         8.291726        25.065938        12.681812         0.000000
  2020     1     3    22    42  0.000000        -1.116973         1.417196         8.429010        25.199352        12.820846         0.000000
  2020     1     3    22    42 30.000000        -1.306974         1.231293         8.240817        25.009652        12.628030         0.000000
  2020     1     3    22    43  0.000000        -1.276739         1.258204         8.272550        25.045129        12.661285         0.000000
  2020     1     3    22    43 30.000000        -1.165381         1.369285         8.383260        25.154820        12.777358         0.000000
  2020     1     3    22    44  0.000000        -1.068834         1.465790         8.482417        25.255399        12.871865         0.000000
  2020     1     3    22    44 30.000000        -0.846806         1.693737         8.700765        25.478193        13.089186         0.000000
  2020     1     3    22    45  0.000000        -0.980392         1.551852         8.564453        25.341455        12.953901         0.000000
  2020     1     3    22    45 30.000000        -1.107762         1.424102         8.438006        25.211676        12.824637         0.000000
  2020     1     3    22    46  0.000000        -0.999408         1.530005         8.546224        25.324232        12.938043         0.000000
  2020     1     3    22    46 30.000000        -1.088159         1.446897         8.460347        25.232231        12.848726         0.000000
  2020     1     3    22    47  0.000000        -0.970531         1.565964         8.576401        25.345952        12.970728         0.000000
  2020     1     3    22    47 30.000000        -1.304263         1.231132         8.242701        25.019762        12.636687         0.000000
  2020     1     3    22    48  0.000000        -1.352599         1.180337         8.195123        24.977023        12.588589         0.000000
  2020     1     3    22    48 30.000000        -0.977579         1.553622         8.569081        25.339294        12.960679         0.000000
  2020     1     3    22    49  0.000000        -0.661635         1.875551         8.885439        25.664977        13.276265         0.000000
  2020     1     3    22    49 30.000000        -1.226777         1.310919         8.323945        25.098410        12.712291         0.000000
  2020     1     3    22    50  0.000000        -1.197686         1.341327         8.354214        25.115845        12.743288         0.000000
  2020     1     3    22    50 30.000000        -1.011762         1.521332         8.538646        25.306778        12.930827         0.000000
  2020     1     3    22    51  0.000000        -0.908326         1.626972         8.640150        25.414105        13.031469         0.000000
  2020     1     3    22    51 30.000000        -1.330318         1.206150         8.216184        24.987175        12.610848         0.000000
  2020     1     3    22    52  0.000000        -0.924655         1.608511         8.621784        25.395940        13.015212         0.000000
  2020     1     3    22    52 30.000000        -1.022416         1.512751         8.524383        25.293964        12.918406         0.000000
  2020     1     3    22    53  0.000000        -1.288043         1.243729         8.258879        25.027552        12.657374         0.000000
  2020     1     3    22    53 30.000000        -0.896627         1.636801         8.649384        25.412802        13.046580         0.000000
  2020     1     3    22    54  0.000000        -1.363871         1.173237         8.186165        24.954877        12.581988         0.000000
  2020     1     3    22    54 30.000000        -1.268171         1.270191         8.280180        25.049961        12.675943         0.000000
  2020     1     3    22    55  0.000000        -1.335498         1.202255         8.213027        24.974801        12.610896         0.000000
  2020     1     3    22    55 30.000000        -1.287023         1.250626         8.260306        25.024526        12.658221         0.000000
  2020     1     3    22    56  0.000000        -1.088473         1.453602         8.461285        25.222024        12.854620         0.000000
  2020     1     3    22    56 30.000000        -1.174443         1.367645         8.371086        25.127501        12.763092         0.000000
  2020     1     3    22    57  0.000000        -1.049440         1.492846         8.500214        25.259774        12.893718         0.000000
  2020     1     3    22    57 30.000000        -1.259609         1.278272         8.287932        25.053215        12.681415         0.000000
  2020     1     3    22    58  0.000000        -1.134761         1.400915         8.411649        25.178759        12.804268         0.000000
  2020     1     3    22    58 30.000000        -1.031812         1.506450         8.516336        25.280314        12.910145         0.000000
  2020     1     3    22    59  0.000000        -0.619408         1.922309         8.926549        25.692908        13.320258         0.000000
  2020     1     3    22    59 30.000000        -1.170986         1.369651         8.375573        25.138598        12.765516         0.000000
  2020     1     3    23     0  0.000000        -1.166075         1.371013         8.380438        25.143835        12.776798         0.000000
  2020     1     3    23     0 30.000000        -1.088527         1.452498         8.457562        25.224769        12.852439         0.000000
  2020     1     3    23     1  0.000000        -1.182165         1.354210         8.365106        25.135304        12.758393         0.000000
  2020     1     3    23     1 30.000000        -1.054773         1.479022         8.490399        25.249268        12.884969         0.000000
  2020     1     3    23     2  0.000000        -1.118113         1.420874         8.429300        25.195775        12.829125         0.000000
  2020     1     3    23     2 30.000000        -1.024369         1.512981         8.523640        25.289964        12.918933         0.000000
  2020     1     3    23     3  0.000000        -1.202875         1.335252         8.343169        25.105232        12.738937         0.000000
  2020     1     3    23     3 30.000000        -0.852652         1.682842         8.695296        25.458761        13.091547         0.000000
  2020     1     3    23     4  0.000000        -1.182468         1.354863         8.368031        25.123754        12.758420         0.000000
  2020     1     3    23     4 30.000000        -1.109827         1.432522         8.438242        25.200821        12.833512         0.000000
  2020     1     3    23     5  0.000000        -1.008371         1.533694         8.539174        25.296976        12.937235         0.000000
  2020     1     3    23     5 30.000000        -1.317573         1.218731         8.230309        24.986115        12.625820         0.000000
  2020     1     3    23     6  0.000000        -1.386004         1.151963         8.163637        24.914984        12.558389         0.000000
  2020     1     3    23     6 30.000000        -0.885694         1.656852         8.662640        25.419730        13.057460         0.000000
  2020     1     3    23     7  0.000000        -0.931896         1.610485         8.613896        25.376358        13.013058         0.000000
  2020     1     3    23     7 30.000000        -1.400757         1.141550         8.145148        24.908742        12.544030         0.000000
  2020     1     3    23     8  0.000000        -1.523467         1.015967         8.020952        24.783204        12.416830         0.000000
  2020     1     3    23     8 30.000000        -1.134849         1.409596         8.406645        25.160772        12.807914         0.000000
  2020     1     3    23     9  0.000000        -1.115482         1.429302         8.429924        25.196589        12.829867         0.000000
  2020     1     3    23     9 30.000000        -1.138152         1.405270         8.407465        25.171563        12.807483         0.000000
  2020     1     3    23    10  0.000000        -1.045263         1.493285         8.502294        25.265995        12.903063         0.000000
  2020     1     3    23    10 30.000000        -1.547983         0.991334         7.998444        24.757847        12.398657         0.000000
  2020     1     3    23    11  0.000000        -1.256681         1.283523         8.290323        25.054121        12.685018         0.000000
  2020     1     3    23    11 30.000000        -1.257658         1.284363         8.289076        25.045532        12.684457         0.000000
  2020     1     3    23    12  0.000000        -1.130341         1.402286         8.417040        25.180942        12.812434         0.000000
  2020     1     3    23    12 30.000000        -1.200274         1.332009         8.346322        25.110147        12.744153         0.000000
  2020     1     3    23    13  0.000000        -0.906274         1.623147         8.639131        25.397634        13.034649         0.000000
  2020     1     3    23    13 30.000000        -1.489726         1.046718         8.056642        24.815808        12.456150         0.000000
  2020     1     3    23    14  0.000000        -1.792789         0.743718         7.753903        24.510410        12.149429         0.000000
  2020     1     3    23    14 30.000000        -1.430771         1.100085         8.116140        24.870103        12.511067         0.000000
  2020     1     3    23    15  0.000000        -1.401362         1.133711         8.149472        24.903690        12.543253         0.000000
  2020     1     3    23    15 30.000000        -1.631982         0.909804         7.922152        24.679205        12.315065         0.000000
  2020     1     3    23    16  0.000000        -1.440734         1.105268         8.112385        24.868925        12.506673         0.000000
  2020     1     3    23    16 30.000000        -1.301089         1.243891         8.249978        25.004472        12.645317         0.000000
  2020     1     3    23    17  0.000000        -1.296921         1.242070         8.254873        25.011964        12.648505         0.000000
  2020     1     3    23    17 30.000000        -1.321155         1.222791         8.228127        24.986540        12.622967         0.000000
  2020     1     3    23    18  0.000000        -1.592435         0.948604         7.958427        24.719394        12.353801         0.000000
  2020     1     3    23    18 30.000000        -1.259763         1.282281         8.292241        25.056036        12.684106         0.000000
  2020     1     3    23    19  0.000000        -1.219719         1.321534         8.327576        25.084181        12.722602         0.000000
  2020     1     3    23    19 30.000000        -1.212577         1.327303         8.335327        25.098720        12.731316         0.000000
  2020     1     3    23    20  0.000000        -1.416496         1.121438         8.134573        24.896155        12.525802         0.000000
  2020     1     3    23    20 30.000000        -1.393199         1.151441         8.159920        24.924092        12.548637         0.000000
  2020     1     3    23    21  0.000000        -1.430033         1.116131         8.119692        24.883695        12.513228         0.000000
  2020     1     3    23    21 30.000000        -1.510820         1.028367         8.036363        24.799566        12.430683         0.000000
  2020     1     3    23    22  0.000000        -1.406417         1.135945         8.141270        24.902500        12.535261         0.000000
  2020     1     3    23    22 30.000000        -1.282804         1.256611         8.263086        25.032577        12.658552         0.000000
  2020     1     3    23    23  0.000000        -1.559765         0.972936         7.988129        24.747009        12.377499         0.000000
  2020     1     3    23    23 30.000000        -1.256194         1.283762         8.288836        25.048814        12.680696         0.000000
  2020     1     3    23    24  0.000000        -1.480504         1.059877         8.069267        24.826771        12.455977         0.000000
  2020     1     3    23    24 30.000000        -1.274667         1.268077         8.273718        25.034080        12.663770         0.000000
  2020     1     3    23    25  0.000000        -1.449352         1.090293         8.097531        24.851742        12.486311         0.000000
  2020     1     3    23    25 30.000000        -1.498361         1.039833         8.046719        24.802044        12.438444         0.000000
  2020     1     3    23    26  0.000000        -1.472676         1.064777         8.073843        24.822712        12.470186         0.000000
  2020     1     3    23    26 30.000000        -1.285443         1.251453         8.261539        25.019603        12.655428         0.000000
  2020     1     3    23    27  0.000000        -1.499157         1.038730         8.046957        24.809249        12.444094         0.000000
  2020     1     3    23    27 30.000000        -1.857343         0.688951         7.689558        24.449480        12.082744         0.000000
  2020     1     3    23    28  0.000000        -1.392898         1.153703         8.154404        24.920682        12.550134         0.000000
  2020     1     3    23    28 30.000000        -1.347615         1.194394         8.199159        24.961792        12.595950         0.000000
  2020     1     3    23    29  0.000000        -1.623109         0.919824         7.921746        24.686113        12.321684         0.000000
  2020     1     3    23    29 30.000000        -1.482183         1.056971         8.063840        24.826673        12.460666         0.000000
  2020     1     3    23    30  0.000000        -1.663506         0.879916         7.881730        24.649298        12.283339         0.000000
  2020     1     3    23    30 30.000000        -1.593892         0.956008         7.953677        24.713738        12.353887         0.000000
  2020     1     3    23    31  0.000000        -1.636067         0.909795         7.913176        24.670762        12.310750         0.000000
  2020     1     3    23    31 30.000000        -1.404782         1.141779         8.141748        24.899806        12.538455         0.000000
  2020     1     3    23    32  0.000000        -2.038193         0.500597         7.509484        24.273554        11.902593         0.000000
  2020     1     3    23    32 30.000000        -1.893346         0.647738         7.654800        24.420049        12.048619         0.000000
  2020     1     3    23    33  0.000000        -1.674910         0.868242         7.871023        24.634315        12.264223         0.000000
  2020     1     3    23    33 30.000000        -1.570431         0.972510         7.976082        24.739732        12.369947         0.000000
  2020     1     3    23    34  0.000000        -1.971797         0.566982         7.572684        24.332524        11.965649         0.000000
  2020     1     3    23    34 30.000000        -1.382238         1.161529         8.168346        24.936841        12.559121         0.000000
  2020     1     3    23    35  0.000000        -1.762187         0.781294         7.789009        24.548450        12.179811         0.000000
  2020     1     3    23    35 30.000000        -1.794788         0.753363         7.753831        24.518534        12.149765         0.000000
  2020     1     3    23    36  0.000000        -1.318828         1.228888         8.231744        24.991044        12.623794         0.000000
  2020     1     3    23    36 30.000000        -1.336324         1.209470         8.212736        24.968144        12.606737         0.000000
  2020     1     3    23    37  0.000000        -1.814651         0.729532         7.735253        24.493826        12.135497         0.000000
  2020     1     3    23    37 30.000000        -1.609047         0.939809         7.941458        24.709186        12.339992         0.000000
  2020     1     3    23    38  0.000000        -1.743181         0.806664         7.806336        24.570346        12.201862         0.000000
  2020     1     3    23    38 30.000000        -1.420624         1.123475         8.126383        24.889594        12.525591         0.000000
  2020     1     3    23    39  0.000000        -1.664778         0.882920         7.882711        24.651136        12.279886         0.000000
  2020     1     3    23    39 30.000000        -1.532576         1.018013         8.018248        24.781618        12.414798         0.000000
  2020     1     3    23    40  0.000000        -1.646246         0.905646         7.902279        24.670298        12.300029         0.000000
  2020     1     3    23    40 30.000000        -1.753804         0.794244         7.794292        24.560213        12.189303         0.000000
  2020     1     3    23    41  0.000000        -1.827777         0.722341         7.719951        24.478963        12.115721         0.000000
  2020     1     3    23    41 30.000000        -1.749925         0.800764         7.797894        24.557177        12.195367         0.000000
  2020     1     3    23    42  0.000000        -1.809239         0.744577         7.736021        24.496085        12.132075         0.000000
  2020     1     3    23    42 30.000000        -1.798277         0.753753         7.748032        24.515705        12.142049         0.000000
  2020     1     3    23    43  0.000000        -1.901322         0.650504         7.647105        24.409276        12.038687         0.000000
  2020     1     3    23    43 30.000000        -1.919544         0.635242         7.630042        24.393858        12.022539         0.000000
  2020     1     3    23    44  0.000000        -1.794145         0.762492         7.755575        24.522186        12.149627         0.000000
  2020     1     3    23    44 30.000000        -1.838829         0.715018         7.709215        24.469578        12.103467         0.000000
  2020     1     3    23    45  0.000000        -1.691718         0.864176         7.851421        24.608109        12.251548         0.000000
  2020     1     3    23    45 30.000000        -1.823754         0.724591         7.719286        24.486829        12.118718         0.000000
  2020     1     3    23    46  0.000000        -1.642226         0.908705         7.898385        24.671278        12.296645         0.000000
  2020     1     3    23    46 30.000000        -1.428654         1.125440         8.116116        24.890611        12.514929         0.000000
  2020     1     3    23    47  0.000000        -1.808247         0.734378         7.732644        24.491643        12.129018         0.000000
  2020     1     3    23    47 30.000000        -1.674763         0.871508         7.872199        24.632175        12.263746         0.000000
  2020     1     3    23    48  0.000000        -1.695595         0.852178         7.852999        24.606547        12.242870         0.000000
  2020     1     3    23    48 30.000000        -1.585254         0.959449         7.961503        24.722469        12.351948         0.000000
  2020     1     3    23    49  0.000000        -1.929596         0.616598         7.616842        24.382828        12.007161         0.000000
  2020     1     3    23    49 30.000000        -1.976870         0.567984         7.570409        24.324001        11.961020         0.000000
  2020     1     3    23    50  0.000000        -1.815783         0.726817         7.729385        24.487768        12.124564         0.000000
  2020     1     3    23    50 30.000000        -1.490906         1.054051         8.055279        24.809617        12.446070         0.000000
  2020     1     3    23    51  0.000000        -1.588498         0.954818         7.956964        24.716213        12.349704         0.000000
  2020     1     3    23    51 30.000000        -1.750758         0.792921         7.792134        24.549849        12.186726         0.000000
  2020     1     3    23    52  0.000000        -1.694125         0.850782         7.850627        24.612389        12.243909         0.000000
  2020     1     3    23    52 30.000000        -1.537343         1.015196         8.007228        24.759533        12.403150         0.000000
  2020     1     3    23    53  0.000000        -1.575997         0.976570         7.967701        24.724227        12.360714         0.000000
  2020     1     3    23    53 30.000000        -1.912540         0.635762         7.632246        24.394062        12.027334         0.000000
  2020     1     3    23    54  0.000000        -1.599802         0.949243         7.947019        24.694134        12.340341         0.000000
  2020     1     3    23    54 30.000000        -1.394780         1.153791         8.154518        24.903851        12.543681         0.000000
  2020     1     3    23    55  0.000000        -1.674197         0.879726         7.873863        24.630274        12.265531         0.000000
  2020     1     3    23    55 30.000000        -1.916675         0.638252         7.634817        24.395947        12.024320         0.000000
  2020     1     3    23    56  0.000000        -1.869333         0.679998         7.679166        24.437361        12.071416         0.000000
  2020     1     3    23    56 30.000000        -1.832049         0.719434         7.715608        24.480718        12.106979         0.000000
  2020     1     3    23    57  0.000000        -2.256788         0.295039         7.293093        24.053262        11.684148         0.000000
  2020     1     3    23    57 30.000000        -1.963824         0.586646         7.586193        24.345043        11.977218         0.000000
  2020     1     3    23    58  0.000000        -1.659190         0.890195         7.888792        24.647317        12.280836         0.000000
  2020     1     3    23    58 30.000000        -1.994247         0.552355         7.552430        24.310274        11.946014         0.000000
  2020     1     3    23    59  0.000000        -2.180490         0.365609         7.366284        24.133632        11.761449         0.000000
  2020     1     3    23    59 30.000000        -1.828866         0.717699         7.718613        24.478614        12.112768         0.000000
