bako                                                        STATION
Kinematic   10.000000 10.000000 10.000000                   POS MODE/PRIORI (meter)
YES                                                         OBS STRICT EDITING
2021  8  8  0  0  0.00                                      OBS FIRST EPOCH
2021  8  8 23 59 30.00                                      OBS LAST EPOCH
   30.00                                                    OBS INTERVAL (sec)
    7.00                                                    OBS MASK ANGLE (deg)
    0.30                                                    MEASUREMENT NOISE PSEUDORANGE (1-SIGMA, meter)
    0.01                                                    MEASUREMENT NOISE CARRIER PHASE (1-SIGMA, cycle)
WUM0MGXRAP_20212200000_01D_05M_ORB.SP3                      SAT ORBIT
WUM0MGXRAP_20212200000_01D_30S_CLK.CLK                      SAT CLOCK
WUM0MGXRAP_20212200000_01D_30S_ATT.OBX                      SAT ATTITUDE
WUM0MGXRAP_20212200000_01D_01D_OSB.BIA                      SAT BIAS
WUM0MGXRAP_20212200000_01D_01D_ERP.ERP                      EARTH ROTATION PARAMETERS
LEICA GR50                                                  SITE RECEIVER TYPE
LEIAR20         LEIM                                        SITE ANTENNA TYPE
        0.0000        0.0000        1.6480                  SITE ANTENNA E/N/H (meter)
G  L1   1       0.08      0.66    124.58                    SITE ANTENNA PCO E/N/H (millimeter)
G  L2   2      -0.11      0.45    131.37                    SITE ANTENNA PCO E/N/H (millimeter)
R  G1   1       0.08      0.66    124.58                    SITE ANTENNA PCO E/N/H (millimeter)
R  G2   2      -0.11      0.45    131.37                    SITE ANTENNA PCO E/N/H (millimeter)
E  E1   1       0.08      0.66    124.58                    SITE ANTENNA PCO E/N/H (millimeter)
E  E5a  5      -0.11      0.45    131.37                    SITE ANTENNA PCO E/N/H (millimeter)
C  B1I  2       0.08      0.66    124.58                    SITE ANTENNA PCO E/N/H (millimeter)
C  B3I  6      -0.11      0.45    131.37                    SITE ANTENNA PCO E/N/H (millimeter)
J  L1   1       0.08      0.66    124.58                    SITE ANTENNA PCO E/N/H (millimeter)
J  L2   2      -0.11      0.45    131.37                    SITE ANTENNA PCO E/N/H (millimeter)
IGS14_2247                                                  TABLE ANTEX
WNO                                                         RECEIVER CLOCK
STO                                                         TROP ZENITH
NON                                                         TROP GRADIENT
NO                                                          IONO 2ND
SOLID  POLE OCEAN(Scherneck)                                TIDES
NON                                                         MULTIPATH MODEL
YES  GPS    63  GAL    29  BDS2    0  BDS3    0  QZSS    0  AMB FIXING
  600.00                                                    AMB DURATION (sec)
   15.00                                                    AMB CUTOFF (deg)
    0.20    0.15 1000.00                                    AMB WIDELANE
    0.15    0.15 1000.00                                    AMB NARROWLANE
    3       4       1.80    3.00                            AMB SEARCH
DEFAULT                                                     AMB AT DAY-BOUNDARY
Start Field Description                                     COMMENT
Mjd                                                         MODIFIED JULIAN DAY
Sod                                                         SECOND OF DAY
X                                                           X COORDINATE (meter)
Y                                                           Y COORDINATE (meter)
Z                                                           Z COORDINATE (meter)
Latitude                                                    LATITUDE OF WGS-84 ELLIPSOID (deg)
Longitude                                                   LONGITUDE OF WGS-84 ELLIPSOID (deg)
Height                                                      HEIGHT OF WGS-84 ELLIPSOID (meter)
Nsat/GREC2C3J                                               AVERAGE NUMBER OF AVAIABLE SATELLITES (ALL/GPS/GLONASS/Galileo/BDS-2/BDS-3/QZSS)
PDOP                                                        POSITION DILUTION OF PRECISION
End Field Description                                       COMMENT
                                                            END OF HEADER
* Mjd       Sod               X             Y             Z         Latitude        Longitude        Height            Nsat/GREC2C3J   PDOP
59434      0.00   -1836969.5188  6065616.9218  -716257.9259   -6.49105552648  106.84891432379      158.1106     17 06 05 06 00 00 00   1.30
59434     30.00   -1836969.5185  6065616.9270  -716257.9285   -6.49105554478  106.84891430796      158.1158     18 07 05 06 00 00 00   1.26
59434     60.00   -1836969.5195  6065616.9133  -716257.9292   -6.49105556469  106.84891435254      158.1031     18 07 05 06 00 00 00   1.26
59434     90.00   -1836969.5152  6065616.9161  -716257.9293   -6.49105556350  106.84891430808      158.1046     19 08 05 06 00 00 00   1.22
59434    120.00   -1836969.5150  6065616.9158  -716257.9340   -6.49105560623  106.84891430691      158.1047     19 08 05 06 00 00 00   1.22
59434    150.00   -1836969.5142  6065616.9144  -716257.9334   -6.49105560268  106.84891430320      158.1031     19 08 05 06 00 00 00   1.22
59434    180.00   -1836969.5192  6065616.9138  -716257.9320   -6.49105558916  106.84891434806      158.1039     19 08 05 06 00 00 00   1.22
59434    210.00   -1836969.5129  6065616.9203  -716257.9320   -6.49105558416  106.84891427648      158.1082     19 08 05 06 00 00 00   1.22
59434    240.00   -1836969.5159  6065616.9214  -716257.9317   -6.49105557949  106.84891429973      158.1101     19 08 05 06 00 00 00   1.22
59434    270.00   -1836969.5215  6065616.9132  -716257.9324   -6.49105559225  106.84891436968      158.1039     19 08 05 06 00 00 00   1.22
59434    300.00   -1836969.5196  6065616.9247  -716257.9378   -6.49105563048  106.84891432316      158.1150     19 08 05 06 00 00 00   1.23
59434    330.00   -1836969.5153  6065616.9258  -716257.9343   -6.49105559908  106.84891428328      158.1144     19 08 05 06 00 00 00   1.23
59434    360.00   -1836969.5139  6065616.9135  -716257.9288   -6.49105556219  106.84891430352      158.1017     19 08 05 06 00 00 00   1.23
59434    390.00   -1836969.5168  6065616.9220  -716257.9286   -6.49105555104  106.84891430583      158.1105     19 08 05 06 00 00 00   1.23
59434    420.00   -1836969.5161  6065616.9189  -716257.9327   -6.49105559150  106.84891430826      158.1079     19 08 05 06 00 00 00   1.23
59434    450.00   -1836969.5171  6065616.9118  -716257.9275   -6.49105555143  106.84891433489      158.1008     19 08 05 06 00 00 00   1.23
59434    480.00   -1836969.5142  6065616.9055  -716257.9307   -6.49105558655  106.84891432687      158.0944     19 08 05 06 00 00 00   1.23
59434    510.00   -1836969.5150  6065616.9161  -716257.9312   -6.49105558127  106.84891430630      158.1047     19 08 05 06 00 00 00   1.23
59434    540.00   -1836969.5147  6065616.9155  -716257.9348   -6.49105561343  106.84891430460      158.1045     19 08 05 06 00 00 00   1.23
59434    570.00   -1836969.5125  6065616.9048  -716257.9296   -6.49105557838  106.84891431374      158.0931     19 08 05 06 00 00 00   1.23
59434    600.00   -1836969.5115  6065616.9097  -716257.9328   -6.49105560292  106.84891429223      158.0978     19 08 05 06 00 00 00   1.23
59434    630.00   -1836969.5143  6065616.9098  -716257.9331   -6.49105560399  106.84891431597      158.0987     20 08 05 07 00 00 00   1.20
59434    660.00   -1836969.5113  6065616.9187  -716257.9349   -6.49105561298  106.84891426687      158.1066     20 08 05 07 00 00 00   1.20
59434    690.00   -1836969.5130  6065616.9131  -716257.9315   -6.49105558687  106.84891429690      158.1013     20 08 05 07 00 00 00   1.20
59434    720.00   -1836969.5176  6065616.9228  -716257.9290   -6.49105555400  106.84891431086      158.1116     20 08 05 07 00 00 00   1.20
59434    750.00   -1836969.5149  6065616.9131  -716257.9301   -6.49105557424  106.84891431330      158.1017     20 08 05 07 00 00 00   1.20
59434    780.00   -1836969.5196  6065616.9147  -716257.9292   -6.49105556302  106.84891434914      158.1044     21 09 05 07 00 00 00   1.15
59434    810.00   -1836969.5199  6065616.9116  -716257.9263   -6.49105553964  106.84891436057      158.1013     22 09 06 07 00 00 00   1.10
59434    840.00   -1836969.5172  6065616.9182  -716257.9317   -6.49105558267  106.84891431936      158.1074     22 09 06 07 00 00 00   1.10
59434    870.00   -1836969.5117  6065616.9056  -716257.9294   -6.49105557549  106.84891430442      158.0936     22 09 06 07 00 00 00   1.11
59434    900.00   -1836969.5140  6065616.9128  -716257.9307   -6.49105558017  106.84891430571      158.1012     22 09 06 07 00 00 00   1.11
59434    930.00   -1836969.5144  6065616.9095  -716257.9293   -6.49105557059  106.84891431815      158.0981     22 09 06 07 00 00 00   1.11
59434    960.00   -1836969.5149  6065616.9062  -716257.9264   -6.49105554719  106.84891433139      158.0948     22 09 06 07 00 00 00   1.11
59434    990.00   -1836969.5136  6065616.9044  -716257.9274   -6.49105555855  106.84891432466      158.0928     21 08 06 07 00 00 00   1.14
59434   1020.00   -1836969.5183  6065616.9063  -716257.9318   -6.49105559500  106.84891435976      158.0964     21 08 06 07 00 00 00   1.14
59434   1050.00   -1836969.5170  6065616.9131  -716257.9309   -6.49105558074  106.84891433127      158.1024     21 08 06 07 00 00 00   1.15
59434   1080.00   -1836969.5199  6065616.9092  -716257.9296   -6.49105557137  106.84891436629      158.0994     21 08 06 07 00 00 00   1.15
59434   1110.00   -1836969.5272  6065616.9142  -716257.9256   -6.49105552860  106.84891441634      158.1058     21 08 06 07 00 00 00   1.15
59434   1140.00   -1836969.5231  6065616.9168  -716257.9321   -6.49105558554  106.84891437449      158.1079     21 08 06 07 00 00 00   1.15
59434   1170.00   -1836969.5201  6065616.9143  -716257.9361   -6.49105562502  106.84891435452      158.1050     21 08 06 07 00 00 00   1.15
59434   1200.00   -1836969.5170  6065616.9086  -716257.9347   -6.49105561869  106.84891434276      158.0985     21 08 06 07 00 00 00   1.15
59434   1230.00   -1836969.5165  6065616.9087  -716257.9334   -6.49105560749  106.84891433859      158.0983     21 08 06 07 00 00 00   1.16
59434   1260.00   -1836969.5168  6065616.9021  -716257.9325   -6.49105560547  106.84891435790      158.0921     21 08 06 07 00 00 00   1.16
59434   1290.00   -1836969.5196  6065616.9042  -716257.9327   -6.49105560418  106.84891437699      158.0949     21 08 06 07 00 00 00   1.16
59434   1320.00   -1836969.5179  6065616.9080  -716257.9323   -6.49105559774  106.84891435256      158.0980     21 08 06 07 00 00 00   1.16
59434   1350.00   -1836969.5155  6065616.9016  -716257.9333   -6.49105561371  106.84891434867      158.0913     21 08 06 07 00 00 00   1.16
59434   1380.00   -1836969.5150  6065616.9108  -716257.9331   -6.49105560275  106.84891431999      158.0999     21 08 06 07 00 00 00   1.16
59434   1410.00   -1836969.5156  6065616.9146  -716257.9350   -6.49105561639  106.84891431466      158.1039     21 08 06 07 00 00 00   1.16
59434   1440.00   -1836969.5116  6065616.9110  -716257.9338   -6.49105560981  106.84891428972      158.0992     21 08 06 07 00 00 00   1.17
59434   1470.00   -1836969.5163  6065616.9152  -716257.9335   -6.49105560174  106.84891431935      158.1044     21 08 06 07 00 00 00   1.17
59434   1500.00   -1836969.5134  6065616.9092  -716257.9324   -6.49105559846  106.84891431039      158.0978     21 08 06 07 00 00 00   1.17
59434   1530.00   -1836969.5165  6065616.9142  -716257.9314   -6.49105558365  106.84891432399      158.1034     21 08 06 07 00 00 00   1.17
59434   1560.00   -1836969.5138  6065616.9189  -716257.9334   -6.49105559854  106.84891428850      158.1073     21 08 06 07 00 00 00   1.17
59434   1590.00   -1836969.5157  6065616.9189  -716257.9320   -6.49105558507  106.84891430427      158.1077     21 08 06 07 00 00 00   1.17
59434   1620.00   -1836969.5169  6065616.9149  -716257.9324   -6.49105559195  106.84891432567      158.1043     21 08 06 07 00 00 00   1.17
59434   1650.00   -1836969.5181  6065616.9147  -716257.9327   -6.49105559509  106.84891433682      158.1045     21 08 06 07 00 00 00   1.17
59434   1680.00   -1836969.5175  6065616.9177  -716257.9342   -6.49105560531  106.84891432327      158.1073     21 08 06 07 00 00 00   1.18
59434   1710.00   -1836969.5229  6065616.9240  -716257.9360   -6.49105561376  106.84891435354      158.1151     21 08 06 07 00 00 00   1.18
59434   1740.00   -1836969.5212  6065616.9132  -716257.9385   -6.49105564707  106.84891436768      158.1045     21 08 06 07 00 00 00   1.18
59434   1770.00   -1836969.5174  6065616.9239  -716257.9378   -6.49105563192  106.84891430594      158.1136     21 08 06 07 00 00 00   1.18
59434   1800.00   -1836969.5158  6065616.9229  -716257.9361   -6.49105561833  106.84891429499      158.1120     21 08 06 07 00 00 00   1.18
59434   1830.00   -1836969.5203  6065616.9234  -716257.9364   -6.49105561908  106.84891433291      158.1138     20 07 06 07 00 00 00   1.24
59434   1860.00   -1836969.5199  6065616.9165  -716257.9358   -6.49105562037  106.84891434751      158.1071     20 07 06 07 00 00 00   1.24
59434   1890.00   -1836969.5180  6065616.9189  -716257.9347   -6.49105560904  106.84891432465      158.1086     20 07 06 07 00 00 00   1.24
59434   1920.00   -1836969.5168  6065616.9113  -716257.9325   -6.49105559678  106.84891433413      158.1008     20 07 06 07 00 00 00   1.24
59434   1950.00   -1836969.5193  6065616.9143  -716257.9341   -6.49105560752  106.84891434770      158.1046     20 07 06 07 00 00 00   1.24
59434   1980.00   -1836969.5197  6065616.9171  -716257.9341   -6.49105560481  106.84891434403      158.1073     20 07 06 07 00 00 00   1.24
59434   2010.00   -1836969.5165  6065616.9203  -716257.9368   -6.49105562637  106.84891430796      158.1097     20 07 06 07 00 00 00   1.25
59434   2040.00   -1836969.5187  6065616.9157  -716257.9355   -6.49105561858  106.84891433883      158.1058     20 07 06 07 00 00 00   1.25
59434   2070.00   -1836969.5183  6065616.9185  -716257.9333   -6.49105559644  106.84891432874      158.1082     20 07 06 07 00 00 00   1.25
59434   2100.00   -1836969.5169  6065616.9190  -716257.9366   -6.49105562558  106.84891431432      158.1086     20 07 06 07 00 00 00   1.25
59434   2130.00   -1836969.5211  6065616.9159  -716257.9336   -6.49105560109  106.84891435970      158.1065     20 07 06 07 00 00 00   1.25
59434   2160.00   -1836969.5190  6065616.9183  -716257.9362   -6.49105562253  106.84891433508      158.1085     20 07 06 07 00 00 00   1.25
59434   2190.00   -1836969.5178  6065616.9195  -716257.9359   -6.49105561859  106.84891432156      158.1092     20 07 06 07 00 00 00   1.25
59434   2220.00   -1836969.5173  6065616.9257  -716257.9400   -6.49105564991  106.84891430090      158.1155     20 07 06 07 00 00 00   1.25
59434   2250.00   -1836969.5152  6065616.9214  -716257.9407   -6.49105566070  106.84891429348      158.1109     20 07 06 07 00 00 00   1.26
59434   2280.00   -1836969.5185  6065616.9273  -716257.9418   -6.49105566367  106.84891430703      158.1176     20 07 06 07 00 00 00   1.26
59434   2310.00   -1836969.5202  6065616.9253  -716257.9408   -6.49105565660  106.84891432656      158.1160     20 07 06 07 00 00 00   1.26
59434   2340.00   -1836969.5185  6065616.9291  -716257.9424   -6.49105566806  106.84891430210      158.1193     20 07 06 07 00 00 00   1.26
59434   2370.00   -1836969.5118  6065616.9233  -716257.9397   -6.49105565109  106.84891425926      158.1116     20 07 06 07 00 00 00   1.26
59434   2400.00   -1836969.5074  6065616.9171  -716257.9430   -6.49105568765  106.84891423755      158.1048     20 07 06 07 00 00 00   1.26
59434   2430.00   -1836969.5120  6065616.9232  -716257.9403   -6.49105565638  106.84891426128      158.1116     21 08 06 07 00 00 00   1.22
59434   2460.00   -1836969.5112  6065616.9226  -716257.9429   -6.49105568098  106.84891425584      158.1111     21 08 06 07 00 00 00   1.22
59434   2490.00   -1836969.5089  6065616.9188  -716257.9413   -6.49105567085  106.84891424563      158.1067     21 08 06 07 00 00 00   1.22
59434   2520.00   -1836969.5130  6065616.9243  -716257.9436   -6.49105568428  106.84891426704      158.1134     21 08 06 07 00 00 00   1.22
59434   2550.00   -1836969.5130  6065616.9280  -716257.9434   -6.49105567954  106.84891425785      158.1168     21 08 06 07 00 00 00   1.22
59434   2580.00   -1836969.5133  6065616.9263  -716257.9414   -6.49105566297  106.84891426422      158.1150     21 08 06 07 00 00 00   1.22
59434   2610.00   -1836969.5132  6065616.9240  -716257.9428   -6.49105567792  106.84891426986      158.1130     21 08 06 07 00 00 00   1.22
59434   2640.00   -1836969.5078  6065616.9201  -716257.9402   -6.49105566005  106.84891423328      158.1074     21 08 06 07 00 00 00   1.22
59434   2670.00   -1836969.5129  6065616.9194  -716257.9371   -6.49105563152  106.84891427928      158.1079     21 08 06 07 00 00 00   1.22
59434   2700.00   -1836969.5147  6065616.9232  -716257.9373   -6.49105562840  106.84891428493      158.1121     21 08 06 07 00 00 00   1.23
59434   2730.00   -1836969.5128  6065616.9251  -716257.9411   -6.49105566145  106.84891426370      158.1137     21 08 06 07 00 00 00   1.23
59434   2760.00   -1836969.5107  6065616.9250  -716257.9449   -6.49105569651  106.84891424540      158.1134     21 08 06 07 00 00 00   1.23
59434   2790.00   -1836969.5121  6065616.9295  -716257.9433   -6.49105567676  106.84891424569      158.1180     21 08 06 07 00 00 00   1.23
59434   2820.00   -1836969.5173  6065616.9273  -716257.9418   -6.49105566418  106.84891429668      158.1173     21 08 06 07 00 00 00   1.23
59434   2850.00   -1836969.5115  6065616.9296  -716257.9445   -6.49105568813  106.84891424004      158.1181     21 08 06 07 00 00 00   1.23
59434   2880.00   -1836969.5129  6065616.9275  -716257.9422   -6.49105566934  106.84891425809      158.1162     21 08 06 07 00 00 00   1.23
59434   2910.00   -1836969.5160  6065616.9312  -716257.9420   -6.49105566282  106.84891427528      158.1206     21 08 06 07 00 00 00   1.23
59434   2940.00   -1836969.5120  6065616.9253  -716257.9405   -6.49105565664  106.84891425585      158.1137     21 08 06 07 00 00 00   1.23
59434   2970.00   -1836969.5119  6065616.9283  -716257.9395   -6.49105564413  106.84891424735      158.1164     21 08 06 07 00 00 00   1.23
59434   3000.00   -1836969.5111  6065616.9256  -716257.9382   -6.49105563534  106.84891424698      158.1134     21 08 06 07 00 00 00   1.23
59434   3030.00   -1836969.5103  6065616.9251  -716257.9407   -6.49105565892  106.84891424179      158.1130     21 08 06 07 00 00 00   1.23
59434   3060.00   -1836969.5092  6065616.9314  -716257.9414   -6.49105565938  106.84891421543      158.1187     21 08 06 07 00 00 00   1.23
59434   3090.00   -1836969.5111  6065616.9293  -716257.9418   -6.49105566397  106.84891423730      158.1173     21 08 06 07 00 00 00   1.24
59434   3120.00   -1836969.5111  6065616.9307  -716257.9425   -6.49105566921  106.84891423399      158.1187     21 08 06 07 00 00 00   1.24
59434   3150.00   -1836969.5099  6065616.9274  -716257.9425   -6.49105567289  106.84891423262      158.1153     21 08 06 07 00 00 00   1.24
59434   3180.00   -1836969.5123  6065616.9283  -716257.9394   -6.49105564331  106.84891425031      158.1165     21 08 06 07 00 00 00   1.24
59434   3210.00   -1836969.5158  6065616.9316  -716257.9413   -6.49105565585  106.84891427186      158.1208     21 08 06 07 00 00 00   1.24
59434   3240.00   -1836969.5172  6065616.9274  -716257.9389   -6.49105563790  106.84891429540      158.1169     21 08 06 07 00 00 00   1.24
59434   3270.00   -1836969.5115  6065616.9290  -716257.9426   -6.49105567174  106.84891424163      158.1172     21 08 06 07 00 00 00   1.24
59434   3300.00   -1836969.5131  6065616.9219  -716257.9393   -6.49105564866  106.84891427432      158.1106     21 08 06 07 00 00 00   1.24
59434   3330.00   -1836969.5095  6065616.9155  -716257.9389   -6.49105565247  106.84891425944      158.1035     21 08 06 07 00 00 00   1.24
59434   3360.00   -1836969.5110  6065616.9196  -716257.9375   -6.49105563523  106.84891426246      158.1076     21 08 06 07 00 00 00   1.24
59434   3390.00   -1836969.5082  6065616.9208  -716257.9366   -6.49105562674  106.84891423516      158.1078     21 08 06 07 00 00 00   1.24
59434   3420.00   -1836969.5099  6065616.9151  -716257.9346   -6.49105561391  106.84891426467      158.1027     21 08 06 07 00 00 00   1.24
59434   3450.00   -1836969.5083  6065616.9166  -716257.9379   -6.49105564269  106.84891424696      158.1041     21 08 06 07 00 00 00   1.24
59434   3480.00   -1836969.5089  6065616.9238  -716257.9404   -6.49105565809  106.84891423324      158.1113     21 08 06 07 00 00 00   1.24
59434   3510.00   -1836969.5115  6065616.9250  -716257.9417   -6.49105566785  106.84891425240      158.1134     21 08 06 07 00 00 00   1.24
59434   3540.00   -1836969.5093  6065616.9300  -716257.9441   -6.49105568488  106.84891422025      158.1177     21 08 06 07 00 00 00   1.24
59434   3570.00   -1836969.5078  6065616.9293  -716257.9428   -6.49105567384  106.84891420891      158.1165     21 08 06 07 00 00 00   1.24
59434   3600.00   -1836969.5160  6065616.9277  -716257.9412   -6.49105565903  106.84891428402      158.1172     21 08 06 07 00 00 00   1.24
59434   3630.00   -1836969.5113  6065616.9284  -716257.9430   -6.49105567562  106.84891424167      158.1166     21 08 06 07 00 00 00   1.24
59434   3660.00   -1836969.5124  6065616.9344  -716257.9462   -6.49105569869  106.84891423574      158.1230     21 08 06 07 00 00 00   1.24
59434   3690.00   -1836969.5138  6065616.9170  -716257.9395   -6.49105565445  106.84891429339      158.1061     22 09 06 07 00 00 00   1.18
59434   3720.00   -1836969.5129  6065616.9181  -716257.9363   -6.49105562504  106.84891428238      158.1066     22 09 06 07 00 00 00   1.17
59434   3750.00   -1836969.5129  6065616.9240  -716257.9401   -6.49105565331  106.84891426729      158.1126     22 09 06 07 00 00 00   1.17
59434   3780.00   -1836969.5151  6065616.9220  -716257.9392   -6.49105564710  106.84891429116      158.1113     22 09 06 07 00 00 00   1.17
59434   3810.00   -1836969.5094  6065616.9191  -716257.9421   -6.49105567781  106.84891424932      158.1072     22 09 06 07 00 00 00   1.17
59434   3840.00   -1836969.5101  6065616.9165  -716257.9414   -6.49105567386  106.84891426218      158.1048     22 09 06 07 00 00 00   1.17
59434   3870.00   -1836969.5126  6065616.9124  -716257.9422   -6.49105568410  106.84891429513      158.1018     22 09 06 07 00 00 00   1.17
59434   3900.00   -1836969.5145  6065616.9148  -716257.9449   -6.49105570525  106.84891430498      158.1049     22 09 06 07 00 00 00   1.17
59434   3930.00   -1836969.5132  6065616.9114  -716257.9412   -6.49105567582  106.84891430281      158.1008     22 09 06 07 00 00 00   1.17
59434   3960.00   -1836969.5108  6065616.9080  -716257.9384   -6.49105565486  106.84891429094      158.0967     22 09 06 07 00 00 00   1.17
59434   3990.00   -1836969.5161  6065616.9248  -716257.9427   -6.49105567514  106.84891429249      158.1146     20 09 05 06 00 00 00   1.24
59434   4020.00   -1836969.5118  6065616.9191  -716257.9442   -6.49105569523  106.84891427025      158.1081     20 09 05 06 00 00 00   1.24
59434   4050.00   -1836969.5170  6065616.9246  -716257.9456   -6.49105570135  106.84891430075      158.1150     20 09 05 06 00 00 00   1.24
59434   4080.00   -1836969.5154  6065616.9293  -716257.9473   -6.49105571277  106.84891427507      158.1192     20 09 05 06 00 00 00   1.24
59434   4110.00   -1836969.5187  6065616.9272  -716257.9476   -6.49105571578  106.84891430853      158.1182     20 09 05 06 00 00 00   1.24
59434   4140.00   -1836969.5120  6065616.9242  -716257.9488   -6.49105573224  106.84891425920      158.1135     20 09 05 06 00 00 00   1.24
59434   4170.00   -1836969.5099  6065616.9246  -716257.9474   -6.49105571978  106.84891423941      158.1131     20 09 05 06 00 00 00   1.24
59434   4200.00   -1836969.5100  6065616.9207  -716257.9449   -6.49105570123  106.84891425086      158.1093     20 09 05 06 00 00 00   1.24
59434   4230.00   -1836969.5053  6065616.9150  -716257.9476   -6.49105573220  106.84891422486      158.1027     20 09 05 06 00 00 00   1.24
59434   4260.00   -1836969.5094  6065616.9165  -716257.9460   -6.49105571517  106.84891425657      158.1052     20 09 05 06 00 00 00   1.24
59434   4290.00   -1836969.5102  6065616.9193  -716257.9465   -6.49105571665  106.84891425583      158.1082     20 09 05 06 00 00 00   1.24
59434   4320.00   -1836969.5105  6065616.9173  -716257.9423   -6.49105568052  106.84891426421      158.1058     20 09 05 06 00 00 00   1.24
59434   4350.00   -1836969.5102  6065616.9226  -716257.9422   -6.49105567446  106.84891424701      158.1107     20 09 05 06 00 00 00   1.24
59434   4380.00   -1836969.5070  6065616.9180  -716257.9411   -6.49105567003  106.84891423170      158.1053     20 09 05 06 00 00 00   1.24
59434   4410.00   -1836969.5025  6065616.9143  -716257.9400   -6.49105566509  106.84891420274      158.1004     20 09 05 06 00 00 00   1.24
59434   4440.00   -1836969.5058  6065616.9040  -716257.9379   -6.49105565578  106.84891425788      158.0913     20 09 05 06 00 00 00   1.24
59434   4470.00   -1836969.5006  6065616.9143  -716257.9407   -6.49105567215  106.84891418589      158.0999     19 08 05 06 00 00 00   1.35
59434   4500.00   -1836969.5092  6065616.9150  -716257.9425   -6.49105568550  106.84891425878      158.1033     19 08 05 06 00 00 00   1.35
59434   4530.00   -1836969.5075  6065616.9126  -716257.9450   -6.49105571005  106.84891424986      158.1008     19 08 05 06 00 00 00   1.35
59434   4560.00   -1836969.5136  6065616.9121  -716257.9423   -6.49105568518  106.84891430464      158.1017     19 08 05 06 00 00 00   1.34
59434   4590.00   -1836969.5157  6065616.9162  -716257.9422   -6.49105567919  106.84891431152      158.1063     19 08 05 06 00 00 00   1.34
59434   4620.00   -1836969.5128  6065616.9188  -716257.9445   -6.49105569828  106.84891427989      158.1082     19 08 05 06 00 00 00   1.34
59434   4650.00   -1836969.5095  6065616.9217  -716257.9428   -6.49105568150  106.84891424364      158.1098     19 08 05 06 00 00 00   1.34
59434   4680.00   -1836969.5090  6065616.9253  -716257.9431   -6.49105568080  106.84891423006      158.1131     19 08 05 06 00 00 00   1.34
59434   4710.00   -1836969.5133  6065616.9212  -716257.9433   -6.49105568523  106.84891427755      158.1105     19 08 05 06 00 00 00   1.34
59434   4740.00   -1836969.5163  6065616.9274  -716257.9441   -6.49105568525  106.84891428791      158.1173     19 08 05 06 00 00 00   1.34
59434   4770.00   -1836969.5093  6065616.9296  -716257.9469   -6.49105571006  106.84891422170      158.1177     19 08 05 06 00 00 00   1.34
59434   4800.00   -1836969.5084  6065616.9185  -716257.9448   -6.49105570220  106.84891424236      158.1067     19 08 05 06 00 00 00   1.34
59434   4830.00   -1836969.5089  6065616.9274  -716257.9468   -6.49105571147  106.84891422332      158.1154     19 08 05 06 00 00 00   1.33
59434   4860.00   -1836969.5110  6065616.9289  -716257.9471   -6.49105571259  106.84891423764      158.1175     19 08 05 06 00 00 00   1.33
59434   4890.00   -1836969.5100  6065616.9242  -716257.9465   -6.49105571188  106.84891424170      158.1127     19 08 05 06 00 00 00   1.33
59434   4920.00   -1836969.5054  6065616.9235  -716257.9454   -6.49105570426  106.84891420367      158.1106     20 09 05 06 00 00 00   1.23
59434   4950.00   -1836969.4991  6065616.9200  -716257.9439   -6.49105569560  106.84891415823      158.1052     19 08 05 06 00 00 00   1.25
59434   4980.00   -1836969.5016  6065616.9250  -716257.9462   -6.49105571084  106.84891416622      158.1110     19 08 05 06 00 00 00   1.25
59434   5010.00   -1836969.5044  6065616.9227  -716257.9438   -6.49105569092  106.84891419732      158.1094     19 08 05 06 00 00 00   1.25
59434   5040.00   -1836969.5063  6065616.9313  -716257.9475   -6.49105571527  106.84891419133      158.1185     19 08 05 06 00 00 00   1.25
59434   5070.00   -1836969.5117  6065616.9209  -716257.9430   -6.49105568344  106.84891426470      158.1097     19 08 05 06 00 00 00   1.25
59434   5100.00   -1836969.5118  6065616.9229  -716257.9441   -6.49105569098  106.84891426054      158.1117     20 09 05 06 00 00 00   1.23
59434   5130.00   -1836969.5144  6065616.9271  -716257.9437   -6.49105568294  106.84891427214      158.1164     20 09 05 06 00 00 00   1.23
59434   5160.00   -1836969.5114  6065616.9226  -716257.9467   -6.49105571503  106.84891425786      158.1116     20 09 05 06 00 00 00   1.22
59434   5190.00   -1836969.5152  6065616.9219  -716257.9432   -6.49105568258  106.84891429260      158.1116     20 09 05 06 00 00 00   1.22
59434   5220.00   -1836969.5137  6065616.9275  -716257.9442   -6.49105568714  106.84891426453      158.1167     20 09 05 06 00 00 00   1.22
59434   5250.00   -1836969.5193  6065616.9298  -716257.9465   -6.49105570401  106.84891430731      158.1207     20 09 05 06 00 00 00   1.22
59434   5280.00   -1836969.5103  6065616.9237  -716257.9474   -6.49105572077  106.84891424510      158.1124     20 09 05 06 00 00 00   1.22
59434   5310.00   -1836969.5129  6065616.9281  -716257.9459   -6.49105570204  106.84891425681      158.1172     20 09 05 06 00 00 00   1.22
59434   5340.00   -1836969.5088  6065616.9354  -716257.9491   -6.49105572421  106.84891420192      158.1233     20 09 05 06 00 00 00   1.22
59434   5370.00   -1836969.5078  6065616.9369  -716257.9493   -6.49105572558  106.84891418903      158.1245     20 09 05 06 00 00 00   1.22
59434   5400.00   -1836969.5055  6065616.9369  -716257.9517   -6.49105574710  106.84891416956      158.1241     19 08 05 06 00 00 00   1.27
59434   5430.00   -1836969.5072  6065616.9303  -716257.9459   -6.49105570143  106.84891420173      158.1176     19 08 05 06 00 00 00   1.26
59434   5460.00   -1836969.5078  6065616.9423  -716257.9517   -6.49105574141  106.84891417496      158.1298     19 08 05 06 00 00 00   1.26
59434   5490.00   -1836969.5048  6065616.9372  -716257.9502   -6.49105573407  106.84891416211      158.1240     19 08 05 06 00 00 00   1.26
59434   5520.00   -1836969.5048  6065616.9434  -716257.9528   -6.49105575101  106.84891414623      158.1302     19 08 05 06 00 00 00   1.26
59434   5550.00   -1836969.5028  6065616.9437  -716257.9547   -6.49105576880  106.84891412797      158.1301     19 08 05 06 00 00 00   1.25
59434   5580.00   -1836969.5092  6065616.9333  -716257.9522   -6.49105575459  106.84891421059      158.1218     19 08 05 06 00 00 00   1.25
59434   5610.00   -1836969.5076  6065616.9285  -716257.9532   -6.49105576898  106.84891420930      158.1168     19 08 05 06 00 00 00   1.25
59434   5640.00   -1836969.5120  6065616.9336  -716257.9504   -6.49105573673  106.84891423442      158.1226     19 08 05 06 00 00 00   1.25
59434   5670.00   -1836969.5100  6065616.9261  -716257.9483   -6.49105572601  106.84891423681      158.1147     19 08 05 06 00 00 00   1.25
59434   5700.00   -1836969.5084  6065616.9102  -716257.9452   -6.49105571391  106.84891426414      158.0988     19 08 05 06 00 00 00   1.24
59434   5730.00   -1836969.5087  6065616.9187  -716257.9463   -6.49105571607  106.84891424492      158.1070     19 08 05 06 00 00 00   1.24
59434   5760.00   -1836969.5116  6065616.9031  -716257.9379   -6.49105565508  106.84891431079      158.0921     20 09 05 06 00 00 00   1.20
59434   5790.00   -1836969.5147  6065616.9140  -716257.9430   -6.49105568936  106.84891430919      158.1039     20 09 05 06 00 00 00   1.20
59434   5820.00   -1836969.5132  6065616.8987  -716257.9389   -6.49105566767  106.84891433623      158.0885     20 09 05 06 00 00 00   1.19
59434   5850.00   -1836969.5144  6065616.8980  -716257.9370   -6.49105565054  106.84891434852      158.0880     20 09 05 06 00 00 00   1.19
59434   5880.00   -1836969.5211  6065616.9180  -716257.9371   -6.49105563053  106.84891435379      158.1089     20 09 05 06 00 00 00   1.19
59434   5910.00   -1836969.5243  6065616.9252  -716257.9363   -6.49105561485  106.84891436284      158.1166     20 09 05 06 00 00 00   1.19
59434   5940.00   -1836969.5194  6065616.9117  -716257.9330   -6.49105560038  106.84891435582      158.1020     20 09 05 06 00 00 00   1.19
59434   5970.00   -1836969.5214  6065616.9159  -716257.9367   -6.49105562836  106.84891436147      158.1070     20 09 05 06 00 00 00   1.19
59434   6000.00   -1836969.5191  6065616.9138  -716257.9362   -6.49105562664  106.84891434738      158.1043     19 09 04 06 00 00 00   1.23
59434   6030.00   -1836969.5173  6065616.9149  -716257.9395   -6.49105565574  106.84891432899      158.1051     19 09 04 06 00 00 00   1.23
59434   6060.00   -1836969.5237  6065616.9108  -716257.9368   -6.49105563358  106.84891439536      158.1028     19 09 04 06 00 00 00   1.23
59434   6090.00   -1836969.5224  6065616.9214  -716257.9409   -6.49105566023  106.84891435564      158.1130     19 09 04 06 00 00 00   1.23
59434   6120.00   -1836969.5148  6065616.9163  -716257.9387   -6.49105564844  106.84891430401      158.1057     19 09 04 06 00 00 00   1.23
59434   6150.00   -1836969.5225  6065616.9218  -716257.9402   -6.49105565419  106.84891435548      158.1134     19 09 04 06 00 00 00   1.23
59434   6180.00   -1836969.5168  6065616.9194  -716257.9435   -6.49105568718  106.84891431266      158.1098     19 09 04 06 00 00 00   1.23
59434   6210.00   -1836969.5190  6065616.9146  -716257.9437   -6.49105569370  106.84891434444      158.1058     18 09 04 05 00 00 00   1.27
59434   6240.00   -1836969.5140  6065616.9066  -716257.9390   -6.49105566072  106.84891432218      158.0963     17 08 04 05 00 00 00   1.36
59434   6270.00   -1836969.5148  6065616.9177  -716257.9404   -6.49105566155  106.84891429981      158.1073     16 07 04 05 00 00 00   1.45
59434   6300.00   -1836969.5181  6065616.9149  -716257.9392   -6.49105565336  106.84891433587      158.1054     16 07 04 05 00 00 00   1.45
59434   6330.00   -1836969.5193  6065616.9296  -716257.9392   -6.49105563847  106.84891430742      158.1197     16 07 04 05 00 00 00   1.45
59434   6360.00   -1836969.5265  6065616.9254  -716257.9377   -6.49105562666  106.84891438102      158.1176     16 07 04 05 00 00 00   1.45
59434   6390.00   -1836969.5256  6065616.9254  -716257.9387   -6.49105563568  106.84891437297      158.1174     16 07 04 05 00 00 00   1.46
59434   6420.00   -1836969.5224  6065616.9298  -716257.9386   -6.49105563147  106.84891433443      158.1207     16 07 04 05 00 00 00   1.46
59434   6450.00   -1836969.5192  6065616.9301  -716257.9373   -6.49105562070  106.84891430530      158.1199     16 07 04 05 00 00 00   1.46
59434   6480.00   -1836969.5201  6065616.9343  -716257.9390   -6.49105563140  106.84891430264      158.1244     15 06 04 05 00 00 00   1.59
59434   6510.00   -1836969.5208  6065616.9337  -716257.9406   -6.49105564661  106.84891431035      158.1242     15 06 04 05 00 00 00   1.59
59434   6540.00   -1836969.5191  6065616.9248  -716257.9377   -6.49105562952  106.84891431833      158.1149     16 07 04 05 00 00 00   1.47
59434   6570.00   -1836969.5156  6065616.9207  -716257.9361   -6.49105562016  106.84891429896      158.1098     16 07 04 05 00 00 00   1.47
59434   6600.00   -1836969.5119  6065616.9216  -716257.9413   -6.49105566666  106.84891426458      158.1102     16 07 04 05 00 00 00   1.47
59434   6630.00   -1836969.5105  6065616.9171  -716257.9406   -6.49105566569  106.84891426456      158.1055     16 07 04 05 00 00 00   1.48
59434   6660.00   -1836969.5185  6065616.9216  -716257.9396   -6.49105564956  106.84891432199      158.1119     16 07 04 05 00 00 00   1.48
59434   6690.00   -1836969.5198  6065616.9289  -716257.9380   -6.49105562756  106.84891431439      158.1190     16 07 04 05 00 00 00   1.48
59434   6720.00   -1836969.5156  6065616.9244  -716257.9387   -6.49105564029  106.84891428900      158.1137     16 07 04 05 00 00 00   1.48
59434   6750.00   -1836969.5117  6065616.9222  -716257.9461   -6.49105570956  106.84891426169      158.1112     16 07 04 05 00 00 00   1.48
59434   6780.00   -1836969.5093  6065616.9084  -716257.9414   -6.49105568134  106.84891427687      158.0970     16 07 04 05 00 00 00   1.49
59434   6810.00   -1836969.5082  6065616.8976  -716257.9408   -6.49105568687  106.84891429550      158.0863     16 07 04 05 00 00 00   1.49
59434   6840.00   -1836969.5156  6065616.9120  -716257.9435   -6.49105569481  106.84891432223      158.1024     16 07 04 05 00 00 00   1.49
59434   6870.00   -1836969.5129  6065616.9181  -716257.9471   -6.49105572268  106.84891428213      158.1078     16 07 04 05 00 00 00   1.49
59434   6900.00   -1836969.5153  6065616.9106  -716257.9472   -6.49105573028  106.84891432253      158.1014     16 07 04 05 00 00 00   1.49
59434   6930.00   -1836969.5190  6065616.9144  -716257.9447   -6.49105570297  106.84891434501      158.1058     16 07 04 05 00 00 00   1.50
59434   6960.00   -1836969.5152  6065616.9138  -716257.9425   -6.49105568474  106.84891431349      158.1039     16 07 04 05 00 00 00   1.50
59434   6990.00   -1836969.5101  6065616.9176  -716257.9461   -6.49105571465  106.84891425944      158.1064     16 07 04 05 00 00 00   1.50
59434   7020.00   -1836969.5134  6065616.9133  -716257.9425   -6.49105568547  106.84891429938      158.1029     16 07 04 05 00 00 00   1.50
59434   7050.00   -1836969.5171  6065616.9228  -716257.9473   -6.49105571798  106.84891430612      158.1135     16 07 04 05 00 00 00   1.51
59434   7080.00   -1836969.5187  6065616.9252  -716257.9461   -6.49105570439  106.84891431446      158.1161     16 07 04 05 00 00 00   1.51
59434   7110.00   -1836969.5235  6065616.9288  -716257.9489   -6.49105572460  106.84891434639      158.1212     16 07 04 05 00 00 00   1.51
59434   7140.00   -1836969.5212  6065616.9267  -716257.9461   -6.49105570240  106.84891433154      158.1183     16 07 04 05 00 00 00   1.51
59434   7170.00   -1836969.5232  6065616.9188  -716257.9437   -6.49105568806  106.84891436950      158.1110     16 07 04 05 00 00 00   1.51
59434   7200.00   -1836969.5220  6065616.9244  -716257.9437   -6.49105568290  106.84891434463      158.1161     16 07 04 05 00 00 00   1.52
59434   7230.00   -1836969.5185  6065616.9207  -716257.9423   -6.49105567520  106.84891432384      158.1113     17 07 05 05 00 00 00   1.43
59434   7260.00   -1836969.5160  6065616.9213  -716257.9401   -6.49105565532  106.84891430103      158.1109     17 07 05 05 00 00 00   1.44
59434   7290.00   -1836969.5193  6065616.9319  -716257.9406   -6.49105564821  106.84891430171      158.1220     17 07 05 05 00 00 00   1.44
59434   7320.00   -1836969.5202  6065616.9249  -716257.9384   -6.49105563542  106.84891432782      158.1154     18 08 05 05 00 00 00   1.35
59434   7350.00   -1836969.5169  6065616.9182  -716257.9388   -6.49105564687  106.84891431684      158.1081     18 08 05 05 00 00 00   1.35
59434   7380.00   -1836969.5266  6065616.9248  -716257.9386   -6.49105563543  106.84891438372      158.1172     19 09 05 05 00 00 00   1.23
59434   7410.00   -1836969.5213  6065616.9330  -716257.9375   -6.49105561867  106.84891431565      158.1233     19 09 05 05 00 00 00   1.23
59434   7440.00   -1836969.5198  6065616.9331  -716257.9389   -6.49105563229  106.84891430328      158.1232     19 09 05 05 00 00 00   1.24
59434   7470.00   -1836969.5147  6065616.9329  -716257.9401   -6.49105564469  106.84891425963      158.1217     19 09 05 05 00 00 00   1.24
59434   7500.00   -1836969.5191  6065616.9314  -716257.9379   -6.49105562444  106.84891430135      158.1212     19 09 05 05 00 00 00   1.24
59434   7530.00   -1836969.5197  6065616.9319  -716257.9394   -6.49105563797  106.84891430522      158.1220     19 09 05 05 00 00 00   1.24
59434   7560.00   -1836969.5199  6065616.9289  -716257.9390   -6.49105563674  106.84891431494      158.1192     19 09 05 05 00 00 00   1.25
59434   7590.00   -1836969.5142  6065616.9199  -716257.9409   -6.49105566435  106.84891428907      158.1092     19 09 05 05 00 00 00   1.25
59434   7620.00   -1836969.5175  6065616.9284  -716257.9397   -6.49105564430  106.84891429548      158.1181     19 09 05 05 00 00 00   1.25
59434   7650.00   -1836969.5120  6065616.9218  -716257.9383   -6.49105563997  106.84891426490      158.1101     19 09 05 05 00 00 00   1.25
59434   7680.00   -1836969.5125  6065616.9219  -716257.9409   -6.49105566279  106.84891426930      158.1106     19 09 05 05 00 00 00   1.26
59434   7710.00   -1836969.5161  6065616.9314  -716257.9418   -6.49105566065  106.84891427565      158.1208     19 09 05 05 00 00 00   1.26
59434   7740.00   -1836969.5146  6065616.9329  -716257.9403   -6.49105564593  106.84891425844      158.1216     19 09 05 05 00 00 00   1.26
59434   7770.00   -1836969.5151  6065616.9304  -716257.9395   -6.49105564164  106.84891426926      158.1193     19 09 05 05 00 00 00   1.26
59434   7800.00   -1836969.5135  6065616.9263  -716257.9384   -6.49105563564  106.84891426623      158.1148     19 09 05 05 00 00 00   1.27
59434   7830.00   -1836969.5111  6065616.9269  -716257.9413   -6.49105566200  106.84891424378      158.1150     19 09 05 05 00 00 00   1.27
59434   7860.00   -1836969.5150  6065616.9277  -716257.9409   -6.49105565659  106.84891427549      158.1168     19 09 05 05 00 00 00   1.27
59434   7890.00   -1836969.5153  6065616.9296  -716257.9374   -6.49105562328  106.84891427320      158.1184     19 09 05 05 00 00 00   1.27
59434   7920.00   -1836969.5170  6065616.9345  -716257.9429   -6.49105566707  106.84891427486      158.1241     19 09 05 05 00 00 00   1.28
59434   7950.00   -1836969.5153  6065616.9371  -716257.9432   -6.49105566795  106.84891425339      158.1261     19 09 05 05 00 00 00   1.28
59434   7980.00   -1836969.5147  6065616.9311  -716257.9434   -6.49105567541  106.84891426370      158.1203     19 09 05 05 00 00 00   1.28
59434   8010.00   -1836969.5171  6065616.9316  -716257.9472   -6.49105570878  106.84891428330      158.1219     19 09 05 05 00 00 00   1.28
59434   8040.00   -1836969.5082  6065616.9249  -716257.9386   -6.49105564106  106.84891422384      158.1119     19 09 05 05 00 00 00   1.29
59434   8070.00   -1836969.5094  6065616.9302  -716257.9422   -6.49105566755  106.84891422096      158.1177     19 09 05 05 00 00 00   1.29
59434   8100.00   -1836969.5104  6065616.9244  -716257.9415   -6.49105566658  106.84891424466      158.1125     19 09 05 05 00 00 00   1.29
59434   8130.00   -1836969.5110  6065616.9234  -716257.9432   -6.49105568255  106.84891425207      158.1119     19 09 05 05 00 00 00   1.29
59434   8160.00   -1836969.5112  6065616.9221  -716257.9419   -6.49105567215  106.84891425742      158.1105     19 09 05 05 00 00 00   1.30
59434   8190.00   -1836969.5083  6065616.9224  -716257.9411   -6.49105566579  106.84891423152      158.1099     19 09 05 05 00 00 00   1.30
59434   8220.00   -1836969.5142  6065616.9253  -716257.9377   -6.49105563053  106.84891427504      158.1139     19 09 05 05 00 00 00   1.30
59434   8250.00   -1836969.5122  6065616.9252  -716257.9381   -6.49105563438  106.84891425777      158.1133     19 09 05 05 00 00 00   1.30
59434   8280.00   -1836969.5096  6065616.9237  -716257.9377   -6.49105563331  106.84891423875      158.1112     19 09 05 05 00 00 00   1.31
59434   8310.00   -1836969.5083  6065616.9242  -716257.9395   -6.49105564961  106.84891422686      158.1114     19 09 05 05 00 00 00   1.31
59434   8340.00   -1836969.5089  6065616.9203  -716257.9394   -6.49105565182  106.84891424171      158.1079     19 09 05 05 00 00 00   1.31
59434   8370.00   -1836969.5124  6065616.9218  -716257.9378   -6.49105563551  106.84891426813      158.1102     19 09 05 05 00 00 00   1.31
59434   8400.00   -1836969.5091  6065616.9216  -716257.9392   -6.49105564860  106.84891424057      158.1092     19 09 05 05 00 00 00   1.32
59434   8430.00   -1836969.5079  6065616.9221  -716257.9381   -6.49105563872  106.84891422872      158.1092     19 09 05 05 00 00 00   1.32
59434   8460.00   -1836969.5077  6065616.9193  -716257.9390   -6.49105564946  106.84891423450      158.1066     19 09 05 05 00 00 00   1.32
59434   8490.00   -1836969.5121  6065616.9192  -716257.9441   -6.49105569485  106.84891427306      158.1083     19 09 05 05 00 00 00   1.32
59434   8520.00   -1836969.5142  6065616.9204  -716257.9401   -6.49105565650  106.84891428723      158.1096     19 09 05 05 00 00 00   1.32
59434   8550.00   -1836969.5167  6065616.9266  -716257.9435   -6.49105568011  106.84891429309      158.1166     19 09 05 05 00 00 00   1.33
59434   8580.00   -1836969.5143  6065616.9276  -716257.9432   -6.49105567743  106.84891426957      158.1168     19 09 05 05 00 00 00   1.33
59434   8610.00   -1836969.5125  6065616.9242  -716257.9395   -6.49105564817  106.84891426345      158.1126     19 09 05 05 00 00 00   1.33
59434   8640.00   -1836969.5126  6065616.9309  -716257.9428   -6.49105567159  106.84891424638      158.1194     19 09 05 05 00 00 00   1.33
59434   8670.00   -1836969.5080  6065616.9223  -716257.9432   -6.49105568486  106.84891422904      158.1099     19 09 05 05 00 00 00   1.33
59434   8700.00   -1836969.5085  6065616.9308  -716257.9439   -6.49105568271  106.84891421100      158.1183     19 09 05 05 00 00 00   1.34
59434   8730.00   -1836969.5083  6065616.9243  -716257.9441   -6.49105569047  106.84891422666      158.1121     19 09 05 05 00 00 00   1.34
59434   8760.00   -1836969.5074  6065616.9295  -716257.9459   -6.49105570199  106.84891420482      158.1169     19 09 05 05 00 00 00   1.34
59434   8790.00   -1836969.5102  6065616.9311  -716257.9468   -6.49105570804  106.84891422533      158.1194     19 09 05 05 00 00 00   1.34
59434   8820.00   -1836969.5096  6065616.9235  -716257.9509   -6.49105575257  106.84891424034      158.1124     19 09 05 05 00 00 00   1.34
59434   8850.00   -1836969.5041  6065616.9152  -716257.9488   -6.49105574300  106.84891421384      158.1028     19 09 05 05 00 00 00   1.34
59434   8880.00   -1836969.5086  6065616.9229  -716257.9477   -6.49105572403  106.84891423265      158.1112     19 09 05 05 00 00 00   1.33
59434   8910.00   -1836969.5094  6065616.9215  -716257.9436   -6.49105568896  106.84891424346      158.1097     19 09 05 05 00 00 00   1.33
59434   8940.00   -1836969.5076  6065616.9129  -716257.9451   -6.49105571115  106.84891425061      158.1012     19 09 05 05 00 00 00   1.33
59434   8970.00   -1836969.5061  6065616.9143  -716257.9467   -6.49105572471  106.84891423349      158.1022     19 09 05 05 00 00 00   1.33
59434   9000.00   -1836969.5042  6065616.9174  -716257.9472   -6.49105572674  106.84891420869      158.1046     19 09 05 05 00 00 00   1.33
59434   9030.00   -1836969.5097  6065616.9187  -716257.9423   -6.49105567914  106.84891425372      158.1069     19 09 05 05 00 00 00   1.34
59434   9060.00   -1836969.5097  6065616.9174  -716257.9390   -6.49105565096  106.84891425651      158.1053     19 09 05 05 00 00 00   1.34
59434   9090.00   -1836969.5110  6065616.9226  -716257.9384   -6.49105563992  106.84891425398      158.1105     19 09 05 05 00 00 00   1.34
59434   9120.00   -1836969.5089  6065616.9177  -716257.9388   -6.49105564943  106.84891424870      158.1053     19 09 05 05 00 00 00   1.34
59434   9150.00   -1836969.5079  6065616.9205  -716257.9425   -6.49105568031  106.84891423268      158.1081     19 09 05 05 00 00 00   1.34
59434   9180.00   -1836969.5038  6065616.9146  -716257.9444   -6.49105570430  106.84891421339      158.1016     19 09 05 05 00 00 00   1.34
59434   9210.00   -1836969.5081  6065616.9211  -716257.9413   -6.49105566836  106.84891423345      158.1086     19 09 05 05 00 00 00   1.34
59434   9240.00   -1836969.5074  6065616.9210  -716257.9430   -6.49105568462  106.84891422739      158.1085     19 09 05 05 00 00 00   1.35
59434   9270.00   -1836969.5037  6065616.9275  -716257.9429   -6.49105567836  106.84891417819      158.1136     19 09 05 05 00 00 00   1.35
59434   9300.00   -1836969.5085  6065616.9256  -716257.9439   -6.49105568756  106.84891422490      158.1133     19 09 05 05 00 00 00   1.35
59434   9330.00   -1836969.5121  6065616.9274  -716257.9435   -6.49105568080  106.84891425123      158.1161     19 09 05 05 00 00 00   1.35
59434   9360.00   -1836969.5114  6065616.9236  -716257.9452   -6.49105569990  106.84891425546      158.1124     19 09 05 05 00 00 00   1.35
59434   9390.00   -1836969.5101  6065616.9258  -716257.9449   -6.49105569557  106.84891423789      158.1141     19 09 05 05 00 00 00   1.35
59434   9420.00   -1836969.5123  6065616.9320  -716257.9426   -6.49105566817  106.84891424119      158.1203     19 09 05 05 00 00 00   1.35
59434   9450.00   -1836969.5144  6065616.9328  -716257.9418   -6.49105565964  106.84891425665      158.1216     19 09 05 05 00 00 00   1.35
59434   9480.00   -1836969.5065  6065616.9300  -716257.9432   -6.49105567795  106.84891419617      158.1168     19 09 05 05 00 00 00   1.36
59434   9510.00   -1836969.5099  6065616.9265  -716257.9417   -6.49105566680  106.84891423488      158.1143     19 09 05 05 00 00 00   1.36
59434   9540.00   -1836969.5124  6065616.9314  -716257.9421   -6.49105566465  106.84891424382      158.1197     19 09 05 05 00 00 00   1.36
59434   9570.00   -1836969.5139  6065616.9320  -716257.9407   -6.49105565118  106.84891425513      158.1206     19 09 05 05 00 00 00   1.36
59434   9600.00   -1836969.5113  6065616.9298  -716257.9446   -6.49105568919  106.84891423771      158.1182     19 09 05 05 00 00 00   1.36
59434   9630.00   -1836969.5109  6065616.9281  -716257.9432   -6.49105567844  106.84891423894      158.1163     19 09 05 05 00 00 00   1.36
59434   9660.00   -1836969.5100  6065616.9220  -716257.9468   -6.49105571692  106.84891424721      158.1106     19 09 05 05 00 00 00   1.36
59434   9690.00   -1836969.5153  6065616.9271  -716257.9421   -6.49105566819  106.84891427933      158.1165     19 09 05 05 00 00 00   1.36
59434   9720.00   -1836969.5116  6065616.9266  -716257.9408   -6.49105565785  106.84891424867      158.1148     19 09 05 05 00 00 00   1.36
59434   9750.00   -1836969.5124  6065616.9291  -716257.9388   -6.49105563696  106.84891424924      158.1172     19 09 05 05 00 00 00   1.36
59434   9780.00   -1836969.5143  6065616.9251  -716257.9399   -6.49105565051  106.84891427651      158.1140     19 09 05 05 00 00 00   1.36
59434   9810.00   -1836969.5108  6065616.9224  -716257.9418   -6.49105567148  106.84891425278      158.1107     20 10 05 05 00 00 00   1.24
59434   9840.00   -1836969.5125  6065616.9315  -716257.9460   -6.49105569910  106.84891424427      158.1203     20 10 05 05 00 00 00   1.24
59434   9870.00   -1836969.5081  6065616.9247  -716257.9456   -6.49105570355  106.84891422375      158.1125     20 10 05 05 00 00 00   1.24
59434   9900.00   -1836969.5109  6065616.9179  -716257.9444   -6.49105569885  106.84891426560      158.1068     20 10 05 05 00 00 00   1.24
59434   9930.00   -1836969.5094  6065616.9155  -716257.9434   -6.49105569276  106.84891425884      158.1039     19 09 05 05 00 00 00   1.31
59434   9960.00   -1836969.5120  6065616.9216  -716257.9454   -6.49105570433  106.84891426550      158.1107     19 09 05 05 00 00 00   1.31
59434   9990.00   -1836969.5111  6065616.9142  -716257.9459   -6.49105571592  106.84891427687      158.1034     19 09 05 05 00 00 00   1.31
59434  10020.00   -1836969.5160  6065616.9321  -716257.9452   -6.49105569040  106.84891427281      158.1218     19 09 05 05 00 00 00   1.31
59434  10050.00   -1836969.5139  6065616.9259  -716257.9427   -6.49105567467  106.84891427098      158.1150     18 09 04 05 00 00 00   1.37
59434  10080.00   -1836969.5155  6065616.9321  -716257.9407   -6.49105565073  106.84891426834      158.1211     18 09 04 05 00 00 00   1.37
59434  10110.00   -1836969.5117  6065616.9290  -716257.9454   -6.49105569717  106.84891424368      158.1176     18 09 04 05 00 00 00   1.37
59434  10140.00   -1836969.5139  6065616.9250  -716257.9469   -6.49105571308  106.84891427283      158.1146     19 10 04 05 00 00 00   1.29
59434  10170.00   -1836969.5144  6065616.9321  -716257.9459   -6.49105569716  106.84891425843      158.1214     19 10 04 05 00 00 00   1.29
59434  10200.00   -1836969.5156  6065616.9307  -716257.9461   -6.49105570046  106.84891427236      158.1205     19 10 04 05 00 00 00   1.29
59434  10230.00   -1836969.5158  6065616.9312  -716257.9462   -6.49105570058  106.84891427340      158.1210     19 10 04 05 00 00 00   1.29
59434  10260.00   -1836969.5171  6065616.9231  -716257.9470   -6.49105571557  106.84891430619      158.1138     19 10 04 05 00 00 00   1.30
59434  10290.00   -1836969.5170  6065616.9304  -716257.9464   -6.49105570288  106.84891428603      158.1207     19 10 04 05 00 00 00   1.30
59434  10320.00   -1836969.5119  6065616.9240  -716257.9441   -6.49105569029  106.84891425819      158.1128     19 10 04 05 00 00 00   1.30
59434  10350.00   -1836969.5062  6065616.9172  -716257.9444   -6.49105570118  106.84891422649      158.1047     19 10 04 05 00 00 00   1.30
59434  10380.00   -1836969.5111  6065616.9247  -716257.9468   -6.49105571323  106.84891424974      158.1135     19 10 04 05 00 00 00   1.30
59434  10410.00   -1836969.5089  6065616.9267  -716257.9417   -6.49105566698  106.84891422498      158.1142     19 10 04 05 00 00 00   1.30
59434  10440.00   -1836969.5140  6065616.9325  -716257.9414   -6.49105565706  106.84891425420      158.1211     18 09 04 05 00 00 00   1.48
59434  10470.00   -1836969.5122  6065616.9286  -716257.9424   -6.49105566961  106.84891424909      158.1171     18 09 04 05 00 00 00   1.48
59434  10500.00   -1836969.5111  6065616.9222  -716257.9443   -6.49105569364  106.84891425626      158.1109     18 09 04 05 00 00 00   1.48
59434  10530.00   -1836969.5084  6065616.9031  -716257.9466   -6.49105573341  106.84891428342      158.0922     19 09 05 05 00 00 00   1.23
59434  10560.00   -1836969.5128  6065616.9141  -716257.9459   -6.49105571517  106.84891429192      158.1038     19 09 05 05 00 00 00   1.23
59434  10590.00   -1836969.5093  6065616.9074  -716257.9481   -6.49105574248  106.84891427966      158.0967     19 09 05 05 00 00 00   1.24
59434  10620.00   -1836969.5095  6065616.9206  -716257.9458   -6.49105570886  106.84891424653      158.1091     19 09 05 05 00 00 00   1.24
59434  10650.00   -1836969.5169  6065616.9322  -716257.9431   -6.49105567162  106.84891428070      158.1219     19 09 05 05 00 00 00   1.24
59434  10680.00   -1836969.5196  6065616.9368  -716257.9437   -6.49105567126  106.84891429182      158.1271     19 09 05 05 00 00 00   1.24
59434  10710.00   -1836969.5205  6065616.9420  -716257.9421   -6.49105565179  106.84891428594      158.1322     19 09 05 05 00 00 00   1.24
59434  10740.00   -1836969.5219  6065616.9458  -716257.9438   -6.49105566307  106.84891428801      158.1363     19 09 05 05 00 00 00   1.25
59434  10770.00   -1836969.5230  6065616.9412  -716257.9427   -6.49105565690  106.84891430888      158.1322     19 09 05 05 00 00 00   1.25
59434  10800.00   -1836969.5207  6065616.9435  -716257.9431   -6.49105565936  106.84891428374      158.1338     19 09 05 05 00 00 00   1.25
59434  10830.00   -1836969.5190  6065616.9445  -716257.9440   -6.49105566721  106.84891426576      158.1344     19 09 05 05 00 00 00   1.25
59434  10860.00   -1836969.5191  6065616.9440  -716257.9441   -6.49105566805  106.84891426847      158.1339     19 09 05 05 00 00 00   1.25
59434  10890.00   -1836969.5185  6065616.9389  -716257.9454   -6.49105568538  106.84891427617      158.1290     20 10 05 05 00 00 00   1.19
59434  10920.00   -1836969.5146  6065616.9313  -716257.9461   -6.49105570020  106.84891426303      158.1208     20 10 05 05 00 00 00   1.19
59434  10950.00   -1836969.5129  6065616.9226  -716257.9460   -6.49105570801  106.84891427030      158.1120     20 10 05 05 00 00 00   1.19
59434  10980.00   -1836969.5190  6065616.9224  -716257.9471   -6.49105571616  106.84891432377      158.1136     20 10 05 05 00 00 00   1.20
59434  11010.00   -1836969.5132  6065616.9198  -716257.9409   -6.49105566486  106.84891428086      158.1089     20 10 05 05 00 00 00   1.20
59434  11040.00   -1836969.5117  6065616.9233  -716257.9480   -6.49105572545  106.84891425867      158.1125     20 10 05 05 00 00 00   1.20
59434  11070.00   -1836969.5119  6065616.9171  -716257.9479   -6.49105573096  106.84891427640      158.1067     20 10 05 05 00 00 00   1.20
59434  11100.00   -1836969.5111  6065616.9120  -716257.9470   -6.49105572763  106.84891428261      158.1015     20 10 05 05 00 00 00   1.20
59434  11130.00   -1836969.5139  6065616.9239  -716257.9477   -6.49105572151  106.84891427589      158.1137     20 10 05 05 00 00 00   1.21
59434  11160.00   -1836969.5149  6065616.9261  -716257.9477   -6.49105571898  106.84891427874      158.1161     20 10 05 05 00 00 00   1.21
59434  11190.00   -1836969.5140  6065616.9320  -716257.9451   -6.49105569020  106.84891425540      158.1211     20 10 05 05 00 00 00   1.21
59434  11220.00   -1836969.5130  6065616.9332  -716257.9476   -6.49105571198  106.84891424391      158.1222     20 10 05 05 00 00 00   1.21
59434  11250.00   -1836969.5113  6065616.9280  -716257.9451   -6.49105569519  106.84891424285      158.1165     20 10 05 05 00 00 00   1.21
59434  11280.00   -1836969.5159  6065616.9325  -716257.9451   -6.49105568906  106.84891427072      158.1221     20 10 05 05 00 00 00   1.21
59434  11310.00   -1836969.5112  6065616.9261  -716257.9453   -6.49105569845  106.84891424703      158.1148     20 10 05 05 00 00 00   1.22
59434  11340.00   -1836969.5111  6065616.9230  -716257.9482   -6.49105572765  106.84891425445      158.1121     20 10 05 05 00 00 00   1.22
59434  11370.00   -1836969.5086  6065616.9287  -716257.9456   -6.49105569927  106.84891421791      158.1165     20 10 05 05 00 00 00   1.22
59434  11400.00   -1836969.5135  6065616.9332  -716257.9447   -6.49105568560  106.84891424835      158.1221     20 10 05 05 00 00 00   1.22
59434  11430.00   -1836969.5141  6065616.9373  -716257.9451   -6.49105568480  106.84891424240      158.1262     20 10 05 05 00 00 00   1.22
59434  11460.00   -1836969.5138  6065616.9322  -716257.9467   -6.49105570489  106.84891425381      158.1214     20 10 05 05 00 00 00   1.22
59434  11490.00   -1836969.5061  6065616.9244  -716257.9475   -6.49105572136  106.84891420685      158.1119     20 10 05 05 00 00 00   1.22
59434  11520.00   -1836969.5092  6065616.9231  -716257.9511   -6.49105575439  106.84891423764      158.1119     20 10 05 05 00 00 00   1.23
59434  11550.00   -1836969.5128  6065616.9273  -716257.9445   -6.49105568964  106.84891425777      158.1162     20 10 05 05 00 00 00   1.23
59434  11580.00   -1836969.5126  6065616.9162  -716257.9439   -6.49105569593  106.84891428513      158.1056     20 10 05 05 00 00 00   1.23
59434  11610.00   -1836969.5127  6065616.9161  -716257.9410   -6.49105566917  106.84891428594      158.1051     20 10 05 05 00 00 00   1.23
59434  11640.00   -1836969.5115  6065616.9215  -716257.9410   -6.49105566460  106.84891426161      158.1100     20 10 05 05 00 00 00   1.23
59434  11670.00   -1836969.5132  6065616.9269  -716257.9418   -6.49105566565  106.84891426183      158.1157     20 10 05 05 00 00 00   1.23
59434  11700.00   -1836969.5125  6065616.9229  -716257.9382   -6.49105563760  106.84891426679      158.1113     20 10 05 05 00 00 00   1.23
59434  11730.00   -1836969.5137  6065616.9278  -716257.9358   -6.49105561112  106.84891426403      158.1160     20 10 05 05 00 00 00   1.24
59434  11760.00   -1836969.5110  6065616.9328  -716257.9443   -6.49105568367  106.84891422791      158.1209     20 10 05 05 00 00 00   1.24
59434  11790.00   -1836969.5147  6065616.9373  -716257.9398   -6.49105563746  106.84891424744      158.1257     20 10 05 05 00 00 00   1.24
59434  11820.00   -1836969.5162  6065616.9378  -716257.9386   -6.49105562546  106.84891425968      158.1266     20 10 05 05 00 00 00   1.24
59434  11850.00   -1836969.5082  6065616.9262  -716257.9393   -6.49105564591  106.84891422115      158.1132     20 10 05 05 00 00 00   1.24
59434  11880.00   -1836969.5126  6065616.9368  -716257.9382   -6.49105562413  106.84891423063      158.1245     20 10 05 05 00 00 00   1.24
59434  11910.00   -1836969.5120  6065616.9219  -716257.9376   -6.49105563389  106.84891426486      158.1101     20 10 05 05 00 00 00   1.24
59434  11940.00   -1836969.5132  6065616.9382  -716257.9410   -6.49105564740  106.84891423263      158.1264     19 09 05 05 00 00 00   1.31
59434  11970.00   -1836969.5152  6065616.9388  -716257.9408   -6.49105564471  106.84891424802      158.1274     19 09 05 05 00 00 00   1.31
59434  12000.00   -1836969.5179  6065616.9429  -716257.9421   -6.49105565168  106.84891426076      158.1323     19 09 05 05 00 00 00   1.31
59434  12030.00   -1836969.5158  6065616.9395  -716257.9420   -6.49105565433  106.84891425135      158.1284     19 09 05 05 00 00 00   1.32
59434  12060.00   -1836969.5123  6065616.9381  -716257.9457   -6.49105569065  106.84891422472      158.1265     18 08 05 05 00 00 00   1.40
59434  12090.00   -1836969.5162  6065616.9382  -716257.9465   -6.49105569606  106.84891425847      158.1278     18 08 05 05 00 00 00   1.40
59434  12120.00   -1836969.5141  6065616.9369  -716257.9477   -6.49105570885  106.84891424375      158.1261     18 08 05 05 00 00 00   1.40
59434  12150.00   -1836969.5137  6065616.9311  -716257.9455   -6.49105569542  106.84891425559      158.1202     18 08 05 05 00 00 00   1.40
59434  12180.00   -1836969.5152  6065616.9369  -716257.9455   -6.49105568926  106.84891425284      158.1262     18 08 05 05 00 00 00   1.41
59434  12210.00   -1836969.5140  6065616.9353  -716257.9428   -6.49105566655  106.84891424706      158.1240     18 08 05 05 00 00 00   1.41
59434  12240.00   -1836969.5162  6065616.9413  -716257.9478   -6.49105570463  106.84891425027      158.1309     18 08 05 05 00 00 00   1.41
59434  12270.00   -1836969.5157  6065616.9386  -716257.9446   -6.49105567934  106.84891425269      158.1279     18 08 05 05 00 00 00   1.41
59434  12300.00   -1836969.5167  6065616.9244  -716257.9500   -6.49105574085  106.84891429896      158.1152     18 08 05 05 00 00 00   1.41
59434  12330.00   -1836969.5172  6065616.9290  -716257.9465   -6.49105570487  106.84891429107      158.1193     18 08 05 05 00 00 00   1.41
59434  12360.00   -1836969.5153  6065616.9291  -716257.9445   -6.49105568750  106.84891427438      158.1186     18 08 05 05 00 00 00   1.41
59434  12390.00   -1836969.5171  6065616.9279  -716257.9442   -6.49105568587  106.84891429299      158.1180     18 08 05 05 00 00 00   1.42
59434  12420.00   -1836969.5174  6065616.9261  -716257.9414   -6.49105566174  106.84891430011      158.1161     18 08 05 05 00 00 00   1.42
59434  12450.00   -1836969.5171  6065616.9275  -716257.9436   -6.49105568057  106.84891429438      158.1176     18 08 05 05 00 00 00   1.42
59434  12480.00   -1836969.5155  6065616.9271  -716257.9458   -6.49105570129  106.84891428172      158.1170     18 08 05 05 00 00 00   1.42
59434  12510.00   -1836969.5140  6065616.9258  -716257.9454   -6.49105569895  106.84891427224      158.1152     18 08 05 05 00 00 00   1.42
59434  12540.00   -1836969.5149  6065616.9282  -716257.9426   -6.49105567103  106.84891427382      158.1175     18 08 05 05 00 00 00   1.42
59434  12570.00   -1836969.5114  6065616.9229  -716257.9439   -6.49105568956  106.84891425717      158.1116     18 08 05 05 00 00 00   1.42
59434  12600.00   -1836969.5125  6065616.9291  -716257.9372   -6.49105562275  106.84891425047      158.1170     18 08 05 05 00 00 00   1.42
59434  12630.00   -1836969.5124  6065616.9288  -716257.9411   -6.49105565817  106.84891424984      158.1172     17 07 05 05 00 00 00   1.60
59434  12660.00   -1836969.5154  6065616.9365  -716257.9414   -6.49105565199  106.84891425625      158.1254     17 07 05 05 00 00 00   1.60
59434  12690.00   -1836969.5128  6065616.9365  -716257.9388   -6.49105563020  106.84891423327      158.1244     17 07 05 05 00 00 00   1.60
59434  12720.00   -1836969.5127  6065616.9312  -716257.9390   -6.49105563680  106.84891424631      158.1193     17 07 05 05 00 00 00   1.60
59434  12750.00   -1836969.5150  6065616.9347  -716257.9386   -6.49105562935  106.84891425727      158.1233     17 07 05 05 00 00 00   1.60
59434  12780.00   -1836969.5161  6065616.9342  -716257.9406   -6.49105564734  106.84891426772      158.1233     17 07 05 05 00 00 00   1.60
59434  12810.00   -1836969.5162  6065616.9295  -716257.9363   -6.49105561351  106.84891428086      158.1184     17 07 05 05 00 00 00   1.60
59434  12840.00   -1836969.5124  6065616.9287  -716257.9340   -6.49105559479  106.84891425028      158.1163     18 07 05 06 00 00 00   1.46
59434  12870.00   -1836969.5152  6065616.9236  -716257.9363   -6.49105561959  106.84891428828      158.1125     18 07 05 06 00 00 00   1.46
59434  12900.00   -1836969.5125  6065616.9253  -716257.9362   -6.49105561745  106.84891426039      158.1134     18 07 05 06 00 00 00   1.47
59434  12930.00   -1836969.5141  6065616.9222  -716257.9376   -6.49105563295  106.84891428261      158.1110     18 07 05 06 00 00 00   1.47
59434  12960.00   -1836969.5161  6065616.9276  -716257.9382   -6.49105563198  106.84891428555      158.1167     18 07 05 06 00 00 00   1.47
59434  12990.00   -1836969.5126  6065616.9310  -716257.9374   -6.49105562301  106.84891424616      158.1189     18 07 05 06 00 00 00   1.47
59434  13020.00   -1836969.5175  6065616.9313  -716257.9378   -6.49105562445  106.84891428753      158.1207     18 07 05 06 00 00 00   1.47
59434  13050.00   -1836969.5218  6065616.9311  -716257.9384   -6.49105562906  106.84891432528      158.1218     18 07 05 06 00 00 00   1.47
59434  13080.00   -1836969.5215  6065616.9451  -716257.9351   -6.49105558556  106.84891428640      158.1346     18 07 05 06 00 00 00   1.47
59434  13110.00   -1836969.5165  6065616.9361  -716257.9360   -6.49105560346  106.84891426653      158.1247     18 07 05 06 00 00 00   1.47
59434  13140.00   -1836969.5207  6065616.9394  -716257.9387   -6.49105562399  106.84891429415      158.1294     19 08 05 06 00 00 00   1.36
59434  13170.00   -1836969.5177  6065616.9320  -716257.9414   -6.49105565577  106.84891428814      158.1217     19 08 05 06 00 00 00   1.36
59434  13200.00   -1836969.5166  6065616.9254  -716257.9372   -6.49105562534  106.84891429587      158.1147     19 08 05 06 00 00 00   1.36
59434  13230.00   -1836969.5219  6065616.9377  -716257.9393   -6.49105563068  106.84891430933      158.1282     19 08 05 06 00 00 00   1.36
59434  13260.00   -1836969.5229  6065616.9366  -716257.9411   -6.49105564706  106.84891432073      158.1276     19 08 05 06 00 00 00   1.36
59434  13290.00   -1836969.5270  6065616.9382  -716257.9407   -6.49105564101  106.84891435200      158.1303     19 08 05 06 00 00 00   1.36
59434  13320.00   -1836969.5226  6065616.9406  -716257.9434   -6.49105566425  106.84891430777      158.1316     19 08 05 06 00 00 00   1.36
59434  13350.00   -1836969.5247  6065616.9371  -716257.9402   -6.49105563783  106.84891433469      158.1284     19 08 05 06 00 00 00   1.36
59434  13380.00   -1836969.5260  6065616.9399  -716257.9415   -6.49105564643  106.84891433864      158.1317     19 08 05 06 00 00 00   1.36
59434  13410.00   -1836969.5206  6065616.9374  -716257.9384   -6.49105562312  106.84891429858      158.1274     19 08 05 06 00 00 00   1.36
59434  13440.00   -1836969.5186  6065616.9218  -716257.9357   -6.49105561489  106.84891432260      158.1117     19 08 05 06 00 00 00   1.36
59434  13470.00   -1836969.5228  6065616.9314  -716257.9418   -6.49105565899  106.84891433343      158.1227     19 08 05 06 00 00 00   1.36
59434  13500.00   -1836969.5233  6065616.9347  -716257.9398   -6.49105563741  106.84891432894      158.1257     19 08 05 06 00 00 00   1.36
59434  13530.00   -1836969.5175  6065616.9177  -716257.9422   -6.49105567707  106.84891432356      158.1082     19 08 05 06 00 00 00   1.36
59434  13560.00   -1836969.5174  6065616.9171  -716257.9410   -6.49105566749  106.84891432365      158.1075     20 09 05 06 00 00 00   1.31
59434  13590.00   -1836969.5136  6065616.9133  -716257.9445   -6.49105570370  106.84891430112      158.1031     20 09 05 06 00 00 00   1.31
59434  13620.00   -1836969.5173  6065616.9171  -716257.9422   -6.49105567819  106.84891432369      158.1076     20 09 05 06 00 00 00   1.30
59434  13650.00   -1836969.5188  6065616.9122  -716257.9462   -6.49105571841  106.84891434871      158.1038     20 09 05 06 00 00 00   1.30
59434  13680.00   -1836969.5170  6065616.9094  -716257.9430   -6.49105569262  106.84891434050      158.1003     20 09 05 06 00 00 00   1.30
59434  13710.00   -1836969.5167  6065616.9172  -716257.9432   -6.49105568740  106.84891431751      158.1076     20 09 05 06 00 00 00   1.30
59434  13740.00   -1836969.5188  6065616.9203  -716257.9456   -6.49105570537  106.84891432791      158.1114     21 10 05 06 00 00 00   1.21
59434  13770.00   -1836969.5186  6065616.9217  -716257.9430   -6.49105568059  106.84891432213      158.1124     21 10 05 06 00 00 00   1.21
59434  13800.00   -1836969.5207  6065616.9229  -716257.9398   -6.49105564939  106.84891433758      158.1138     21 10 05 06 00 00 00   1.21
59434  13830.00   -1836969.5207  6065616.9196  -716257.9414   -6.49105566726  106.84891434603      158.1108     21 10 05 06 00 00 00   1.21
59434  13860.00   -1836969.5187  6065616.9301  -716257.9408   -6.49105565255  106.84891430170      158.1202     21 10 05 06 00 00 00   1.21
59434  13890.00   -1836969.5191  6065616.9335  -716257.9434   -6.49105567231  106.84891429586      158.1238     21 10 05 06 00 00 00   1.21
59434  13920.00   -1836969.5181  6065616.9316  -716257.9428   -6.49105566879  106.84891429245      158.1217     21 10 05 06 00 00 00   1.21
59434  13950.00   -1836969.5194  6065616.9385  -716257.9430   -6.49105566329  106.84891428560      158.1286     21 10 05 06 00 00 00   1.22
59434  13980.00   -1836969.5182  6065616.9370  -716257.9440   -6.49105567400  106.84891427927      158.1269     21 10 05 06 00 00 00   1.22
59434  14010.00   -1836969.5194  6065616.9409  -716257.9452   -6.49105568107  106.84891427875      158.1312     21 10 05 06 00 00 00   1.22
59434  14040.00   -1836969.5197  6065616.9362  -716257.9419   -6.49105565565  106.84891429362      158.1264     21 10 05 06 00 00 00   1.22
59434  14070.00   -1836969.5210  6065616.9362  -716257.9435   -6.49105566963  106.84891430490      158.1270     21 10 05 06 00 00 00   1.22
59434  14100.00   -1836969.5196  6065616.9411  -716257.9427   -6.49105565807  106.84891427985      158.1311     21 10 05 06 00 00 00   1.22
59434  14130.00   -1836969.5220  6065616.9360  -716257.9435   -6.49105566940  106.84891431451      158.1271     20 09 05 06 00 00 00   1.30
59434  14160.00   -1836969.5269  6065616.9349  -716257.9444   -6.49105567779  106.84891435932      158.1275     20 09 05 06 00 00 00   1.30
59434  14190.00   -1836969.5196  6065616.9247  -716257.9432   -6.49105567846  106.84891432355      158.1155     20 09 05 06 00 00 00   1.30
59434  14220.00   -1836969.5200  6065616.9220  -716257.9449   -6.49105569694  106.84891433359      158.1133     20 09 05 06 00 00 00   1.30
59434  14250.00   -1836969.5168  6065616.9194  -716257.9444   -6.49105569522  106.84891431315      158.1098     21 09 06 06 00 00 00   1.21
59434  14280.00   -1836969.5213  6065616.9332  -716257.9478   -6.49105571182  106.84891431534      158.1246     21 09 06 06 00 00 00   1.21
59434  14310.00   -1836969.5201  6065616.9286  -716257.9433   -6.49105567566  106.84891431770      158.1194     21 09 06 06 00 00 00   1.21
59434  14340.00   -1836969.5222  6065616.9347  -716257.9457   -6.49105569102  106.84891431999      158.1261     21 09 06 06 00 00 00   1.21
59434  14370.00   -1836969.5218  6065616.9355  -716257.9429   -6.49105566503  106.84891431398      158.1265     21 09 06 06 00 00 00   1.22
59434  14400.00   -1836969.5200  6065616.9369  -716257.9420   -6.49105565559  106.84891429456      158.1272     21 09 06 06 00 00 00   1.22
59434  14430.00   -1836969.5205  6065616.9400  -716257.9405   -6.49105563953  106.84891429083      158.1301     21 09 06 06 00 00 00   1.22
59434  14460.00   -1836969.5223  6065616.9345  -716257.9401   -6.49105564045  106.84891432093      158.1253     21 09 06 06 00 00 00   1.22
59434  14490.00   -1836969.5224  6065616.9364  -716257.9456   -6.49105568808  106.84891431703      158.1278     21 09 06 06 00 00 00   1.22
59434  14520.00   -1836969.5251  6065616.9318  -716257.9450   -6.49105568619  106.84891435246      158.1241     21 09 06 06 00 00 00   1.22
59434  14550.00   -1836969.5245  6065616.9305  -716257.9475   -6.49105571075  106.84891435012      158.1229     21 09 06 06 00 00 00   1.22
59434  14580.00   -1836969.5205  6065616.9262  -716257.9473   -6.49105571397  106.84891432741      158.1177     21 09 06 06 00 00 00   1.22
59434  14610.00   -1836969.5226  6065616.9293  -716257.9456   -6.49105569467  106.84891433706      158.1211     21 09 06 06 00 00 00   1.22
59434  14640.00   -1836969.5218  6065616.9221  -716257.9438   -6.49105568581  106.84891434860      158.1138     21 09 06 06 00 00 00   1.22
59434  14670.00   -1836969.5147  6065616.9160  -716257.9411   -6.49105567002  106.84891430381      158.1057     21 09 06 06 00 00 00   1.22
59434  14700.00   -1836969.5195  6065616.9266  -716257.9436   -6.49105568069  106.84891431753      158.1174     21 09 06 06 00 00 00   1.22
59434  14730.00   -1836969.5190  6065616.9336  -716257.9446   -6.49105568323  106.84891429444      158.1241     21 09 06 06 00 00 00   1.22
59434  14760.00   -1836969.5194  6065616.9372  -716257.9449   -6.49105568221  106.84891428873      158.1276     21 09 06 06 00 00 00   1.22
59434  14790.00   -1836969.5201  6065616.9345  -716257.9448   -6.49105568355  106.84891430142      158.1252     21 09 06 06 00 00 00   1.22
59434  14820.00   -1836969.5187  6065616.9388  -716257.9416   -6.49105565081  106.84891427793      158.1286     21 09 06 06 00 00 00   1.22
59434  14850.00   -1836969.5203  6065616.9330  -716257.9413   -6.49105565352  106.84891430719      158.1234     21 09 06 06 00 00 00   1.22
59434  14880.00   -1836969.5184  6065616.9316  -716257.9425   -6.49105566648  106.84891429433      158.1218     21 09 06 06 00 00 00   1.22
59434  14910.00   -1836969.5152  6065616.9383  -716257.9428   -6.49105566312  106.84891424947      158.1271     21 09 06 06 00 00 00   1.22
59434  14940.00   -1836969.5178  6065616.9396  -716257.9437   -6.49105566924  106.84891426823      158.1293     21 09 06 06 00 00 00   1.22
59434  14970.00   -1836969.5141  6065616.9343  -716257.9429   -6.49105566843  106.84891425056      158.1231     21 09 06 06 00 00 00   1.22
59434  15000.00   -1836969.5179  6065616.9421  -716257.9431   -6.49105566104  106.84891426316      158.1317     21 09 06 06 00 00 00   1.22
59434  15030.00   -1836969.5162  6065616.9348  -716257.9392   -6.49105563368  106.84891426710      158.1238     21 09 06 06 00 00 00   1.22
59434  15060.00   -1836969.5204  6065616.9474  -716257.9405   -6.49105563202  106.84891427036      158.1371     21 09 06 06 00 00 00   1.22
59434  15090.00   -1836969.5159  6065616.9377  -716257.9347   -6.49105559087  106.84891425742      158.1259     21 09 06 06 00 00 00   1.22
59434  15120.00   -1836969.5165  6065616.9414  -716257.9363   -6.49105560130  106.84891425284      158.1298     21 09 06 06 00 00 00   1.22
59434  15150.00   -1836969.5164  6065616.9404  -716257.9398   -6.49105563341  106.84891425404      158.1292     21 09 06 06 00 00 00   1.22
59434  15180.00   -1836969.5156  6065616.9326  -716257.9433   -6.49105567292  106.84891426761      158.1220     21 09 06 06 00 00 00   1.22
59434  15210.00   -1836969.5154  6065616.9283  -716257.9394   -6.49105564224  106.84891427764      158.1174     21 09 06 06 00 00 00   1.21
59434  15240.00   -1836969.5174  6065616.9272  -716257.9352   -6.49105560543  106.84891429721      158.1164     21 09 06 06 00 00 00   1.21
59434  15270.00   -1836969.5131  6065616.9243  -716257.9357   -6.49105561367  106.84891426805      158.1124     20 08 06 06 00 00 00   1.27
59434  15300.00   -1836969.5135  6065616.9249  -716257.9356   -6.49105561202  106.84891426997      158.1132     20 08 06 06 00 00 00   1.27
59434  15330.00   -1836969.5173  6065616.9285  -716257.9325   -6.49105558005  106.84891429362      158.1173     20 08 06 06 00 00 00   1.27
59434  15360.00   -1836969.5152  6065616.9306  -716257.9311   -6.49105556538  106.84891426999      158.1185     21 09 06 06 00 00 00   1.21
59434  15390.00   -1836969.5118  6065616.9230  -716257.9325   -6.49105558659  106.84891426023      158.1105     21 09 06 06 00 00 00   1.21
59434  15420.00   -1836969.5138  6065616.9233  -716257.9369   -6.49105562551  106.84891427681      158.1119     21 09 06 06 00 00 00   1.21
59434  15450.00   -1836969.5166  6065616.9222  -716257.9370   -6.49105562649  106.84891430399      158.1116     21 09 06 06 00 00 00   1.21
59434  15480.00   -1836969.5185  6065616.9288  -716257.9384   -6.49105563201  106.84891430307      158.1186     21 09 06 06 00 00 00   1.21
59434  15510.00   -1836969.5207  6065616.9322  -716257.9419   -6.49105565953  106.84891431294      158.1229     21 09 06 06 00 00 00   1.21
59434  15540.00   -1836969.5204  6065616.9295  -716257.9410   -6.49105565439  106.84891431756      158.1202     21 09 06 06 00 00 00   1.21
59434  15570.00   -1836969.5178  6065616.9155  -716257.9436   -6.49105569169  106.84891433147      158.1063     21 09 06 06 00 00 00   1.21
59434  15600.00   -1836969.5178  6065616.9166  -716257.9447   -6.49105570113  106.84891432893      158.1075     21 09 06 06 00 00 00   1.20
59434  15630.00   -1836969.5155  6065616.9068  -716257.9426   -6.49105569207  106.84891433477      158.0973     21 09 06 06 00 00 00   1.20
59434  15660.00   -1836969.5154  6065616.9087  -716257.9414   -6.49105567921  106.84891432894      158.0989     21 09 06 06 00 00 00   1.20
59434  15690.00   -1836969.5204  6065616.9197  -716257.9399   -6.49105565424  106.84891434306      158.1107     20 09 06 05 00 00 00   1.27
59434  15720.00   -1836969.5215  6065616.9208  -716257.9416   -6.49105566795  106.84891434943      158.1123     20 09 06 05 00 00 00   1.27
59434  15750.00   -1836969.5188  6065616.9172  -716257.9362   -6.49105562374  106.84891433597      158.1074     20 09 06 05 00 00 00   1.27
59434  15780.00   -1836969.5180  6065616.9239  -716257.9290   -6.49105555261  106.84891431158      158.1127     20 09 06 05 00 00 00   1.26
59434  15810.00   -1836969.5179  6065616.9274  -716257.9337   -6.49105559177  106.84891430155      158.1166     20 09 06 05 00 00 00   1.26
59434  15840.00   -1836969.5137  6065616.9198  -716257.9320   -6.49105558474  106.84891428545      158.1079     20 09 06 05 00 00 00   1.26
59434  15870.00   -1836969.5118  6065616.9210  -716257.9328   -6.49105559094  106.84891426546      158.1086     20 09 06 05 00 00 00   1.26
59434  15900.00   -1836969.5138  6065616.9219  -716257.9334   -6.49105559553  106.84891428000      158.1102     20 09 06 05 00 00 00   1.26
59434  15930.00   -1836969.5177  6065616.9304  -716257.9344   -6.49105559440  106.84891429202      158.1195     20 09 06 05 00 00 00   1.26
59434  15960.00   -1836969.5163  6065616.9293  -716257.9344   -6.49105559650  106.84891428242      158.1180     20 09 06 05 00 00 00   1.26
59434  15990.00   -1836969.5169  6065616.9372  -716257.9396   -6.49105563464  106.84891426711      158.1263     20 09 06 05 00 00 00   1.25
59434  16020.00   -1836969.5139  6065616.9371  -716257.9375   -6.49105561733  106.84891424158      158.1251     20 09 06 05 00 00 00   1.25
59434  16050.00   -1836969.5177  6065616.9415  -716257.9362   -6.49105560051  106.84891426310      158.1302     20 09 06 05 00 00 00   1.25
59434  16080.00   -1836969.5135  6065616.9369  -716257.9381   -6.49105562276  106.84891423855      158.1248     20 09 06 05 00 00 00   1.25
59434  16110.00   -1836969.5175  6065616.9404  -716257.9381   -6.49105561816  106.84891426426      158.1293     20 09 06 05 00 00 00   1.25
59434  16140.00   -1836969.5169  6065616.9402  -716257.9356   -6.49105559636  106.84891425897      158.1287     20 09 06 05 00 00 00   1.25
59434  16170.00   -1836969.5146  6065616.9375  -716257.9367   -6.49105560917  106.84891424618      158.1256     20 09 06 05 00 00 00   1.25
59434  16200.00   -1836969.5154  6065616.9407  -716257.9415   -6.49105564946  106.84891424485      158.1294     20 09 06 05 00 00 00   1.24
59434  16230.00   -1836969.5139  6065616.9382  -716257.9410   -6.49105564759  106.84891423861      158.1266     19 09 05 05 00 00 00   1.32
59434  16260.00   -1836969.5164  6065616.9290  -716257.9407   -6.49105565333  106.84891428425      158.1185     19 09 05 05 00 00 00   1.32
59434  16290.00   -1836969.5173  6065616.9283  -716257.9413   -6.49105565881  106.84891429393      158.1181     19 09 05 05 00 00 00   1.32
59434  16320.00   -1836969.5150  6065616.9216  -716257.9414   -6.49105566687  106.84891429142      158.1111     19 09 05 05 00 00 00   1.32
59434  16350.00   -1836969.5127  6065616.9156  -716257.9439   -6.49105569603  106.84891428771      158.1050     19 09 05 05 00 00 00   1.32
59434  16380.00   -1836969.5146  6065616.9181  -716257.9409   -6.49105566607  106.84891429735      158.1076     19 09 05 05 00 00 00   1.32
59434  16410.00   -1836969.5133  6065616.9099  -716257.9435   -6.49105569776  106.84891430774      158.0997     19 09 05 05 00 00 00   1.32
59434  16440.00   -1836969.5144  6065616.9063  -716257.9467   -6.49105572963  106.84891432628      158.0970     18 08 05 05 00 00 00   1.42
59434  16470.00   -1836969.5135  6065616.9201  -716257.9473   -6.49105572183  106.84891428262      158.1099     18 08 05 05 00 00 00   1.42
59434  16500.00   -1836969.5066  6065616.9119  -716257.9478   -6.49105573647  106.84891424464      158.1002     18 08 05 05 00 00 00   1.42
59434  16530.00   -1836969.5060  6065616.9060  -716257.9423   -6.49105569317  106.84891425458      158.0937     18 08 05 05 00 00 00   1.42
59434  16560.00   -1836969.5090  6065616.9214  -716257.9422   -6.49105567627  106.84891423978      158.1092     18 08 05 05 00 00 00   1.42
59434  16590.00   -1836969.5102  6065616.9260  -716257.9447   -6.49105569336  106.84891423861      158.1143     18 08 05 05 00 00 00   1.42
59434  16620.00   -1836969.5143  6065616.9283  -716257.9442   -6.49105568539  106.84891426803      158.1176     18 08 05 05 00 00 00   1.42
59434  16650.00   -1836969.5159  6065616.9265  -716257.9456   -6.49105570005  106.84891428664      158.1165     18 08 05 05 00 00 00   1.42
59434  16680.00   -1836969.5098  6065616.9064  -716257.9438   -6.49105570511  106.84891428660      158.0954     18 08 05 05 00 00 00   1.42
59434  16710.00   -1836969.5093  6065616.8997  -716257.9443   -6.49105571576  106.84891429937      158.0890     18 08 05 05 00 00 00   1.42
59434  16740.00   -1836969.5122  6065616.9080  -716257.9421   -6.49105568717  106.84891430298      158.0974     18 08 05 05 00 00 00   1.42
59434  16770.00   -1836969.5114  6065616.9122  -716257.9396   -6.49105566097  106.84891428498      158.1010     18 08 05 05 00 00 00   1.42
59434  16800.00   -1836969.5136  6065616.9145  -716257.9410   -6.49105567088  106.84891429803      158.1039     18 08 05 05 00 00 00   1.42
59434  16830.00   -1836969.5182  6065616.9346  -716257.9383   -6.49105562548  106.84891428512      158.1240     19 08 06 05 00 00 00   1.29
59434  16860.00   -1836969.5153  6065616.9354  -716257.9407   -6.49105564747  106.84891425803      158.1242     19 08 06 05 00 00 00   1.29
59434  16890.00   -1836969.5142  6065616.9422  -716257.9431   -6.49105566267  106.84891423070      158.1306     19 08 06 05 00 00 00   1.29
59434  16920.00   -1836969.5115  6065616.9370  -716257.9381   -6.49105562311  106.84891422096      158.1244     19 08 06 05 00 00 00   1.29
59434  16950.00   -1836969.5099  6065616.9294  -716257.9396   -6.49105564517  106.84891422650      158.1169     19 08 06 05 00 00 00   1.29
59434  16980.00   -1836969.5119  6065616.9308  -716257.9375   -6.49105562383  106.84891424052      158.1185     19 08 06 05 00 00 00   1.30
59434  17010.00   -1836969.5118  6065616.9235  -716257.9389   -6.49105564326  106.84891425839      158.1117     19 08 06 05 00 00 00   1.30
59434  17040.00   -1836969.5132  6065616.9251  -716257.9417   -6.49105566647  106.84891426709      158.1140     19 08 06 05 00 00 00   1.30
59434  17070.00   -1836969.5168  6065616.9263  -716257.9408   -6.49105565662  106.84891429497      158.1161     19 08 06 05 00 00 00   1.30
59434  17100.00   -1836969.5095  6065616.9134  -716257.9401   -6.49105566486  106.84891426552      158.1016     19 08 06 05 00 00 00   1.30
59434  17130.00   -1836969.5129  6065616.9284  -716257.9365   -6.49105561738  106.84891425523      158.1164     19 08 06 05 00 00 00   1.30
59434  17160.00   -1836969.5096  6065616.9364  -716257.9364   -6.49105560924  106.84891420571      158.1230     19 08 06 05 00 00 00   1.30
59434  17190.00   -1836969.5113  6065616.9306  -716257.9385   -6.49105563340  106.84891423568      158.1183     19 08 06 05 00 00 00   1.30
59434  17220.00   -1836969.5117  6065616.9337  -716257.9378   -6.49105562371  106.84891423116      158.1212     19 08 06 05 00 00 00   1.30
59434  17250.00   -1836969.5138  6065616.9403  -716257.9387   -6.49105562499  106.84891423207      158.1283     19 08 06 05 00 00 00   1.31
59434  17280.00   -1836969.5117  6065616.9343  -716257.9377   -6.49105562250  106.84891422920      158.1218     19 08 06 05 00 00 00   1.31
59434  17310.00   -1836969.5130  6065616.9343  -716257.9359   -6.49105560584  106.84891424136      158.1220     19 08 06 05 00 00 00   1.31
59434  17340.00   -1836969.5127  6065616.9367  -716257.9371   -6.49105561415  106.84891423219      158.1243     19 08 06 05 00 00 00   1.31
59434  17370.00   -1836969.5100  6065616.9361  -716257.9381   -6.49105562506  106.84891421023      158.1231     19 08 06 05 00 00 00   1.31
59434  17400.00   -1836969.5104  6065616.9409  -716257.9357   -6.49105559833  106.84891420125      158.1275     19 08 06 05 00 00 00   1.31
59434  17430.00   -1836969.5116  6065616.9461  -716257.9390   -6.49105562261  106.84891419805      158.1332     19 08 06 05 00 00 00   1.31
59434  17460.00   -1836969.5141  6065616.9473  -716257.9385   -6.49105561653  106.84891421613      158.1350     19 08 06 05 00 00 00   1.31
59434  17490.00   -1836969.5169  6065616.9383  -716257.9407   -6.49105564426  106.84891426441      158.1274     19 08 06 05 00 00 00   1.31
59434  17520.00   -1836969.5160  6065616.9303  -716257.9407   -6.49105565165  106.84891427720      158.1195     19 08 06 05 00 00 00   1.31
59434  17550.00   -1836969.5119  6065616.9315  -716257.9385   -6.49105563244  106.84891423830      158.1193     19 08 06 05 00 00 00   1.31
59434  17580.00   -1836969.5147  6065616.9269  -716257.9372   -6.49105562449  106.84891427531      158.1156     19 08 06 05 00 00 00   1.31
59434  17610.00   -1836969.5110  6065616.9325  -716257.9371   -6.49105561930  106.84891422847      158.1198     19 08 06 05 00 00 00   1.31
59434  17640.00   -1836969.5102  6065616.9349  -716257.9352   -6.49105559999  106.84891421529      158.1217     19 08 06 05 00 00 00   1.31
59434  17670.00   -1836969.5098  6065616.9380  -716257.9411   -6.49105564969  106.84891420378      158.1252     19 08 06 05 00 00 00   1.31
59434  17700.00   -1836969.5107  6065616.9369  -716257.9424   -6.49105566208  106.84891421460      158.1245     19 08 06 05 00 00 00   1.31
59434  17730.00   -1836969.5162  6065616.9389  -716257.9414   -6.49105564974  106.84891425608      158.1279     19 08 06 05 00 00 00   1.31
59434  17760.00   -1836969.5124  6065616.9451  -716257.9424   -6.49105565376  106.84891420735      158.1328     19 08 06 05 00 00 00   1.31
59434  17790.00   -1836969.5149  6065616.9507  -716257.9446   -6.49105566759  106.84891421466      158.1391     19 08 06 05 00 00 00   1.31
59434  17820.00   -1836969.5161  6065616.9447  -716257.9438   -6.49105566601  106.84891424049      158.1337     19 08 06 05 00 00 00   1.31
59434  17850.00   -1836969.5153  6065616.9440  -716257.9400   -6.49105563207  106.84891423584      158.1323     19 08 06 05 00 00 00   1.31
59434  17880.00   -1836969.5161  6065616.9384  -716257.9413   -6.49105564972  106.84891425676      158.1274     19 08 06 05 00 00 00   1.31
59434  17910.00   -1836969.5207  6065616.9421  -716257.9406   -6.49105563798  106.84891428697      158.1321     19 08 06 05 00 00 00   1.31
59434  17940.00   -1836969.5181  6065616.9451  -716257.9420   -6.49105564819  106.84891425704      158.1345     19 08 06 05 00 00 00   1.31
59434  17970.00   -1836969.5212  6065616.9480  -716257.9399   -6.49105562609  106.84891427644      158.1378     19 08 06 05 00 00 00   1.31
59434  18000.00   -1836969.5206  6065616.9351  -716257.9348   -6.49105559318  106.84891430456      158.1248     19 08 06 05 00 00 00   1.31
59434  18030.00   -1836969.5213  6065616.9287  -716257.9327   -6.49105557995  106.84891432760      158.1187     21 09 07 05 00 00 00   1.15
59434  18060.00   -1836969.5203  6065616.9238  -716257.9344   -6.49105560031  106.84891433153      158.1139     21 09 07 05 00 00 00   1.15
59434  18090.00   -1836969.5180  6065616.9258  -716257.9346   -6.49105560084  106.84891430612      158.1152     21 09 07 05 00 00 00   1.15
59434  18120.00   -1836969.5200  6065616.9284  -716257.9385   -6.49105563245  106.84891431711      158.1187     21 09 07 05 00 00 00   1.15
59434  18150.00   -1836969.5251  6065616.9426  -716257.9379   -6.49105561173  106.84891432379      158.1336     21 09 07 05 00 00 00   1.15
59434  18180.00   -1836969.5191  6065616.9363  -716257.9378   -6.49105561902  106.84891428824      158.1259     21 09 07 05 00 00 00   1.15
59434  18210.00   -1836969.5151  6065616.9328  -716257.9385   -6.49105563027  106.84891426300      158.1214     21 09 07 05 00 00 00   1.15
59434  18240.00   -1836969.5107  6065616.9233  -716257.9382   -6.49105563809  106.84891425009      158.1111     21 09 07 05 00 00 00   1.15
59434  18270.00   -1836969.5102  6065616.9243  -716257.9368   -6.49105562415  106.84891424286      158.1118     21 09 07 05 00 00 00   1.16
59434  18300.00   -1836969.5100  6065616.9305  -716257.9354   -6.49105560577  106.84891422508      158.1174     20 09 06 05 00 00 00   1.24
59434  18330.00   -1836969.5130  6065616.9294  -716257.9389   -6.49105563793  106.84891425361      158.1176     20 09 06 05 00 00 00   1.24
59434  18360.00   -1836969.5162  6065616.9383  -716257.9415   -6.49105565162  106.84891425793      158.1274     20 09 06 05 00 00 00   1.24
59434  18390.00   -1836969.5121  6065616.9353  -716257.9430   -6.49105566927  106.84891423066      158.1235     20 09 06 05 00 00 00   1.24
59434  18420.00   -1836969.5168  6065616.9453  -716257.9418   -6.49105564705  106.84891424534      158.1342     20 09 06 05 00 00 00   1.24
59434  18450.00   -1836969.5165  6065616.9483  -716257.9408   -6.49105563507  106.84891423472      158.1369     20 09 06 05 00 00 00   1.24
59434  18480.00   -1836969.5206  6065616.9496  -716257.9386   -6.49105561327  106.84891426692      158.1390     20 09 06 05 00 00 00   1.24
59434  18510.00   -1836969.5187  6065616.9415  -716257.9394   -6.49105562854  106.84891427120      158.1308     20 09 06 05 00 00 00   1.24
59434  18540.00   -1836969.5133  6065616.9309  -716257.9385   -6.49105563217  106.84891425258      158.1191     20 09 06 05 00 00 00   1.24
59434  18570.00   -1836969.5162  6065616.9429  -716257.9368   -6.49105560455  106.84891424641      158.1311     20 09 06 05 00 00 00   1.24
59434  18600.00   -1836969.5174  6065616.9451  -716257.9369   -6.49105560290  106.84891425072      158.1337     20 09 06 05 00 00 00   1.24
59434  18630.00   -1836969.5177  6065616.9435  -716257.9369   -6.49105560482  106.84891425712      158.1322     20 09 06 05 00 00 00   1.24
59434  18660.00   -1836969.5212  6065616.9463  -716257.9344   -6.49105557853  106.84891428066      158.1355     20 09 06 05 00 00 00   1.24
59434  18690.00   -1836969.5185  6065616.9472  -716257.9343   -6.49105557695  106.84891425453      158.1356     20 09 06 05 00 00 00   1.24
59434  18720.00   -1836969.5138  6065616.9518  -716257.9356   -6.49105558532  106.84891420186      158.1388     20 09 06 05 00 00 00   1.24
59434  18750.00   -1836969.5113  6065616.9466  -716257.9344   -6.49105558083  106.84891419422      158.1330     20 09 06 05 00 00 00   1.24
59434  18780.00   -1836969.5162  6065616.9472  -716257.9394   -6.49105562330  106.84891423491      158.1355     20 09 06 05 00 00 00   1.24
59434  18810.00   -1836969.5189  6065616.9520  -716257.9390   -6.49105561459  106.84891424589      158.1409     20 09 06 05 00 00 00   1.24
59434  18840.00   -1836969.5134  6065616.9438  -716257.9378   -6.49105561351  106.84891421914      158.1313     20 09 06 05 00 00 00   1.25
59434  18870.00   -1836969.5136  6065616.9453  -716257.9393   -6.49105562581  106.84891421715      158.1330     20 09 06 05 00 00 00   1.25
59434  18900.00   -1836969.5110  6065616.9446  -716257.9370   -6.49105560592  106.84891419650      158.1313     20 09 06 05 00 00 00   1.25
59434  18930.00   -1836969.5084  6065616.9383  -716257.9393   -6.49105563409  106.84891419024      158.1249     20 09 06 05 00 00 00   1.25
59434  18960.00   -1836969.5057  6065616.9341  -716257.9350   -6.49105560040  106.84891417809      158.1196     20 09 06 05 00 00 00   1.25
59434  18990.00   -1836969.5084  6065616.9336  -716257.9367   -6.49105561513  106.84891420259      158.1200     20 09 06 05 00 00 00   1.25
59434  19020.00   -1836969.5074  6065616.9340  -716257.9374   -6.49105562086  106.84891419377      158.1202     20 09 06 05 00 00 00   1.25
59434  19050.00   -1836969.5062  6065616.9350  -716257.9387   -6.49105563269  106.84891418038      158.1210     20 09 06 05 00 00 00   1.24
59434  19080.00   -1836969.5067  6065616.9343  -716257.9368   -6.49105561599  106.84891418681      158.1203     20 09 06 05 00 00 00   1.24
59434  19110.00   -1836969.5058  6065616.9336  -716257.9343   -6.49105559468  106.84891418009      158.1191     19 09 06 04 00 00 00   1.28
59434  19140.00   -1836969.5049  6065616.9348  -716257.9332   -6.49105558376  106.84891416934      158.1198     19 09 06 04 00 00 00   1.28
59434  19170.00   -1836969.5085  6065616.9277  -716257.9340   -6.49105559622  106.84891421926      158.1142     19 09 06 04 00 00 00   1.28
59434  19200.00   -1836969.5091  6065616.9247  -716257.9336   -6.49105559589  106.84891423216      158.1115     19 09 06 04 00 00 00   1.28
59434  19230.00   -1836969.5085  6065616.9228  -716257.9360   -6.49105561938  106.84891423203      158.1098     19 09 06 04 00 00 00   1.28
59434  19260.00   -1836969.5109  6065616.9307  -716257.9390   -6.49105563746  106.84891423190      158.1183     19 09 06 04 00 00 00   1.28
59434  19290.00   -1836969.5127  6065616.9390  -716257.9368   -6.49105560920  106.84891422579      158.1265     19 09 06 04 00 00 00   1.28
59434  19320.00   -1836969.5125  6065616.9340  -716257.9349   -6.49105559709  106.84891423702      158.1215     19 09 06 04 00 00 00   1.28
59434  19350.00   -1836969.5156  6065616.9345  -716257.9338   -6.49105558587  106.84891426253      158.1227     19 09 06 04 00 00 00   1.28
59434  19380.00   -1836969.5143  6065616.9420  -716257.9350   -6.49105559001  106.84891423191      158.1295     19 09 06 04 00 00 00   1.28
59434  19410.00   -1836969.5150  6065616.9477  -716257.9385   -6.49105561516  106.84891422280      158.1356     19 09 06 04 00 00 00   1.28
59434  19440.00   -1836969.5198  6065616.9534  -716257.9377   -6.49105560107  106.84891424979      158.1423     19 09 06 04 00 00 00   1.28
59434  19470.00   -1836969.5160  6065616.9449  -716257.9411   -6.49105564135  106.84891423912      158.1335     19 09 06 04 00 00 00   1.28
59434  19500.00   -1836969.5139  6065616.9455  -716257.9414   -6.49105564356  106.84891421907      158.1335     19 09 06 04 00 00 00   1.28
59434  19530.00   -1836969.5102  6065616.9342  -716257.9362   -6.49105560960  106.84891421717      158.1212     19 09 06 04 00 00 00   1.28
59434  19560.00   -1836969.5103  6065616.9426  -716257.9368   -6.49105560673  106.84891419576      158.1292     19 09 06 04 00 00 00   1.28
59434  19590.00   -1836969.5132  6065616.9495  -716257.9364   -6.49105559558  106.84891420249      158.1365     19 09 06 04 00 00 00   1.28
59434  19620.00   -1836969.5129  6065616.9457  -716257.9369   -6.49105560368  106.84891421040      158.1330     19 09 06 04 00 00 00   1.28
59434  19650.00   -1836969.5098  6065616.9411  -716257.9347   -6.49105558913  106.84891419551      158.1274     20 10 06 04 00 00 00   1.20
59434  19680.00   -1836969.5104  6065616.9446  -716257.9372   -6.49105560860  106.84891419182      158.1312     20 10 06 04 00 00 00   1.20
59434  19710.00   -1836969.5089  6065616.9421  -716257.9438   -6.49105566994  106.84891418458      158.1291     20 10 06 04 00 00 00   1.20
59434  19740.00   -1836969.5100  6065616.9454  -716257.9399   -6.49105563208  106.84891418563      158.1321     20 10 06 04 00 00 00   1.20
59434  19770.00   -1836969.5184  6065616.9542  -716257.9434   -6.49105565182  106.84891423551      158.1433     20 10 06 04 00 00 00   1.20
59434  19800.00   -1836969.5086  6065616.9408  -716257.9405   -6.49105564214  106.84891418561      158.1274     20 10 06 04 00 00 00   1.20
59434  19830.00   -1836969.5095  6065616.9438  -716257.9381   -6.49105561725  106.84891418579      158.1303     20 10 06 04 00 00 00   1.20
59434  19860.00   -1836969.5116  6065616.9419  -716257.9385   -6.49105562195  106.84891420879      158.1291     19 09 06 04 00 00 00   1.22
59434  19890.00   -1836969.5143  6065616.9427  -716257.9411   -6.49105564412  106.84891422997      158.1310     19 09 06 04 00 00 00   1.22
59434  19920.00   -1836969.5158  6065616.9453  -716257.9422   -6.49105565073  106.84891423620      158.1339     19 09 06 04 00 00 00   1.22
59434  19950.00   -1836969.5158  6065616.9429  -716257.9383   -6.49105561818  106.84891424261      158.1312     19 09 06 04 00 00 00   1.22
59434  19980.00   -1836969.5156  6065616.9526  -716257.9415   -6.49105563700  106.84891421519      158.1407     19 09 06 04 00 00 00   1.22
59434  20010.00   -1836969.5158  6065616.9574  -716257.9457   -6.49105567081  106.84891420422      158.1459     19 09 06 04 00 00 00   1.22
59434  20040.00   -1836969.5137  6065616.9483  -716257.9468   -6.49105568983  106.84891421009      158.1367     19 09 06 04 00 00 00   1.22
59434  20070.00   -1836969.5172  6065616.9517  -716257.9465   -6.49105568261  106.84891423200      158.1410     19 09 06 04 00 00 00   1.22
59434  20100.00   -1836969.5208  6065616.9473  -716257.9479   -6.49105569838  106.84891427417      158.1380     19 09 06 04 00 00 00   1.22
59434  20130.00   -1836969.5199  6065616.9484  -716257.9495   -6.49105571247  106.84891426414      158.1389     19 09 06 04 00 00 00   1.22
59434  20160.00   -1836969.5165  6065616.9415  -716257.9488   -6.49105571366  106.84891425232      158.1313     19 09 06 04 00 00 00   1.22
59434  20190.00   -1836969.5126  6065616.9412  -716257.9508   -6.49105573314  106.84891421902      158.1301     20 10 06 04 00 00 00   1.19
59434  20220.00   -1836969.5164  6065616.9334  -716257.9468   -6.49105570346  106.84891427294      158.1233     20 10 06 04 00 00 00   1.19
59434  20250.00   -1836969.5068  6065616.9272  -716257.9414   -6.49105566359  106.84891420623      158.1140     20 10 06 04 00 00 00   1.19
59434  20280.00   -1836969.5100  6065616.9356  -716257.9452   -6.49105568884  106.84891421155      158.1234     20 10 06 04 00 00 00   1.19
59434  20310.00   -1836969.5129  6065616.9383  -716257.9439   -6.49105567384  106.84891422972      158.1267     20 10 06 04 00 00 00   1.19
59434  20340.00   -1836969.5152  6065616.9374  -716257.9457   -6.49105569014  106.84891425193      158.1267     20 10 06 04 00 00 00   1.18
59434  20370.00   -1836969.5132  6065616.9403  -716257.9465   -6.49105569525  106.84891422680      158.1289     20 10 06 04 00 00 00   1.18
59434  20400.00   -1836969.5140  6065616.9464  -716257.9475   -6.49105569794  106.84891421803      158.1351     19 09 06 04 00 00 00   1.27
59434  20430.00   -1836969.5108  6065616.9449  -716257.9442   -6.49105567042  106.84891419457      158.1323     19 09 06 04 00 00 00   1.27
59434  20460.00   -1836969.5095  6065616.9405  -716257.9416   -6.49105565165  106.84891419415      158.1275     19 09 06 04 00 00 00   1.27
59434  20490.00   -1836969.5108  6065616.9480  -716257.9390   -6.49105562081  106.84891418619      158.1347     19 09 06 04 00 00 00   1.27
59434  20520.00   -1836969.5130  6065616.9427  -716257.9381   -6.49105561712  106.84891421860      158.1302     19 09 06 04 00 00 00   1.27
59434  20550.00   -1836969.5140  6065616.9445  -716257.9421   -6.49105565157  106.84891422299      158.1327     19 09 06 04 00 00 00   1.26
59434  20580.00   -1836969.5119  6065616.9380  -716257.9392   -6.49105563185  106.84891422145      158.1255     20 10 06 04 00 00 00   1.20
59434  20610.00   -1836969.5067  6065616.9315  -716257.9396   -6.49105564382  106.84891419377      158.1180     20 10 06 04 00 00 00   1.20
59434  20640.00   -1836969.5052  6065616.9364  -716257.9404   -6.49105564672  106.84891416757      158.1222     20 10 06 04 00 00 00   1.20
59434  20670.00   -1836969.5077  6065616.9302  -716257.9356   -6.49105560907  106.84891420574      158.1165     20 10 06 04 00 00 00   1.20
59434  20700.00   -1836969.5099  6065616.9391  -716257.9338   -6.49105558327  106.84891420114      158.1254     20 10 06 04 00 00 00   1.20
59434  20730.00   -1836969.5091  6065616.9379  -716257.9328   -6.49105557570  106.84891419816      158.1239     20 10 06 04 00 00 00   1.20
59434  20760.00   -1836969.5071  6065616.9374  -716257.9347   -6.49105559380  106.84891418145      158.1231     20 10 06 04 00 00 00   1.20
59434  20790.00   -1836969.5077  6065616.9427  -716257.9354   -6.49105559485  106.84891417339      158.1284     21 10 06 05 00 00 00   1.19
59434  20820.00   -1836969.5051  6065616.9410  -716257.9352   -6.49105559571  106.84891415537      158.1260     21 10 06 05 00 00 00   1.19
59434  20850.00   -1836969.5107  6065616.9505  -716257.9358   -6.49105558974  106.84891417869      158.1367     21 10 06 05 00 00 00   1.19
59434  20880.00   -1836969.5100  6065616.9406  -716257.9357   -6.49105559838  106.84891419864      158.1271     21 10 06 05 00 00 00   1.19
59434  20910.00   -1836969.5110  6065616.9355  -716257.9368   -6.49105561288  106.84891422019      158.1227     21 10 06 05 00 00 00   1.19
59434  20940.00   -1836969.5078  6065616.9307  -716257.9326   -6.49105558125  106.84891420545      158.1167     20 09 06 05 00 00 00   1.28
59434  20970.00   -1836969.5081  6065616.9321  -716257.9338   -6.49105559053  106.84891420464      158.1183     20 09 06 05 00 00 00   1.28
59434  21000.00   -1836969.5101  6065616.9300  -716257.9380   -6.49105563007  106.84891422743      158.1173     19 09 05 05 00 00 00   1.35
59434  21030.00   -1836969.5143  6065616.9284  -716257.9400   -6.49105564772  106.84891426756      158.1172     19 09 05 05 00 00 00   1.35
59434  21060.00   -1836969.5174  6065616.9441  -716257.9404   -6.49105563566  106.84891425319      158.1331     19 09 05 05 00 00 00   1.35
59434  21090.00   -1836969.5176  6065616.9432  -716257.9376   -6.49105561078  106.84891425717      158.1319     19 09 05 05 00 00 00   1.35
59434  21120.00   -1836969.5165  6065616.9396  -716257.9407   -6.49105564230  106.84891425681      158.1286     19 09 05 05 00 00 00   1.35
59434  21150.00   -1836969.5221  6065616.9490  -716257.9389   -6.49105561612  106.84891428105      158.1389     19 09 05 05 00 00 00   1.35
59434  21180.00   -1836969.5241  6065616.9486  -716257.9415   -6.49105563846  106.84891429974      158.1394     19 09 05 05 00 00 00   1.35
59434  21210.00   -1836969.5182  6065616.9427  -716257.9418   -6.49105564942  106.84891426365      158.1321     19 09 05 05 00 00 00   1.35
59434  21240.00   -1836969.5146  6065616.9320  -716257.9392   -6.49105563743  106.84891426114      158.1207     19 09 05 05 00 00 00   1.35
59434  21270.00   -1836969.5177  6065616.9403  -716257.9439   -6.49105567023  106.84891426538      158.1300     19 09 05 05 00 00 00   1.35
59434  21300.00   -1836969.5199  6065616.9427  -716257.9431   -6.49105566049  106.84891427830      158.1328     19 09 05 05 00 00 00   1.35
59434  21330.00   -1836969.5273  6065616.9474  -716257.9435   -6.49105565732  106.84891433053      158.1394     19 09 05 05 00 00 00   1.35
59434  21360.00   -1836969.5237  6065616.9460  -716257.9451   -6.49105567385  106.84891430323      158.1372     19 09 05 05 00 00 00   1.34
59434  21390.00   -1836969.5195  6065616.9346  -716257.9481   -6.49105571344  106.84891429665      158.1255     19 09 05 05 00 00 00   1.34
59434  21420.00   -1836969.5242  6065616.9401  -716257.9497   -6.49105572047  106.84891432279      158.1322     19 09 05 05 00 00 00   1.34
59434  21450.00   -1836969.5216  6065616.9317  -716257.9468   -6.49105570363  106.84891432264      158.1232     19 09 05 05 00 00 00   1.34
59434  21480.00   -1836969.5162  6065616.9307  -716257.9424   -6.49105566645  106.84891427830      158.1202     19 09 05 05 00 00 00   1.34
59434  21510.00   -1836969.5162  6065616.9382  -716257.9445   -6.49105567805  106.84891425823      158.1275     19 09 05 05 00 00 00   1.34
59434  21540.00   -1836969.5123  6065616.9338  -716257.9403   -6.49105564604  106.84891423601      158.1218     19 09 05 05 00 00 00   1.34
59434  21570.00   -1836969.5101  6065616.9346  -716257.9394   -6.49105563743  106.84891421479      158.1219     19 09 05 05 00 00 00   1.34
59434  21600.00   -1836969.5070  6065616.9297  -716257.9385   -6.49105563515  106.84891420133      158.1161     19 09 05 05 00 00 00   1.34
59434  21630.00   -1836969.5039  6065616.9268  -716257.9396   -6.49105564909  106.84891418210      158.1126     19 09 05 05 00 00 00   1.33
59434  21660.00   -1836969.5044  6065616.9245  -716257.9376   -6.49105563329  106.84891419234      158.1104     19 09 05 05 00 00 00   1.33
59434  21690.00   -1836969.5034  6065616.9265  -716257.9322   -6.49105558307  106.84891417860      158.1114     19 09 05 05 00 00 00   1.33
59434  21720.00   -1836969.4993  6065616.9291  -716257.9320   -6.49105558014  106.84891413632      158.1126     19 09 05 05 00 00 00   1.33
59434  21750.00   -1836969.5010  6065616.9291  -716257.9306   -6.49105556671  106.84891415079      158.1129     19 09 05 05 00 00 00   1.33
59434  21780.00   -1836969.5032  6065616.9251  -716257.9339   -6.49105559992  106.84891418042      158.1102     19 09 05 05 00 00 00   1.33
59434  21810.00   -1836969.5023  6065616.9260  -716257.9324   -6.49105558521  106.84891416962      158.1106     20 10 05 05 00 00 00   1.22
59434  21840.00   -1836969.5005  6065616.9276  -716257.9318   -6.49105557924  106.84891415075      158.1115     20 10 05 05 00 00 00   1.22
59434  21870.00   -1836969.5032  6065616.9250  -716257.9278   -6.49105554543  106.84891418030      158.1093     20 10 05 05 00 00 00   1.22
59434  21900.00   -1836969.5080  6065616.9235  -716257.9308   -6.49105557224  106.84891422620      158.1097     20 10 05 05 00 00 00   1.22
59434  21930.00   -1836969.5063  6065616.9316  -716257.9365   -6.49105561543  106.84891418963      158.1176     20 10 05 05 00 00 00   1.22
59434  21960.00   -1836969.5080  6065616.9315  -716257.9367   -6.49105561750  106.84891420490      158.1180     20 10 05 05 00 00 00   1.22
59434  21990.00   -1836969.5054  6065616.9305  -716257.9370   -6.49105562180  106.84891418564      158.1163     20 10 05 05 00 00 00   1.22
59434  22020.00   -1836969.5054  6065616.9230  -716257.9365   -6.49105562472  106.84891420460      158.1091     20 10 05 05 00 00 00   1.21
59434  22050.00   -1836969.5010  6065616.9185  -716257.9380   -6.49105564389  106.84891417876      158.1038     21 10 06 05 00 00 00   1.16
59434  22080.00   -1836969.5058  6065616.9243  -716257.9387   -6.49105564302  106.84891420499      158.1107     21 10 06 05 00 00 00   1.16
59434  22110.00   -1836969.4991  6065616.9131  -716257.9420   -6.49105568555  106.84891417615      158.0985     21 09 06 06 00 00 00   1.16
59434  22140.00   -1836969.5078  6065616.9177  -716257.9432   -6.49105568908  106.84891423962      158.1055     22 09 06 07 00 00 00   1.11
59434  22170.00   -1836969.5065  6065616.9229  -716257.9380   -6.49105563766  106.84891421443      158.1095     22 09 06 07 00 00 00   1.11
59434  22200.00   -1836969.5094  6065616.9227  -716257.9392   -6.49105564832  106.84891424032      158.1102     21 09 05 07 00 00 00   1.19
59434  22230.00   -1836969.5128  6065616.9282  -716257.9392   -6.49105564190  106.84891425490      158.1165     21 09 05 07 00 00 00   1.19
59434  22260.00   -1836969.5092  6065616.9278  -716257.9353   -6.49105560752  106.84891422525      158.1147     21 09 05 07 00 00 00   1.20
59434  22290.00   -1836969.5095  6065616.9228  -716257.9375   -6.49105563227  106.84891424099      158.1102     21 09 05 07 00 00 00   1.20
59434  22320.00   -1836969.5123  6065616.9253  -716257.9364   -6.49105561959  106.84891425848      158.1133     21 09 05 07 00 00 00   1.20
59434  22350.00   -1836969.5137  6065616.9265  -716257.9339   -6.49105559544  106.84891426758      158.1146     21 09 05 07 00 00 00   1.20
59434  22380.00   -1836969.5091  6065616.9177  -716257.9375   -6.49105563786  106.84891425085      158.1052     21 09 05 07 00 00 00   1.20
59434  22410.00   -1836969.5040  6065616.9190  -716257.9316   -6.49105558447  106.84891420292      158.1043     21 09 05 07 00 00 00   1.21
59434  22440.00   -1836969.5048  6065616.9218  -716257.9293   -6.49105556130  106.84891420300      158.1069     21 09 05 07 00 00 00   1.21
59434  22470.00   -1836969.5058  6065616.9228  -716257.9309   -6.49105557458  106.84891420866      158.1084     21 09 05 07 00 00 00   1.21
59434  22500.00   -1836969.5060  6065616.9261  -716257.9270   -6.49105553577  106.84891420164      158.1111     21 09 05 07 00 00 00   1.21
59434  22530.00   -1836969.5100  6065616.9302  -716257.9313   -6.49105556898  106.84891422579      158.1166     21 09 05 07 00 00 00   1.22
59434  22560.00   -1836969.5094  6065616.9367  -716257.9345   -6.49105559233  106.84891420339      158.1231     21 09 05 07 00 00 00   1.22
59434  22590.00   -1836969.5105  6065616.9351  -716257.9378   -6.49105562284  106.84891421771      158.1222     21 09 05 07 00 00 00   1.22
59434  22620.00   -1836969.5006  6065616.9226  -716257.9312   -6.49105557862  106.84891416392      158.1068     21 09 05 07 00 00 00   1.22
59434  22650.00   -1836969.5021  6065616.9189  -716257.9352   -6.49105561818  106.84891418732      158.1041     20 08 05 07 00 00 00   1.24
59434  22680.00   -1836969.4979  6065616.9132  -716257.9370   -6.49105564068  106.84891416599      158.0977     20 08 05 07 00 00 00   1.25
59434  22710.00   -1836969.5001  6065616.9150  -716257.9358   -6.49105562726  106.84891417943      158.0999     20 08 05 07 00 00 00   1.25
59434  22740.00   -1836969.5026  6065616.9125  -716257.9364   -6.49105563469  106.84891420781      158.0982     20 08 05 07 00 00 00   1.25
59434  22770.00   -1836969.5054  6065616.9111  -716257.9382   -6.49105565137  106.84891423604      158.0980     20 08 05 07 00 00 00   1.25
59434  22800.00   -1836969.5083  6065616.9156  -716257.9374   -6.49105563921  106.84891424916      158.1030     21 09 05 07 00 00 00   1.24
59434  22830.00   -1836969.5054  6065616.9154  -716257.9354   -6.49105562180  106.84891422473      158.1017     22 10 05 07 00 00 00   1.14
59434  22860.00   -1836969.5059  6065616.9187  -716257.9380   -6.49105564234  106.84891422065      158.1054     21 10 04 07 00 00 00   1.17
59434  22890.00   -1836969.5080  6065616.9292  -716257.9330   -6.49105558625  106.84891421147      158.1154     22 10 05 07 00 00 00   1.14
59434  22920.00   -1836969.5053  6065616.9177  -716257.9337   -6.49105560415  106.84891421740      158.1037     22 10 05 07 00 00 00   1.14
59434  22950.00   -1836969.5048  6065616.9121  -716257.9331   -6.49105560509  106.84891422839      158.0982     22 10 05 07 00 00 00   1.15
59434  22980.00   -1836969.4990  6065616.9074  -716257.9299   -6.49105558228  106.84891419021      158.0916     22 10 05 07 00 00 00   1.15
59434  23010.00   -1836969.5015  6065616.9086  -716257.9334   -6.49105561192  106.84891420877      158.0939     22 10 05 07 00 00 00   1.15
59434  23040.00   -1836969.4985  6065616.9061  -716257.9337   -6.49105561792  106.84891418946      158.0908     22 10 05 07 00 00 00   1.15
59434  23070.00   -1836969.4984  6065616.9088  -716257.9339   -6.49105561683  106.84891418172      158.0933     21 09 05 07 00 00 00   1.20
59434  23100.00   -1836969.5051  6065616.9169  -716257.9330   -6.49105559912  106.84891421839      158.1029     21 09 05 07 00 00 00   1.20
59434  23130.00   -1836969.5030  6065616.9154  -716257.9311   -6.49105558382  106.84891420414      158.1006     21 09 05 07 00 00 00   1.21
59434  23160.00   -1836969.5031  6065616.9153  -716257.9375   -6.49105564176  106.84891420504      158.1012     21 09 05 07 00 00 00   1.21
59434  23190.00   -1836969.5032  6065616.9147  -716257.9338   -6.49105560875  106.84891420794      158.1003     21 09 05 07 00 00 00   1.21
59434  23220.00   -1836969.4962  6065616.9160  -716257.9312   -6.49105558655  106.84891414314      158.0992     21 09 05 07 00 00 00   1.21
59434  23250.00   -1836969.4979  6065616.9195  -716257.9308   -6.49105557860  106.84891414920      158.1029     21 09 05 07 00 00 00   1.21
59434  23280.00   -1836969.4941  6065616.9182  -716257.9271   -6.49105554800  106.84891411942      158.1002     21 09 05 07 00 00 00   1.22
59434  23310.00   -1836969.4974  6065616.9219  -716257.9319   -6.49105558628  106.84891413813      158.1053     21 09 05 07 00 00 00   1.22
59434  23340.00   -1836969.5008  6065616.9258  -716257.9306   -6.49105557042  106.84891415808      158.1098     21 09 05 07 00 00 00   1.22
59434  23370.00   -1836969.5025  6065616.9407  -716257.9299   -6.49105554859  106.84891413377      158.1244     21 09 05 07 00 00 00   1.22
59434  23400.00   -1836969.4984  6065616.9337  -716257.9253   -6.49105551540  106.84891411603      158.1159     21 09 05 07 00 00 00   1.23
59434  23430.00   -1836969.4925  6065616.9316  -716257.9223   -6.49105549219  106.84891407068      158.1120     21 09 05 07 00 00 00   1.23
59434  23460.00   -1836969.4915  6065616.9344  -716257.9205   -6.49105547338  106.84891405454      158.1141     21 09 05 07 00 00 00   1.23
59434  23490.00   -1836969.4905  6065616.9355  -716257.9162   -6.49105543419  106.84891404266      158.1144     21 09 05 07 00 00 00   1.23
59434  23520.00   -1836969.4911  6065616.9367  -716257.9185   -6.49105545331  106.84891404540      158.1160     21 09 05 07 00 00 00   1.23
59434  23550.00   -1836969.4928  6065616.9382  -716257.9222   -6.49105548466  106.84891405550      158.1183     21 09 05 07 00 00 00   1.24
59434  23580.00   -1836969.4910  6065616.9395  -716257.9232   -6.49105549306  106.84891403676      158.1191     21 09 05 07 00 00 00   1.24
59434  23610.00   -1836969.4916  6065616.9338  -716257.9211   -6.49105548002  106.84891405727      158.1137     21 09 05 07 00 00 00   1.24
59434  23640.00   -1836969.4928  6065616.9364  -716257.9215   -6.49105548019  106.84891406090      158.1165     21 09 05 07 00 00 00   1.24
59434  23670.00   -1836969.4965  6065616.9397  -716257.9246   -6.49105550394  106.84891408369      158.1211     21 09 05 07 00 00 00   1.24
59434  23700.00   -1836969.4959  6065616.9413  -716257.9238   -6.49105549559  106.84891407437      158.1223     21 09 05 07 00 00 00   1.25
59434  23730.00   -1836969.4966  6065616.9338  -716257.9247   -6.49105551057  106.84891410058      158.1155     21 09 05 07 00 00 00   1.25
59434  23760.00   -1836969.4950  6065616.9277  -716257.9235   -6.49105550636  106.84891410261      158.1092     21 09 05 07 00 00 00   1.25
59434  23790.00   -1836969.4904  6065616.9232  -716257.9236   -6.49105551322  106.84891407416      158.1035     21 09 05 07 00 00 00   1.25
59434  23820.00   -1836969.4951  6065616.9235  -716257.9260   -6.49105553285  106.84891411473      158.1055     21 09 05 07 00 00 00   1.25
59434  23850.00   -1836969.4980  6065616.9247  -716257.9207   -6.49105548268  106.84891413655      158.1068     21 09 05 07 00 00 00   1.26
59434  23880.00   -1836969.4983  6065616.9126  -716257.9209   -6.49105549679  106.84891417055      158.0954     21 09 05 07 00 00 00   1.26
59434  23910.00   -1836969.4970  6065616.9140  -716257.9203   -6.49105549058  106.84891415576      158.0963     21 09 05 07 00 00 00   1.26
59434  23940.00   -1836969.4997  6065616.9116  -716257.9215   -6.49105550295  106.84891418527      158.0949     21 09 05 07 00 00 00   1.26
59434  23970.00   -1836969.4948  6065616.9094  -716257.9180   -6.49105547504  106.84891414845      158.0910     20 08 05 07 00 00 00   1.31
59434  24000.00   -1836969.4973  6065616.9074  -716257.9257   -6.49105554557  106.84891417536      158.0907     20 08 05 07 00 00 00   1.32
59434  24030.00   -1836969.5049  6065616.9099  -716257.9276   -6.49105555730  106.84891423436      158.0955     20 08 05 07 00 00 00   1.32
59434  24060.00   -1836969.5086  6065616.9170  -716257.9296   -6.49105556750  106.84891424840      158.1035     20 08 05 07 00 00 00   1.32
59434  24090.00   -1836969.5074  6065616.9210  -716257.9292   -6.49105556027  106.84891422748      158.1070     20 08 05 07 00 00 00   1.32
59434  24120.00   -1836969.5032  6065616.9123  -716257.9229   -6.49105551370  106.84891421399      158.0968     20 08 05 07 00 00 00   1.33
59434  24150.00   -1836969.5039  6065616.9150  -716257.9273   -6.49105555009  106.84891421321      158.1000     20 08 05 07 00 00 00   1.33
59434  24180.00   -1836969.5000  6065616.9183  -716257.9270   -6.49105554569  106.84891417036      158.1020     20 08 05 07 00 00 00   1.33
59434  24210.00   -1836969.4981  6065616.9135  -716257.9244   -6.49105552762  106.84891416679      158.0966     20 08 05 07 00 00 00   1.33
59434  24240.00   -1836969.4971  6065616.9128  -716257.9241   -6.49105552551  106.84891415958      158.0956     20 08 05 07 00 00 00   1.33
59434  24270.00   -1836969.4963  6065616.9132  -716257.9218   -6.49105550471  106.84891415163      158.0955     20 08 05 07 00 00 00   1.34
59434  24300.00   -1836969.5013  6065616.9213  -716257.9270   -6.49105554195  106.84891417368      158.1053     20 08 05 07 00 00 00   1.34
59434  24330.00   -1836969.5043  6065616.9345  -716257.9290   -6.49105554576  106.84891416537      158.1189     20 08 05 07 00 00 00   1.34
59434  24360.00   -1836969.5097  6065616.9400  -716257.9362   -6.49105560371  106.84891419723      158.1265     20 08 05 07 00 00 00   1.34
59434  24390.00   -1836969.5140  6065616.9420  -716257.9413   -6.49105564632  106.84891422968      158.1302     20 08 05 07 00 00 00   1.34
59434  24420.00   -1836969.5087  6065616.9368  -716257.9411   -6.49105565167  106.84891419747      158.1237     20 08 05 07 00 00 00   1.35
59434  24450.00   -1836969.5078  6065616.9341  -716257.9360   -6.49105560844  106.84891419697      158.1203     20 08 05 07 00 00 00   1.35
59434  24480.00   -1836969.5037  6065616.9305  -716257.9344   -6.49105559881  106.84891417037      158.1155     20 08 05 07 00 00 00   1.35
59434  24510.00   -1836969.5023  6065616.9368  -716257.9328   -6.49105557864  106.84891414182      158.1209     20 08 05 07 00 00 00   1.35
59434  24540.00   -1836969.5045  6065616.9303  -716257.9330   -6.49105558622  106.84891417781      158.1154     20 08 05 07 00 00 00   1.35
59434  24570.00   -1836969.5061  6065616.9228  -716257.9325   -6.49105558904  106.84891421154      158.1086     20 08 05 07 00 00 00   1.35
59434  24600.00   -1836969.5019  6065616.9238  -716257.9309   -6.49105557412  106.84891417191      158.1082     20 08 05 07 00 00 00   1.36
59434  24630.00   -1836969.5020  6065616.9239  -716257.9300   -6.49105556653  106.84891417273      158.1082     21 09 05 07 00 00 00   1.30
59434  24660.00   -1836969.5074  6065616.9171  -716257.9331   -6.49105559884  106.84891423808      158.1037     21 09 05 07 00 00 00   1.30
59434  24690.00   -1836969.4990  6065616.9215  -716257.9316   -6.49105558366  106.84891415341      158.1053     21 09 05 07 00 00 00   1.30
59434  24720.00   -1836969.4986  6065616.9170  -716257.9305   -6.49105557826  106.84891416146      158.1007     21 09 05 07 00 00 00   1.30
59434  24750.00   -1836969.5000  6065616.9190  -716257.9305   -6.49105557573  106.84891416828      158.1031     21 09 05 07 00 00 00   1.30
59434  24780.00   -1836969.4940  6065616.9174  -716257.9297   -6.49105557189  106.84891412082      158.0997     21 09 05 07 00 00 00   1.31
59434  24810.00   -1836969.4950  6065616.9202  -716257.9279   -6.49105555308  106.84891412168      158.1025     21 09 05 07 00 00 00   1.31
59434  24840.00   -1836969.4907  6065616.9150  -716257.9243   -6.49105552696  106.84891409838      158.0959     21 09 05 07 00 00 00   1.31
59434  24870.00   -1836969.4903  6065616.9108  -716257.9237   -6.49105552624  106.84891410591      158.0917     21 09 05 07 00 00 00   1.31
59434  24900.00   -1836969.4886  6065616.9103  -716257.9240   -6.49105552985  106.84891409297      158.0908     21 09 05 07 00 00 00   1.31
59434  24930.00   -1836969.4913  6065616.9160  -716257.9248   -6.49105553032  106.84891410129      158.0971     21 09 05 07 00 00 00   1.31
59434  24960.00   -1836969.4952  6065616.9317  -716257.9246   -6.49105551252  106.84891409340      158.1131     21 09 05 07 00 00 00   1.31
59434  24990.00   -1836969.4953  6065616.9293  -716257.9262   -6.49105552909  106.84891410118      158.1110     21 09 05 07 00 00 00   1.31
59434  25020.00   -1836969.4991  6065616.9313  -716257.9284   -6.49105554545  106.84891412850      158.1143     21 09 05 07 00 00 00   1.31
59434  25050.00   -1836969.5048  6065616.9274  -716257.9282   -6.49105554557  106.84891418829      158.1122     21 09 05 07 00 00 00   1.31
59434  25080.00   -1836969.5058  6065616.9236  -716257.9285   -6.49105555152  106.84891420665      158.1089     21 09 05 07 00 00 00   1.31
59434  25110.00   -1836969.5009  6065616.9215  -716257.9249   -6.49105552279  106.84891416959      158.1050     21 09 05 07 00 00 00   1.32
59434  25140.00   -1836969.4972  6065616.9290  -716257.9264   -6.49105552989  106.84891411834      158.1113     21 09 05 07 00 00 00   1.32
59434  25170.00   -1836969.5026  6065616.9196  -716257.9274   -6.49105554680  106.84891418961      158.1040     21 09 05 07 00 00 00   1.32
59434  25200.00   -1836969.4982  6065616.9169  -716257.9240   -6.49105551996  106.84891415849      158.0998     21 09 05 07 00 00 00   1.32
59434  25230.00   -1836969.5038  6065616.9276  -716257.9230   -6.49105549941  106.84891417913      158.1115     20 08 05 07 00 00 00   1.37
59434  25260.00   -1836969.5061  6065616.9253  -716257.9278   -6.49105554379  106.84891420509      158.1105     20 08 05 07 00 00 00   1.37
59434  25290.00   -1836969.5018  6065616.9297  -716257.9244   -6.49105551035  106.84891415611      158.1131     20 08 05 07 00 00 00   1.37
59434  25320.00   -1836969.5068  6065616.9265  -716257.9268   -6.49105553316  106.84891420737      158.1118     20 08 05 07 00 00 00   1.37
59434  25350.00   -1836969.5064  6065616.9384  -716257.9306   -6.49105555623  106.84891417302      158.1233     20 08 05 07 00 00 00   1.37
59434  25380.00   -1836969.5111  6065616.9457  -716257.9277   -6.49105552124  106.84891419460      158.1313     20 08 05 07 00 00 00   1.37
59434  25410.00   -1836969.5056  6065616.9379  -716257.9273   -6.49105552708  106.84891416743      158.1223     20 08 05 07 00 00 00   1.37
59434  25440.00   -1836969.5019  6065616.9308  -716257.9284   -6.49105554508  106.84891415432      158.1147     20 08 05 07 00 00 00   1.37
59434  25470.00   -1836969.5071  6065616.9426  -716257.9303   -6.49105554942  106.84891416796      158.1275     20 08 05 07 00 00 00   1.37
59434  25500.00   -1836969.5136  6065616.9432  -716257.9336   -6.49105557622  106.84891422298      158.1303     20 08 05 07 00 00 00   1.37
59434  25530.00   -1836969.5146  6065616.9406  -716257.9318   -6.49105556207  106.84891423851      158.1280     20 08 05 07 00 00 00   1.37
59434  25560.00   -1836969.5175  6065616.9439  -716257.9317   -6.49105555775  106.84891425502      158.1319     20 08 05 07 00 00 00   1.37
59434  25590.00   -1836969.5183  6065616.9534  -716257.9342   -6.49105557035  106.84891423671      158.1415     20 08 05 07 00 00 00   1.37
59434  25620.00   -1836969.5159  6065616.9481  -716257.9329   -6.49105556456  106.84891423023      158.1356     20 08 05 07 00 00 00   1.37
59434  25650.00   -1836969.5142  6065616.9474  -716257.9341   -6.49105557644  106.84891421720      158.1346     20 08 05 07 00 00 00   1.37
59434  25680.00   -1836969.5100  6065616.9373  -716257.9295   -6.49105554656  106.84891420709      158.1232     20 08 05 07 00 00 00   1.37
59434  25710.00   -1836969.5096  6065616.9449  -716257.9302   -6.49105554547  106.84891418401      158.1304     20 08 05 07 00 00 00   1.37
59434  25740.00   -1836969.5069  6065616.9339  -716257.9332   -6.49105558391  106.84891418913      158.1195     20 08 05 07 00 00 00   1.37
59434  25770.00   -1836969.5143  6065616.9466  -716257.9321   -6.49105555957  106.84891421969      158.1336     20 08 05 07 00 00 00   1.37
59434  25800.00   -1836969.5105  6065616.9451  -716257.9305   -6.49105554780  106.84891419104      158.1309     20 08 05 07 00 00 00   1.36
59434  25830.00   -1836969.5105  6065616.9410  -716257.9279   -6.49105552808  106.84891420179      158.1267     20 08 05 07 00 00 00   1.36
59434  25860.00   -1836969.5092  6065616.9465  -716257.9313   -6.49105555345  106.84891417572      158.1320     20 08 05 07 00 00 00   1.36
59434  25890.00   -1836969.5070  6065616.9394  -716257.9249   -6.49105550398  106.84891417544      158.1239     20 08 05 07 00 00 00   1.36
59434  25920.00   -1836969.5043  6065616.9307  -716257.9272   -6.49105553404  106.84891417544      158.1151     20 08 05 07 00 00 00   1.36
59434  25950.00   -1836969.5076  6065616.9346  -716257.9275   -6.49105553157  106.84891419314      158.1198     20 08 05 07 00 00 00   1.36
59434  25980.00   -1836969.5082  6065616.9345  -716257.9256   -6.49105551454  106.84891419903      158.1196     20 08 05 07 00 00 00   1.36
59434  26010.00   -1836969.5059  6065616.9280  -716257.9228   -6.49105549620  106.84891419592      158.1124     20 08 05 07 00 00 00   1.36
59434  26040.00   -1836969.4998  6065616.9273  -716257.9195   -6.49105546894  106.84891414521      158.1097     21 09 05 07 00 00 00   1.30
59434  26070.00   -1836969.5024  6065616.9339  -716257.9236   -6.49105549869  106.84891415050      158.1172     21 09 05 07 00 00 00   1.30
59434  26100.00   -1836969.4996  6065616.9339  -716257.9225   -6.49105548997  106.84891412632      158.1162     21 09 05 07 00 00 00   1.30
59434  26130.00   -1836969.5049  6065616.9406  -716257.9255   -6.49105550817  106.84891415407      158.1245     21 09 05 07 00 00 00   1.30
59434  26160.00   -1836969.5010  6065616.9432  -716257.9270   -6.49105552096  106.84891411418      158.1260     21 09 05 07 00 00 00   1.30
59434  26190.00   -1836969.5022  6065616.9389  -716257.9237   -6.49105549526  106.84891413553      158.1219     21 09 05 07 00 00 00   1.29
59434  26220.00   -1836969.5017  6065616.9386  -716257.9237   -6.49105549488  106.84891413183      158.1215     21 09 05 07 00 00 00   1.29
59434  26250.00   -1836969.4958  6065616.9242  -716257.9174   -6.49105545419  106.84891411903      158.1053     21 09 05 07 00 00 00   1.29
59434  26280.00   -1836969.4953  6065616.9195  -716257.9154   -6.49105544117  106.84891412670      158.1005     20 07 06 07 00 00 00   1.47
59434  26310.00   -1836969.4976  6065616.9181  -716257.9164   -6.49105545141  106.84891415044      158.0999     20 07 06 07 00 00 00   1.47
59434  26340.00   -1836969.4955  6065616.9097  -716257.9147   -6.49105544459  106.84891415386      158.0911     20 07 06 07 00 00 00   1.46
59434  26370.00   -1836969.4985  6065616.9059  -716257.9135   -6.49105543704  106.84891418976      158.0883     20 07 06 07 00 00 00   1.46
59434  26400.00   -1836969.4996  6065616.9050  -716257.9185   -6.49105548246  106.84891420216      158.0883     20 07 06 07 00 00 00   1.46
59434  26430.00   -1836969.4958  6065616.9047  -716257.9194   -6.49105549206  106.84891416969      158.0870     20 07 06 07 00 00 00   1.45
59434  26460.00   -1836969.4933  6065616.9005  -716257.9177   -6.49105548125  106.84891415858      158.0821     20 07 06 07 00 00 00   1.45
59434  26490.00   -1836969.4915  6065616.8977  -716257.9138   -6.49105544952  106.84891415092      158.0785     20 07 06 07 00 00 00   1.45
59434  26520.00   -1836969.4902  6065616.8972  -716257.9172   -6.49105548068  106.84891414092      158.0780     20 07 06 07 00 00 00   1.44
59434  26550.00   -1836969.4908  6065616.8998  -716257.9174   -6.49105547964  106.84891413896      158.0807     20 07 06 07 00 00 00   1.44
59434  26580.00   -1836969.4902  6065616.8980  -716257.9136   -6.49105544761  106.84891413900      158.0784     20 07 06 07 00 00 00   1.43
59434  26610.00   -1836969.4894  6065616.8967  -716257.9162   -6.49105547223  106.84891413491      158.0772     20 07 06 07 00 00 00   1.43
59434  26640.00   -1836969.4912  6065616.8983  -716257.9139   -6.49105544953  106.84891414656      158.0789     20 07 06 07 00 00 00   1.43
59434  26670.00   -1836969.4966  6065616.9029  -716257.9158   -6.49105546096  106.84891418170      158.0851     20 07 06 07 00 00 00   1.42
59434  26700.00   -1836969.4990  6065616.9103  -716257.9203   -6.49105549286  106.84891418298      158.0934     20 07 06 07 00 00 00   1.42
59434  26730.00   -1836969.4951  6065616.9007  -716257.9208   -6.49105550845  106.84891417450      158.0832     20 07 06 07 00 00 00   1.41
59434  26760.00   -1836969.4928  6065616.8980  -716257.9214   -6.49105551721  106.84891416142      158.0801     20 07 06 07 00 00 00   1.41
59434  26790.00   -1836969.4948  6065616.8995  -716257.9211   -6.49105551255  106.84891417423      158.0820     20 07 06 07 00 00 00   1.40
59434  26820.00   -1836969.4900  6065616.8925  -716257.9175   -6.49105548854  106.84891415138      158.0735     20 07 06 07 00 00 00   1.40
59434  26850.00   -1836969.4921  6065616.8885  -716257.9160   -6.49105547840  106.84891417977      158.0702     20 07 06 07 00 00 00   1.40
59434  26880.00   -1836969.4949  6065616.8976  -716257.9198   -6.49105550253  106.84891418063      158.0800     20 07 06 07 00 00 00   1.39
59434  26910.00   -1836969.4985  6065616.9113  -716257.9264   -6.49105554722  106.84891417558      158.0948     20 07 06 07 00 00 00   1.39
59434  26940.00   -1836969.5017  6065616.9151  -716257.9240   -6.49105552121  106.84891419361      158.0991     20 07 06 07 00 00 00   1.38
59434  26970.00   -1836969.5036  6065616.9101  -716257.9254   -6.49105553796  106.84891422293      158.0950     20 07 06 07 00 00 00   1.38
59434  27000.00   -1836969.4989  6065616.9087  -716257.9248   -6.49105553502  106.84891418633      158.0923     19 06 06 07 00 00 00   1.42
59434  27030.00   -1836969.5034  6065616.9080  -716257.9230   -6.49105551809  106.84891422644      158.0928     19 06 06 07 00 00 00   1.42
59434  27060.00   -1836969.5035  6065616.9044  -716257.9269   -6.49105555710  106.84891423708      158.0898     19 06 06 07 00 00 00   1.41
59434  27090.00   -1836969.5028  6065616.9119  -716257.9296   -6.49105557368  106.84891421089      158.0970     19 06 06 07 00 00 00   1.41
59434  27120.00   -1836969.5096  6065616.9299  -716257.9366   -6.49105561759  106.84891422352      158.1169     20 07 06 07 00 00 00   1.30
59434  27150.00   -1836969.5087  6065616.9166  -716257.9363   -6.49105562842  106.84891425051      158.1039     20 07 06 07 00 00 00   1.30
59434  27180.00   -1836969.5099  6065616.9144  -716257.9380   -6.49105564472  106.84891426643      158.1024     20 07 06 07 00 00 00   1.30
59434  27210.00   -1836969.5096  6065616.9190  -716257.9423   -6.49105567937  106.84891425181      158.1071     20 07 06 07 00 00 00   1.29
59434  27240.00   -1836969.5042  6065616.9176  -716257.9407   -6.49105566750  106.84891420857      158.1041     20 07 06 07 00 00 00   1.29
59434  27270.00   -1836969.5055  6065616.9207  -716257.9370   -6.49105563116  106.84891421188      158.1071     20 07 06 07 00 00 00   1.29
59434  27300.00   -1836969.5006  6065616.9085  -716257.9413   -6.49105568303  106.84891420087      158.0945     20 07 06 07 00 00 00   1.28
59434  27330.00   -1836969.4985  6065616.9155  -716257.9434   -6.49105569622  106.84891416497      158.1008     20 07 06 07 00 00 00   1.28
59434  27360.00   -1836969.4999  6065616.9105  -716257.9439   -6.49105570472  106.84891419035      158.0965     20 07 06 07 00 00 00   1.28
59434  27390.00   -1836969.5007  6065616.9124  -716257.9434   -6.49105569804  106.84891419165      158.0985     20 07 06 07 00 00 00   1.27
59434  27420.00   -1836969.5010  6065616.9080  -716257.9438   -6.49105570584  106.84891420597      158.0944     20 07 06 07 00 00 00   1.27
59434  27450.00   -1836969.5024  6065616.9181  -716257.9471   -6.49105572505  106.84891419154      158.1047     20 07 06 07 00 00 00   1.27
59434  27480.00   -1836969.5024  6065616.9141  -716257.9463   -6.49105572239  106.84891420235      158.1009     20 07 06 07 00 00 00   1.26
59434  27510.00   -1836969.5020  6065616.9187  -716257.9490   -6.49105574188  106.84891418657      158.1054     20 07 06 07 00 00 00   1.26
59434  27540.00   -1836969.5033  6065616.9211  -716257.9473   -6.49105572408  106.84891419196      158.1079     20 08 06 06 00 00 00   1.24
59434  27570.00   -1836969.5093  6065616.9280  -716257.9513   -6.49105575145  106.84891422557      158.1167     19 08 05 06 00 00 00   1.35
59434  27600.00   -1836969.5056  6065616.9171  -716257.9462   -6.49105571724  106.84891422241      158.1046     19 08 05 06 00 00 00   1.35
59434  27630.00   -1836969.5038  6065616.9038  -716257.9459   -6.49105572839  106.84891424088      158.0915     19 08 05 06 00 00 00   1.35
59434  27660.00   -1836969.5046  6065616.9056  -716257.9466   -6.49105573215  106.84891424330      158.0935     19 08 05 06 00 00 00   1.34
59434  27690.00   -1836969.5043  6065616.8973  -716257.9451   -6.49105572697  106.84891426301      158.0853     19 08 05 06 00 00 00   1.34
59434  27720.00   -1836969.5045  6065616.9050  -716257.9436   -6.49105570591  106.84891424402      158.0925     19 08 05 06 00 00 00   1.33
59434  27750.00   -1836969.5085  6065616.9034  -716257.9436   -6.49105570632  106.84891428252      158.0922     19 08 05 06 00 00 00   1.33
59434  27780.00   -1836969.5071  6065616.8967  -716257.9368   -6.49105565232  106.84891428813      158.0846     19 08 05 06 00 00 00   1.33
59434  27810.00   -1836969.5021  6065616.8750  -716257.9352   -6.49105566037  106.84891430212      158.0624     19 08 05 06 00 00 00   1.32
59434  27840.00   -1836969.5056  6065616.8780  -716257.9413   -6.49105571168  106.84891432495      158.0669     19 08 05 06 00 00 00   1.32
59434  27870.00   -1836969.5038  6065616.8729  -716257.9388   -6.49105569484  106.84891432197      158.0612     19 08 05 06 00 00 00   1.31
59434  27900.00   -1836969.5092  6065616.9062  -716257.9424   -6.49105569252  106.84891428123      158.0949     18 08 04 06 00 00 00   1.39
59434  27930.00   -1836969.5099  6065616.9211  -716257.9438   -6.49105569029  106.84891424874      158.1094     18 08 04 06 00 00 00   1.39
59434  27960.00   -1836969.5066  6065616.9231  -716257.9456   -6.49105570540  106.84891421469      158.1106     18 08 04 06 00 00 00   1.39
59434  27990.00   -1836969.5013  6065616.9154  -716257.9497   -6.49105575195  106.84891418949      158.1022     18 08 04 06 00 00 00   1.38
59434  28020.00   -1836969.5065  6065616.9279  -716257.9489   -6.49105573077  106.84891420110      158.1155     18 08 04 06 00 00 00   1.38
59434  28050.00   -1836969.5031  6065616.9295  -716257.9510   -6.49105574919  106.84891416774      158.1162     18 08 04 06 00 00 00   1.38
59434  28080.00   -1836969.4986  6065616.9242  -716257.9525   -6.49105576936  106.84891414304      158.1101     18 08 04 06 00 00 00   1.37
59434  28110.00   -1836969.4984  6065616.9196  -716257.9501   -6.49105575165  106.84891415350      158.1054     18 08 04 06 00 00 00   1.37
59434  28140.00   -1836969.5010  6065616.9192  -716257.9486   -6.49105573829  106.84891417672      158.1056     18 08 04 06 00 00 00   1.37
59434  28170.00   -1836969.4984  6065616.9182  -716257.9460   -6.49105571688  106.84891415668      158.1036     18 08 04 06 00 00 00   1.36
59434  28200.00   -1836969.5032  6065616.9259  -716257.9480   -6.49105572595  106.84891417821      158.1126     18 08 04 06 00 00 00   1.36
59434  28230.00   -1836969.5079  6065616.9426  -716257.9486   -6.49105571360  106.84891417538      158.1298     18 08 04 06 00 00 00   1.36
59434  28260.00   -1836969.5028  6065616.9297  -716257.9435   -6.49105568184  106.84891416522      158.1155     18 08 04 06 00 00 00   1.35
59434  28290.00   -1836969.5042  6065616.9238  -716257.9431   -6.49105568359  106.84891419245      158.1102     18 08 04 06 00 00 00   1.35
59434  28320.00   -1836969.5067  6065616.9296  -716257.9490   -6.49105573027  106.84891419882      158.1172     18 08 04 06 00 00 00   1.35
59434  28350.00   -1836969.5051  6065616.9259  -716257.9455   -6.49105570272  106.84891419487      158.1128     18 08 04 06 00 00 00   1.35
59434  28380.00   -1836969.5035  6065616.9272  -716257.9478   -6.49105572227  106.84891417763      158.1138     18 08 04 06 00 00 00   1.34
59434  28410.00   -1836969.5010  6065616.9298  -716257.9437   -6.49105568383  106.84891414920      158.1152     18 08 04 06 00 00 00   1.34
59434  28440.00   -1836969.5016  6065616.9317  -716257.9461   -6.49105570298  106.84891414937      158.1174     18 08 04 06 00 00 00   1.34
59434  28470.00   -1836969.5014  6065616.9214  -716257.9439   -6.49105569345  106.84891417428      158.1073     18 08 04 06 00 00 00   1.33
59434  28500.00   -1836969.5009  6065616.9093  -716257.9396   -6.49105566697  106.84891420140      158.0951     18 08 04 06 00 00 00   1.33
59434  28530.00   -1836969.5056  6065616.9162  -716257.9373   -6.49105563788  106.84891422405      158.1028     18 08 04 06 00 00 00   1.33
59434  28560.00   -1836969.5020  6065616.9237  -716257.9398   -6.49105565467  106.84891417340      158.1092     18 08 04 06 00 00 00   1.33
59434  28590.00   -1836969.4967  6065616.9190  -716257.9392   -6.49105565505  106.84891413989      158.1031     18 08 04 06 00 00 00   1.32
59434  28620.00   -1836969.4897  6065616.9029  -716257.9332   -6.49105561913  106.84891412200      158.0851     18 08 04 06 00 00 00   1.32
59434  28650.00   -1836969.4960  6065616.9222  -716257.9352   -6.49105561626  106.84891412579      158.1055     18 08 04 06 00 00 00   1.32
59434  28680.00   -1836969.4961  6065616.9219  -716257.9370   -6.49105563314  106.84891412709      158.1054     18 08 04 06 00 00 00   1.31
59434  28710.00   -1836969.4913  6065616.9233  -716257.9426   -6.49105568335  106.84891408185      158.1060     17 08 04 05 00 00 00   1.40
59434  28740.00   -1836969.4923  6065616.9156  -716257.9405   -6.49105567161  106.84891411132      158.0987     17 08 04 05 00 00 00   1.39
59434  28770.00   -1836969.5011  6065616.9285  -716257.9416   -6.49105566645  106.84891415287      158.1137     18 08 04 06 00 00 00   1.31
59434  28800.00   -1836969.5007  6065616.9191  -716257.9389   -6.49105565137  106.84891417464      158.1043     18 08 04 06 00 00 00   1.30
59434  28830.00   -1836969.4960  6065616.9168  -716257.9411   -6.49105567427  106.84891414025      158.1010     18 08 04 06 00 00 00   1.30
59434  28860.00   -1836969.4965  6065616.9026  -716257.9400   -6.49105567869  106.84891418087      158.0875     18 08 04 06 00 00 00   1.30
59434  28890.00   -1836969.4963  6065616.9086  -716257.9397   -6.49105567036  106.84891416383      158.0931     18 08 04 06 00 00 00   1.30
59434  28920.00   -1836969.5014  6065616.9126  -716257.9388   -6.49105565664  106.84891419776      158.0983     18 08 04 06 00 00 00   1.29
59434  28950.00   -1836969.4950  6065616.9103  -716257.9387   -6.49105565970  106.84891414810      158.0943     18 08 04 06 00 00 00   1.29
59434  28980.00   -1836969.5025  6065616.9247  -716257.9405   -6.49105565993  106.84891417547      158.1103     18 08 04 06 00 00 00   1.29
59434  29010.00   -1836969.5020  6065616.9206  -716257.9401   -6.49105566020  106.84891418149      158.1062     18 08 04 06 00 00 00   1.29
59434  29040.00   -1836969.4993  6065616.9273  -716257.9422   -6.49105567303  106.84891414067      158.1121     18 08 04 06 00 00 00   1.28
59434  29070.00   -1836969.4966  6065616.9156  -716257.9384   -6.49105565134  106.84891414822      158.0997     18 08 04 06 00 00 00   1.28
59434  29100.00   -1836969.5009  6065616.9105  -716257.9386   -6.49105565739  106.84891419856      158.0961     18 08 04 06 00 00 00   1.28
59434  29130.00   -1836969.4976  6065616.9151  -716257.9420   -6.49105568439  106.84891415818      158.1000     18 08 04 06 00 00 00   1.28
59434  29160.00   -1836969.4936  6065616.9115  -716257.9415   -6.49105568462  106.84891413313      158.0953     17 07 04 06 00 00 00   1.36
59434  29190.00   -1836969.4994  6065616.9150  -716257.9403   -6.49105566864  106.84891417399      158.1002     17 07 04 06 00 00 00   1.36
59434  29220.00   -1836969.5009  6065616.9160  -716257.9370   -6.49105563721  106.84891418384      158.1012     17 07 04 06 00 00 00   1.36
59434  29250.00   -1836969.4994  6065616.9076  -716257.9353   -6.49105563030  106.84891419349      158.0926     17 07 04 06 00 00 00   1.35
59434  29280.00   -1836969.5026  6065616.9190  -716257.9396   -6.49105565673  106.84891419079      158.1049     17 07 04 06 00 00 00   1.35
59434  29310.00   -1836969.5036  6065616.9168  -716257.9368   -6.49105563398  106.84891420537      158.1027     17 07 04 06 00 00 00   1.34
59434  29340.00   -1836969.5039  6065616.9149  -716257.9348   -6.49105561777  106.84891421345      158.1008     17 07 04 06 00 00 00   1.34
59434  29370.00   -1836969.5032  6065616.9090  -716257.9359   -6.49105563384  106.84891422275      158.0952     17 07 04 06 00 00 00   1.34
59434  29400.00   -1836969.4976  6065616.9121  -716257.9329   -6.49105560545  106.84891416620      158.0961     17 07 04 06 00 00 00   1.33
59434  29430.00   -1836969.4974  6065616.9276  -716257.9429   -6.49105567976  106.84891412359      158.1119     17 07 04 06 00 00 00   1.33
59434  29460.00   -1836969.5000  6065616.9352  -716257.9461   -6.49105570040  106.84891412626      158.1202     16 07 04 05 00 00 00   1.48
59434  29490.00   -1836969.5000  6065616.9386  -716257.9442   -6.49105567979  106.84891411755      158.1232     16 07 04 05 00 00 00   1.47
59434  29520.00   -1836969.5011  6065616.9367  -716257.9440   -6.49105568000  106.84891413208      158.1218     16 07 04 05 00 00 00   1.47
59434  29550.00   -1836969.5042  6065616.9253  -716257.9444   -6.49105569346  106.84891418840      158.1118     16 07 04 05 00 00 00   1.46
59434  29580.00   -1836969.5065  6065616.9213  -716257.9393   -6.49105565056  106.84891421901      158.1081     16 07 04 05 00 00 00   1.46
59434  29610.00   -1836969.5045  6065616.9138  -716257.9407   -6.49105567176  106.84891422081      158.1005     16 07 04 05 00 00 00   1.45
59434  29640.00   -1836969.5016  6065616.9100  -716257.9450   -6.49105571511  106.84891420599      158.0966     16 07 04 05 00 00 00   1.45
59434  29670.00   -1836969.5037  6065616.9084  -716257.9498   -6.49105575845  106.84891422807      158.0963     16 07 04 05 00 00 00   1.44
59434  29700.00   -1836969.5022  6065616.9002  -716257.9455   -6.49105572825  106.84891423733      158.0875     16 07 04 05 00 00 00   1.44
59434  29730.00   -1836969.4998  6065616.9065  -716257.9482   -6.49105574783  106.84891419990      158.0931     16 07 04 05 00 00 00   1.43
59434  29760.00   -1836969.4946  6065616.9002  -716257.9477   -6.49105575091  106.84891417128      158.0856     16 07 04 05 00 00 00   1.43
59434  29790.00   -1836969.5003  6065616.8973  -716257.9475   -6.49105574975  106.84891422791      158.0844     16 07 04 05 00 00 00   1.42
59434  29820.00   -1836969.4972  6065616.9208  -716257.9536   -6.49105578295  106.84891413996      158.1066     15 06 04 05 00 00 00   1.65
59434  29850.00   -1836969.4979  6065616.9175  -716257.9504   -6.49105575716  106.84891415398      158.1033     15 06 04 05 00 00 00   1.64
59434  29880.00   -1836969.4987  6065616.9248  -716257.9490   -6.49105573728  106.84891414231      158.1103     15 06 04 05 00 00 00   1.64
59434  29910.00   -1836969.4977  6065616.9199  -716257.9461   -6.49105571613  106.84891414625      158.1051     15 06 04 05 00 00 00   1.63
59434  29940.00   -1836969.5016  6065616.9175  -716257.9499   -6.49105575121  106.84891418657      158.1043     15 06 04 05 00 00 00   1.62
59434  29970.00   -1836969.4961  6065616.9182  -716257.9477   -6.49105573280  106.84891413704      158.1032     15 06 04 05 00 00 00   1.62
59434  30000.00   -1836969.5004  6065616.9127  -716257.9473   -6.49105573342  106.84891418864      158.0991     15 06 04 05 00 00 00   1.61
59434  30030.00   -1836969.5022  6065616.9073  -716257.9430   -6.49105569878  106.84891421826      158.0940     15 06 04 05 00 00 00   1.60
59434  30060.00   -1836969.5010  6065616.9115  -716257.9461   -6.49105572294  106.84891419717      158.0980     15 06 04 05 00 00 00   1.60
59434  30090.00   -1836969.5047  6065616.9146  -716257.9430   -6.49105569124  106.84891422055      158.1016     15 06 04 05 00 00 00   1.59
59434  30120.00   -1836969.5043  6065616.8999  -716257.9365   -6.49105564726  106.84891425582      158.0868     15 06 04 05 00 00 00   1.59
59434  30150.00   -1836969.5058  6065616.9115  -716257.9389   -6.49105565746  106.84891423792      158.0986     15 06 04 05 00 00 00   1.58
59434  30180.00   -1836969.5022  6065616.9238  -716257.9470   -6.49105571921  106.84891417489      158.1101     16 06 05 05 00 00 00   1.54
59434  30210.00   -1836969.4984  6065616.9205  -716257.9475   -6.49105572775  106.84891415123      158.1059     16 06 05 05 00 00 00   1.53
59434  30240.00   -1836969.5055  6065616.9256  -716257.9472   -6.49105571769  106.84891419867      158.1128     17 07 05 05 00 00 00   1.35
59434  30270.00   -1836969.5023  6065616.9263  -716257.9493   -6.49105573749  106.84891416923      158.1128     17 07 05 05 00 00 00   1.35
59434  30300.00   -1836969.5040  6065616.9260  -716257.9519   -6.49105576043  106.84891418489      158.1133     17 07 05 05 00 00 00   1.35
59434  30330.00   -1836969.5064  6065616.9294  -716257.9515   -6.49105575275  106.84891419655      158.1172     17 07 05 05 00 00 00   1.35
59434  30360.00   -1836969.5051  6065616.9247  -716257.9537   -6.49105577710  106.84891419745      158.1126     17 07 05 05 00 00 00   1.35
59434  30390.00   -1836969.5034  6065616.9228  -716257.9573   -6.49105581252  106.84891418786      158.1107     17 07 05 05 00 00 00   1.35
59434  30420.00   -1836969.4993  6065616.9223  -716257.9581   -6.49105582111  106.84891415370      158.1092     17 07 05 05 00 00 00   1.35
59434  30450.00   -1836969.5078  6065616.9223  -716257.9585   -6.49105582228  106.84891422698      158.1116     17 07 05 05 00 00 00   1.35
59434  30480.00   -1836969.5085  6065616.9227  -716257.9554   -6.49105579399  106.84891423272      158.1118     17 07 05 05 00 00 00   1.35
59434  30510.00   -1836969.5103  6065616.9264  -716257.9566   -6.49105580021  106.84891423816      158.1160     17 07 05 05 00 00 00   1.35
59434  30540.00   -1836969.5068  6065616.9281  -716257.9525   -6.49105576291  106.84891420350      158.1161     17 07 05 05 00 00 00   1.35
59434  30570.00   -1836969.5072  6065616.9276  -716257.9521   -6.49105575939  106.84891420810      158.1157     17 07 05 05 00 00 00   1.35
59434  30600.00   -1836969.5077  6065616.9299  -716257.9538   -6.49105577238  106.84891420637      158.1182     17 07 05 05 00 00 00   1.35
59434  30630.00   -1836969.5038  6065616.9191  -716257.9469   -6.49105572228  106.84891420109      158.1061     17 07 05 05 00 00 00   1.35
59434  30660.00   -1836969.5014  6065616.9207  -716257.9489   -6.49105573921  106.84891417608      158.1072     17 07 05 05 00 00 00   1.35
59434  30690.00   -1836969.5038  6065616.9257  -716257.9517   -6.49105575881  106.84891418426      158.1129     17 07 05 05 00 00 00   1.35
59434  30720.00   -1836969.5069  6065616.9186  -716257.9532   -6.49105577840  106.84891422917      158.1072     18 08 05 05 00 00 00   1.28
59434  30750.00   -1836969.5047  6065616.9173  -716257.9561   -6.49105580668  106.84891421398      158.1058     18 08 05 05 00 00 00   1.28
59434  30780.00   -1836969.5078  6065616.9268  -716257.9560   -6.49105579512  106.84891421534      158.1156     18 08 05 05 00 00 00   1.28
59434  30810.00   -1836969.5122  6065616.9283  -716257.9554   -6.49105578689  106.84891424947      158.1182     18 08 05 05 00 00 00   1.28
59434  30840.00   -1836969.5140  6065616.9355  -716257.9534   -6.49105576181  106.84891424614      158.1254     18 08 05 05 00 00 00   1.28
59434  30870.00   -1836969.5179  6065616.9402  -716257.9550   -6.49105577029  106.84891426765      158.1311     18 08 05 05 00 00 00   1.28
59434  30900.00   -1836969.5194  6065616.9313  -716257.9556   -6.49105578354  106.84891430390      158.1232     18 08 05 05 00 00 00   1.28
59434  30930.00   -1836969.5179  6065616.9356  -716257.9575   -6.49105579756  106.84891427997      158.1270     18 08 05 05 00 00 00   1.28
59434  30960.00   -1836969.5166  6065616.9363  -716257.9550   -6.49105577443  106.84891426711      158.1271     18 08 05 05 00 00 00   1.28
59434  30990.00   -1836969.5167  6065616.9415  -716257.9576   -6.49105579303  106.84891425385      158.1323     18 08 05 05 00 00 00   1.28
59434  31020.00   -1836969.5108  6065616.9351  -716257.9529   -6.49105575796  106.84891422011      158.1240     18 08 05 05 00 00 00   1.28
59434  31050.00   -1836969.5105  6065616.9345  -716257.9539   -6.49105576818  106.84891421923      158.1235     18 08 05 05 00 00 00   1.28
59434  31080.00   -1836969.5101  6065616.9312  -716257.9572   -6.49105580109  106.84891422381      158.1206     18 08 05 05 00 00 00   1.28
59434  31110.00   -1836969.5107  6065616.9408  -716257.9611   -6.49105582650  106.84891420436      158.1303     18 08 05 05 00 00 00   1.27
59434  31140.00   -1836969.5102  6065616.9347  -716257.9563   -6.49105578971  106.84891421576      158.1238     18 08 05 05 00 00 00   1.27
59434  31170.00   -1836969.5124  6065616.9362  -716257.9575   -6.49105579788  106.84891423080      158.1260     18 08 05 05 00 00 00   1.27
59434  31200.00   -1836969.5114  6065616.9267  -716257.9543   -6.49105577895  106.84891424720      158.1164     18 08 05 05 00 00 00   1.27
59434  31230.00   -1836969.5114  6065616.9255  -716257.9510   -6.49105575067  106.84891424976      158.1148     18 08 05 05 00 00 00   1.27
59434  31260.00   -1836969.5129  6065616.9331  -716257.9531   -6.49105576176  106.84891424317      158.1228     18 08 05 05 00 00 00   1.27
59434  31290.00   -1836969.5152  6065616.9335  -716257.9484   -6.49105571787  106.84891426190      158.1233     18 08 05 05 00 00 00   1.27
59434  31320.00   -1836969.5178  6065616.9300  -716257.9482   -6.49105571945  106.84891429360      158.1206     18 08 05 05 00 00 00   1.27
59434  31350.00   -1836969.5171  6065616.9316  -716257.9453   -6.49105569154  106.84891428379      158.1217     18 08 05 05 00 00 00   1.27
59434  31380.00   -1836969.5166  6065616.9389  -716257.9453   -6.49105568465  106.84891425969      158.1284     18 08 05 05 00 00 00   1.27
59434  31410.00   -1836969.5106  6065616.9326  -716257.9446   -6.49105568607  106.84891422456      158.1206     18 08 05 05 00 00 00   1.27
59434  31440.00   -1836969.5055  6065616.9319  -716257.9437   -6.49105568010  106.84891418218      158.1184     18 08 05 05 00 00 00   1.27
59434  31470.00   -1836969.5077  6065616.9334  -716257.9431   -6.49105567303  106.84891419791      158.1204     18 08 05 05 00 00 00   1.27
59434  31500.00   -1836969.5120  6065616.9363  -716257.9442   -6.49105567857  106.84891422744      158.1245     18 08 05 05 00 00 00   1.27
59434  31530.00   -1836969.5102  6065616.9300  -716257.9477   -6.49105571707  106.84891422779      158.1184     18 08 05 05 00 00 00   1.27
59434  31560.00   -1836969.5098  6065616.9262  -716257.9481   -6.49105572449  106.84891423479      158.1147     19 08 05 06 00 00 00   1.23
59434  31590.00   -1836969.5121  6065616.9259  -716257.9499   -6.49105574017  106.84891425559      158.1153     19 08 05 06 00 00 00   1.23
59434  31620.00   -1836969.5142  6065616.9353  -716257.9465   -6.49105569995  106.84891424881      158.1245     19 08 05 06 00 00 00   1.22
59434  31650.00   -1836969.5131  6065616.9303  -716257.9466   -6.49105570624  106.84891425211      158.1194     19 08 05 06 00 00 00   1.22
59434  31680.00   -1836969.5166  6065616.9382  -716257.9466   -6.49105569667  106.84891426169      158.1279     19 08 05 06 00 00 00   1.22
59434  31710.00   -1836969.5145  6065616.9409  -716257.9492   -6.49105571806  106.84891423628      158.1302     19 08 05 06 00 00 00   1.22
59434  31740.00   -1836969.5178  6065616.9416  -716257.9505   -6.49105572859  106.84891426342      158.1319     19 08 05 06 00 00 00   1.22
59434  31770.00   -1836969.5254  6065616.9461  -716257.9508   -6.49105572408  106.84891431750      158.1385     19 08 05 06 00 00 00   1.22
59434  31800.00   -1836969.5221  6065616.9389  -716257.9463   -6.49105569184  106.84891430773      158.1302     19 08 05 06 00 00 00   1.22
59434  31830.00   -1836969.5196  6065616.9361  -716257.9427   -6.49105566277  106.84891429362      158.1264     19 08 05 06 00 00 00   1.22
59434  31860.00   -1836969.5230  6065616.9389  -716257.9456   -6.49105568546  106.84891431557      158.1303     19 08 05 06 00 00 00   1.22
59434  31890.00   -1836969.5233  6065616.9372  -716257.9459   -6.49105568931  106.84891432255      158.1288     19 08 05 06 00 00 00   1.22
59434  31920.00   -1836969.5259  6065616.9314  -716257.9495   -6.49105572693  106.84891436040      158.1244     19 08 05 06 00 00 00   1.22
59434  31950.00   -1836969.5239  6065616.9370  -716257.9479   -6.49105570778  106.84891432803      158.1290     19 08 05 06 00 00 00   1.22
59434  31980.00   -1836969.5229  6065616.9413  -716257.9496   -6.49105571936  106.84891430792      158.1331     19 08 05 06 00 00 00   1.22
59434  32010.00   -1836969.5262  6065616.9424  -716257.9466   -6.49105569005  106.84891433384      158.1347     19 08 05 06 00 00 00   1.22
59434  32040.00   -1836969.5249  6065616.9445  -716257.9448   -6.49105567270  106.84891431703      158.1361     19 08 05 06 00 00 00   1.22
59434  32070.00   -1836969.5232  6065616.9410  -716257.9432   -6.49105566153  106.84891431156      158.1321     19 08 05 06 00 00 00   1.21
59434  32100.00   -1836969.5229  6065616.9346  -716257.9423   -6.49105566048  106.84891432539      158.1259     19 08 05 06 00 00 00   1.21
59434  32130.00   -1836969.5206  6065616.9380  -716257.9421   -6.49105565533  106.84891429690      158.1283     19 08 05 06 00 00 00   1.21
59434  32160.00   -1836969.5239  6065616.9355  -716257.9418   -6.49105565446  106.84891433243      158.1270     19 08 05 06 00 00 00   1.21
59434  32190.00   -1836969.5256  6065616.9412  -716257.9408   -6.49105563969  106.84891433139      158.1327     19 08 05 06 00 00 00   1.21
59434  32220.00   -1836969.5244  6065616.9415  -716257.9441   -6.49105566932  106.84891432048      158.1330     19 08 05 06 00 00 00   1.21
59434  32250.00   -1836969.5209  6065616.9408  -716257.9476   -6.49105570266  106.84891429191      158.1317     18 08 04 06 00 00 00   1.30
59434  32280.00   -1836969.5161  6065616.9406  -716257.9475   -6.49105570306  106.84891425160      158.1302     18 08 04 06 00 00 00   1.30
59434  32310.00   -1836969.5142  6065616.9369  -716257.9462   -6.49105569543  106.84891424445      158.1260     18 08 04 06 00 00 00   1.30
59434  32340.00   -1836969.5129  6065616.9376  -716257.9477   -6.49105570896  106.84891423183      158.1264     18 08 04 06 00 00 00   1.30
59434  32370.00   -1836969.5124  6065616.9324  -716257.9494   -6.49105572866  106.84891424019      158.1215     18 08 04 06 00 00 00   1.30
59434  32400.00   -1836969.5148  6065616.9346  -716257.9462   -6.49105569734  106.84891425584      158.1239     18 08 04 06 00 00 00   1.30
59434  32430.00   -1836969.5156  6065616.9361  -716257.9478   -6.49105571051  106.84891425889      158.1258     18 08 04 06 00 00 00   1.30
59434  32460.00   -1836969.5091  6065616.9296  -716257.9496   -6.49105573424  106.84891421967      158.1180     18 08 04 06 00 00 00   1.30
59434  32490.00   -1836969.5111  6065616.9267  -716257.9418   -6.49105566667  106.84891424417      158.1149     18 08 04 06 00 00 00   1.30
59434  32520.00   -1836969.5084  6065616.9220  -716257.9466   -6.49105571554  106.84891423361      158.1102     18 08 04 06 00 00 00   1.30
59434  32550.00   -1836969.5111  6065616.9313  -716257.9441   -6.49105568342  106.84891423223      158.1195     18 08 04 06 00 00 00   1.30
59434  32580.00   -1836969.5151  6065616.9367  -716257.9479   -6.49105571038  106.84891425283      158.1262     18 08 04 06 00 00 00   1.30
59434  32610.00   -1836969.5143  6065616.9361  -716257.9504   -6.49105573393  106.84891424718      158.1256     18 08 04 06 00 00 00   1.30
59434  32640.00   -1836969.5169  6065616.9303  -716257.9480   -6.49105571725  106.84891428551      158.1207     18 08 04 06 00 00 00   1.30
59434  32670.00   -1836969.5183  6065616.9363  -716257.9490   -6.49105571965  106.84891428172      158.1268     18 08 04 06 00 00 00   1.30
59434  32700.00   -1836969.5122  6065616.9357  -716257.9500   -6.49105573172  106.84891423078      158.1246     18 08 04 06 00 00 00   1.29
59434  32730.00   -1836969.5190  6065616.9342  -716257.9475   -6.49105570863  106.84891429330      158.1249     18 08 04 06 00 00 00   1.29
59434  32760.00   -1836969.5190  6065616.9385  -716257.9507   -6.49105573254  106.84891428166      158.1293     18 08 04 06 00 00 00   1.29
59434  32790.00   -1836969.5187  6065616.9352  -716257.9513   -6.49105574136  106.84891428764      158.1262     18 08 04 06 00 00 00   1.29
59434  32820.00   -1836969.5208  6065616.9366  -716257.9501   -6.49105572919  106.84891430228      158.1280     18 08 04 06 00 00 00   1.29
59434  32850.00   -1836969.5180  6065616.9337  -716257.9514   -6.49105574379  106.84891428578      158.1246     18 08 04 06 00 00 00   1.29
59434  32880.00   -1836969.5190  6065616.9302  -716257.9520   -6.49105575298  106.84891430342      158.1217     18 08 04 06 00 00 00   1.29
59434  32910.00   -1836969.5158  6065616.9290  -716257.9491   -6.49105572886  106.84891427878      158.1193     18 08 04 06 00 00 00   1.29
59434  32940.00   -1836969.5118  6065616.9393  -716257.9527   -6.49105575180  106.84891421781      158.1283     18 08 04 06 00 00 00   1.29
59434  32970.00   -1836969.5116  6065616.9391  -716257.9484   -6.49105571384  106.84891421643      158.1275     18 08 04 06 00 00 00   1.29
59434  33000.00   -1836969.5148  6065616.9464  -716257.9492   -6.49105571330  106.84891422512      158.1355     19 08 05 06 00 00 00   1.28
59434  33030.00   -1836969.5097  6065616.9496  -716257.9524   -6.49105574004  106.84891417201      158.1375     19 08 05 06 00 00 00   1.27
59434  33060.00   -1836969.5091  6065616.9487  -716257.9509   -6.49105572723  106.84891416897      158.1363     19 08 05 06 00 00 00   1.27
59434  33090.00   -1836969.5098  6065616.9522  -716257.9503   -6.49105571907  106.84891416654      158.1397     19 08 05 06 00 00 00   1.27
59434  33120.00   -1836969.5076  6065616.9526  -716257.9541   -6.49105575268  106.84891414607      158.1399     19 08 05 06 00 00 00   1.27
59434  33150.00   -1836969.5014  6065616.9431  -716257.9496   -6.49105572357  106.84891411710      158.1285     19 08 05 06 00 00 00   1.27
59434  33180.00   -1836969.5073  6065616.9512  -716257.9479   -6.49105569878  106.84891414705      158.1378     19 08 05 06 00 00 00   1.27
59434  33210.00   -1836969.5073  6065616.9512  -716257.9458   -6.49105568018  106.84891414783      158.1375     19 08 05 06 00 00 00   1.27
59434  33240.00   -1836969.5057  6065616.9449  -716257.9420   -6.49105565271  106.84891414970      158.1307     19 08 05 06 00 00 00   1.27
59434  33270.00   -1836969.5073  6065616.9537  -716257.9405   -6.49105562978  106.84891414044      158.1393     19 08 05 06 00 00 00   1.27
59434  33300.00   -1836969.5110  6065616.9527  -716257.9399   -6.49105562440  106.84891417544      158.1394     19 08 05 06 00 00 00   1.26
59434  33330.00   -1836969.5111  6065616.9462  -716257.9404   -6.49105563534  106.84891419319      158.1332     19 08 05 06 00 00 00   1.26
59434  33360.00   -1836969.5122  6065616.9433  -716257.9398   -6.49105563216  106.84891421085      158.1308     19 08 05 06 00 00 00   1.26
59434  33390.00   -1836969.5133  6065616.9501  -716257.9390   -6.49105561836  106.84891420197      158.1374     19 08 05 06 00 00 00   1.26
59434  33420.00   -1836969.5092  6065616.9350  -716257.9327   -6.49105557740  106.84891420590      158.1212     19 08 05 06 00 00 00   1.26
59434  33450.00   -1836969.5067  6065616.9374  -716257.9295   -6.49105554756  106.84891417827      158.1223     19 08 05 06 00 00 00   1.26
59434  33480.00   -1836969.5066  6065616.9408  -716257.9347   -6.49105559086  106.84891416849      158.1261     19 08 05 06 00 00 00   1.26
59434  33510.00   -1836969.5085  6065616.9428  -716257.9373   -6.49105561120  106.84891417944      158.1289     19 08 05 06 00 00 00   1.25
59434  33540.00   -1836969.5075  6065616.9475  -716257.9390   -6.49105562272  106.84891415853      158.1333     19 08 05 06 00 00 00   1.25
59434  33570.00   -1836969.5043  6065616.9401  -716257.9387   -6.49105562781  106.84891415042      158.1253     20 08 06 06 00 00 00   1.20
59434  33600.00   -1836969.5045  6065616.9460  -716257.9399   -6.49105563242  106.84891413687      158.1311     20 08 06 06 00 00 00   1.20
59434  33630.00   -1836969.5097  6065616.9450  -716257.9468   -6.49105569391  106.84891418413      158.1324     20 08 06 06 00 00 00   1.20
59434  33660.00   -1836969.5118  6065616.9388  -716257.9470   -6.49105570188  106.84891421849      158.1272     20 08 06 06 00 00 00   1.20
59434  33690.00   -1836969.5118  6065616.9411  -716257.9481   -6.49105570958  106.84891421269      158.1294     20 08 06 06 00 00 00   1.20
59434  33720.00   -1836969.5127  6065616.9359  -716257.9475   -6.49105570861  106.84891423394      158.1247     20 08 06 06 00 00 00   1.20
59434  33750.00   -1836969.5143  6065616.9457  -716257.9500   -6.49105572090  106.84891422192      158.1348     19 07 06 06 00 00 00   1.23
59434  33780.00   -1836969.5157  6065616.9415  -716257.9523   -6.49105574504  106.84891424570      158.1315     19 07 06 06 00 00 00   1.23
59434  33810.00   -1836969.5087  6065616.9327  -716257.9529   -6.49105576165  106.84891420771      158.1211     19 07 06 06 00 00 00   1.23
59434  33840.00   -1836969.5090  6065616.9366  -716257.9509   -6.49105573993  106.84891420025      158.1247     19 07 06 06 00 00 00   1.23
59434  33870.00   -1836969.5112  6065616.9378  -716257.9484   -6.49105571499  106.84891421645      158.1262     19 07 06 06 00 00 00   1.23
59434  33900.00   -1836969.5084  6065616.9345  -716257.9475   -6.49105571124  106.84891420076      158.1221     19 07 06 06 00 00 00   1.23
59434  33930.00   -1836969.5064  6065616.9260  -716257.9442   -6.49105569001  106.84891420549      158.1131     19 07 06 06 00 00 00   1.23
59434  33960.00   -1836969.5086  6065616.9315  -716257.9446   -6.49105568765  106.84891421053      158.1190     19 07 06 06 00 00 00   1.23
59434  33990.00   -1836969.5093  6065616.9249  -716257.9426   -6.49105567667  106.84891423386      158.1128     18 07 05 06 00 00 00   1.28
59434  34020.00   -1836969.5075  6065616.9199  -716257.9402   -6.49105565993  106.84891423092      158.1071     18 07 05 06 00 00 00   1.28
59434  34050.00   -1836969.5014  6065616.9084  -716257.9400   -6.49105567137  106.84891420831      158.0945     18 07 05 06 00 00 00   1.28
59434  34080.00   -1836969.4996  6065616.9237  -716257.9406   -6.49105566228  106.84891415233      158.1086     18 07 05 06 00 00 00   1.28
59434  34110.00   -1836969.5003  6065616.9484  -716257.9473   -6.49105569788  106.84891409430      158.1330     19 08 05 06 00 00 00   1.22
59434  34140.00   -1836969.4953  6065616.9420  -716257.9486   -6.49105571758  106.84891406782      158.1256     19 08 05 06 00 00 00   1.22
59434  34170.00   -1836969.4969  6065616.9421  -716257.9504   -6.49105573366  106.84891408119      158.1264     19 08 05 06 00 00 00   1.22
59434  34200.00   -1836969.4973  6065616.9418  -716257.9509   -6.49105573796  106.84891408509      158.1263     19 08 05 06 00 00 00   1.22
59434  34230.00   -1836969.4993  6065616.9346  -716257.9470   -6.49105570937  106.84891412181      158.1196     19 08 05 06 00 00 00   1.22
59434  34260.00   -1836969.4968  6065616.9314  -716257.9488   -6.49105572919  106.84891410857      158.1160     19 08 05 06 00 00 00   1.22
59434  34290.00   -1836969.4981  6065616.9312  -716257.9521   -6.49105575872  106.84891412064      158.1165     19 08 05 06 00 00 00   1.22
59434  34320.00   -1836969.4989  6065616.9330  -716257.9523   -6.49105575895  106.84891412220      158.1185     19 08 05 06 00 00 00   1.23
59434  34350.00   -1836969.5004  6065616.9423  -716257.9544   -6.49105576783  106.84891411071      158.1280     19 08 05 06 00 00 00   1.23
59434  34380.00   -1836969.4974  6065616.9422  -716257.9510   -6.49105573868  106.84891408516      158.1267     19 08 05 06 00 00 00   1.23
59434  34410.00   -1836969.4983  6065616.9393  -716257.9507   -6.49105573851  106.84891410094      158.1242     18 07 05 06 00 00 00   1.31
59434  34440.00   -1836969.4961  6065616.9301  -716257.9483   -6.49105572661  106.84891410566      158.1145     18 07 05 06 00 00 00   1.32
59434  34470.00   -1836969.5012  6065616.9381  -716257.9476   -6.49105571082  106.84891412879      158.1235     18 07 05 06 00 00 00   1.32
59434  34500.00   -1836969.4942  6065616.9380  -716257.9477   -6.49105571395  106.84891406839      158.1214     18 07 05 06 00 00 00   1.32
59434  34530.00   -1836969.5016  6065616.9390  -716257.9478   -6.49105571154  106.84891412966      158.1245     18 07 05 06 00 00 00   1.32
59434  34560.00   -1836969.5063  6065616.9402  -716257.9466   -6.49105569808  106.84891416746      158.1268     18 07 05 06 00 00 00   1.32
59434  34590.00   -1836969.4975  6065616.9401  -716257.9463   -6.49105569781  106.84891409202      158.1242     18 07 05 06 00 00 00   1.32
59434  34620.00   -1836969.4969  6065616.9356  -716257.9490   -6.49105572678  106.84891409819      158.1201     18 07 05 06 00 00 00   1.33
59434  34650.00   -1836969.5005  6065616.9462  -716257.9483   -6.49105570962  106.84891410189      158.1311     18 07 05 06 00 00 00   1.33
59434  34680.00   -1836969.5035  6065616.9513  -716257.9498   -6.49105571668  106.84891411389      158.1370     17 07 05 05 00 00 00   1.35
59434  34710.00   -1836969.5051  6065616.9464  -716257.9464   -6.49105569056  106.84891414069      158.1324     17 07 05 05 00 00 00   1.35
59434  34740.00   -1836969.5100  6065616.9494  -716257.9499   -6.49105571771  106.84891417525      158.1370     17 07 05 05 00 00 00   1.35
59434  34770.00   -1836969.5033  6065616.9435  -716257.9478   -6.49105570659  106.84891413270      158.1292     17 07 05 05 00 00 00   1.35
59434  34800.00   -1836969.5018  6065616.9327  -716257.9485   -6.49105572387  106.84891414819      158.1187     17 07 05 05 00 00 00   1.35
59434  34830.00   -1836969.5034  6065616.9235  -716257.9469   -6.49105571758  106.84891418569      158.1102     17 07 05 05 00 00 00   1.36
59434  34860.00   -1836969.5026  6065616.9371  -716257.9532   -6.49105576179  106.84891414383      158.1236     17 07 05 05 00 00 00   1.36
59434  34890.00   -1836969.5012  6065616.9343  -716257.9499   -6.49105573485  106.84891413860      158.1202     17 07 05 05 00 00 00   1.36
59434  34920.00   -1836969.4967  6065616.9264  -716257.9458   -6.49105570749  106.84891412033      158.1109     17 07 05 05 00 00 00   1.36
59434  34950.00   -1836969.5019  6065616.9318  -716257.9459   -6.49105570095  106.84891415106      158.1175     17 07 05 05 00 00 00   1.36
59434  34980.00   -1836969.5003  6065616.9365  -716257.9460   -6.49105569847  106.84891412546      158.1216     17 07 05 05 00 00 00   1.37
59434  35010.00   -1836969.5011  6065616.9414  -716257.9450   -6.49105568381  106.84891411985      158.1263     17 07 05 05 00 00 00   1.37
59434  35040.00   -1836969.5038  6065616.9510  -716257.9472   -6.49105569410  106.84891411738      158.1365     17 07 05 05 00 00 00   1.37
59434  35070.00   -1836969.5043  6065616.9485  -716257.9465   -6.49105568973  106.84891412881      158.1342     17 07 05 05 00 00 00   1.37
59434  35100.00   -1836969.5029  6065616.9448  -716257.9464   -6.49105569260  106.84891412642      158.1302     17 07 05 05 00 00 00   1.37
59434  35130.00   -1836969.5042  6065616.9523  -716257.9488   -6.49105570699  106.84891411736      158.1380     17 07 05 05 00 00 00   1.38
59434  35160.00   -1836969.5063  6065616.9526  -716257.9479   -6.49105569786  106.84891413499      158.1388     17 07 05 05 00 00 00   1.38
59434  35190.00   -1836969.5108  6065616.9498  -716257.9527   -6.49105574250  106.84891418102      158.1380     17 07 05 05 00 00 00   1.38
59434  35220.00   -1836969.5060  6065616.9464  -716257.9566   -6.49105578182  106.84891414845      158.1338     17 07 05 05 00 00 00   1.38
59434  35250.00   -1836969.5079  6065616.9421  -716257.9534   -6.49105575668  106.84891417658      158.1299     19 08 05 06 00 00 00   1.27
59434  35280.00   -1836969.5008  6065616.9361  -716257.9483   -6.49105571883  106.84891413084      158.1216     19 08 05 06 00 00 00   1.27
59434  35310.00   -1836969.5085  6065616.9477  -716257.9500   -6.49105572055  106.84891416719      158.1351     19 08 05 06 00 00 00   1.27
59434  35340.00   -1836969.4997  6065616.9275  -716257.9489   -6.49105573341  106.84891414376      158.1132     19 08 05 06 00 00 00   1.27
59434  35370.00   -1836969.5002  6065616.9288  -716257.9513   -6.49105575291  106.84891414478      158.1148     19 08 05 06 00 00 00   1.28
59434  35400.00   -1836969.5035  6065616.9204  -716257.9538   -6.49105578275  106.84891419484      158.1081     19 08 05 06 00 00 00   1.28
59434  35430.00   -1836969.5031  6065616.9258  -716257.9537   -6.49105577692  106.84891417801      158.1130     19 08 05 06 00 00 00   1.28
59434  35460.00   -1836969.5087  6065616.9334  -716257.9528   -6.49105575940  106.84891420619      158.1218     19 08 05 06 00 00 00   1.28
59434  35490.00   -1836969.5078  6065616.9242  -716257.9509   -6.49105575215  106.84891422217      158.1126     19 08 05 06 00 00 00   1.28
59434  35520.00   -1836969.5119  6065616.9293  -716257.9488   -6.49105572712  106.84891424441      158.1183     19 08 05 06 00 00 00   1.28
59434  35550.00   -1836969.5149  6065616.9333  -716257.9481   -6.49105571552  106.84891425987      158.1229     19 08 05 06 00 00 00   1.28
59434  35580.00   -1836969.5103  6065616.9247  -716257.9464   -6.49105571013  106.84891424317      158.1133     19 08 05 06 00 00 00   1.28
59434  35610.00   -1836969.5081  6065616.9268  -716257.9526   -6.49105576494  106.84891421779      158.1153     19 08 05 06 00 00 00   1.29
59434  35640.00   -1836969.5105  6065616.9355  -716257.9563   -6.49105578912  106.84891421626      158.1247     19 08 05 06 00 00 00   1.29
59434  35670.00   -1836969.5097  6065616.9399  -716257.9563   -6.49105578441  106.84891419806      158.1286     19 08 05 06 00 00 00   1.29
59434  35700.00   -1836969.5080  6065616.9407  -716257.9578   -6.49105579821  106.84891418141      158.1291     19 08 05 06 00 00 00   1.29
59434  35730.00   -1836969.5076  6065616.9366  -716257.9570   -6.49105579511  106.84891418805      158.1250     19 08 05 06 00 00 00   1.29
59434  35760.00   -1836969.5026  6065616.9215  -716257.9531   -6.49105577624  106.84891418462      158.1088     19 08 05 06 00 00 00   1.29
59434  35790.00   -1836969.5020  6065616.9250  -716257.9524   -6.49105576624  106.84891417040      158.1118     19 08 05 06 00 00 00   1.29
59434  35820.00   -1836969.5097  6065616.9277  -716257.9521   -6.49105575892  106.84891422992      158.1166     19 08 05 06 00 00 00   1.29
59434  35850.00   -1836969.5085  6065616.9227  -716257.9466   -6.49105571461  106.84891423239      158.1109     19 08 05 06 00 00 00   1.29
59434  35880.00   -1836969.5086  6065616.9185  -716257.9437   -6.49105569290  106.84891424397      158.1066     19 08 05 06 00 00 00   1.30
59434  35910.00   -1836969.5032  6065616.9050  -716257.9438   -6.49105570861  106.84891423256      158.0922     19 08 05 06 00 00 00   1.30
59434  35940.00   -1836969.5079  6065616.9097  -716257.9428   -6.49105569294  106.84891426160      158.0979     19 08 05 06 00 00 00   1.30
59434  35970.00   -1836969.5077  6065616.9221  -716257.9498   -6.49105574412  106.84891422741      158.1104     18 08 04 06 00 00 00   1.33
59434  36000.00   -1836969.5086  6065616.9357  -716257.9482   -6.49105571650  106.84891419969      158.1234     18 08 04 06 00 00 00   1.33
59434  36030.00   -1836969.5028  6065616.9343  -716257.9505   -6.49105574038  106.84891415235      158.1207     18 08 04 06 00 00 00   1.33
59434  36060.00   -1836969.5047  6065616.9325  -716257.9481   -6.49105571943  106.84891417349      158.1193     18 08 04 06 00 00 00   1.33
59434  36090.00   -1836969.5056  6065616.9100  -716257.9350   -6.49105562372  106.84891424043      158.0966     19 08 05 06 00 00 00   1.30
59434  36120.00   -1836969.5117  6065616.9235  -716257.9411   -6.49105566348  106.84891425842      158.1119     19 08 05 06 00 00 00   1.30
59434  36150.00   -1836969.5098  6065616.9272  -716257.9381   -6.49105563371  106.84891423213      158.1145     19 08 05 06 00 00 00   1.30
59434  36180.00   -1836969.5122  6065616.9292  -716257.9409   -6.49105565553  106.84891424709      158.1175     20 08 06 06 00 00 00   1.24
59434  36210.00   -1836969.5035  6065616.9208  -716257.9411   -6.49105566833  106.84891419367      158.1070     20 08 06 06 00 00 00   1.24
59434  36240.00   -1836969.5038  6065616.9340  -716257.9428   -6.49105567101  106.84891416183      158.1198     20 08 06 06 00 00 00   1.24
59434  36270.00   -1836969.5085  6065616.9547  -716257.9508   -6.49105572064  106.84891414814      158.1418     19 08 06 05 00 00 00   1.31
59434  36300.00   -1836969.5113  6065616.9563  -716257.9510   -6.49105572036  106.84891416810      158.1441     19 08 06 05 00 00 00   1.32
59434  36330.00   -1836969.5127  6065616.9529  -716257.9519   -6.49105573114  106.84891418962      158.1413     19 08 06 05 00 00 00   1.32
59434  36360.00   -1836969.5123  6065616.9465  -716257.9471   -6.49105569425  106.84891420264      158.1347     19 08 06 05 00 00 00   1.32
59434  36390.00   -1836969.5133  6065616.9440  -716257.9460   -6.49105568721  106.84891421850      158.1324     19 08 06 05 00 00 00   1.32
59434  36420.00   -1836969.5119  6065616.9373  -716257.9464   -6.49105569760  106.84891422340      158.1257     19 08 06 05 00 00 00   1.33
59434  36450.00   -1836969.5126  6065616.9409  -716257.9434   -6.49105566721  106.84891422054      158.1290     19 08 06 05 00 00 00   1.33
59434  36480.00   -1836969.5137  6065616.9349  -716257.9428   -6.49105566679  106.84891424543      158.1235     19 08 06 05 00 00 00   1.33
59434  36510.00   -1836969.5032  6065616.9114  -716257.9438   -6.49105570196  106.84891421635      158.0983     19 08 06 05 00 00 00   1.33
59434  36540.00   -1836969.5175  6065616.9321  -716257.9477   -6.49105571261  106.84891428567      158.1226     20 08 06 06 00 00 00   1.30
59434  36570.00   -1836969.5119  6065616.9319  -716257.9488   -6.49105572460  106.84891423745      158.1208     20 08 06 06 00 00 00   1.30
59434  36600.00   -1836969.5083  6065616.9226  -716257.9508   -6.49105575249  106.84891423105      158.1112     20 08 06 06 00 00 00   1.30
59434  36630.00   -1836969.5045  6065616.9268  -716257.9528   -6.49105576751  106.84891418710      158.1143     20 08 06 06 00 00 00   1.30
59434  36660.00   -1836969.5061  6065616.9245  -716257.9543   -6.49105578243  106.84891420739      158.1127     20 08 06 06 00 00 00   1.31
59434  36690.00   -1836969.5067  6065616.9274  -716257.9533   -6.49105577076  106.84891420410      158.1156     20 08 06 06 00 00 00   1.31
59434  36720.00   -1836969.5106  6065616.9270  -716257.9486   -6.49105572770  106.84891423966      158.1158     19 08 05 06 00 00 00   1.33
59434  36750.00   -1836969.5119  6065616.9346  -716257.9519   -6.49105574932  106.84891423047      158.1237     19 08 05 06 00 00 00   1.33
59434  36780.00   -1836969.5068  6065616.9341  -716257.9536   -6.49105576678  106.84891418809      158.1220     19 08 05 06 00 00 00   1.33
59434  36810.00   -1836969.5076  6065616.9314  -716257.9541   -6.49105577358  106.84891420197      158.1197     19 08 05 06 00 00 00   1.34
59434  36840.00   -1836969.5101  6065616.9381  -716257.9505   -6.49105573411  106.84891420568      158.1264     18 07 05 06 00 00 00   1.39
59434  36870.00   -1836969.5134  6065616.9381  -716257.9519   -6.49105574583  106.84891423444      158.1275     18 07 05 06 00 00 00   1.39
59434  36900.00   -1836969.5101  6065616.9374  -716257.9517   -6.49105574565  106.84891420746      158.1258     18 07 05 06 00 00 00   1.39
59434  36930.00   -1836969.5083  6065616.9344  -716257.9531   -6.49105576122  106.84891420026      158.1227     18 07 05 06 00 00 00   1.39
59434  36960.00   -1836969.5051  6065616.9354  -716257.9523   -6.49105575454  106.84891417009      158.1226     18 07 05 06 00 00 00   1.40
59434  36990.00   -1836969.5059  6065616.9336  -716257.9505   -6.49105573955  106.84891418159      158.1210     18 07 05 06 00 00 00   1.40
59434  37020.00   -1836969.5062  6065616.9304  -716257.9469   -6.49105571061  106.84891419253      158.1176     18 07 05 06 00 00 00   1.40
59434  37050.00   -1836969.5066  6065616.9289  -716257.9484   -6.49105572556  106.84891419999      158.1164     18 07 05 06 00 00 00   1.40
59434  37080.00   -1836969.5102  6065616.9249  -716257.9463   -6.49105570918  106.84891424170      158.1134     18 07 05 06 00 00 00   1.40
59434  37110.00   -1836969.5095  6065616.9282  -716257.9494   -6.49105573413  106.84891422657      158.1167     18 07 05 06 00 00 00   1.40
59434  37140.00   -1836969.5043  6065616.9179  -716257.9472   -6.49105572599  106.84891420825      158.1052     18 07 05 06 00 00 00   1.40
59434  37170.00   -1836969.5060  6065616.9149  -716257.9437   -6.49105569707  106.84891423100      158.1024     18 07 05 06 00 00 00   1.40
59434  37200.00   -1836969.5111  6065616.9197  -716257.9429   -6.49105568373  106.84891426264      158.1084     18 07 05 06 00 00 00   1.40
59434  37230.00   -1836969.5115  6065616.9175  -716257.9439   -6.49105569439  106.84891427172      158.1065     18 07 05 06 00 00 00   1.41
59434  37260.00   -1836969.5054  6065616.9196  -716257.9444   -6.49105569861  106.84891421352      158.1067     18 07 05 06 00 00 00   1.41
59434  37290.00   -1836969.5038  6065616.9172  -716257.9450   -6.49105570724  106.84891420615      158.1041     18 07 05 06 00 00 00   1.41
59434  37320.00   -1836969.5011  6065616.9102  -716257.9455   -6.49105571889  106.84891420091      158.0967     18 07 05 06 00 00 00   1.41
59434  37350.00   -1836969.5014  6065616.9131  -716257.9451   -6.49105571244  106.84891419654      158.0995     17 06 05 06 00 00 00   1.42
59434  37380.00   -1836969.5010  6065616.9300  -716257.9455   -6.49105569996  106.84891414844      158.1155     17 06 05 06 00 00 00   1.42
59434  37410.00   -1836969.5069  6065616.9444  -716257.9480   -6.49105570633  106.84891416194      158.1312     17 06 05 06 00 00 00   1.42
59434  37440.00   -1836969.5033  6065616.9504  -716257.9470   -6.49105569298  106.84891411493      158.1358     17 06 05 06 00 00 00   1.42
59434  37470.00   -1836969.5011  6065616.9390  -716257.9417   -6.49105565660  106.84891412553      158.1237     17 06 05 06 00 00 00   1.42
59434  37500.00   -1836969.5016  6065616.9359  -716257.9434   -6.49105567465  106.84891413782      158.1211     17 06 05 06 00 00 00   1.42
59434  37530.00   -1836969.5018  6065616.9395  -716257.9395   -6.49105563637  106.84891413020      158.1241     17 06 05 06 00 00 00   1.42
59434  37560.00   -1836969.5025  6065616.9379  -716257.9420   -6.49105566024  106.84891414105      158.1231     17 06 05 06 00 00 00   1.42
59434  37590.00   -1836969.5014  6065616.9342  -716257.9388   -6.49105563532  106.84891414101      158.1189     17 06 05 06 00 00 00   1.42
59434  37620.00   -1836969.5052  6065616.9391  -716257.9400   -6.49105564038  106.84891416042      158.1248     17 06 05 06 00 00 00   1.42
59434  37650.00   -1836969.4960  6065616.9276  -716257.9463   -6.49105571103  106.84891411163      158.1119     18 07 05 06 00 00 00   1.41
59434  37680.00   -1836969.4992  6065616.9251  -716257.9414   -6.49105566828  106.84891414546      158.1099     17 07 05 05 00 00 00   1.51
59434  37710.00   -1836969.4963  6065616.9278  -716257.9409   -6.49105566242  106.84891411344      158.1116     18 08 05 05 00 00 00   1.38
59434  37740.00   -1836969.5025  6065616.9269  -716257.9385   -6.49105563977  106.84891416952      158.1122     18 08 05 05 00 00 00   1.38
59434  37770.00   -1836969.5061  6065616.9358  -716257.9380   -6.49105562563  106.84891417739      158.1216     18 08 05 05 00 00 00   1.38
59434  37800.00   -1836969.5074  6065616.9387  -716257.9361   -6.49105560528  106.84891418108      158.1246     18 08 05 05 00 00 00   1.38
59434  37830.00   -1836969.5077  6065616.9291  -716257.9360   -6.49105561309  106.84891420840      158.1155     18 08 05 05 00 00 00   1.38
59434  37860.00   -1836969.5112  6065616.9337  -716257.9351   -6.49105559947  106.84891422706      158.1208     18 08 05 05 00 00 00   1.38
59434  37890.00   -1836969.5142  6065616.9275  -716257.9345   -6.49105559947  106.84891426887      158.1157     18 08 05 05 00 00 00   1.38
59434  37920.00   -1836969.5091  6065616.9184  -716257.9340   -6.49105560550  106.84891424862      158.1056     18 08 05 05 00 00 00   1.38
59434  37950.00   -1836969.5038  6065616.9168  -716257.9361   -6.49105562707  106.84891420733      158.1027     18 08 05 05 00 00 00   1.38
59434  37980.00   -1836969.4987  6065616.9159  -716257.9348   -6.49105561827  106.84891416566      158.1002     18 08 05 05 00 00 00   1.38
59434  38010.00   -1836969.5007  6065616.9112  -716257.9371   -6.49105564312  106.84891419488      158.0966     18 08 05 05 00 00 00   1.38
59434  38040.00   -1836969.4992  6065616.9123  -716257.9414   -6.49105568074  106.84891417944      158.0978     18 08 05 05 00 00 00   1.38
59434  38070.00   -1836969.4898  6065616.9027  -716257.9374   -6.49105565721  106.84891412338      158.0854     18 08 05 05 00 00 00   1.38
59434  38100.00   -1836969.4942  6065616.9132  -716257.9368   -6.49105564048  106.84891413321      158.0966     18 08 05 05 00 00 00   1.38
59434  38130.00   -1836969.5033  6065616.9141  -716257.9388   -6.49105565495  106.84891421009      158.1003     18 08 05 05 00 00 00   1.38
59434  38160.00   -1836969.5006  6065616.9127  -716257.9370   -6.49105564023  106.84891419076      158.0980     17 08 04 05 00 00 00   1.47
59434  38190.00   -1836969.5015  6065616.9262  -716257.9392   -6.49105564716  106.84891416302      158.1114     17 08 04 05 00 00 00   1.47
59434  38220.00   -1836969.5080  6065616.9227  -716257.9412   -6.49105566583  106.84891422775      158.1101     17 08 04 05 00 00 00   1.47
59434  38250.00   -1836969.5080  6065616.9337  -716257.9379   -6.49105562611  106.84891419964      158.1202     17 08 04 05 00 00 00   1.48
59434  38280.00   -1836969.5071  6065616.9376  -716257.9440   -6.49105567670  106.84891418139      158.1243     17 08 04 05 00 00 00   1.48
59434  38310.00   -1836969.5024  6065616.9235  -716257.9403   -6.49105565937  106.84891417718      158.1092     17 08 04 05 00 00 00   1.48
59434  38340.00   -1836969.5035  6065616.9252  -716257.9398   -6.49105565274  106.84891418289      158.1110     17 08 04 05 00 00 00   1.48
59434  38370.00   -1836969.4955  6065616.9185  -716257.9391   -6.49105565552  106.84891413127      158.1023     17 08 04 05 00 00 00   1.49
59434  38400.00   -1836969.4955  6065616.9100  -716257.9370   -6.49105564435  106.84891415318      158.0940     17 08 04 05 00 00 00   1.49
59434  38430.00   -1836969.4980  6065616.9154  -716257.9355   -6.49105562489  106.84891416079      158.0997     17 08 04 05 00 00 00   1.49
59434  38460.00   -1836969.4966  6065616.9199  -716257.9356   -6.49105562241  106.84891413626      158.1036     17 08 04 05 00 00 00   1.49
59434  38490.00   -1836969.4964  6065616.9245  -716257.9371   -6.49105563102  106.84891412292      158.1080     17 08 04 05 00 00 00   1.49
59434  38520.00   -1836969.4977  6065616.9295  -716257.9390   -6.49105564245  106.84891412151      158.1133     17 08 04 05 00 00 00   1.50
59434  38550.00   -1836969.5032  6065616.9257  -716257.9400   -6.49105565372  106.84891417878      158.1114     16 08 04 04 00 00 00   1.60
59434  38580.00   -1836969.5034  6065616.9390  -716257.9398   -6.49105563911  106.84891414548      158.1241     16 08 04 04 00 00 00   1.60
59434  38610.00   -1836969.4981  6065616.9294  -716257.9385   -6.49105563839  106.84891412454      158.1133     16 08 04 04 00 00 00   1.60
59434  38640.00   -1836969.4959  6065616.9305  -716257.9366   -6.49105562109  106.84891410308      158.1135     16 08 04 04 00 00 00   1.60
59434  38670.00   -1836969.4997  6065616.9238  -716257.9347   -6.49105560927  106.84891415334      158.1080     16 08 04 04 00 00 00   1.61
59434  38700.00   -1836969.4967  6065616.9181  -716257.9358   -6.49105562565  106.84891414202      158.1019     16 08 04 04 00 00 00   1.61
59434  38730.00   -1836969.4941  6065616.9238  -716257.9394   -6.49105565320  106.84891410450      158.1069     16 08 04 04 00 00 00   1.61
59434  38760.00   -1836969.4954  6065616.9213  -716257.9383   -6.49105564560  106.84891412297      158.1048     16 08 04 04 00 00 00   1.61
59434  38790.00   -1836969.4966  6065616.9168  -716257.9371   -6.49105563818  106.84891414450      158.1007     16 08 04 04 00 00 00   1.61
59434  38820.00   -1836969.4922  6065616.9234  -716257.9384   -6.49105564510  106.84891408996      158.1059     16 08 04 04 00 00 00   1.61
59434  38850.00   -1836969.4985  6065616.9206  -716257.9363   -6.49105562724  106.84891415112      158.1048     16 08 04 04 00 00 00   1.62
59434  38880.00   -1836969.4999  6065616.9258  -716257.9370   -6.49105562805  106.84891415023      158.1102     16 08 04 04 00 00 00   1.62
59434  38910.00   -1836969.4952  6065616.9214  -716257.9397   -6.49105565765  106.84891412092      158.1050     17 08 04 05 00 00 00   1.59
59434  38940.00   -1836969.4968  6065616.9221  -716257.9407   -6.49105566593  106.84891413283      158.1063     17 08 04 05 00 00 00   1.60
59434  38970.00   -1836969.4952  6065616.9217  -716257.9415   -6.49105567379  106.84891411975      158.1055     17 08 04 05 00 00 00   1.60
59434  39000.00   -1836969.4984  6065616.9234  -716257.9388   -6.49105564681  106.84891414368      158.1077     17 08 04 05 00 00 00   1.60
59434  39030.00   -1836969.4986  6065616.9222  -716257.9375   -6.49105563668  106.84891414764      158.1065     17 08 04 05 00 00 00   1.60
59434  39060.00   -1836969.5008  6065616.9256  -716257.9398   -6.49105565265  106.84891415866      158.1106     17 08 04 05 00 00 00   1.60
59434  39090.00   -1836969.4966  6065616.9181  -716257.9402   -6.49105566552  106.84891414131      158.1023     17 08 04 05 00 00 00   1.60
59434  39120.00   -1836969.4996  6065616.9210  -716257.9398   -6.49105565756  106.84891415977      158.1059     17 08 04 05 00 00 00   1.60
59434  39150.00   -1836969.5012  6065616.9279  -716257.9398   -6.49105565067  106.84891415542      158.1129     17 08 04 05 00 00 00   1.61
59434  39180.00   -1836969.4995  6065616.9284  -716257.9369   -6.49105562449  106.84891413983      158.1126     17 08 04 05 00 00 00   1.61
59434  39210.00   -1836969.5049  6065616.9297  -716257.9377   -6.49105562862  106.84891418245      158.1155     17 08 04 05 00 00 00   1.61
59434  39240.00   -1836969.5014  6065616.9185  -716257.9421   -6.49105568082  106.84891418177      158.1043     17 08 04 05 00 00 00   1.61
59434  39270.00   -1836969.5056  6065616.9169  -716257.9439   -6.49105569662  106.84891422254      158.1042     17 08 04 05 00 00 00   1.61
59434  39300.00   -1836969.5062  6065616.9218  -716257.9422   -6.49105567672  106.84891421500      158.1088     17 08 04 05 00 00 00   1.61
59434  39330.00   -1836969.5059  6065616.9326  -716257.9441   -6.49105568331  106.84891418403      158.1192     17 08 04 05 00 00 00   1.61
59434  39360.00   -1836969.5120  6065616.9412  -716257.9410   -6.49105564560  106.84891421452      158.1288     17 08 04 05 00 00 00   1.61
59434  39390.00   -1836969.5122  6065616.9317  -716257.9403   -6.49105564785  106.84891424095      158.1198     17 08 04 05 00 00 00   1.61
59434  39420.00   -1836969.5073  6065616.9309  -716257.9430   -6.49105567419  106.84891420069      158.1179     17 08 04 05 00 00 00   1.61
59434  39450.00   -1836969.5068  6065616.9298  -716257.9416   -6.49105566305  106.84891419917      158.1166     17 08 04 05 00 00 00   1.61
59434  39480.00   -1836969.5056  6065616.9255  -716257.9391   -6.49105564558  106.84891419959      158.1119     17 08 04 05 00 00 00   1.61
59434  39510.00   -1836969.5050  6065616.9329  -716257.9362   -6.49105561198  106.84891417548      158.1184     17 08 04 05 00 00 00   1.61
59434  39540.00   -1836969.5101  6065616.9299  -716257.9363   -6.49105561486  106.84891422727      158.1170     17 08 04 05 00 00 00   1.61
59434  39570.00   -1836969.5062  6065616.9241  -716257.9382   -6.49105563815  106.84891420857      158.1106     17 08 04 05 00 00 00   1.61
59434  39600.00   -1836969.5066  6065616.9292  -716257.9405   -6.49105565362  106.84891419882      158.1158     17 08 04 05 00 00 00   1.61
59434  39630.00   -1836969.5092  6065616.9355  -716257.9413   -6.49105565395  106.84891420471      158.1226     17 08 04 05 00 00 00   1.61
59434  39660.00   -1836969.5043  6065616.9439  -716257.9373   -6.49105561146  106.84891414052      158.1288     17 08 04 05 00 00 00   1.61
59434  39690.00   -1836969.5051  6065616.9431  -716257.9379   -6.49105561734  106.84891414927      158.1283     18 09 04 05 00 00 00   1.55
59434  39720.00   -1836969.5091  6065616.9429  -716257.9345   -6.49105558638  106.84891418486      158.1288     18 09 04 05 00 00 00   1.55
59434  39750.00   -1836969.5025  6065616.9394  -716257.9371   -6.49105561471  106.84891413639      158.1239     18 09 04 05 00 00 00   1.55
59434  39780.00   -1836969.4999  6065616.9328  -716257.9384   -6.49105563340  106.84891413168      158.1170     18 09 04 05 00 00 00   1.55
59434  39810.00   -1836969.5053  6065616.9430  -716257.9354   -6.49105559504  106.84891415147      158.1279     18 09 04 05 00 00 00   1.55
59434  39840.00   -1836969.5085  6065616.9353  -716257.9353   -6.49105560103  106.84891419889      158.1216     18 09 04 05 00 00 00   1.55
59434  39870.00   -1836969.5059  6065616.9326  -716257.9361   -6.49105561163  106.84891418370      158.1184     18 09 04 05 00 00 00   1.55
59434  39900.00   -1836969.5013  6065616.9259  -716257.9354   -6.49105561306  106.84891416139      158.1105     18 09 04 05 00 00 00   1.55
59434  39930.00   -1836969.5009  6065616.9273  -716257.9378   -6.49105563317  106.84891415498      158.1120     18 09 04 05 00 00 00   1.55
59434  39960.00   -1836969.5024  6065616.9324  -716257.9380   -6.49105562938  106.84891415435      158.1174     18 09 04 05 00 00 00   1.55
59434  39990.00   -1836969.5015  6065616.9334  -716257.9381   -6.49105562945  106.84891414348      158.1181     18 09 04 05 00 00 00   1.55
59434  40020.00   -1836969.5028  6065616.9363  -716257.9371   -6.49105561802  106.84891414732      158.1211     18 09 04 05 00 00 00   1.55
59434  40050.00   -1836969.5060  6065616.9471  -716257.9360   -6.49105559586  106.84891414705      158.1321     18 09 04 05 00 00 00   1.55
59434  40080.00   -1836969.5082  6065616.9453  -716257.9381   -6.49105561606  106.84891417035      158.1313     18 09 04 05 00 00 00   1.55
59434  40110.00   -1836969.5059  6065616.9298  -716257.9372   -6.49105562409  106.84891419093      158.1158     18 09 04 05 00 00 00   1.54
59434  40140.00   -1836969.5060  6065616.9353  -716257.9382   -6.49105562724  106.84891417764      158.1212     18 09 04 05 00 00 00   1.54
59434  40170.00   -1836969.5128  6065616.9277  -716257.9361   -6.49105561419  106.84891425617      158.1157     18 09 04 05 00 00 00   1.54
59434  40200.00   -1836969.5089  6065616.9189  -716257.9347   -6.49105561147  106.84891424577      158.1060     18 09 04 05 00 00 00   1.54
59434  40230.00   -1836969.5055  6065616.9166  -716257.9384   -6.49105564743  106.84891422282      158.1033     18 09 04 05 00 00 00   1.54
59434  40260.00   -1836969.5064  6065616.9192  -716257.9375   -6.49105563662  106.84891422325      158.1059     18 09 04 05 00 00 00   1.54
59434  40290.00   -1836969.5105  6065616.9226  -716257.9358   -6.49105561663  106.84891425012      158.1101     18 09 04 05 00 00 00   1.53
59434  40320.00   -1836969.5118  6065616.9182  -716257.9335   -6.49105560043  106.84891427257      158.1060     18 09 04 05 00 00 00   1.53
59434  40350.00   -1836969.5087  6065616.9140  -716257.9356   -6.49105562390  106.84891425718      158.1014     18 09 04 05 00 00 00   1.53
59434  40380.00   -1836969.5080  6065616.9173  -716257.9376   -6.49105563898  106.84891424238      158.1045     18 09 04 05 00 00 00   1.53
59434  40410.00   -1836969.5048  6065616.9290  -716257.9389   -6.49105564012  106.84891418392      158.1149     17 08 04 05 00 00 00   1.63
59434  40440.00   -1836969.5059  6065616.9296  -716257.9328   -6.49105558454  106.84891419173      158.1151     17 08 04 05 00 00 00   1.63
59434  40470.00   -1836969.5077  6065616.9266  -716257.9344   -6.49105560132  106.84891421558      158.1130     17 08 04 05 00 00 00   1.63
59434  40500.00   -1836969.5097  6065616.9292  -716257.9342   -6.49105559664  106.84891422580      158.1160     17 08 04 05 00 00 00   1.63
59434  40530.00   -1836969.5092  6065616.9295  -716257.9305   -6.49105556277  106.84891422096      158.1157     17 08 04 05 00 00 00   1.62
59434  40560.00   -1836969.5088  6065616.9305  -716257.9300   -6.49105555760  106.84891421496      158.1165     17 08 04 05 00 00 00   1.62
59434  40590.00   -1836969.5038  6065616.9256  -716257.9299   -6.49105556305  106.84891418387      158.1104     17 08 04 05 00 00 00   1.62
59434  40620.00   -1836969.5000  6065616.9181  -716257.9316   -6.49105558717  106.84891417054      158.1023     17 08 04 05 00 00 00   1.62
59434  40650.00   -1836969.5039  6065616.9243  -716257.9340   -6.49105560101  106.84891418816      158.1096     17 08 04 05 00 00 00   1.62
59434  40680.00   -1836969.5007  6065616.9264  -716257.9349   -6.49105560793  106.84891415517      158.1108     17 08 04 05 00 00 00   1.62
59434  40710.00   -1836969.4961  6065616.9291  -716257.9324   -6.49105558460  106.84891410855      158.1118     17 08 04 05 00 00 00   1.61
59434  40740.00   -1836969.4979  6065616.9378  -716257.9332   -6.49105558310  106.84891410110      158.1206     17 08 04 05 00 00 00   1.61
59434  40770.00   -1836969.4993  6065616.9317  -716257.9321   -6.49105557813  106.84891412926      158.1151     17 08 04 05 00 00 00   1.61
59434  40800.00   -1836969.4997  6065616.9355  -716257.9343   -6.49105559436  106.84891412288      158.1191     17 08 04 05 00 00 00   1.61
59434  40830.00   -1836969.5016  6065616.9475  -716257.9315   -6.49105555720  106.84891410744      158.1307     17 08 04 05 00 00 00   1.61
59434  40860.00   -1836969.5041  6065616.9447  -716257.9326   -6.49105556870  106.84891413635      158.1289     17 08 04 05 00 00 00   1.60
59434  40890.00   -1836969.5023  6065616.9457  -716257.9359   -6.49105559825  106.84891411878      158.1297     17 08 04 05 00 00 00   1.60
59434  40920.00   -1836969.5033  6065616.9338  -716257.9352   -6.49105560317  106.84891415816      158.1186     17 08 04 05 00 00 00   1.60
59434  40950.00   -1836969.5115  6065616.9514  -716257.9349   -6.49105558080  106.84891418331      158.1377     17 08 04 05 00 00 00   1.60
59434  40980.00   -1836969.5096  6065616.9470  -716257.9351   -6.49105558691  106.84891417833      158.1330     17 08 04 05 00 00 00   1.59
59434  41010.00   -1836969.5093  6065616.9433  -716257.9364   -6.49105560233  106.84891418503      158.1295     17 08 04 05 00 00 00   1.59
59434  41040.00   -1836969.5112  6065616.9367  -716257.9361   -6.49105560621  106.84891421935      158.1238     17 08 04 05 00 00 00   1.59
59434  41070.00   -1836969.5094  6065616.9373  -716257.9352   -6.49105559756  106.84891420213      158.1237     17 08 04 05 00 00 00   1.59
59434  41100.00   -1836969.5104  6065616.9383  -716257.9372   -6.49105561396  106.84891420761      158.1251     17 08 04 05 00 00 00   1.58
59434  41130.00   -1836969.5063  6065616.9298  -716257.9363   -6.49105561541  106.84891419457      158.1158     17 08 04 05 00 00 00   1.58
59434  41160.00   -1836969.5105  6065616.9264  -716257.9356   -6.49105561193  106.84891424016      158.1137     17 08 04 05 00 00 00   1.58
59434  41190.00   -1836969.5089  6065616.9333  -716257.9375   -6.49105562244  106.84891420803      158.1200     17 08 04 05 00 00 00   1.57
59434  41220.00   -1836969.5127  6065616.9425  -716257.9389   -6.49105562518  106.84891421683      158.1300     17 08 04 05 00 00 00   1.57
59434  41250.00   -1836969.5150  6065616.9421  -716257.9394   -6.49105562891  106.84891423763      158.1303     17 08 04 05 00 00 00   1.57
59434  41280.00   -1836969.5161  6065616.9440  -716257.9387   -6.49105562036  106.84891424196      158.1324     17 08 04 05 00 00 00   1.56
59434  41310.00   -1836969.5167  6065616.9510  -716257.9372   -6.49105560026  106.84891422916      158.1391     17 08 04 05 00 00 00   1.56
59434  41340.00   -1836969.5143  6065616.9416  -716257.9379   -6.49105561627  106.84891423347      158.1295     17 08 04 05 00 00 00   1.56
59434  41370.00   -1836969.5175  6065616.9506  -716257.9422   -6.49105564496  106.84891423724      158.1394     17 08 04 05 00 00 00   1.55
59434  41400.00   -1836969.5176  6065616.9434  -716257.9435   -6.49105566382  106.84891425651      158.1328     17 08 04 05 00 00 00   1.55
59434  41430.00   -1836969.5183  6065616.9442  -716257.9459   -6.49105568394  106.84891426075      158.1341     17 08 04 05 00 00 00   1.55
59434  41460.00   -1836969.5140  6065616.9371  -716257.9467   -6.49105570010  106.84891424227      158.1262     17 08 04 05 00 00 00   1.54
59434  41490.00   -1836969.5141  6065616.9376  -716257.9401   -6.49105563984  106.84891424162      158.1259     17 08 04 05 00 00 00   1.54
59434  41520.00   -1836969.5170  6065616.9376  -716257.9416   -6.49105565227  106.84891426662      158.1269     17 08 04 05 00 00 00   1.54
59434  41550.00   -1836969.5133  6065616.9351  -716257.9434   -6.49105567273  106.84891424178      158.1237     17 08 04 05 00 00 00   1.53
59434  41580.00   -1836969.5125  6065616.9480  -716257.9405   -6.49105563425  106.84891420040      158.1354     17 08 04 05 00 00 00   1.53
59434  41610.00   -1836969.5116  6065616.9480  -716257.9385   -6.49105561628  106.84891419306      158.1349     17 08 04 05 00 00 00   1.53
59434  41640.00   -1836969.5149  6065616.9480  -716257.9398   -6.49105562722  106.84891422155      158.1360     17 08 04 05 00 00 00   1.52
59434  41670.00   -1836969.5148  6065616.9441  -716257.9377   -6.49105561182  106.84891423095      158.1321     17 08 04 05 00 00 00   1.52
59434  41700.00   -1836969.5146  6065616.9393  -716257.9412   -6.49105564816  106.84891424186      158.1278     17 08 04 05 00 00 00   1.51
59434  41730.00   -1836969.5176  6065616.9389  -716257.9399   -6.49105563619  106.84891426828      158.1282     17 08 04 05 00 00 00   1.51
59434  41760.00   -1836969.5129  6065616.9373  -716257.9377   -6.49105561936  106.84891423250      158.1250     17 08 04 05 00 00 00   1.51
59434  41790.00   -1836969.5173  6065616.9445  -716257.9358   -6.49105559373  106.84891425170      158.1329     17 08 04 05 00 00 00   1.50
59434  41820.00   -1836969.5188  6065616.9474  -716257.9345   -6.49105557846  106.84891425707      158.1360     17 08 04 05 00 00 00   1.50
59434  41850.00   -1836969.5168  6065616.9463  -716257.9362   -6.49105559529  106.84891424228      158.1345     17 08 04 05 00 00 00   1.50
59434  41880.00   -1836969.5146  6065616.9528  -716257.9384   -6.49105560928  106.84891420649      158.1403     17 08 04 05 00 00 00   1.49
59434  41910.00   -1836969.5193  6065616.9438  -716257.9402   -6.49105563332  106.84891427023      158.1333     17 08 04 05 00 00 00   1.49
59434  41940.00   -1836969.5167  6065616.9380  -716257.9381   -6.49105562068  106.84891426355      158.1268     17 08 04 05 00 00 00   1.48
59434  41970.00   -1836969.5142  6065616.9426  -716257.9399   -6.49105563367  106.84891422974      158.1307     17 08 04 05 00 00 00   1.48
59434  42000.00   -1836969.5112  6065616.9298  -716257.9406   -6.49105565275  106.84891423699      158.1177     17 08 04 05 00 00 00   1.48
59434  42030.00   -1836969.5175  6065616.9357  -716257.9401   -6.49105564051  106.84891427606      158.1250     17 08 04 05 00 00 00   1.47
59434  42060.00   -1836969.5112  6065616.9425  -716257.9405   -6.49105563992  106.84891420379      158.1298     17 08 04 05 00 00 00   1.47
59434  42090.00   -1836969.5095  6065616.9373  -716257.9410   -6.49105564957  106.84891420308      158.1244     17 08 04 05 00 00 00   1.46
59434  42120.00   -1836969.5093  6065616.9359  -716257.9418   -6.49105565860  106.84891420507      158.1231     17 08 04 05 00 00 00   1.46
59434  42150.00   -1836969.5101  6065616.9293  -716257.9454   -6.49105569678  106.84891422926      158.1175     17 08 04 05 00 00 00   1.46
59434  42180.00   -1836969.5108  6065616.9303  -716257.9390   -6.49105563857  106.84891423283      158.1179     17 08 04 05 00 00 00   1.45
59434  42210.00   -1836969.5109  6065616.9250  -716257.9436   -6.49105568460  106.84891424704      158.1134     17 08 04 05 00 00 00   1.45
59434  42240.00   -1836969.5149  6065616.9348  -716257.9445   -6.49105568241  106.84891425604      158.1239     17 08 04 05 00 00 00   1.44
59434  42270.00   -1836969.5182  6065616.9317  -716257.9438   -6.49105567764  106.84891429261      158.1219     17 08 04 05 00 00 00   1.44
59434  42300.00   -1836969.5169  6065616.9288  -716257.9434   -6.49105567716  106.84891428900      158.1187     17 08 04 05 00 00 00   1.44
59434  42330.00   -1836969.5145  6065616.9262  -716257.9419   -6.49105566742  106.84891427515      158.1154     17 08 04 05 00 00 00   1.43
59434  42360.00   -1836969.5146  6065616.9181  -716257.9399   -6.49105565716  106.84891429724      158.1074     17 08 04 05 00 00 00   1.43
59434  42390.00   -1836969.5146  6065616.9317  -716257.9420   -6.49105566238  106.84891426213      158.1206     17 08 04 05 00 00 00   1.43
59434  42420.00   -1836969.5125  6065616.9365  -716257.9440   -6.49105567701  106.84891423044      158.1248     17 08 04 05 00 00 00   1.42
59434  42450.00   -1836969.5146  6065616.9400  -716257.9425   -6.49105565870  106.84891424005      158.1286     18 08 04 06 00 00 00   1.32
59434  42480.00   -1836969.5192  6065616.9456  -716257.9397   -6.49105562732  106.84891426516      158.1349     18 08 04 06 00 00 00   1.32
59434  42510.00   -1836969.5197  6065616.9440  -716257.9407   -6.49105563742  106.84891427343      158.1337     18 08 04 06 00 00 00   1.32
59434  42540.00   -1836969.5132  6065616.9400  -716257.9379   -6.49105561816  106.84891422789      158.1277     18 08 04 06 00 00 00   1.32
59434  42570.00   -1836969.5166  6065616.9469  -716257.9384   -6.49105561454  106.84891423958      158.1353     18 08 04 06 00 00 00   1.32
59434  42600.00   -1836969.5192  6065616.9550  -716257.9396   -6.49105561662  106.84891424022      158.1438     18 08 04 06 00 00 00   1.32
59434  42630.00   -1836969.5123  6065616.9458  -716257.9368   -6.49105560278  106.84891420435      158.1328     18 08 04 06 00 00 00   1.31
59434  42660.00   -1836969.5156  6065616.9507  -716257.9385   -6.49105561230  106.84891422067      158.1386     18 08 04 06 00 00 00   1.31
59434  42690.00   -1836969.5153  6065616.9533  -716257.9339   -6.49105556833  106.84891421092      158.1405     18 08 04 06 00 00 00   1.31
59434  42720.00   -1836969.5175  6065616.9666  -716257.9378   -6.49105559015  106.84891419542      158.1542     18 08 04 06 00 00 00   1.31
59434  42750.00   -1836969.5152  6065616.9606  -716257.9389   -6.49105560679  106.84891419101      158.1479     18 08 04 06 00 00 00   1.31
59434  42780.00   -1836969.5180  6065616.9570  -716257.9393   -6.49105561273  106.84891422461      158.1453     18 08 04 06 00 00 00   1.30
59434  42810.00   -1836969.5137  6065616.9468  -716257.9409   -6.49105563872  106.84891421442      158.1346     18 08 04 06 00 00 00   1.30
59434  42840.00   -1836969.5144  6065616.9500  -716257.9379   -6.49105560778  106.84891421220      158.1376     18 08 04 06 00 00 00   1.30
59434  42870.00   -1836969.5130  6065616.9504  -716257.9341   -6.49105557410  106.84891419858      158.1371     18 08 04 06 00 00 00   1.30
59434  42900.00   -1836969.5136  6065616.9501  -716257.9366   -6.49105559682  106.84891420450      158.1372     18 08 04 06 00 00 00   1.30
59434  42930.00   -1836969.5152  6065616.9262  -716257.9373   -6.49105562569  106.84891428086      158.1151     18 08 04 06 00 00 00   1.29
59434  42960.00   -1836969.5095  6065616.9257  -716257.9385   -6.49105563906  106.84891423336      158.1130     18 08 04 06 00 00 00   1.29
59434  42990.00   -1836969.5123  6065616.9285  -716257.9349   -6.49105560271  106.84891425045      158.1161     18 08 04 06 00 00 00   1.29
59434  43020.00   -1836969.5141  6065616.9286  -716257.9355   -6.49105560703  106.84891426508      158.1168     18 08 04 06 00 00 00   1.29
59434  43050.00   -1836969.5120  6065616.9288  -716257.9372   -6.49105562276  106.84891424684      158.1166     18 08 04 06 00 00 00   1.29
59434  43080.00   -1836969.5089  6065616.9315  -716257.9354   -6.49105560521  106.84891421312      158.1181     18 08 04 06 00 00 00   1.29
59434  43110.00   -1836969.5094  6065616.9233  -716257.9375   -6.49105563222  106.84891423908      158.1106     18 08 04 06 00 00 00   1.28
59434  43140.00   -1836969.5072  6065616.9282  -716257.9373   -6.49105562568  106.84891420668      158.1147     19 09 04 06 00 00 00   1.23
59434  43170.00   -1836969.5057  6065616.9202  -716257.9396   -6.49105565492  106.84891421509      158.1069     19 09 04 06 00 00 00   1.23
59434  43200.00   -1836969.5076  6065616.9268  -716257.9409   -6.49105566008  106.84891421349      158.1139     19 09 04 06 00 00 00   1.23
59434  43230.00   -1836969.5070  6065616.9273  -716257.9407   -6.49105565761  106.84891420778      158.1141     19 09 04 06 00 00 00   1.23
59434  43260.00   -1836969.5043  6065616.9248  -716257.9409   -6.49105566266  106.84891419023      158.1110     19 09 04 06 00 00 00   1.23
59434  43290.00   -1836969.5040  6065616.9323  -716257.9384   -6.49105563264  106.84891416852      158.1177     19 09 04 06 00 00 00   1.22
59434  43320.00   -1836969.5066  6065616.9255  -716257.9372   -6.49105562789  106.84891420883      158.1119     19 09 04 06 00 00 00   1.22
59434  43350.00   -1836969.5063  6065616.9277  -716257.9354   -6.49105560956  106.84891420064      158.1137     19 09 04 06 00 00 00   1.22
59434  43380.00   -1836969.5067  6065616.9269  -716257.9346   -6.49105560358  106.84891420560      158.1130     19 09 04 06 00 00 00   1.22
59434  43410.00   -1836969.5031  6065616.9346  -716257.9313   -6.49105556737  106.84891415412      158.1189     20 09 05 06 00 00 00   1.14
59434  43440.00   -1836969.5064  6065616.9390  -716257.9317   -6.49105556568  106.84891417137      158.1240     20 09 05 06 00 00 00   1.14
59434  43470.00   -1836969.5088  6065616.9420  -716257.9313   -6.49105555858  106.84891418487      158.1276     20 09 05 06 00 00 00   1.14
59434  43500.00   -1836969.5037  6065616.9372  -716257.9350   -6.49105559800  106.84891415253      158.1219     20 09 05 06 00 00 00   1.14
59434  43530.00   -1836969.5033  6065616.9369  -716257.9317   -6.49105556881  106.84891415018      158.1212     20 09 05 06 00 00 00   1.14
59434  43560.00   -1836969.5051  6065616.9310  -716257.9313   -6.49105557006  106.84891418126      158.1160     20 09 05 06 00 00 00   1.14
59434  43590.00   -1836969.5022  6065616.9328  -716257.9335   -6.49105558861  106.84891415171      158.1171     20 09 05 06 00 00 00   1.14
59434  43620.00   -1836969.5081  6065616.9343  -716257.9365   -6.49105561294  106.84891419885      158.1206     20 09 05 06 00 00 00   1.14
59434  43650.00   -1836969.5101  6065616.9227  -716257.9409   -6.49105566270  106.84891424670      158.1107     20 09 05 06 00 00 00   1.14
59434  43680.00   -1836969.5105  6065616.9329  -716257.9341   -6.49105559176  106.84891422256      158.1197     19 09 04 06 00 00 00   1.15
59434  43710.00   -1836969.5111  6065616.9431  -716257.9344   -6.49105558401  106.84891420150      158.1296     19 09 04 06 00 00 00   1.15
59434  43740.00   -1836969.5099  6065616.9385  -716257.9329   -6.49105557547  106.84891420323      158.1248     19 09 04 06 00 00 00   1.15
59434  43770.00   -1836969.5085  6065616.9358  -716257.9339   -6.49105558728  106.84891419796      158.1219     19 09 04 06 00 00 00   1.15
59434  43800.00   -1836969.5084  6065616.9315  -716257.9328   -6.49105558184  106.84891420836      158.1176     19 09 04 06 00 00 00   1.15
59434  43830.00   -1836969.5071  6065616.9383  -716257.9319   -6.49105556759  106.84891417979      158.1236     19 09 04 06 00 00 00   1.15
59434  43860.00   -1836969.5033  6065616.9293  -716257.9311   -6.49105557012  106.84891417023      158.1139     19 09 04 06 00 00 00   1.15
59434  43890.00   -1836969.5039  6065616.9238  -716257.9331   -6.49105559354  106.84891418982      158.1091     19 09 04 06 00 00 00   1.15
59434  43920.00   -1836969.5043  6065616.9186  -716257.9339   -6.49105560618  106.84891420701      158.1043     19 09 04 06 00 00 00   1.15
59434  43950.00   -1836969.5069  6065616.9236  -716257.9340   -6.49105560058  106.84891421627      158.1098     19 09 04 06 00 00 00   1.15
59434  43980.00   -1836969.5052  6065616.9252  -716257.9350   -6.49105560910  106.84891419744      158.1110     19 09 04 06 00 00 00   1.15
59434  44010.00   -1836969.5056  6065616.9235  -716257.9395   -6.49105565072  106.84891420512      158.1099     19 09 04 06 00 00 00   1.15
59434  44040.00   -1836969.5090  6065616.9287  -716257.9431   -6.49105567684  106.84891422132      158.1163     19 09 04 06 00 00 00   1.16
59434  44070.00   -1836969.5100  6065616.9156  -716257.9398   -6.49105565975  106.84891426372      158.1038     18 09 03 06 00 00 00   1.22
59434  44100.00   -1836969.5117  6065616.9220  -716257.9423   -6.49105567586  106.84891426169      158.1106     18 09 03 06 00 00 00   1.22
59434  44130.00   -1836969.5141  6065616.9214  -716257.9397   -6.49105565202  106.84891428435      158.1104     18 09 03 06 00 00 00   1.22
59434  44160.00   -1836969.5164  6065616.9225  -716257.9399   -6.49105565238  106.84891430176      158.1122     18 09 03 06 00 00 00   1.22
59434  44190.00   -1836969.5160  6065616.9104  -716257.9434   -6.49105569575  106.84891432911      158.1009     17 08 03 06 00 00 00   1.27
59434  44220.00   -1836969.5161  6065616.9184  -716257.9433   -6.49105568698  106.84891430947      158.1085     17 08 03 06 00 00 00   1.27
59434  44250.00   -1836969.5157  6065616.9159  -716257.9383   -6.49105564468  106.84891431283      158.1055     17 08 03 06 00 00 00   1.27
59434  44280.00   -1836969.5145  6065616.9172  -716257.9412   -6.49105566965  106.84891429903      158.1068     17 08 03 06 00 00 00   1.27
59434  44310.00   -1836969.5165  6065616.9092  -716257.9376   -6.49105564492  106.84891433746      158.0993     17 08 03 06 00 00 00   1.27
59434  44340.00   -1836969.5145  6065616.9093  -716257.9348   -6.49105561973  106.84891431920      158.0985     17 08 03 06 00 00 00   1.27
59434  44370.00   -1836969.5126  6065616.9183  -716257.9383   -6.49105564289  106.84891427938      158.1069     17 08 03 06 00 00 00   1.27
59434  44400.00   -1836969.5126  6065616.9195  -716257.9401   -6.49105565863  106.84891427592      158.1082     17 08 03 06 00 00 00   1.27
59434  44430.00   -1836969.5107  6065616.9216  -716257.9388   -6.49105564542  106.84891425464      158.1096     17 08 03 06 00 00 00   1.27
59434  44460.00   -1836969.5062  6065616.9203  -716257.9362   -6.49105562469  106.84891421887      158.1067     17 08 03 06 00 00 00   1.27
59434  44490.00   -1836969.5057  6065616.9225  -716257.9404   -6.49105566015  106.84891420837      158.1092     17 08 03 06 00 00 00   1.27
59434  44520.00   -1836969.5093  6065616.9287  -716257.9400   -6.49105564881  106.84891422351      158.1160     17 08 03 06 00 00 00   1.26
59434  44550.00   -1836969.5137  6065616.9396  -716257.9411   -6.49105564701  106.84891423272      158.1278     17 08 03 06 00 00 00   1.26
59434  44580.00   -1836969.5122  6065616.9421  -716257.9442   -6.49105567281  106.84891421381      158.1301     17 08 03 06 00 00 00   1.26
59434  44610.00   -1836969.5153  6065616.9373  -716257.9398   -6.49105563707  106.84891425346      158.1259     17 08 03 06 00 00 00   1.26
59434  44640.00   -1836969.5153  6065616.9351  -716257.9366   -6.49105561104  106.84891425885      158.1235     16 07 03 06 00 00 00   1.37
59434  44670.00   -1836969.5188  6065616.9355  -716257.9381   -6.49105562226  106.84891428826      158.1250     16 07 03 06 00 00 00   1.37
59434  44700.00   -1836969.5142  6065616.9396  -716257.9391   -6.49105562904  106.84891423748      158.1278     16 07 03 06 00 00 00   1.37
59434  44730.00   -1836969.5182  6065616.9464  -716257.9392   -6.49105562248  106.84891425426      158.1353     16 07 03 06 00 00 00   1.37
59434  44760.00   -1836969.5218  6065616.9420  -716257.9378   -6.49105561239  106.84891429693      158.1320     16 07 03 06 00 00 00   1.36
59434  44790.00   -1836969.5201  6065616.9411  -716257.9389   -6.49105562421  106.84891428420      158.1308     16 07 03 06 00 00 00   1.36
59434  44820.00   -1836969.5213  6065616.9372  -716257.9388   -6.49105562704  106.84891430529      158.1274     16 07 03 06 00 00 00   1.36
59434  44850.00   -1836969.5196  6065616.9285  -716257.9423   -6.49105566668  106.84891431350      158.1191     16 07 03 06 00 00 00   1.36
59434  44880.00   -1836969.5229  6065616.9268  -716257.9397   -6.49105564475  106.84891434644      158.1182     16 07 03 06 00 00 00   1.36
59434  44910.00   -1836969.5209  6065616.9188  -716257.9375   -6.49105563330  106.84891434975      158.1097     16 07 03 06 00 00 00   1.36
59434  44940.00   -1836969.5176  6065616.9232  -716257.9404   -6.49105565580  106.84891430986      158.1132     16 07 03 06 00 00 00   1.35
59434  44970.00   -1836969.5144  6065616.9029  -716257.9377   -6.49105565221  106.84891433505      158.0927     16 07 03 06 00 00 00   1.35
59434  45000.00   -1836969.5142  6065616.9119  -716257.9381   -6.49105564750  106.84891431004      158.1013     16 07 03 06 00 00 00   1.35
59434  45030.00   -1836969.5158  6065616.9123  -716257.9381   -6.49105564632  106.84891432252      158.1021     16 07 03 06 00 00 00   1.35
59434  45060.00   -1836969.5148  6065616.9145  -716257.9388   -6.49105565078  106.84891430802      158.1040     16 07 03 06 00 00 00   1.35
59434  45090.00   -1836969.5140  6065616.9115  -716257.9396   -6.49105566065  106.84891430975      158.1010     16 07 03 06 00 00 00   1.34
59434  45120.00   -1836969.5142  6065616.9159  -716257.9410   -6.49105566886  106.84891429918      158.1054     16 07 03 06 00 00 00   1.34
59434  45150.00   -1836969.5176  6065616.9104  -716257.9415   -6.49105567819  106.84891434369      158.1012     16 07 03 06 00 00 00   1.34
59434  45180.00   -1836969.5161  6065616.9161  -716257.9417   -6.49105567467  106.84891431515      158.1062     16 07 03 06 00 00 00   1.34
59434  45210.00   -1836969.5115  6065616.9204  -716257.9396   -6.49105565355  106.84891426485      158.1087     16 07 03 06 00 00 00   1.34
59434  45240.00   -1836969.5165  6065616.9184  -716257.9419   -6.49105567408  106.84891431280      158.1085     16 07 03 06 00 00 00   1.34
59434  45270.00   -1836969.5153  6065616.9209  -716257.9445   -6.49105569542  106.84891429583      158.1109     15 07 02 06 00 00 00   1.47
59434  45300.00   -1836969.5138  6065616.9250  -716257.9401   -6.49105565255  106.84891427215      158.1139     15 07 02 06 00 00 00   1.47
59434  45330.00   -1836969.5156  6065616.9186  -716257.9429   -6.49105568288  106.84891430510      158.1086     15 07 02 06 00 00 00   1.46
59434  45360.00   -1836969.5133  6065616.9287  -716257.9419   -6.49105566484  106.84891425840      158.1174     14 07 02 05 00 00 00   1.82
59434  45390.00   -1836969.5098  6065616.9310  -716257.9389   -6.49105563661  106.84891422184      158.1183     14 07 02 05 00 00 00   1.82
59434  45420.00   -1836969.5092  6065616.9315  -716257.9359   -6.49105560955  106.84891421518      158.1182     14 07 02 05 00 00 00   1.82
59434  45450.00   -1836969.5049  6065616.9254  -716257.9356   -6.49105561419  106.84891419433      158.1111     14 07 02 05 00 00 00   1.82
59434  45480.00   -1836969.5074  6065616.9221  -716257.9371   -6.49105563060  106.84891422443      158.1089     14 07 02 05 00 00 00   1.82
59434  45510.00   -1836969.5088  6065616.9205  -716257.9402   -6.49105565897  106.84891424033      158.1082     14 07 02 05 00 00 00   1.82
59434  45540.00   -1836969.5051  6065616.9252  -716257.9381   -6.49105563651  106.84891419631      158.1113     14 07 02 05 00 00 00   1.82
59434  45570.00   -1836969.5090  6065616.9267  -716257.9394   -6.49105564625  106.84891422597      158.1140     14 07 02 05 00 00 00   1.82
59434  45600.00   -1836969.5111  6065616.9263  -716257.9407   -6.49105565771  106.84891424531      158.1144     14 07 02 05 00 00 00   1.82
59434  45630.00   -1836969.5161  6065616.9337  -716257.9415   -6.49105565603  106.84891426908      158.1229     14 07 02 05 00 00 00   1.82
59434  45660.00   -1836969.5130  6065616.9373  -716257.9366   -6.49105560915  106.84891423281      158.1249     14 07 02 05 00 00 00   1.82
59434  45690.00   -1836969.5089  6065616.9333  -716257.9364   -6.49105561287  106.84891420829      158.1199     14 07 02 05 00 00 00   1.82
59434  45720.00   -1836969.5094  6065616.9190  -716257.9379   -6.49105564012  106.84891424988      158.1066     14 07 02 05 00 00 00   1.82
59434  45750.00   -1836969.5128  6065616.9134  -716257.9360   -6.49105562695  106.84891429402      158.1021     14 07 02 05 00 00 00   1.82
59434  45780.00   -1836969.5122  6065616.9260  -716257.9397   -6.49105564792  106.84891425567      158.1143     14 07 02 05 00 00 00   1.82
59434  45810.00   -1836969.5105  6065616.9224  -716257.9390   -6.49105564641  106.84891425082      158.1103     14 07 02 05 00 00 00   1.82
59434  45840.00   -1836969.5125  6065616.9281  -716257.9387   -6.49105563718  106.84891425305      158.1163     14 07 02 05 00 00 00   1.82
59434  45870.00   -1836969.5132  6065616.9385  -716257.9439   -6.49105567388  106.84891423161      158.1270     14 07 02 05 00 00 00   1.82
59434  45900.00   -1836969.5161  6065616.9301  -716257.9435   -6.49105567719  106.84891427921      158.1197     14 07 02 05 00 00 00   1.82
59434  45930.00   -1836969.5152  6065616.9275  -716257.9419   -6.49105566571  106.84891427774      158.1168     14 07 02 05 00 00 00   1.81
59434  45960.00   -1836969.5107  6065616.9219  -716257.9406   -6.49105566061  106.84891425342      158.1101     14 07 02 05 00 00 00   1.81
59434  45990.00   -1836969.5128  6065616.9116  -716257.9424   -6.49105568671  106.84891429880      158.1010     14 07 02 05 00 00 00   1.81
59434  46020.00   -1836969.5106  6065616.9193  -716257.9411   -6.49105566832  106.84891425922      158.1076     14 07 02 05 00 00 00   1.81
59434  46050.00   -1836969.5133  6065616.9164  -716257.9397   -6.49105565709  106.84891429011      158.1054     14 07 02 05 00 00 00   1.81
59434  46080.00   -1836969.5109  6065616.9223  -716257.9370   -6.49105562814  106.84891425452      158.1101     14 07 02 05 00 00 00   1.81
59434  46110.00   -1836969.5160  6065616.9264  -716257.9415   -6.49105566345  106.84891428800      158.1159     14 07 02 05 00 00 00   1.81
59434  46140.00   -1836969.5158  6065616.9238  -716257.9380   -6.49105563388  106.84891429278      158.1131     14 07 02 05 00 00 00   1.80
59434  46170.00   -1836969.5171  6065616.9367  -716257.9410   -6.49105564811  106.84891427046      158.1261     14 07 02 05 00 00 00   1.80
59434  46200.00   -1836969.5135  6065616.9355  -716257.9406   -6.49105564676  106.84891424250      158.1238     14 07 02 05 00 00 00   1.80
59434  46230.00   -1836969.5116  6065616.9201  -716257.9393   -6.49105565068  106.84891426581      158.1084     14 07 02 05 00 00 00   1.80
59434  46260.00   -1836969.5127  6065616.9182  -716257.9379   -6.49105563952  106.84891428051      158.1068     14 07 02 05 00 00 00   1.80
59434  46290.00   -1836969.5077  6065616.9250  -716257.9399   -6.49105565234  106.84891421969      158.1120     14 07 02 05 00 00 00   1.79
59434  46320.00   -1836969.5107  6065616.9239  -716257.9435   -6.49105568503  106.84891424853      158.1122     14 07 02 05 00 00 00   1.79
59434  46350.00   -1836969.5135  6065616.9216  -716257.9476   -6.49105572298  106.84891427855      158.1114     14 07 02 05 00 00 00   1.79
59434  46380.00   -1836969.5118  6065616.9233  -716257.9439   -6.49105568887  106.84891425924      158.1121     14 07 02 05 00 00 00   1.79
59434  46410.00   -1836969.5141  6065616.9278  -716257.9458   -6.49105570063  106.84891426711      158.1172     14 07 02 05 00 00 00   1.78
59434  46440.00   -1836969.5164  6065616.9160  -716257.9445   -6.49105569985  106.84891431798      158.1066     14 07 02 05 00 00 00   1.78
59434  46470.00   -1836969.5151  6065616.9243  -716257.9478   -6.49105572152  106.84891428501      158.1144     14 07 02 05 00 00 00   1.78
59434  46500.00   -1836969.5185  6065616.9278  -716257.9485   -6.49105572363  106.84891430541      158.1188     14 07 02 05 00 00 00   1.78
59434  46530.00   -1836969.5131  6065616.9314  -716257.9430   -6.49105567272  106.84891424953      158.1201     14 07 02 05 00 00 00   1.77
59434  46560.00   -1836969.5214  6065616.9356  -716257.9471   -6.49105570250  106.84891430994      158.1269     14 07 02 05 00 00 00   1.77
59434  46590.00   -1836969.5198  6065616.9367  -716257.9475   -6.49105570563  106.84891429359      158.1276     14 07 02 05 00 00 00   1.77
59434  46620.00   -1836969.5185  6065616.9377  -716257.9478   -6.49105570774  106.84891427985      158.1282     14 07 02 05 00 00 00   1.76
59434  46650.00   -1836969.5198  6065616.9352  -716257.9441   -6.49105567681  106.84891429698      158.1257     14 07 02 05 00 00 00   1.76
59434  46680.00   -1836969.5222  6065616.9417  -716257.9467   -6.49105569312  106.84891430093      158.1329     14 07 02 05 00 00 00   1.76
59434  46710.00   -1836969.5218  6065616.9434  -716257.9486   -6.49105570833  106.84891429362      158.1346     14 07 02 05 00 00 00   1.76
59434  46740.00   -1836969.5166  6065616.9433  -716257.9473   -6.49105569852  106.84891424826      158.1328     14 07 02 05 00 00 00   1.75
59434  46770.00   -1836969.5170  6065616.9407  -716257.9470   -6.49105569849  106.84891425883      158.1305     14 07 02 05 00 00 00   1.75
59434  46800.00   -1836969.5224  6065616.9434  -716257.9442   -6.49105566873  106.84891429821      158.1343     14 07 02 05 00 00 00   1.75
59434  46830.00   -1836969.5197  6065616.9279  -716257.9412   -6.49105565789  106.84891431520      158.1184     14 07 02 05 00 00 00   1.74
59434  46860.00   -1836969.5158  6065616.9293  -716257.9435   -6.49105567853  106.84891427804      158.1189     14 07 02 05 00 00 00   1.74
59434  46890.00   -1836969.5160  6065616.9319  -716257.9435   -6.49105567562  106.84891427301      158.1214     14 07 02 05 00 00 00   1.74
59434  46920.00   -1836969.5135  6065616.9347  -716257.9422   -6.49105566172  106.84891424454      158.1232     14 07 02 05 00 00 00   1.73
59434  46950.00   -1836969.5112  6065616.9234  -716257.9421   -6.49105567313  106.84891425414      158.1118     14 07 02 05 00 00 00   1.73
59434  46980.00   -1836969.5075  6065616.9069  -716257.9401   -6.49105567183  106.84891426505      158.0948     14 07 02 05 00 00 00   1.73
59434  47010.00   -1836969.5119  6065616.9166  -716257.9411   -6.49105567037  106.84891427811      158.1054     14 07 02 05 00 00 00   1.72
59434  47040.00   -1836969.5084  6065616.9184  -716257.9343   -6.49105560864  106.84891424252      158.1053     14 07 02 05 00 00 00   1.72
59434  47070.00   -1836969.5100  6065616.9232  -716257.9371   -6.49105562878  106.84891424377      158.1107     14 07 02 05 00 00 00   1.72
59434  47100.00   -1836969.5082  6065616.9192  -716257.9383   -6.49105564314  106.84891423919      158.1065     14 07 02 05 00 00 00   1.71
59434  47130.00   -1836969.5124  6065616.9316  -716257.9437   -6.49105567883  106.84891424282      158.1202     14 07 02 05 00 00 00   1.71
59434  47160.00   -1836969.5103  6065616.9359  -716257.9391   -6.49105563401  106.84891421303      158.1231     14 07 02 05 00 00 00   1.70
59434  47190.00   -1836969.5097  6065616.9274  -716257.9388   -6.49105563954  106.84891423019      158.1148     14 07 02 05 00 00 00   1.70
59434  47220.00   -1836969.5070  6065616.9277  -716257.9375   -6.49105562818  106.84891420631      158.1142     15 07 03 05 00 00 00   1.58
59434  47250.00   -1836969.5130  6065616.9329  -716257.9392   -6.49105563671  106.84891424484      158.1210     15 07 03 05 00 00 00   1.58
59434  47280.00   -1836969.5160  6065616.9363  -716257.9407   -6.49105564620  106.84891426202      158.1253     15 07 03 05 00 00 00   1.58
59434  47310.00   -1836969.5147  6065616.9325  -716257.9414   -6.49105565627  106.84891426082      158.1214     15 07 03 05 00 00 00   1.58
59434  47340.00   -1836969.5100  6065616.9436  -716257.9407   -6.49105564039  106.84891419027      158.1305     15 07 03 05 00 00 00   1.58
59434  47370.00   -1836969.5158  6065616.9380  -716257.9396   -6.49105563432  106.84891425552      158.1267     15 07 03 05 00 00 00   1.57
59434  47400.00   -1836969.5122  6065616.9245  -716257.9378   -6.49105563266  106.84891425961      158.1127     15 07 03 05 00 00 00   1.57
59434  47430.00   -1836969.5082  6065616.9103  -716257.9348   -6.49105562059  106.84891426239      158.0976     15 07 03 05 00 00 00   1.57
59434  47460.00   -1836969.5051  6065616.9068  -716257.9364   -6.49105563978  106.84891424490      158.0936     15 07 03 05 00 00 00   1.57
59434  47490.00   -1836969.5097  6065616.9145  -716257.9380   -6.49105564501  106.84891426411      158.1025     15 07 03 05 00 00 00   1.57
59434  47520.00   -1836969.5117  6065616.9122  -716257.9384   -6.49105565047  106.84891428761      158.1009     15 07 03 05 00 00 00   1.56
59434  47550.00   -1836969.5109  6065616.9214  -716257.9383   -6.49105564080  106.84891425690      158.1094     15 07 03 05 00 00 00   1.56
59434  47580.00   -1836969.5131  6065616.9269  -716257.9383   -6.49105563452  106.84891426155      158.1153     15 07 03 05 00 00 00   1.56
59434  47610.00   -1836969.5116  6065616.9199  -716257.9385   -6.49105564335  106.84891426635      158.1082     15 07 03 05 00 00 00   1.56
59434  47640.00   -1836969.5168  6065616.9143  -716257.9379   -6.49105564238  106.84891432611      158.1042     15 07 03 05 00 00 00   1.56
59434  47670.00   -1836969.5112  6065616.9245  -716257.9398   -6.49105565088  106.84891425139      158.1126     15 07 03 05 00 00 00   1.55
59434  47700.00   -1836969.5069  6065616.9176  -716257.9373   -6.49105563607  106.84891423200      158.1045     15 07 03 05 00 00 00   1.55
59434  47730.00   -1836969.5112  6065616.9262  -716257.9364   -6.49105561911  106.84891424627      158.1138     16 07 03 06 00 00 00   1.43
59434  47760.00   -1836969.5117  6065616.9316  -716257.9350   -6.49105560048  106.84891423646      158.1190     16 07 03 06 00 00 00   1.43
59434  47790.00   -1836969.5079  6065616.9280  -716257.9380   -6.49105563223  106.84891421355      158.1148     16 07 03 06 00 00 00   1.43
59434  47820.00   -1836969.5119  6065616.9202  -716257.9381   -6.49105563951  106.84891426863      158.1085     16 07 03 06 00 00 00   1.43
59434  47850.00   -1836969.5124  6065616.9159  -716257.9399   -6.49105566030  106.84891428401      158.1047     16 07 03 06 00 00 00   1.43
59434  47880.00   -1836969.5134  6065616.9170  -716257.9375   -6.49105563715  106.84891428974      158.1058     16 07 03 06 00 00 00   1.43
59434  47910.00   -1836969.5170  6065616.9274  -716257.9400   -6.49105564852  106.84891429346      158.1171     17 08 03 06 00 00 00   1.32
59434  47940.00   -1836969.5157  6065616.9312  -716257.9413   -6.49105565678  106.84891427276      158.1205     17 08 03 06 00 00 00   1.32
59434  47970.00   -1836969.5147  6065616.9170  -716257.9427   -6.49105568335  106.84891430060      158.1068     17 08 03 06 00 00 00   1.32
59434  48000.00   -1836969.5229  6065616.9270  -716257.9462   -6.49105570260  106.84891434599      158.1191     17 08 03 06 00 00 00   1.32
59434  48030.00   -1836969.5200  6065616.9254  -716257.9424   -6.49105567120  106.84891432520      158.1162     17 08 03 06 00 00 00   1.32
59434  48060.00   -1836969.5195  6065616.9258  -716257.9426   -6.49105567196  106.84891431982      158.1165     17 08 03 06 00 00 00   1.32
59434  48090.00   -1836969.5249  6065616.9221  -716257.9452   -6.49105569759  106.84891437590      158.1148     17 08 03 06 00 00 00   1.32
59434  48120.00   -1836969.5215  6065616.9200  -716257.9434   -6.49105568454  106.84891435216      158.1117     17 08 03 06 00 00 00   1.33
59434  48150.00   -1836969.5252  6065616.9259  -716257.9414   -6.49105566007  106.84891436828      158.1182     17 08 03 06 00 00 00   1.33
59434  48180.00   -1836969.5234  6065616.9256  -716257.9383   -6.49105563292  106.84891435399      158.1169     17 08 03 06 00 00 00   1.33
59434  48210.00   -1836969.5232  6065616.9147  -716257.9395   -6.49105565420  106.84891438051      158.1066     17 08 03 06 00 00 00   1.33
59434  48240.00   -1836969.5210  6065616.9159  -716257.9368   -6.49105562904  106.84891435874      158.1069     17 08 03 06 00 00 00   1.33
59434  48270.00   -1836969.5171  6065616.9110  -716257.9358   -6.49105562657  106.84891433717      158.1009     17 08 03 06 00 00 00   1.33
59434  48300.00   -1836969.5196  6065616.9143  -716257.9364   -6.49105562807  106.84891435057      158.1049     17 08 03 06 00 00 00   1.33
59434  48330.00   -1836969.5147  6065616.9168  -716257.9342   -6.49105560712  106.84891430173      158.1057     17 08 03 06 00 00 00   1.33
59434  48360.00   -1836969.5156  6065616.9203  -716257.9336   -6.49105559851  106.84891429980      158.1092     17 08 03 06 00 00 00   1.33
59434  48390.00   -1836969.5203  6065616.9248  -716257.9293   -6.49105555365  106.84891432910      158.1143     17 08 03 06 00 00 00   1.33
59434  48420.00   -1836969.5176  6065616.9241  -716257.9297   -6.49105555847  106.84891430777      158.1129     17 08 03 06 00 00 00   1.33
59434  48450.00   -1836969.5233  6065616.9368  -716257.9337   -6.49105558020  106.84891432361      158.1271     17 08 03 06 00 00 00   1.33
59434  48480.00   -1836969.5188  6065616.9317  -716257.9357   -6.49105560441  106.84891429814      158.1212     17 08 03 06 00 00 00   1.33
59434  48510.00   -1836969.5171  6065616.9243  -716257.9353   -6.49105560909  106.84891430258      158.1136     17 08 03 06 00 00 00   1.33
59434  48540.00   -1836969.5193  6065616.9279  -716257.9362   -6.49105561289  106.84891431204      158.1178     17 08 03 06 00 00 00   1.33
59434  48570.00   -1836969.5150  6065616.9283  -716257.9318   -6.49105557414  106.84891427429      158.1164     17 08 03 06 00 00 00   1.33
59434  48600.00   -1836969.5189  6065616.9213  -716257.9360   -6.49105561793  106.84891432650      158.1113     17 08 03 06 00 00 00   1.33
59434  48630.00   -1836969.5239  6065616.9295  -716257.9385   -6.49105563026  106.84891434783      158.1208     17 08 03 06 00 00 00   1.33
59434  48660.00   -1836969.5181  6065616.9159  -716257.9371   -6.49105563326  106.84891433352      158.1061     17 08 03 06 00 00 00   1.33
59434  48690.00   -1836969.5182  6065616.9173  -716257.9356   -6.49105561814  106.84891433088      158.1073     17 08 03 06 00 00 00   1.33
59434  48720.00   -1836969.5228  6065616.9217  -716257.9410   -6.49105566070  106.84891435907      158.1133     17 08 03 06 00 00 00   1.33
59434  48750.00   -1836969.5194  6065616.9245  -716257.9381   -6.49105563286  106.84891432221      158.1148     17 08 03 06 00 00 00   1.33
59434  48780.00   -1836969.5169  6065616.9160  -716257.9362   -6.49105562513  106.84891432285      158.1057     17 08 03 06 00 00 00   1.33
59434  48810.00   -1836969.5173  6065616.9205  -716257.9340   -6.49105560107  106.84891431431      158.1099     17 08 03 06 00 00 00   1.33
59434  48840.00   -1836969.5225  6065616.9349  -716257.9359   -6.49105560211  106.84891432193      158.1253     17 08 03 06 00 00 00   1.33
59434  48870.00   -1836969.5210  6065616.9244  -716257.9410   -6.49105565899  106.84891433629      158.1154     17 08 03 06 00 00 00   1.33
59434  48900.00   -1836969.5228  6065616.9241  -716257.9390   -6.49105564047  106.84891435225      158.1155     17 08 03 06 00 00 00   1.33
59434  48930.00   -1836969.5188  6065616.9285  -716257.9396   -6.49105564294  106.84891430670      158.1185     17 08 03 06 00 00 00   1.33
59434  48960.00   -1836969.5231  6065616.9309  -716257.9443   -6.49105568151  106.84891433685      158.1226     17 08 03 06 00 00 00   1.33
59434  48990.00   -1836969.5211  6065616.9349  -716257.9410   -6.49105564904  106.84891430992      158.1254     17 08 03 06 00 00 00   1.33
59434  49020.00   -1836969.5238  6065616.9418  -716257.9377   -6.49105561099  106.84891431476      158.1325     17 08 03 06 00 00 00   1.33
59434  49050.00   -1836969.5175  6065616.9388  -716257.9374   -6.49105561337  106.84891426775      158.1277     17 08 03 06 00 00 00   1.33
59434  49080.00   -1836969.5200  6065616.9334  -716257.9367   -6.49105561198  106.84891430351      158.1232     17 08 03 06 00 00 00   1.33
59434  49110.00   -1836969.5226  6065616.9396  -716257.9393   -6.49105562872  106.84891431010      158.1302     17 08 03 06 00 00 00   1.33
59434  49140.00   -1836969.5209  6065616.9345  -716257.9387   -6.49105562845  106.84891430923      158.1248     17 08 03 06 00 00 00   1.33
59434  49170.00   -1836969.5245  6065616.9275  -716257.9390   -6.49105563688  106.84891435831      158.1192     17 08 03 06 00 00 00   1.33
59434  49200.00   -1836969.5218  6065616.9340  -716257.9406   -6.49105564538  106.84891431832      158.1247     17 08 03 06 00 00 00   1.33
59434  49230.00   -1836969.5247  6065616.9381  -716257.9382   -6.49105561931  106.84891433184      158.1292     17 08 03 06 00 00 00   1.33
59434  49260.00   -1836969.5239  6065616.9315  -716257.9361   -6.49105560728  106.84891434249      158.1224     17 08 03 06 00 00 00   1.33
59434  49290.00   -1836969.5222  6065616.9300  -716257.9370   -6.49105561691  106.84891433195      158.1207     17 08 03 06 00 00 00   1.33
59434  49320.00   -1836969.5244  6065616.9247  -716257.9365   -6.49105561740  106.84891436435      158.1162     17 08 03 06 00 00 00   1.33
59434  49350.00   -1836969.5212  6065616.9245  -716257.9371   -6.49105562414  106.84891433782      158.1151     17 08 03 06 00 00 00   1.33
59434  49380.00   -1836969.5187  6065616.9166  -716257.9339   -6.49105560336  106.84891433647      158.1065     17 08 03 06 00 00 00   1.32
59434  49410.00   -1836969.5198  6065616.9213  -716257.9360   -6.49105561692  106.84891433386      158.1116     17 08 03 06 00 00 00   1.32
59434  49440.00   -1836969.5216  6065616.9278  -716257.9389   -6.49105563679  106.84891433277      158.1186     17 08 03 06 00 00 00   1.32
59434  49470.00   -1836969.5254  6065616.9164  -716257.9448   -6.49105569963  106.84891439530      158.1095     17 08 03 06 00 00 00   1.32
59434  49500.00   -1836969.5153  6065616.9242  -716257.9423   -6.49105567288  106.84891428737      158.1137     17 08 03 06 00 00 00   1.32
59434  49530.00   -1836969.5203  6065616.9230  -716257.9407   -6.49105565740  106.84891433381      158.1139     17 08 03 06 00 00 00   1.32
59434  49560.00   -1836969.5159  6065616.9219  -716257.9430   -6.49105568112  106.84891429812      158.1118     16 07 03 06 00 00 00   1.33
59434  49590.00   -1836969.5186  6065616.9261  -716257.9455   -6.49105569816  106.84891431087      158.1169     16 07 03 06 00 00 00   1.33
59434  49620.00   -1836969.5192  6065616.9325  -716257.9422   -6.49105566208  106.84891429963      158.1228     16 07 03 06 00 00 00   1.33
59434  49650.00   -1836969.5168  6065616.9211  -716257.9391   -6.49105564648  106.84891430872      158.1109     16 07 03 06 00 00 00   1.33
59434  49680.00   -1836969.5167  6065616.9235  -716257.9398   -6.49105565043  106.84891430114      158.1132     16 07 03 06 00 00 00   1.33
59434  49710.00   -1836969.5162  6065616.9319  -716257.9436   -6.49105567651  106.84891427525      158.1215     16 07 03 06 00 00 00   1.33
59434  49740.00   -1836969.5177  6065616.9301  -716257.9407   -6.49105565136  106.84891429305      158.1198     16 07 03 06 00 00 00   1.33
59434  49770.00   -1836969.5162  6065616.9343  -716257.9386   -6.49105562903  106.84891426898      158.1232     15 07 03 05 00 00 00   1.37
59434  49800.00   -1836969.5113  6065616.9356  -716257.9381   -6.49105562493  106.84891422281      158.1230     15 07 03 05 00 00 00   1.37
59434  49830.00   -1836969.5106  6065616.9353  -716257.9368   -6.49105561351  106.84891421789      158.1224     15 07 03 05 00 00 00   1.37
59434  49860.00   -1836969.5156  6065616.9272  -716257.9353   -6.49105560703  106.84891428185      158.1159     15 07 03 05 00 00 00   1.37
59434  49890.00   -1836969.5114  6065616.9394  -716257.9332   -6.49105557725  106.84891421359      158.1260     15 07 03 05 00 00 00   1.37
59434  49920.00   -1836969.5184  6065616.9405  -716257.9401   -6.49105563585  106.84891427141      158.1299     15 07 03 05 00 00 00   1.37
59434  49950.00   -1836969.5133  6065616.9309  -716257.9349   -6.49105559965  106.84891425266      158.1187     15 07 03 05 00 00 00   1.36
59434  49980.00   -1836969.5084  6065616.9176  -716257.9335   -6.49105560162  106.84891424500      158.1045     15 07 03 05 00 00 00   1.36
59434  50010.00   -1836969.5087  6065616.9222  -716257.9323   -6.49105558653  106.84891423522      158.1088     15 07 03 05 00 00 00   1.36
59434  50040.00   -1836969.5097  6065616.9229  -716257.9341   -6.49105560190  106.84891424250      158.1100     15 07 03 05 00 00 00   1.36
59434  50070.00   -1836969.5107  6065616.9221  -716257.9324   -6.49105558721  106.84891425296      158.1093     15 07 03 05 00 00 00   1.36
59434  50100.00   -1836969.5073  6065616.9148  -716257.9353   -6.49105562165  106.84891424274      158.1017     15 07 03 05 00 00 00   1.36
59434  50130.00   -1836969.5168  6065616.9167  -716257.9383   -6.49105564341  106.84891432011      158.1066     15 07 03 05 00 00 00   1.36
59434  50160.00   -1836969.5141  6065616.9209  -716257.9394   -6.49105564980  106.84891428550      158.1100     15 07 03 05 00 00 00   1.36
59434  50190.00   -1836969.5224  6065616.9270  -716257.9397   -6.49105564444  106.84891434130      158.1182     15 07 03 05 00 00 00   1.36
59434  50220.00   -1836969.5193  6065616.9221  -716257.9410   -6.49105566214  106.84891432720      158.1127     15 07 03 05 00 00 00   1.36
59434  50250.00   -1836969.5148  6065616.9194  -716257.9407   -6.49105566283  106.84891429543      158.1088     15 07 03 05 00 00 00   1.36
59434  50280.00   -1836969.5158  6065616.9231  -716257.9395   -6.49105564786  106.84891429413      158.1125     15 07 03 05 00 00 00   1.36
59434  50310.00   -1836969.5160  6065616.9149  -716257.9340   -6.49105560696  106.84891431757      158.1042     15 07 03 05 00 00 00   1.36
59434  50340.00   -1836969.5170  6065616.9181  -716257.9377   -6.49105563675  106.84891431830      158.1079     15 07 03 05 00 00 00   1.36
59434  50370.00   -1836969.5156  6065616.9103  -716257.9445   -6.49105570542  106.84891432667      158.1008     15 07 03 05 00 00 00   1.36
59434  50400.00   -1836969.5122  6065616.9241  -716257.9376   -6.49105563160  106.84891426116      158.1122     14 06 03 05 00 00 00   1.44
59434  50430.00   -1836969.5098  6065616.9242  -716257.9403   -6.49105565617  106.84891424019      158.1119     14 06 03 05 00 00 00   1.44
59434  50460.00   -1836969.5081  6065616.9231  -716257.9406   -6.49105566023  106.84891422789      158.1104     14 06 03 05 00 00 00   1.43
59434  50490.00   -1836969.5126  6065616.9272  -716257.9389   -6.49105563966  106.84891425581      158.1155     13 06 02 05 00 00 00   1.62
59434  50520.00   -1836969.5139  6065616.9317  -716257.9390   -6.49105563559  106.84891425513      158.1201     13 06 02 05 00 00 00   1.62
59434  50550.00   -1836969.5168  6065616.9324  -716257.9442   -6.49105568072  106.84891427843      158.1222     13 06 02 05 00 00 00   1.62
59434  50580.00   -1836969.5156  6065616.9292  -716257.9426   -6.49105567040  106.84891427711      158.1187     13 06 02 05 00 00 00   1.62
59434  50610.00   -1836969.5136  6065616.9198  -716257.9405   -6.49105566116  106.84891428431      158.1089     13 06 02 05 00 00 00   1.62
59434  50640.00   -1836969.5109  6065616.9165  -716257.9390   -6.49105565124  106.84891426956      158.1048     13 06 02 05 00 00 00   1.62
59434  50670.00   -1836969.5112  6065616.9208  -716257.9352   -6.49105561338  106.84891426093      158.1085     13 06 02 05 00 00 00   1.62
59434  50700.00   -1836969.5144  6065616.9163  -716257.9390   -6.49105565045  106.84891430010      158.1057     13 06 02 05 00 00 00   1.62
59434  50730.00   -1836969.5152  6065616.9237  -716257.9395   -6.49105564793  106.84891428737      158.1130     13 06 02 05 00 00 00   1.62
59434  50760.00   -1836969.5147  6065616.9240  -716257.9346   -6.49105560409  106.84891428289      158.1126     13 06 02 05 00 00 00   1.61
59434  50790.00   -1836969.5093  6065616.9116  -716257.9317   -6.49105559097  106.84891426846      158.0988     13 06 02 05 00 00 00   1.61
59434  50820.00   -1836969.5071  6065616.9061  -716257.9325   -6.49105560440  106.84891426346      158.0931     13 06 02 05 00 00 00   1.61
59434  50850.00   -1836969.5118  6065616.9137  -716257.9377   -6.49105564297  106.84891428501      158.1022     13 06 02 05 00 00 00   1.61
59434  50880.00   -1836969.5117  6065616.9171  -716257.9367   -6.49105563033  106.84891427450      158.1053     13 06 02 05 00 00 00   1.61
59434  50910.00   -1836969.5099  6065616.9079  -716257.9333   -6.49105560917  106.84891428305      158.0957     13 06 02 05 00 00 00   1.61
59434  50940.00   -1836969.5083  6065616.9187  -716257.9346   -6.49105561081  106.84891424153      158.1056     13 06 02 05 00 00 00   1.60
59434  50970.00   -1836969.5158  6065616.9199  -716257.9377   -6.49105563522  106.84891430253      158.1093     12 06 01 05 00 00 00   1.76
59434  51000.00   -1836969.5179  6065616.9233  -716257.9371   -6.49105562571  106.84891431259      158.1130     12 06 01 05 00 00 00   1.76
59434  51030.00   -1836969.5196  6065616.9342  -716257.9341   -6.49105558773  106.84891429879      158.1236     12 06 01 05 00 00 00   1.76
59434  51060.00   -1836969.5229  6065616.9341  -716257.9355   -6.49105559953  106.84891432718      158.1246     12 06 01 05 00 00 00   1.76
59434  51090.00   -1836969.5222  6065616.9256  -716257.9415   -6.49105566223  106.84891434325      158.1170     12 06 01 05 00 00 00   1.76
59434  51120.00   -1836969.5186  6065616.9246  -716257.9357   -6.49105561171  106.84891431508      158.1144     13 06 01 06 00 00 00   1.61
59434  51150.00   -1836969.5186  6065616.9301  -716257.9385   -6.49105563128  106.84891430084      158.1199     13 06 01 06 00 00 00   1.61
59434  51180.00   -1836969.5200  6065616.9283  -716257.9374   -6.49105562279  106.84891431690      158.1185     13 06 01 06 00 00 00   1.61
59434  51210.00   -1836969.5182  6065616.9243  -716257.9354   -6.49105560936  106.84891431242      158.1140     13 06 01 06 00 00 00   1.61
59434  51240.00   -1836969.5219  6065616.9216  -716257.9373   -6.49105562819  106.84891435087      158.1126     13 06 01 06 00 00 00   1.61
59434  51270.00   -1836969.5161  6065616.9230  -716257.9342   -6.49105560072  106.84891429742      158.1120     13 06 01 06 00 00 00   1.61
59434  51300.00   -1836969.5151  6065616.9199  -716257.9323   -6.49105558674  106.84891429718      158.1085     13 06 01 06 00 00 00   1.61
59434  51330.00   -1836969.5143  6065616.9208  -716257.9348   -6.49105560860  106.84891428759      158.1093     13 06 01 06 00 00 00   1.61
59434  51360.00   -1836969.5099  6065616.9187  -716257.9329   -6.49105559485  106.84891425473      158.1059     13 06 01 06 00 00 00   1.61
59434  51390.00   -1836969.5092  6065616.9221  -716257.9304   -6.49105556969  106.84891424028      158.1086     13 06 01 06 00 00 00   1.61
59434  51420.00   -1836969.5169  6065616.9234  -716257.9331   -6.49105559043  106.84891430357      158.1124     13 06 01 06 00 00 00   1.61
59434  51450.00   -1836969.5195  6065616.9216  -716257.9335   -6.49105559499  106.84891433035      158.1115     13 06 01 06 00 00 00   1.62
59434  51480.00   -1836969.5164  6065616.9191  -716257.9286   -6.49105555451  106.84891431039      158.1077     13 06 01 06 00 00 00   1.62
59434  51510.00   -1836969.5153  6065616.9224  -716257.9282   -6.49105554751  106.84891429184      158.1104     13 06 01 06 00 00 00   1.62
59434  51540.00   -1836969.5122  6065616.9106  -716257.9334   -6.49105560669  106.84891429625      158.0989     13 06 01 06 00 00 00   1.62
59434  51570.00   -1836969.5085  6065616.9051  -716257.9329   -6.49105560911  106.84891427808      158.0926     13 06 01 06 00 00 00   1.62
59434  51600.00   -1836969.5085  6065616.9059  -716257.9296   -6.49105557842  106.84891427619      158.0929     13 06 01 06 00 00 00   1.62
59434  51630.00   -1836969.5133  6065616.9052  -716257.9309   -6.49105558921  106.84891431939      158.0939     13 06 01 06 00 00 00   1.62
59434  51660.00   -1836969.5165  6065616.9171  -716257.9297   -6.49105556582  106.84891431601      158.1059     13 06 01 06 00 00 00   1.62
59434  51690.00   -1836969.5115  6065616.9059  -716257.9361   -6.49105563628  106.84891430224      158.0945     13 06 01 06 00 00 00   1.62
59434  51720.00   -1836969.5096  6065616.9037  -716257.9384   -6.49105565908  106.84891429164      158.0922     13 06 01 06 00 00 00   1.62
59434  51750.00   -1836969.5195  6065616.9235  -716257.9343   -6.49105560013  106.84891432512      158.1134     14 06 01 07 00 00 00   1.41
59434  51780.00   -1836969.5225  6065616.9330  -716257.9286   -6.49105553908  106.84891432665      158.1226     15 06 02 07 00 00 00   1.32
59434  51810.00   -1836969.5198  6065616.9372  -716257.9300   -6.49105554826  106.84891429210      158.1260     15 06 02 07 00 00 00   1.33
59434  51840.00   -1836969.5273  6065616.9348  -716257.9300   -6.49105554790  106.84891436302      158.1259     15 06 02 07 00 00 00   1.33
59434  51870.00   -1836969.5260  6065616.9337  -716257.9361   -6.49105560421  106.84891435507      158.1252     15 06 02 07 00 00 00   1.33
59434  51900.00   -1836969.5325  6065616.9341  -716257.9352   -6.49105559409  106.84891441053      158.1273     15 06 02 07 00 00 00   1.33
59434  51930.00   -1836969.5306  6065616.9451  -716257.9321   -6.49105555572  106.84891436518      158.1369     15 06 02 07 00 00 00   1.33
59434  51960.00   -1836969.5297  6065616.9333  -716257.9341   -6.49105558536  106.84891438833      158.1256     15 06 02 07 00 00 00   1.33
59434  51990.00   -1836969.5298  6065616.9399  -716257.9351   -6.49105558847  106.84891437139      158.1321     15 06 02 07 00 00 00   1.33
59434  52020.00   -1836969.5289  6065616.9433  -716257.9336   -6.49105557161  106.84891435487      158.1348     14 06 02 06 00 00 00   1.45
59434  52050.00   -1836969.5268  6065616.9424  -716257.9341   -6.49105557754  106.84891433885      158.1334     14 06 02 06 00 00 00   1.45
59434  52080.00   -1836969.5231  6065616.9365  -716257.9327   -6.49105557231  106.84891432253      158.1267     14 06 02 06 00 00 00   1.45
59434  52110.00   -1836969.5193  6065616.9269  -716257.9319   -6.49105557495  106.84891431499      158.1163     14 06 02 06 00 00 00   1.45
59434  52140.00   -1836969.5195  6065616.9230  -716257.9289   -6.49105555249  106.84891432664      158.1123     14 06 02 06 00 00 00   1.45
59434  52170.00   -1836969.5182  6065616.9336  -716257.9279   -6.49105553316  106.84891428782      158.1219     15 07 02 06 00 00 00   1.40
59434  52200.00   -1836969.5208  6065616.9289  -716257.9257   -6.49105551740  106.84891432271      158.1179     15 07 02 06 00 00 00   1.40
59434  52230.00   -1836969.5165  6065616.9281  -716257.9214   -6.49105548064  106.84891428755      158.1155     15 07 02 06 00 00 00   1.40
59434  52260.00   -1836969.5168  6065616.9312  -716257.9242   -6.49105550263  106.84891428181      158.1188     15 07 02 06 00 00 00   1.40
59434  52290.00   -1836969.5227  6065616.9360  -716257.9263   -6.49105551541  106.84891432031      158.1253     15 07 02 06 00 00 00   1.40
59434  52320.00   -1836969.5215  6065616.9368  -716257.9233   -6.49105548730  106.84891430786      158.1254     15 07 02 06 00 00 00   1.40
59434  52350.00   -1836969.5272  6065616.9445  -716257.9228   -6.49105547385  106.84891433687      158.1343     15 07 02 06 00 00 00   1.41
59434  52380.00   -1836969.5262  6065616.9545  -716257.9203   -6.49105544193  106.84891430253      158.1433     15 07 02 06 00 00 00   1.41
59434  52410.00   -1836969.5225  6065616.9539  -716257.9198   -6.49105543885  106.84891427206      158.1415     15 07 02 06 00 00 00   1.41
59434  52440.00   -1836969.5265  6065616.9606  -716257.9243   -6.49105547160  106.84891428900      158.1496     15 07 02 06 00 00 00   1.41
59434  52470.00   -1836969.5309  6065616.9598  -716257.9246   -6.49105547427  106.84891432931      158.1501     15 07 02 06 00 00 00   1.41
59434  52500.00   -1836969.5277  6065616.9578  -716257.9229   -6.49105546156  106.84891430695      158.1471     15 07 02 06 00 00 00   1.41
59434  52530.00   -1836969.5322  6065616.9616  -716257.9276   -6.49105549920  106.84891433523      158.1525     15 07 02 06 00 00 00   1.41
59434  52560.00   -1836969.5381  6065616.9551  -716257.9346   -6.49105556666  106.84891440373      158.1488     15 07 02 06 00 00 00   1.41
59434  52590.00   -1836969.5331  6065616.9550  -716257.9322   -6.49105554653  106.84891436094      158.1470     15 07 02 06 00 00 00   1.41
59434  52620.00   -1836969.5317  6065616.9509  -716257.9302   -6.49105553308  106.84891435945      158.1426     16 07 03 06 00 00 00   1.35
59434  52650.00   -1836969.5278  6065616.9429  -716257.9322   -6.49105555969  106.84891434648      158.1340     16 07 03 06 00 00 00   1.35
59434  52680.00   -1836969.5284  6065616.9421  -716257.9312   -6.49105555174  106.84891435396      158.1333     16 07 03 06 00 00 00   1.35
59434  52710.00   -1836969.5341  6065616.9415  -716257.9354   -6.49105558788  106.84891440500      158.1348     16 07 03 06 00 00 00   1.35
59434  52740.00   -1836969.5316  6065616.9488  -716257.9308   -6.49105553993  106.84891436382      158.1406     16 07 03 06 00 00 00   1.36
59434  52770.00   -1836969.5334  6065616.9454  -716257.9292   -6.49105552825  106.84891438862      158.1377     16 07 03 06 00 00 00   1.36
59434  52800.00   -1836969.5328  6065616.9513  -716257.9324   -6.49105555180  106.84891436766      158.1435     16 07 03 06 00 00 00   1.36
59434  52830.00   -1836969.5342  6065616.9501  -716257.9342   -6.49105556877  106.84891438299      158.1429     16 07 03 06 00 00 00   1.36
59434  52860.00   -1836969.5317  6065616.9504  -716257.9339   -6.49105556673  106.84891436040      158.1424     16 07 03 06 00 00 00   1.36
59434  52890.00   -1836969.5315  6065616.9512  -716257.9329   -6.49105555704  106.84891435707      158.1431     16 07 03 06 00 00 00   1.36
59434  52920.00   -1836969.5291  6065616.9547  -716257.9305   -6.49105553228  106.84891432685      158.1454     16 07 03 06 00 00 00   1.36
59434  52950.00   -1836969.5297  6065616.9586  -716257.9320   -6.49105554177  106.84891432154      158.1495     16 07 03 06 00 00 00   1.36
59434  52980.00   -1836969.5341  6065616.9534  -716257.9356   -6.49105557841  106.84891437349      158.1461     16 07 03 06 00 00 00   1.36
59434  53010.00   -1836969.5336  6065616.9567  -716257.9348   -6.49105556818  106.84891436026      158.1491     16 07 03 06 00 00 00   1.36
59434  53040.00   -1836969.5249  6065616.9545  -716257.9305   -6.49105553367  106.84891429071      158.1440     16 07 03 06 00 00 00   1.36
59434  53070.00   -1836969.5243  6065616.9449  -716257.9330   -6.49105556596  106.84891431118      158.1350     16 07 03 06 00 00 00   1.36
59434  53100.00   -1836969.5186  6065616.9443  -716257.9330   -6.49105556813  106.84891426324      158.1328     17 07 04 06 00 00 00   1.29
59434  53130.00   -1836969.5143  6065616.9486  -716257.9316   -6.49105555269  106.84891421502      158.1355     17 07 04 06 00 00 00   1.29
59434  53160.00   -1836969.5138  6065616.9481  -716257.9334   -6.49105556942  106.84891421196      158.1350     17 07 04 06 00 00 00   1.29
59434  53190.00   -1836969.5159  6065616.9415  -716257.9369   -6.49105560684  106.84891424706      158.1298     17 07 04 06 00 00 00   1.30
59434  53220.00   -1836969.5212  6065616.9419  -716257.9349   -6.49105558724  106.84891429227      158.1314     17 07 04 06 00 00 00   1.30
59434  53250.00   -1836969.5245  6065616.9441  -716257.9399   -6.49105562919  106.84891431462      158.1351     17 07 04 06 00 00 00   1.30
59434  53280.00   -1836969.5279  6065616.9509  -716257.9389   -6.49105561204  106.84891432591      158.1424     17 07 04 06 00 00 00   1.30
59434  53310.00   -1836969.5256  6065616.9440  -716257.9352   -6.49105558655  106.84891432430      158.1347     17 07 04 06 00 00 00   1.30
59434  53340.00   -1836969.5323  6065616.9462  -716257.9395   -6.49105562079  106.84891437699      158.1392     17 07 04 06 00 00 00   1.30
59434  53370.00   -1836969.5300  6065616.9453  -716257.9427   -6.49105565128  106.84891435925      158.1381     17 07 04 06 00 00 00   1.30
59434  53400.00   -1836969.5302  6065616.9403  -716257.9440   -6.49105566787  106.84891437410      158.1336     17 07 04 06 00 00 00   1.30
59434  53430.00   -1836969.5226  6065616.9405  -716257.9441   -6.49105567014  106.84891430725      158.1316     17 07 04 06 00 00 00   1.30
59434  53460.00   -1836969.5236  6065616.9411  -716257.9384   -6.49105561814  106.84891431491      158.1318     17 07 04 06 00 00 00   1.30
59434  53490.00   -1836969.5205  6065616.9435  -716257.9422   -6.49105565139  106.84891428150      158.1336     17 07 04 06 00 00 00   1.31
59434  53520.00   -1836969.5210  6065616.9377  -716257.9439   -6.49105567159  106.84891430079      158.1284     17 07 04 06 00 00 00   1.31
59434  53550.00   -1836969.5266  6065616.9365  -716257.9468   -6.49105569771  106.84891435236      158.1292     17 07 04 06 00 00 00   1.31
59434  53580.00   -1836969.5249  6065616.9364  -716257.9461   -6.49105569213  106.84891433871      158.1286     17 07 04 06 00 00 00   1.31
59434  53610.00   -1836969.5261  6065616.9426  -716257.9426   -6.49105565392  106.84891433261      158.1344     17 07 04 06 00 00 00   1.31
59434  53640.00   -1836969.5243  6065616.9419  -716257.9393   -6.49105562545  106.84891431855      158.1328     17 07 04 06 00 00 00   1.31
59434  53670.00   -1836969.5287  6065616.9391  -716257.9375   -6.49105561070  106.84891436439      158.1312     17 07 04 06 00 00 00   1.31
59434  53700.00   -1836969.5329  6065616.9381  -716257.9400   -6.49105563263  106.84891440322      158.1317     17 07 04 06 00 00 00   1.31
59434  53730.00   -1836969.5232  6065616.9317  -716257.9415   -6.49105565559  106.84891433580      158.1231     17 07 04 06 00 00 00   1.31
59434  53760.00   -1836969.5179  6065616.9319  -716257.9387   -6.49105563159  106.84891428983      158.1214     17 07 04 06 00 00 00   1.31
59434  53790.00   -1836969.5227  6065616.9361  -716257.9427   -6.49105566203  106.84891431968      158.1273     17 07 04 06 00 00 00   1.31
59434  53820.00   -1836969.5176  6065616.9393  -716257.9397   -6.49105563328  106.84891426724      158.1285     17 07 04 06 00 00 00   1.32
59434  53850.00   -1836969.5215  6065616.9372  -716257.9363   -6.49105560375  106.84891430734      158.1272     17 07 04 06 00 00 00   1.32
59434  53880.00   -1836969.5221  6065616.9341  -716257.9418   -6.49105565623  106.84891431982      158.1251     17 07 04 06 00 00 00   1.32
59434  53910.00   -1836969.5252  6065616.9328  -716257.9433   -6.49105566997  106.84891435036      158.1249     17 07 04 06 00 00 00   1.32
59434  53940.00   -1836969.5258  6065616.9338  -716257.9385   -6.49105562630  106.84891435274      158.1255     17 07 04 06 00 00 00   1.32
59434  53970.00   -1836969.5239  6065616.9340  -716257.9380   -6.49105562139  106.84891433593      158.1251     17 07 04 06 00 00 00   1.32
59434  54000.00   -1836969.5274  6065616.9471  -716257.9416   -6.49105564058  106.84891433218      158.1390     17 07 04 06 00 00 00   1.32
59434  54030.00   -1836969.5328  6065616.9527  -716257.9465   -6.49105567731  106.84891436382      158.1464     17 07 04 06 00 00 00   1.32
59434  54060.00   -1836969.5284  6065616.9524  -716257.9434   -6.49105565074  106.84891432642      158.1445     17 07 04 06 00 00 00   1.32
59434  54090.00   -1836969.5288  6065616.9530  -716257.9477   -6.49105568887  106.84891432902      158.1457     17 07 04 06 00 00 00   1.32
59434  54120.00   -1836969.5352  6065616.9594  -716257.9476   -6.49105568000  106.84891436704      158.1536     17 07 04 06 00 00 00   1.32
59434  54150.00   -1836969.5332  6065616.9488  -716257.9414   -6.49105563541  106.84891437782      158.1422     17 07 04 06 00 00 00   1.33
59434  54180.00   -1836969.5266  6065616.9458  -716257.9411   -6.49105563716  106.84891432886      158.1374     17 07 04 06 00 00 00   1.33
59434  54210.00   -1836969.5369  6065616.9486  -716257.9422   -6.49105564160  106.84891441008      158.1432     17 07 04 06 00 00 00   1.33
59434  54240.00   -1836969.5326  6065616.9465  -716257.9427   -6.49105564923  106.84891437835      158.1400     17 07 04 06 00 00 00   1.33
59434  54270.00   -1836969.5329  6065616.9479  -716257.9388   -6.49105561236  106.84891437745      158.1410     17 07 04 06 00 00 00   1.33
59434  54300.00   -1836969.5339  6065616.9475  -716257.9387   -6.49105561156  106.84891438715      158.1409     17 07 04 06 00 00 00   1.33
59434  54330.00   -1836969.5373  6065616.9454  -716257.9402   -6.49105562633  106.84891442193      158.1400     17 07 04 06 00 00 00   1.33
59434  54360.00   -1836969.5344  6065616.9361  -716257.9383   -6.49105561945  106.84891442143      158.1301     17 07 04 06 00 00 00   1.33
59434  54390.00   -1836969.5317  6065616.9339  -716257.9359   -6.49105560058  106.84891440334      158.1270     17 07 04 06 00 00 00   1.33
59434  54420.00   -1836969.5263  6065616.9370  -716257.9313   -6.49105555816  106.84891434870      158.1278     17 07 04 06 00 00 00   1.33
59434  54450.00   -1836969.5219  6065616.9299  -716257.9322   -6.49105557412  106.84891432958      158.1200     17 07 04 06 00 00 00   1.33
59434  54480.00   -1836969.5168  6065616.9296  -716257.9305   -6.49105556074  106.84891428650      158.1180     17 07 04 06 00 00 00   1.33
59434  54510.00   -1836969.5222  6065616.9333  -716257.9349   -6.49105559491  106.84891432289      158.1235     18 08 04 06 00 00 00   1.26
59434  54540.00   -1836969.5187  6065616.9349  -716257.9325   -6.49105557328  106.84891428829      158.1238     18 08 04 06 00 00 00   1.26
59434  54570.00   -1836969.5151  6065616.9353  -716257.9318   -6.49105556740  106.84891425620      158.1230     18 08 04 06 00 00 00   1.26
59434  54600.00   -1836969.5085  6065616.9235  -716257.9305   -6.49105556963  106.84891423018      158.1098     18 08 04 06 00 00 00   1.27
59434  54630.00   -1836969.5125  6065616.9277  -716257.9355   -6.49105560842  106.84891425401      158.1155     18 08 04 06 00 00 00   1.27
59434  54660.00   -1836969.5138  6065616.9300  -716257.9329   -6.49105558270  106.84891425898      158.1177     18 08 04 06 00 00 00   1.27
59434  54690.00   -1836969.5138  6065616.9292  -716257.9322   -6.49105557698  106.84891426119      158.1169     18 08 04 06 00 00 00   1.27
59434  54720.00   -1836969.5140  6065616.9306  -716257.9315   -6.49105556999  106.84891425920      158.1182     18 08 04 06 00 00 00   1.27
59434  54750.00   -1836969.5179  6065616.9446  -716257.9353   -6.49105558939  106.84891425617      158.1331     17 07 04 06 00 00 00   1.36
59434  54780.00   -1836969.5169  6065616.9502  -716257.9319   -6.49105555307  106.84891423283      158.1377     17 07 04 06 00 00 00   1.36
59434  54810.00   -1836969.5129  6065616.9467  -716257.9317   -6.49105555563  106.84891420755      158.1333     17 07 04 06 00 00 00   1.36
59434  54840.00   -1836969.5107  6065616.9507  -716257.9316   -6.49105555139  106.84891417834      158.1365     17 07 04 06 00 00 00   1.36
59434  54870.00   -1836969.5141  6065616.9480  -716257.9337   -6.49105557237  106.84891421469      158.1350     17 07 04 06 00 00 00   1.36
59434  54900.00   -1836969.5120  6065616.9496  -716257.9374   -6.49105560444  106.84891419199      158.1364     17 07 04 06 00 00 00   1.36
59434  54930.00   -1836969.5189  6065616.9516  -716257.9394   -6.49105561874  106.84891424643      158.1406     17 07 04 06 00 00 00   1.36
59434  54960.00   -1836969.5274  6065616.9518  -716257.9374   -6.49105559825  106.84891431938      158.1429     17 07 04 06 00 00 00   1.36
59434  54990.00   -1836969.5245  6065616.9494  -716257.9386   -6.49105561185  106.84891430133      158.1400     17 07 04 06 00 00 00   1.37
59434  55020.00   -1836969.5229  6065616.9558  -716257.9459   -6.49105567176  106.84891426986      158.1464     17 07 04 06 00 00 00   1.37
59434  55050.00   -1836969.5208  6065616.9551  -716257.9452   -6.49105566628  106.84891425346      158.1451     17 07 04 06 00 00 00   1.37
59434  55080.00   -1836969.5214  6065616.9579  -716257.9434   -6.49105564737  106.84891425165      158.1477     17 07 04 06 00 00 00   1.37
59434  55110.00   -1836969.5201  6065616.9454  -716257.9429   -6.49105565551  106.84891427358      158.1354     17 07 04 06 00 00 00   1.37
59434  55140.00   -1836969.5219  6065616.9396  -716257.9483   -6.49105570966  106.84891430396      158.1310     17 07 04 06 00 00 00   1.37
59434  55170.00   -1836969.5206  6065616.9354  -716257.9447   -6.49105568143  106.84891430422      158.1262     17 07 04 06 00 00 00   1.37
59434  55200.00   -1836969.5228  6065616.9402  -716257.9433   -6.49105566363  106.84891430989      158.1313     17 07 04 06 00 00 00   1.37
59434  55230.00   -1836969.5215  6065616.9381  -716257.9407   -6.49105564297  106.84891430426      158.1285     17 07 04 06 00 00 00   1.37
59434  55260.00   -1836969.5161  6065616.9281  -716257.9423   -6.49105566877  106.84891428390      158.1177     17 07 04 06 00 00 00   1.38
59434  55290.00   -1836969.5194  6065616.9244  -716257.9387   -6.49105563873  106.84891432215      158.1147     17 07 04 06 00 00 00   1.38
59434  55320.00   -1836969.5172  6065616.9314  -716257.9372   -6.49105561951  106.84891428463      158.1205     17 07 04 06 00 00 00   1.38
59434  55350.00   -1836969.5176  6065616.9294  -716257.9342   -6.49105559415  106.84891429373      158.1184     17 07 04 06 00 00 00   1.38
59434  55380.00   -1836969.5189  6065616.9270  -716257.9331   -6.49105558612  106.84891431122      158.1164     17 07 04 06 00 00 00   1.38
59434  55410.00   -1836969.5186  6065616.9362  -716257.9343   -6.49105558745  106.84891428466      158.1252     17 07 04 06 00 00 00   1.38
59434  55440.00   -1836969.5122  6065616.9388  -716257.9337   -6.49105558190  106.84891422234      158.1258     17 07 04 06 00 00 00   1.38
59434  55470.00   -1836969.5131  6065616.9416  -716257.9337   -6.49105557898  106.84891422254      158.1287     17 07 04 06 00 00 00   1.38
59434  55500.00   -1836969.5153  6065616.9406  -716257.9328   -6.49105557139  106.84891424468      158.1283     17 07 04 06 00 00 00   1.38
59434  55530.00   -1836969.5153  6065616.9373  -716257.9343   -6.49105558795  106.84891425253      158.1253     17 07 04 06 00 00 00   1.38
59434  55560.00   -1836969.5087  6065616.9446  -716257.9333   -6.49105557351  106.84891417650      158.1303     17 07 04 06 00 00 00   1.38
59434  55590.00   -1836969.5136  6065616.9521  -716257.9334   -6.49105556576  106.84891419937      158.1388     17 07 04 06 00 00 00   1.39
59434  55620.00   -1836969.5175  6065616.9509  -716257.9384   -6.49105561087  106.84891423600      158.1394     17 07 04 06 00 00 00   1.39
59434  55650.00   -1836969.5187  6065616.9491  -716257.9364   -6.49105559387  106.84891425133      158.1378     17 07 04 06 00 00 00   1.39
59434  55680.00   -1836969.5169  6065616.9547  -716257.9376   -6.49105560000  106.84891422127      158.1427     17 07 04 06 00 00 00   1.39
59434  55710.00   -1836969.5116  6065616.9458  -716257.9315   -6.49105555499  106.84891419867      158.1320     17 07 04 06 00 00 00   1.39
59434  55740.00   -1836969.5145  6065616.9445  -716257.9359   -6.49105559572  106.84891422728      158.1321     17 07 04 06 00 00 00   1.39
59434  55770.00   -1836969.5162  6065616.9427  -716257.9349   -6.49105558802  106.84891424710      158.1308     17 07 04 06 00 00 00   1.39
59434  55800.00   -1836969.5201  6065616.9435  -716257.9373   -6.49105560688  106.84891427844      158.1330     17 07 04 06 00 00 00   1.39
59434  55830.00   -1836969.5175  6065616.9483  -716257.9380   -6.49105560970  106.84891424330      158.1368     17 07 04 06 00 00 00   1.39
59434  55860.00   -1836969.5150  6065616.9432  -716257.9366   -6.49105560302  106.84891423496      158.1311     17 07 04 06 00 00 00   1.39
59434  55890.00   -1836969.5142  6065616.9347  -716257.9359   -6.49105560480  106.84891425024      158.1227     17 07 04 06 00 00 00   1.39
59434  55920.00   -1836969.5177  6065616.9447  -716257.9346   -6.49105558237  106.84891425426      158.1331     17 07 04 06 00 00 00   1.39
59434  55950.00   -1836969.5158  6065616.9415  -716257.9354   -6.49105559307  106.84891424661      158.1296     17 07 04 06 00 00 00   1.39
59434  55980.00   -1836969.5156  6065616.9343  -716257.9350   -6.49105559688  106.84891426374      158.1227     17 07 04 06 00 00 00   1.39
59434  56010.00   -1836969.5195  6065616.9399  -716257.9368   -6.49105560661  106.84891428269      158.1293     17 07 04 06 00 00 00   1.39
59434  56040.00   -1836969.5190  6065616.9320  -716257.9397   -6.49105564003  106.84891429901      158.1219     17 07 04 06 00 00 00   1.39
59434  56070.00   -1836969.5107  6065616.9237  -716257.9390   -6.49105564434  106.84891424869      158.1116     17 07 04 06 00 00 00   1.39
59434  56100.00   -1836969.5140  6065616.9276  -716257.9385   -6.49105563587  106.84891426684      158.1162     17 07 04 06 00 00 00   1.39
59434  56130.00   -1836969.5180  6065616.9397  -716257.9409   -6.49105564402  106.84891427030      158.1291     17 07 04 06 00 00 00   1.39
59434  56160.00   -1836969.5180  6065616.9385  -716257.9413   -6.49105564901  106.84891427306      158.1280     17 07 04 06 00 00 00   1.39
59434  56190.00   -1836969.5179  6065616.9416  -716257.9393   -6.49105562739  106.84891426459      158.1307     17 07 04 06 00 00 00   1.39
59434  56220.00   -1836969.5182  6065616.9506  -716257.9419   -6.49105564218  106.84891424279      158.1397     17 07 04 06 00 00 00   1.39
59434  56250.00   -1836969.5187  6065616.9482  -716257.9400   -6.49105562740  106.84891425341      158.1373     17 07 04 06 00 00 00   1.39
59434  56280.00   -1836969.5196  6065616.9387  -716257.9387   -6.49105562507  106.84891428624      158.1284     17 07 04 06 00 00 00   1.39
59434  56310.00   -1836969.5203  6065616.9271  -716257.9379   -6.49105562839  106.84891432288      158.1174     17 07 04 06 00 00 00   1.39
59434  56340.00   -1836969.5167  6065616.9503  -716257.9452   -6.49105567301  106.84891423102      158.1393     16 06 04 06 00 00 00   1.59
59434  56370.00   -1836969.5202  6065616.9480  -716257.9421   -6.49105564622  106.84891426745      158.1378     16 06 04 06 00 00 00   1.59
59434  56400.00   -1836969.5188  6065616.9491  -716257.9422   -6.49105564608  106.84891425221      158.1384     16 06 04 06 00 00 00   1.59
59434  56430.00   -1836969.5165  6065616.9508  -716257.9444   -6.49105566464  106.84891422825      158.1396     16 06 04 06 00 00 00   1.59
59434  56460.00   -1836969.5202  6065616.9409  -716257.9446   -6.49105567498  106.84891428560      158.1313     16 06 04 06 00 00 00   1.59
59434  56490.00   -1836969.5242  6065616.9430  -716257.9434   -6.49105566157  106.84891431535      158.1343     16 06 04 06 00 00 00   1.59
59434  56520.00   -1836969.5214  6065616.9399  -716257.9468   -6.49105569625  106.84891429863      158.1309     16 06 04 06 00 00 00   1.60
59434  56550.00   -1836969.5203  6065616.9352  -716257.9461   -6.49105569419  106.84891430142      158.1261     16 06 04 06 00 00 00   1.60
59434  56580.00   -1836969.5155  6065616.9295  -716257.9415   -6.49105565987  106.84891427488      158.1188     16 06 04 06 00 00 00   1.60
59434  56610.00   -1836969.5129  6065616.9247  -716257.9401   -6.49105565279  106.84891426517      158.1133     17 07 04 06 00 00 00   1.39
59434  56640.00   -1836969.5185  6065616.9288  -716257.9427   -6.49105567024  106.84891430320      158.1191     17 07 04 06 00 00 00   1.39
59434  56670.00   -1836969.5239  6065616.9329  -716257.9405   -6.49105564482  106.84891433906      158.1243     18 08 04 06 00 00 00   1.33
59434  56700.00   -1836969.5159  6065616.9328  -716257.9413   -6.49105565464  106.84891427035      158.1220     18 08 04 06 00 00 00   1.33
59434  56730.00   -1836969.5175  6065616.9451  -716257.9411   -6.49105564096  106.84891425189      158.1341     18 08 04 06 00 00 00   1.33
59434  56760.00   -1836969.5199  6065616.9437  -716257.9428   -6.49105565632  106.84891427644      158.1337     18 08 04 06 00 00 00   1.33
59434  56790.00   -1836969.5190  6065616.9433  -716257.9427   -6.49105565614  106.84891426925      158.1330     18 08 04 06 00 00 00   1.33
59434  56820.00   -1836969.5215  6065616.9463  -716257.9473   -6.49105569377  106.84891428338      158.1371     18 08 04 06 00 00 00   1.33
59434  56850.00   -1836969.5183  6065616.9344  -716257.9384   -6.49105562678  106.84891428672      158.1239     19 09 04 06 00 00 00   1.25
59434  56880.00   -1836969.5185  6065616.9301  -716257.9435   -6.49105567629  106.84891429920      158.1204     19 09 04 06 00 00 00   1.25
59434  56910.00   -1836969.5237  6065616.9444  -716257.9447   -6.49105567160  106.84891430693      158.1357     19 09 04 06 00 00 00   1.25
59434  56940.00   -1836969.5219  6065616.9531  -716257.9491   -6.49105570334  106.84891426839      158.1439     19 09 04 06 00 00 00   1.25
59434  56970.00   -1836969.5209  6065616.9463  -716257.9451   -6.49105567459  106.84891427750      158.1367     19 09 04 06 00 00 00   1.25
59434  57000.00   -1836969.5272  6065616.9519  -716257.9476   -6.49105568940  106.84891431749      158.1442     19 09 04 06 00 00 00   1.25
59434  57030.00   -1836969.5278  6065616.9473  -716257.9467   -6.49105568588  106.84891433454      158.1398     19 09 04 06 00 00 00   1.25
59434  57060.00   -1836969.5264  6065616.9528  -716257.9489   -6.49105570066  106.84891430824      158.1449     19 09 04 06 00 00 00   1.26
59434  57090.00   -1836969.5214  6065616.9444  -716257.9494   -6.49105571492  106.84891428700      158.1355     19 09 04 06 00 00 00   1.26
59434  57120.00   -1836969.5225  6065616.9504  -716257.9474   -6.49105569099  106.84891428053      158.1413     19 09 04 06 00 00 00   1.26
59434  57150.00   -1836969.5212  6065616.9530  -716257.9480   -6.49105569365  106.84891426257      158.1434     19 09 04 06 00 00 00   1.26
59434  57180.00   -1836969.5213  6065616.9487  -716257.9431   -6.49105565357  106.84891427516      158.1388     19 09 04 06 00 00 00   1.26
59434  57210.00   -1836969.5220  6065616.9443  -716257.9440   -6.49105566603  106.84891429269      158.1350     19 09 04 06 00 00 00   1.26
59434  57240.00   -1836969.5208  6065616.9418  -716257.9457   -6.49105568385  106.84891428871      158.1325     19 09 04 06 00 00 00   1.26
59434  57270.00   -1836969.5229  6065616.9506  -716257.9483   -6.49105569865  106.84891428367      158.1417     19 09 04 06 00 00 00   1.26
59434  57300.00   -1836969.5266  6065616.9465  -716257.9500   -6.49105571655  106.84891432631      158.1391     19 09 04 06 00 00 00   1.26
59434  57330.00   -1836969.5281  6065616.9610  -716257.9557   -6.49105575319  106.84891430162      158.1540     19 09 04 06 00 00 00   1.26
59434  57360.00   -1836969.5288  6065616.9447  -716257.9526   -6.49105574080  106.84891435049      158.1383     19 09 04 06 00 00 00   1.26
59434  57390.00   -1836969.5290  6065616.9464  -716257.9504   -6.49105571981  106.84891434750      158.1397     19 09 04 06 00 00 00   1.26
59434  57420.00   -1836969.5321  6065616.9442  -716257.9478   -6.49105569778  106.84891438040      158.1382     20 09 05 06 00 00 00   1.19
59434  57450.00   -1836969.5253  6065616.9404  -716257.9458   -6.49105568500  106.84891433139      158.1324     20 09 05 06 00 00 00   1.19
59434  57480.00   -1836969.5308  6065616.9535  -716257.9470   -6.49105568142  106.84891434433      158.1466     20 09 05 06 00 00 00   1.19
59434  57510.00   -1836969.5287  6065616.9459  -716257.9430   -6.49105565383  106.84891434612      158.1383     20 09 05 06 00 00 00   1.19
59434  57540.00   -1836969.5316  6065616.9575  -716257.9471   -6.49105567809  106.84891434150      158.1507     19 09 05 05 00 00 00   1.25
59434  57570.00   -1836969.5290  6065616.9509  -716257.9418   -6.49105563772  106.84891433609      158.1430     19 09 05 05 00 00 00   1.25
59434  57600.00   -1836969.5264  6065616.9457  -716257.9417   -6.49105564267  106.84891432726      158.1374     19 09 05 05 00 00 00   1.25
59434  57630.00   -1836969.5257  6065616.9534  -716257.9411   -6.49105562966  106.84891430076      158.1444     19 09 05 05 00 00 00   1.26
59434  57660.00   -1836969.5240  6065616.9367  -716257.9379   -6.49105561826  106.84891432947      158.1277     19 09 05 05 00 00 00   1.26
59434  57690.00   -1836969.5291  6065616.9257  -716257.9366   -6.49105561555  106.84891440280      158.1185     19 09 05 05 00 00 00   1.26
59434  57720.00   -1836969.5279  6065616.9313  -716257.9400   -6.49105564151  106.84891437765      158.1239     19 09 05 05 00 00 00   1.26
59434  57750.00   -1836969.5271  6065616.9344  -716257.9428   -6.49105566341  106.84891436249      158.1269     19 09 05 05 00 00 00   1.26
59434  57780.00   -1836969.5306  6065616.9458  -716257.9427   -6.49105565052  106.84891436286      158.1388     19 09 05 05 00 00 00   1.27
59434  57810.00   -1836969.5329  6065616.9425  -716257.9443   -6.49105566713  106.84891439184      158.1365     19 09 05 05 00 00 00   1.27
59434  57840.00   -1836969.5306  6065616.9459  -716257.9471   -6.49105569018  106.84891436254      158.1394     19 09 05 05 00 00 00   1.27
59434  57870.00   -1836969.5307  6065616.9449  -716257.9465   -6.49105568516  106.84891436646      158.1383     19 09 05 05 00 00 00   1.27
59434  57900.00   -1836969.5282  6065616.9419  -716257.9498   -6.49105571898  106.84891435276      158.1352     19 09 05 05 00 00 00   1.27
59434  57930.00   -1836969.5267  6065616.9552  -716257.9535   -6.49105573897  106.84891430447      158.1478     19 09 05 05 00 00 00   1.27
59434  57960.00   -1836969.5247  6065616.9492  -716257.9495   -6.49105570967  106.84891430321      158.1411     19 09 05 05 00 00 00   1.28
59434  57990.00   -1836969.5224  6065616.9369  -716257.9466   -6.49105569678  106.84891431571      158.1284     19 09 05 05 00 00 00   1.28
59434  58020.00   -1836969.5279  6065616.9425  -716257.9415   -6.49105564363  106.84891434864      158.1347     19 09 05 05 00 00 00   1.28
59434  58050.00   -1836969.5294  6065616.9519  -716257.9417   -6.49105563542  106.84891433660      158.1441     19 09 05 05 00 00 00   1.28
59434  58080.00   -1836969.5286  6065616.9637  -716257.9462   -6.49105566477  106.84891429919      158.1556     19 09 05 05 00 00 00   1.28
59434  58110.00   -1836969.5278  6065616.9468  -716257.9463   -6.49105568302  106.84891433592      158.1393     19 09 05 05 00 00 00   1.28
59434  58140.00   -1836969.5268  6065616.9398  -716257.9440   -6.49105566900  106.84891434637      158.1321     19 09 05 05 00 00 00   1.28
59434  58170.00   -1836969.5307  6065616.9417  -716257.9441   -6.49105566743  106.84891437502      158.1350     19 09 05 05 00 00 00   1.29
59434  58200.00   -1836969.5293  6065616.9472  -716257.9467   -6.49105568517  106.84891434832      158.1402     19 09 05 05 00 00 00   1.29
59434  58230.00   -1836969.5331  6065616.9460  -716257.9473   -6.49105569050  106.84891438401      158.1401     19 09 05 05 00 00 00   1.29
59434  58260.00   -1836969.5341  6065616.9594  -716257.9483   -6.49105568653  106.84891435811      158.1533     19 09 05 05 00 00 00   1.29
59434  58290.00   -1836969.5345  6065616.9631  -716257.9486   -6.49105568526  106.84891435162      158.1570     19 09 05 05 00 00 00   1.29
59434  58320.00   -1836969.5313  6065616.9619  -716257.9467   -6.49105567065  106.84891432660      158.1547     19 09 05 05 00 00 00   1.29
59434  58350.00   -1836969.5325  6065616.9622  -716257.9480   -6.49105568133  106.84891433649      158.1554     19 09 05 05 00 00 00   1.29
59434  58380.00   -1836969.5305  6065616.9657  -716257.9510   -6.49105570555  106.84891431033      158.1586     19 09 05 05 00 00 00   1.29
59434  58410.00   -1836969.5248  6065616.9627  -716257.9506   -6.49105570654  106.84891426898      158.1540     19 09 05 05 00 00 00   1.29
59434  58440.00   -1836969.5297  6065616.9709  -716257.9525   -6.49105571411  106.84891428953      158.1635     19 09 05 05 00 00 00   1.29
59434  58470.00   -1836969.5314  6065616.9772  -716257.9553   -6.49105573279  106.84891428790      158.1702     19 09 05 05 00 00 00   1.29
59434  58500.00   -1836969.5299  6065616.9712  -716257.9555   -6.49105574043  106.84891429080      158.1641     19 09 05 05 00 00 00   1.30
59434  58530.00   -1836969.5239  6065616.9603  -716257.9534   -6.49105573413  106.84891426690      158.1518     19 09 05 05 00 00 00   1.30
59434  58560.00   -1836969.5236  6065616.9543  -716257.9543   -6.49105574804  106.84891428052      158.1461     19 09 05 05 00 00 00   1.30
59434  58590.00   -1836969.5281  6065616.9561  -716257.9514   -6.49105571881  106.84891431410      158.1488     19 09 05 05 00 00 00   1.30
59434  58620.00   -1836969.5249  6065616.9532  -716257.9541   -6.49105574759  106.84891429408      158.1454     19 09 05 05 00 00 00   1.30
59434  58650.00   -1836969.5212  6065616.9537  -716257.9564   -6.49105576875  106.84891426125      158.1451     19 09 05 05 00 00 00   1.30
59434  58680.00   -1836969.5211  6065616.9489  -716257.9584   -6.49105579144  106.84891427242      158.1407     19 09 05 05 00 00 00   1.30
59434  58710.00   -1836969.5233  6065616.9693  -716257.9618   -6.49105580095  106.84891423853      158.1612     19 09 05 05 00 00 00   1.30
59434  58740.00   -1836969.5205  6065616.9631  -716257.9595   -6.49105578783  106.84891423037      158.1542     19 09 05 05 00 00 00   1.30
59434  58770.00   -1836969.5246  6065616.9622  -716257.9575   -6.49105576882  106.84891426862      158.1543     19 09 05 05 00 00 00   1.30
59434  58800.00   -1836969.5261  6065616.9540  -716257.9564   -6.49105576701  106.84891430289      158.1468     19 09 05 05 00 00 00   1.30
59434  58830.00   -1836969.5264  6065616.9640  -716257.9571   -6.49105576364  106.84891427926      158.1565     19 09 05 05 00 00 00   1.30
59434  58860.00   -1836969.5234  6065616.9641  -716257.9540   -6.49105573638  106.84891425300      158.1554     19 09 05 05 00 00 00   1.30
59434  58890.00   -1836969.5234  6065616.9637  -716257.9543   -6.49105573954  106.84891425392      158.1550     19 09 05 05 00 00 00   1.30
59434  58920.00   -1836969.5248  6065616.9684  -716257.9540   -6.49105573155  106.84891425391      158.1599     19 09 05 05 00 00 00   1.30
59434  58950.00   -1836969.5236  6065616.9559  -716257.9551   -6.49105575388  106.84891427626      158.1477     19 09 05 05 00 00 00   1.30
59434  58980.00   -1836969.5233  6065616.9644  -716257.9581   -6.49105577260  106.84891425082      158.1561     19 09 05 05 00 00 00   1.30
59434  59010.00   -1836969.5224  6065616.9545  -716257.9575   -6.49105577773  106.84891426954      158.1464     19 09 05 05 00 00 00   1.30
59434  59040.00   -1836969.5280  6065616.9578  -716257.9641   -6.49105583197  106.84891430891      158.1518     19 09 05 05 00 00 00   1.30
59434  59070.00   -1836969.5242  6065616.9487  -716257.9627   -6.49105582963  106.84891430035      158.1419     19 09 05 05 00 00 00   1.30
59434  59100.00   -1836969.5239  6065616.9334  -716257.9578   -6.49105580028  106.84891433759      158.1267     19 09 05 05 00 00 00   1.30
59434  59130.00   -1836969.5242  6065616.9277  -716257.9561   -6.49105579078  106.84891435484      158.1212     19 09 05 05 00 00 00   1.30
59434  59160.00   -1836969.5224  6065616.9228  -716257.9571   -6.49105580488  106.84891435268      158.1161     19 09 05 05 00 00 00   1.30
59434  59190.00   -1836969.5200  6065616.9258  -716257.9564   -6.49105579609  106.84891432364      158.1182     19 09 05 05 00 00 00   1.30
59434  59220.00   -1836969.5246  6065616.9265  -716257.9605   -6.49105583122  106.84891436187      158.1207     19 09 05 05 00 00 00   1.30
59434  59250.00   -1836969.5218  6065616.9247  -716257.9600   -6.49105582949  106.84891434270      158.1181     19 09 05 05 00 00 00   1.30
59434  59280.00   -1836969.5238  6065616.9369  -716257.9633   -6.49105584626  106.84891432744      158.1307     19 09 05 05 00 00 00   1.30
59434  59310.00   -1836969.5174  6065616.9337  -716257.9636   -6.49105585413  106.84891428100      158.1258     19 09 05 05 00 00 00   1.29
59434  59340.00   -1836969.5180  6065616.9341  -716257.9607   -6.49105582761  106.84891428500      158.1261     19 09 05 05 00 00 00   1.29
59434  59370.00   -1836969.5188  6065616.9313  -716257.9604   -6.49105582679  106.84891429896      158.1235     19 09 05 05 00 00 00   1.29
59434  59400.00   -1836969.5134  6065616.9263  -716257.9642   -6.49105586792  106.84891426508      158.1176     19 09 05 05 00 00 00   1.29
59434  59430.00   -1836969.5167  6065616.9352  -716257.9604   -6.49105582352  106.84891427045      158.1267     19 09 05 05 00 00 00   1.29
59434  59460.00   -1836969.5170  6065616.9205  -716257.9599   -6.49105583361  106.84891431218      158.1127     19 09 05 05 00 00 00   1.29
59434  59490.00   -1836969.5137  6065616.9245  -716257.9618   -6.49105584799  106.84891427292      158.1158     19 09 05 05 00 00 00   1.29
59434  59520.00   -1836969.5103  6065616.9223  -716257.9626   -6.49105585842  106.84891424920      158.1128     19 09 05 05 00 00 00   1.29
59434  59550.00   -1836969.5168  6065616.9314  -716257.9583   -6.49105580917  106.84891428192      158.1228     18 08 05 05 00 00 00   1.40
59434  59580.00   -1836969.5196  6065616.9323  -716257.9583   -6.49105580701  106.84891430365      158.1245     18 08 05 05 00 00 00   1.40
59434  59610.00   -1836969.5179  6065616.9352  -716257.9612   -6.49105583070  106.84891428103      158.1271     17 07 05 05 00 00 00   1.63
59434  59640.00   -1836969.5180  6065616.9522  -716257.9658   -6.49105585519  106.84891423759      158.1438     17 07 05 05 00 00 00   1.63
59434  59670.00   -1836969.5208  6065616.9483  -716257.9645   -6.49105584645  106.84891427206      158.1408     17 07 05 05 00 00 00   1.62
59434  59700.00   -1836969.5242  6065616.9488  -716257.9627   -6.49105582875  106.84891429971      158.1420     17 07 05 05 00 00 00   1.62
59434  59730.00   -1836969.5172  6065616.9412  -716257.9613   -6.49105582570  106.84891425926      158.1326     17 07 05 05 00 00 00   1.62
59434  59760.00   -1836969.5165  6065616.9330  -716257.9577   -6.49105580178  106.84891427477      158.1242     17 07 05 05 00 00 00   1.62
59434  59790.00   -1836969.5162  6065616.9442  -716257.9640   -6.49105584740  106.84891424262      158.1355     17 07 05 05 00 00 00   1.62
59434  59820.00   -1836969.5165  6065616.9476  -716257.9618   -6.49105582415  106.84891423690      158.1385     17 07 05 05 00 00 00   1.62
59434  59850.00   -1836969.5157  6065616.9355  -716257.9575   -6.49105579790  106.84891426084      158.1264     17 07 05 05 00 00 00   1.61
59434  59880.00   -1836969.5179  6065616.9463  -716257.9560   -6.49105577294  106.84891425173      158.1371     17 07 05 05 00 00 00   1.61
59434  59910.00   -1836969.5122  6065616.9214  -716257.9514   -6.49105575833  106.84891426796      158.1112     17 07 05 05 00 00 00   1.61
59434  59940.00   -1836969.5167  6065616.9372  -716257.9517   -6.49105574382  106.84891426502      158.1275     17 07 05 05 00 00 00   1.61
59434  59970.00   -1836969.5158  6065616.9371  -716257.9475   -6.49105570647  106.84891425799      158.1268     17 07 05 05 00 00 00   1.60
59434  60000.00   -1836969.5148  6065616.9371  -716257.9546   -6.49105577069  106.84891424890      158.1273     17 07 05 05 00 00 00   1.60
59434  60030.00   -1836969.5145  6065616.9370  -716257.9535   -6.49105576052  106.84891424687      158.1270     17 07 05 05 00 00 00   1.60
59434  60060.00   -1836969.5145  6065616.9297  -716257.9513   -6.49105574779  106.84891426558      158.1198     17 07 05 05 00 00 00   1.60
59434  60090.00   -1836969.5138  6065616.9226  -716257.9534   -6.49105577447  106.84891427833      158.1131     17 07 05 05 00 00 00   1.59
59434  60120.00   -1836969.5157  6065616.9310  -716257.9540   -6.49105577073  106.84891427271      158.1217     17 07 05 05 00 00 00   1.59
59434  60150.00   -1836969.5193  6065616.9340  -716257.9519   -6.49105574786  106.84891429636      158.1253     17 07 05 05 00 00 00   1.59
59434  60180.00   -1836969.5191  6065616.9475  -716257.9567   -6.49105577807  106.84891425931      158.1386     17 07 05 05 00 00 00   1.59
59434  60210.00   -1836969.5147  6065616.9470  -716257.9563   -6.49105577625  106.84891422292      158.1368     18 07 05 06 00 00 00   1.51
59434  60240.00   -1836969.5152  6065616.9512  -716257.9535   -6.49105574693  106.84891421588      158.1407     18 07 05 06 00 00 00   1.51
59434  60270.00   -1836969.5155  6065616.9498  -716257.9509   -6.49105572480  106.84891422168      158.1391     18 07 05 06 00 00 00   1.51
59434  60300.00   -1836969.5135  6065616.9382  -716257.9491   -6.49105572086  106.84891423520      158.1273     18 07 05 06 00 00 00   1.51
59434  60330.00   -1836969.5153  6065616.9355  -716257.9523   -6.49105575121  106.84891425781      158.1256     18 07 05 06 00 00 00   1.50
59434  60360.00   -1836969.5143  6065616.9371  -716257.9507   -6.49105573588  106.84891424466      158.1267     18 07 05 06 00 00 00   1.50
59434  60390.00   -1836969.5093  6065616.9341  -716257.9545   -6.49105577421  106.84891420942      158.1228     18 07 05 06 00 00 00   1.50
59434  60420.00   -1836969.5203  6065616.9416  -716257.9498   -6.49105572157  106.84891428468      158.1326     18 07 05 06 00 00 00   1.50
59434  60450.00   -1836969.5180  6065616.9494  -716257.9514   -6.49105572915  106.84891424426      158.1396     18 07 05 06 00 00 00   1.50
59434  60480.00   -1836969.5105  6065616.9346  -716257.9492   -6.49105572613  106.84891421851      158.1231     18 07 05 06 00 00 00   1.50
59434  60510.00   -1836969.5138  6065616.9308  -716257.9457   -6.49105569710  106.84891425703      158.1199     18 07 05 06 00 00 00   1.50
59434  60540.00   -1836969.5130  6065616.9255  -716257.9448   -6.49105569429  106.84891426416      158.1146     19 08 05 06 00 00 00   1.38
59434  60570.00   -1836969.5213  6065616.9386  -716257.9492   -6.49105571880  106.84891430128      158.1300     19 08 05 06 00 00 00   1.38
59434  60600.00   -1836969.5205  6065616.9515  -716257.9477   -6.49105569271  106.84891426080      158.1418     19 08 05 06 00 00 00   1.37
59434  60630.00   -1836969.5131  6065616.9441  -716257.9490   -6.49105571412  106.84891421577      158.1328     19 08 05 06 00 00 00   1.37
59434  60660.00   -1836969.5139  6065616.9416  -716257.9498   -6.49105572321  106.84891422979      158.1307     19 08 05 06 00 00 00   1.37
59434  60690.00   -1836969.5152  6065616.9489  -716257.9496   -6.49105571399  106.84891422139      158.1380     19 08 05 06 00 00 00   1.37
59434  60720.00   -1836969.5117  6065616.9464  -716257.9487   -6.49105570964  106.84891419818      158.1346     19 08 05 06 00 00 00   1.37
59434  60750.00   -1836969.5138  6065616.9465  -716257.9464   -6.49105568763  106.84891421567      158.1349     19 08 05 06 00 00 00   1.36
59434  60780.00   -1836969.5146  6065616.9431  -716257.9440   -6.49105566926  106.84891423127      158.1317     19 08 05 06 00 00 00   1.36
59434  60810.00   -1836969.5113  6065616.9387  -716257.9468   -6.49105570015  106.84891421486      158.1269     19 08 05 06 00 00 00   1.36
59434  60840.00   -1836969.5101  6065616.9322  -716257.9467   -6.49105570557  106.84891422166      158.1203     19 08 05 06 00 00 00   1.36
59434  60870.00   -1836969.5103  6065616.9288  -716257.9444   -6.49105568825  106.84891423227      158.1169     19 08 05 06 00 00 00   1.36
59434  60900.00   -1836969.5133  6065616.9239  -716257.9405   -6.49105565748  106.84891427040      158.1127     19 08 05 06 00 00 00   1.35
59434  60930.00   -1836969.5119  6065616.9174  -716257.9411   -6.49105566964  106.84891427607      158.1062     19 08 05 06 00 00 00   1.35
59434  60960.00   -1836969.5147  6065616.9286  -716257.9385   -6.49105563384  106.84891427105      158.1173     19 08 05 06 00 00 00   1.35
59434  60990.00   -1836969.5145  6065616.9350  -716257.9388   -6.49105563079  106.84891425201      158.1234     19 08 05 06 00 00 00   1.35
59434  61020.00   -1836969.5166  6065616.9300  -716257.9465   -6.49105570368  106.84891428368      158.1202     19 08 05 06 00 00 00   1.34
59434  61050.00   -1836969.5133  6065616.9279  -716257.9467   -6.49105570923  106.84891426032      158.1172     19 08 05 06 00 00 00   1.34
59434  61080.00   -1836969.5186  6065616.9252  -716257.9425   -6.49105567216  106.84891431334      158.1157     19 08 05 06 00 00 00   1.34
59434  61110.00   -1836969.5218  6065616.9333  -716257.9411   -6.49105565105  106.84891431971      158.1242     19 08 05 06 00 00 00   1.34
59434  61140.00   -1836969.5129  6065616.9374  -716257.9443   -6.49105567808  106.84891423211      158.1258     19 08 05 06 00 00 00   1.33
59434  61170.00   -1836969.5147  6065616.9324  -716257.9454   -6.49105569217  106.84891426037      158.1217     19 08 05 06 00 00 00   1.33
59434  61200.00   -1836969.5160  6065616.9285  -716257.9470   -6.49105571061  106.84891428205      158.1186     19 08 05 06 00 00 00   1.33
59434  61230.00   -1836969.5112  6065616.9296  -716257.9487   -6.49105572576  106.84891423810      158.1184     19 08 05 06 00 00 00   1.33
59434  61260.00   -1836969.5116  6065616.9274  -716257.9485   -6.49105572636  106.84891424694      158.1164     19 08 05 06 00 00 00   1.32
59434  61290.00   -1836969.5136  6065616.9352  -716257.9477   -6.49105571066  106.84891424348      158.1243     19 08 05 06 00 00 00   1.32
59434  61320.00   -1836969.5131  6065616.9265  -716257.9439   -6.49105568558  106.84891426257      158.1155     19 08 05 06 00 00 00   1.32
59434  61350.00   -1836969.5179  6065616.9338  -716257.9396   -6.49105563794  106.84891428497      158.1233     19 08 05 06 00 00 00   1.31
59434  61380.00   -1836969.5143  6065616.9295  -716257.9382   -6.49105563121  106.84891426441      158.1181     19 08 05 06 00 00 00   1.31
59434  61410.00   -1836969.5124  6065616.9346  -716257.9404   -6.49105564633  106.84891423506      158.1226     19 08 05 06 00 00 00   1.31
59434  61440.00   -1836969.5096  6065616.9208  -716257.9411   -6.49105566696  106.84891424679      158.1087     19 08 05 06 00 00 00   1.31
59434  61470.00   -1836969.5076  6065616.9167  -716257.9402   -6.49105566287  106.84891424026      158.1042     19 08 05 06 00 00 00   1.30
59434  61500.00   -1836969.5084  6065616.9198  -716257.9449   -6.49105570189  106.84891423879      158.1079     19 08 05 06 00 00 00   1.30
59434  61530.00   -1836969.5048  6065616.9224  -716257.9439   -6.49105569200  106.84891420116      158.1092     19 08 05 06 00 00 00   1.30
59434  61560.00   -1836969.5085  6065616.9287  -716257.9435   -6.49105568047  106.84891421675      158.1162     19 08 05 06 00 00 00   1.30
59434  61590.00   -1836969.5107  6065616.9281  -716257.9437   -6.49105568264  106.84891423721      158.1163     19 08 05 06 00 00 00   1.29
59434  61620.00   -1836969.5166  6065616.9380  -716257.9421   -6.49105565647  106.84891426222      158.1272     19 08 05 06 00 00 00   1.29
59434  61650.00   -1836969.5186  6065616.9288  -716257.9385   -6.49105563254  106.84891430361      158.1186     19 08 05 06 00 00 00   1.29
59434  61680.00   -1836969.5131  6065616.9284  -716257.9436   -6.49105568049  106.84891425752      158.1173     19 08 05 06 00 00 00   1.28
59434  61710.00   -1836969.5124  6065616.9302  -716257.9454   -6.49105569534  106.84891424681      158.1190     19 08 05 06 00 00 00   1.28
59434  61740.00   -1836969.5141  6065616.9282  -716257.9397   -6.49105564523  106.84891426613      158.1169     20 08 06 06 00 00 00   1.27
59434  61770.00   -1836969.5174  6065616.9261  -716257.9357   -6.49105561108  106.84891430051      158.1154     19 08 05 06 00 00 00   1.35
59434  61800.00   -1836969.5199  6065616.9307  -716257.9389   -6.49105563447  106.84891430994      158.1208     19 08 05 06 00 00 00   1.35
59434  61830.00   -1836969.5157  6065616.9260  -716257.9359   -6.49105561343  106.84891428617      158.1149     19 08 05 06 00 00 00   1.34
59434  61860.00   -1836969.5174  6065616.9257  -716257.9367   -6.49105562018  106.84891430124      158.1152     19 08 05 06 00 00 00   1.34
59434  61890.00   -1836969.5191  6065616.9298  -716257.9351   -6.49105560135  106.84891430551      158.1194     19 08 05 06 00 00 00   1.34
59434  61920.00   -1836969.5131  6065616.9285  -716257.9372   -6.49105562306  106.84891425652      158.1167     19 08 05 06 00 00 00   1.34
59434  61950.00   -1836969.5135  6065616.9205  -716257.9394   -6.49105565017  106.84891428165      158.1094     19 08 05 06 00 00 00   1.34
59434  61980.00   -1836969.5126  6065616.9270  -716257.9381   -6.49105563245  106.84891425683      158.1151     20 09 05 06 00 00 00   1.25
59434  62010.00   -1836969.5081  6065616.9314  -716257.9443   -6.49105568538  106.84891420572      158.1188     20 09 05 06 00 00 00   1.25
59434  62040.00   -1836969.5096  6065616.9229  -716257.9430   -6.49105568213  106.84891424135      158.1110     20 09 05 06 00 00 00   1.25
59434  62070.00   -1836969.5069  6065616.9319  -716257.9417   -6.49105566167  106.84891419489      158.1186     20 09 05 06 00 00 00   1.25
59434  62100.00   -1836969.5101  6065616.9316  -716257.9425   -6.49105566880  106.84891422284      158.1194     20 09 05 06 00 00 00   1.25
59434  62130.00   -1836969.5124  6065616.9288  -716257.9411   -6.49105565803  106.84891425030      158.1172     20 09 05 06 00 00 00   1.25
59434  62160.00   -1836969.5122  6065616.9250  -716257.9417   -6.49105566762  106.84891425849      158.1136     20 09 05 06 00 00 00   1.25
59434  62190.00   -1836969.5107  6065616.9230  -716257.9411   -6.49105566434  106.84891425074      158.1111     20 09 05 06 00 00 00   1.25
59434  62220.00   -1836969.5123  6065616.9227  -716257.9380   -6.49105563658  106.84891426515      158.1110     20 09 05 06 00 00 00   1.24
59434  62250.00   -1836969.5154  6065616.9291  -716257.9393   -6.49105564058  106.84891427496      158.1181     20 09 05 06 00 00 00   1.24
59434  62280.00   -1836969.5129  6065616.9274  -716257.9370   -6.49105562255  106.84891425845      158.1155     20 09 05 06 00 00 00   1.24
59434  62310.00   -1836969.5196  6065616.9252  -716257.9316   -6.49105557369  106.84891432170      158.1147     20 09 05 06 00 00 00   1.24
59434  62340.00   -1836969.5140  6065616.9176  -716257.9340   -6.49105560504  106.84891429363      158.1061     20 09 05 06 00 00 00   1.24
59434  62370.00   -1836969.5151  6065616.9206  -716257.9339   -6.49105560098  106.84891429469      158.1093     20 09 05 06 00 00 00   1.24
59434  62400.00   -1836969.5135  6065616.9219  -716257.9316   -6.49105557883  106.84891427762      158.1098     20 09 05 06 00 00 00   1.24
59434  62430.00   -1836969.5143  6065616.9204  -716257.9296   -6.49105556269  106.84891428881      158.1084     20 09 05 06 00 00 00   1.24
59434  62460.00   -1836969.5136  6065616.9239  -716257.9289   -6.49105555285  106.84891427323      158.1115     20 09 05 06 00 00 00   1.24
59434  62490.00   -1836969.5153  6065616.9238  -716257.9249   -6.49105551688  106.84891428845      158.1114     20 09 05 06 00 00 00   1.24
59434  62520.00   -1836969.5105  6065616.9238  -716257.9301   -6.49105556426  106.84891424693      158.1107     20 09 05 06 00 00 00   1.23
59434  62550.00   -1836969.5124  6065616.9330  -716257.9322   -6.49105557391  106.84891423936      158.1201     20 09 05 06 00 00 00   1.23
59434  62580.00   -1836969.5099  6065616.9244  -716257.9337   -6.49105559632  106.84891424052      158.1114     20 09 05 06 00 00 00   1.23
59434  62610.00   -1836969.5113  6065616.9306  -716257.9359   -6.49105561017  106.84891423625      158.1180     20 09 05 06 00 00 00   1.23
59434  62640.00   -1836969.5083  6065616.9206  -716257.9341   -6.49105560405  106.84891423660      158.1074     20 09 05 06 00 00 00   1.23
59434  62670.00   -1836969.5097  6065616.9248  -716257.9335   -6.49105559484  106.84891423699      158.1117     20 09 05 06 00 00 00   1.23
59434  62700.00   -1836969.5094  6065616.9240  -716257.9349   -6.49105560762  106.84891423711      158.1110     20 09 05 06 00 00 00   1.23
59434  62730.00   -1836969.5117  6065616.9226  -716257.9341   -6.49105560192  106.84891426009      158.1103     20 09 05 06 00 00 00   1.23
59434  62760.00   -1836969.5084  6065616.9277  -716257.9351   -6.49105560601  106.84891421862      158.1143     20 09 05 06 00 00 00   1.22
59434  62790.00   -1836969.5110  6065616.9268  -716257.9337   -6.49105559409  106.84891424307      158.1140     20 09 05 06 00 00 00   1.22
59434  62820.00   -1836969.5117  6065616.9287  -716257.9370   -6.49105562169  106.84891424484      158.1164     20 09 05 06 00 00 00   1.22
59434  62850.00   -1836969.5120  6065616.9302  -716257.9359   -6.49105560995  106.84891424293      158.1178     20 09 05 06 00 00 00   1.22
59434  62880.00   -1836969.5156  6065616.9292  -716257.9318   -6.49105557309  106.84891427714      158.1174     20 09 05 06 00 00 00   1.22
59434  62910.00   -1836969.5118  6065616.9296  -716257.9346   -6.49105559940  106.84891424311      158.1170     20 09 05 06 00 00 00   1.22
59434  62940.00   -1836969.5117  6065616.9281  -716257.9319   -6.49105557649  106.84891424588      158.1153     20 09 05 06 00 00 00   1.22
59434  62970.00   -1836969.5105  6065616.9248  -716257.9325   -6.49105558531  106.84891424447      158.1119     20 09 05 06 00 00 00   1.21
59434  63000.00   -1836969.5192  6065616.9300  -716257.9295   -6.49105555070  106.84891430573      158.1190     20 09 05 06 00 00 00   1.21
59434  63030.00   -1836969.5214  6065616.9214  -716257.9260   -6.49105552689  106.84891434717      158.1110     20 09 05 06 00 00 00   1.21
59434  63060.00   -1836969.5141  6065616.9159  -716257.9306   -6.49105557608  106.84891429857      158.1042     20 09 05 06 00 00 00   1.21
59434  63090.00   -1836969.5175  6065616.9148  -716257.9305   -6.49105557479  106.84891433111      158.1041     19 08 05 06 00 00 00   1.27
59434  63120.00   -1836969.5178  6065616.9193  -716257.9310   -6.49105557519  106.84891432226      158.1085     19 08 05 06 00 00 00   1.27
59434  63150.00   -1836969.5155  6065616.9124  -716257.9278   -6.49105555360  106.84891431970      158.1009     19 08 05 06 00 00 00   1.27
59434  63180.00   -1836969.5172  6065616.9184  -716257.9331   -6.49105559480  106.84891431942      158.1077     19 08 05 06 00 00 00   1.26
59434  63210.00   -1836969.5177  6065616.9177  -716257.9320   -6.49105558524  106.84891432502      158.1071     19 08 05 06 00 00 00   1.26
59434  63240.00   -1836969.5127  6065616.9246  -716257.9367   -6.49105562263  106.84891426337      158.1128     19 08 05 06 00 00 00   1.26
59434  63270.00   -1836969.5071  6065616.9209  -716257.9360   -6.49105562172  106.84891422476      158.1075     20 08 05 07 00 00 00   1.19
59434  63300.00   -1836969.5095  6065616.9196  -716257.9376   -6.49105563673  106.84891424966      158.1071     20 08 05 07 00 00 00   1.19
59434  63330.00   -1836969.5088  6065616.9220  -716257.9388   -6.49105564559  106.84891423691      158.1094     20 08 05 07 00 00 00   1.19
59434  63360.00   -1836969.5094  6065616.9196  -716257.9374   -6.49105563516  106.84891424822      158.1071     20 08 05 07 00 00 00   1.19
59434  63390.00   -1836969.5068  6065616.9144  -716257.9341   -6.49105561116  106.84891423930      158.1010     20 08 05 07 00 00 00   1.18
59434  63420.00   -1836969.5070  6065616.9214  -716257.9344   -6.49105560632  106.84891422309      158.1078     20 08 05 07 00 00 00   1.18
59434  63450.00   -1836969.5045  6065616.9309  -716257.9312   -6.49105556986  106.84891417594      158.1158     20 08 05 07 00 00 00   1.18
59434  63480.00   -1836969.5054  6065616.9410  -716257.9356   -6.49105559916  106.84891415803      158.1262     20 08 05 07 00 00 00   1.18
59434  63510.00   -1836969.5012  6065616.9338  -716257.9383   -6.49105563151  106.84891414052      158.1184     19 08 04 07 00 00 00   1.24
59434  63540.00   -1836969.5061  6065616.9307  -716257.9374   -6.49105562470  106.84891419112      158.1167     19 08 04 07 00 00 00   1.24
59434  63570.00   -1836969.5040  6065616.9361  -716257.9377   -6.49105562313  106.84891415813      158.1213     19 08 04 07 00 00 00   1.24
59434  63600.00   -1836969.5105  6065616.9298  -716257.9350   -6.49105560281  106.84891423098      158.1169     19 08 04 07 00 00 00   1.24
59434  63630.00   -1836969.5121  6065616.9308  -716257.9350   -6.49105560120  106.84891424218      158.1183     19 08 04 07 00 00 00   1.24
59434  63660.00   -1836969.5068  6065616.9330  -716257.9358   -6.49105560811  106.84891419062      158.1190     19 08 04 07 00 00 00   1.24
59434  63690.00   -1836969.5073  6065616.9348  -716257.9352   -6.49105560055  106.84891419032      158.1207     19 08 04 07 00 00 00   1.24
59434  63720.00   -1836969.5054  6065616.9338  -716257.9368   -6.49105561648  106.84891417671      158.1194     19 08 04 07 00 00 00   1.24
59434  63750.00   -1836969.5054  6065616.9346  -716257.9349   -6.49105559894  106.84891417431      158.1199     19 08 04 07 00 00 00   1.24
59434  63780.00   -1836969.5077  6065616.9309  -716257.9393   -6.49105564154  106.84891420408      158.1176     19 08 04 07 00 00 00   1.24
59434  63810.00   -1836969.5064  6065616.9368  -716257.9393   -6.49105563622  106.84891417692      158.1229     19 08 04 07 00 00 00   1.24
59434  63840.00   -1836969.5094  6065616.9436  -716257.9388   -6.49105562385  106.84891418554      158.1301     19 08 04 07 00 00 00   1.24
59434  63870.00   -1836969.5062  6065616.9309  -716257.9353   -6.49105560545  106.84891419140      158.1167     19 08 04 07 00 00 00   1.24
59434  63900.00   -1836969.5143  6065616.9287  -716257.9339   -6.49105559302  106.84891426732      158.1168     19 08 04 07 00 00 00   1.24
59434  63930.00   -1836969.5123  6065616.9304  -716257.9363   -6.49105561333  106.84891424503      158.1181     19 08 04 07 00 00 00   1.24
59434  63960.00   -1836969.5154  6065616.9341  -716257.9361   -6.49105560675  106.84891426256      158.1225     19 08 04 07 00 00 00   1.24
59434  63990.00   -1836969.5178  6065616.9276  -716257.9330   -6.49105558490  106.84891430023      158.1166     19 08 04 07 00 00 00   1.24
59434  64020.00   -1836969.5165  6065616.9412  -716257.9350   -6.49105559030  106.84891425318      158.1295     19 08 04 07 00 00 00   1.24
59434  64050.00   -1836969.5177  6065616.9347  -716257.9314   -6.49105556322  106.84891428063      158.1232     19 08 04 07 00 00 00   1.23
59434  64080.00   -1836969.5173  6065616.9318  -716257.9334   -6.49105558464  106.84891428479      158.1205     19 08 04 07 00 00 00   1.23
59434  64110.00   -1836969.5182  6065616.9208  -716257.9282   -6.49105554876  106.84891432160      158.1098     20 09 04 07 00 00 00   1.19
59434  64140.00   -1836969.5144  6065616.9264  -716257.9318   -6.49105557591  106.84891427344      158.1144     20 09 04 07 00 00 00   1.19
59434  64170.00   -1836969.5170  6065616.9265  -716257.9296   -6.49105555543  106.84891429620      158.1150     20 09 04 07 00 00 00   1.19
59434  64200.00   -1836969.5156  6065616.9301  -716257.9344   -6.49105559601  106.84891427435      158.1185     20 09 04 07 00 00 00   1.19
59434  64230.00   -1836969.5122  6065616.9269  -716257.9350   -6.49105560495  106.84891425322      158.1146     20 09 04 07 00 00 00   1.19
59434  64260.00   -1836969.5133  6065616.9313  -716257.9388   -6.49105563429  106.84891425107      158.1196     20 09 04 07 00 00 00   1.19
59434  64290.00   -1836969.5141  6065616.9337  -716257.9389   -6.49105563343  106.84891425159      158.1221     20 09 04 07 00 00 00   1.19
59434  64320.00   -1836969.5125  6065616.9468  -716257.9392   -6.49105562298  106.84891420410      158.1341     20 09 04 07 00 00 00   1.19
59434  64350.00   -1836969.5091  6065616.9514  -716257.9395   -6.49105562232  106.84891416246      158.1375     20 09 04 07 00 00 00   1.19
59434  64380.00   -1836969.5066  6065616.9396  -716257.9379   -6.49105562049  106.84891417153      158.1254     20 09 04 07 00 00 00   1.19
59434  64410.00   -1836969.5120  6065616.9493  -716257.9373   -6.49105560409  106.84891419272      158.1361     20 09 04 07 00 00 00   1.19
59434  64440.00   -1836969.5154  6065616.9442  -716257.9347   -6.49105558503  106.84891423575      158.1320     20 09 04 07 00 00 00   1.19
59434  64470.00   -1836969.5123  6065616.9460  -716257.9364   -6.49105559910  106.84891420384      158.1329     20 09 04 07 00 00 00   1.18
59434  64500.00   -1836969.5148  6065616.9463  -716257.9353   -6.49105558787  106.84891422555      158.1338     20 09 04 07 00 00 00   1.18
59434  64530.00   -1836969.5154  6065616.9525  -716257.9380   -6.49105560587  106.84891421442      158.1402     20 09 04 07 00 00 00   1.18
59434  64560.00   -1836969.5142  6065616.9377  -716257.9325   -6.49105557120  106.84891424266      158.1251     20 09 04 07 00 00 00   1.18
59434  64590.00   -1836969.5125  6065616.9377  -716257.9346   -6.49105559090  106.84891422761      158.1249     20 09 04 07 00 00 00   1.18
59434  64620.00   -1836969.5112  6065616.9296  -716257.9412   -6.49105565841  106.84891423785      158.1175     20 09 04 07 00 00 00   1.18
59434  64650.00   -1836969.5098  6065616.9268  -716257.9430   -6.49105567786  106.84891423258      158.1148     20 09 04 07 00 00 00   1.18
59434  64680.00   -1836969.5104  6065616.9268  -716257.9457   -6.49105570221  106.84891423825      158.1152     20 09 04 07 00 00 00   1.18
59434  64710.00   -1836969.5110  6065616.9143  -716257.9455   -6.49105571208  106.84891427572      158.1035     20 09 04 07 00 00 00   1.18
59434  64740.00   -1836969.5096  6065616.9203  -716257.9479   -6.49105572805  106.84891424860      158.1090     20 09 04 07 00 00 00   1.18
59434  64770.00   -1836969.5127  6065616.9251  -716257.9396   -6.49105564825  106.84891426203      158.1136     20 09 04 07 00 00 00   1.18
59434  64800.00   -1836969.5141  6065616.9252  -716257.9362   -6.49105561663  106.84891427440      158.1137     19 08 04 07 00 00 00   1.23
59434  64830.00   -1836969.5196  6065616.9212  -716257.9365   -6.49105562170  106.84891433238      158.1115     19 08 04 07 00 00 00   1.23
59434  64860.00   -1836969.5189  6065616.9199  -716257.9333   -6.49105559430  106.84891432964      158.1097     20 08 05 07 00 00 00   1.16
59434  64890.00   -1836969.5154  6065616.9212  -716257.9355   -6.49105561437  106.84891429639      158.1102     20 08 05 07 00 00 00   1.16
59434  64920.00   -1836969.5135  6065616.9176  -716257.9319   -6.49105558597  106.84891428937      158.1058     21 09 05 07 00 00 00   1.09
59434  64950.00   -1836969.5128  6065616.9216  -716257.9356   -6.49105561517  106.84891427214      158.1098     21 09 05 07 00 00 00   1.09
59434  64980.00   -1836969.5104  6065616.9201  -716257.9358   -6.49105561964  106.84891425600      158.1077     21 09 05 07 00 00 00   1.09
59434  65010.00   -1836969.5122  6065616.9220  -716257.9353   -6.49105561280  106.84891426627      158.1100     21 09 05 07 00 00 00   1.10
59434  65040.00   -1836969.5133  6065616.9247  -716257.9327   -6.49105558615  106.84891426912      158.1125     21 09 05 07 00 00 00   1.10
59434  65070.00   -1836969.5117  6065616.9255  -716257.9303   -6.49105556455  106.84891425245      158.1126     21 09 05 07 00 00 00   1.10
59434  65100.00   -1836969.5121  6065616.9298  -716257.9346   -6.49105559898  106.84891424475      158.1173     21 09 05 07 00 00 00   1.10
59434  65130.00   -1836969.5073  6065616.9193  -716257.9322   -6.49105558874  106.84891423110      158.1057     21 09 05 07 00 00 00   1.10
59434  65160.00   -1836969.5076  6065616.9111  -716257.9310   -6.49105558584  106.84891425515      158.0978     21 09 05 07 00 00 00   1.10
59434  65190.00   -1836969.5091  6065616.9175  -716257.9315   -6.49105558380  106.84891425095      158.1044     21 09 05 07 00 00 00   1.10
59434  65220.00   -1836969.5072  6065616.9204  -716257.9302   -6.49105557008  106.84891422745      158.1065     21 09 05 07 00 00 00   1.10
59434  65250.00   -1836969.5044  6065616.9199  -716257.9346   -6.49105561090  106.84891420452      158.1057     21 09 05 07 00 00 00   1.10
59434  65280.00   -1836969.5075  6065616.9150  -716257.9347   -6.49105561552  106.84891424405      158.1019     21 09 05 07 00 00 00   1.10
59434  65310.00   -1836969.5066  6065616.9121  -716257.9364   -6.49105563377  106.84891424356      158.0991     21 09 05 07 00 00 00   1.10
59434  65340.00   -1836969.5088  6065616.9167  -716257.9397   -6.49105565859  106.84891425067      158.1045     21 09 05 07 00 00 00   1.10
59434  65370.00   -1836969.5079  6065616.9076  -716257.9351   -6.49105562621  106.84891426663      158.0951     20 08 05 07 00 00 00   1.15
59434  65400.00   -1836969.5140  6065616.9107  -716257.9360   -6.49105562946  106.84891431151      158.0998     20 08 05 07 00 00 00   1.15
59434  65430.00   -1836969.5139  6065616.9223  -716257.9412   -6.49105566460  106.84891428028      158.1114     21 09 05 07 00 00 00   1.10
59434  65460.00   -1836969.5123  6065616.9243  -716257.9382   -6.49105563691  106.84891426109      158.1125     21 09 05 07 00 00 00   1.10
59434  65490.00   -1836969.5123  6065616.9171  -716257.9382   -6.49105564359  106.84891427963      158.1056     21 09 05 07 00 00 00   1.11
59434  65520.00   -1836969.5117  6065616.9180  -716257.9364   -6.49105562663  106.84891427262      158.1062     21 09 05 07 00 00 00   1.11
59434  65550.00   -1836969.5080  6065616.9272  -716257.9354   -6.49105560956  106.84891421623      158.1137     21 09 05 07 00 00 00   1.11
59434  65580.00   -1836969.5074  6065616.9251  -716257.9354   -6.49105561234  106.84891421654      158.1116     21 09 05 07 00 00 00   1.11
59434  65610.00   -1836969.5147  6065616.9160  -716257.9304   -6.49105557409  106.84891430372      158.1044     21 09 05 07 00 00 00   1.11
59434  65640.00   -1836969.5181  6065616.9243  -716257.9321   -6.49105557986  106.84891431111      158.1135     21 09 05 07 00 00 00   1.11
59434  65670.00   -1836969.5145  6065616.9142  -716257.9290   -6.49105556331  106.84891430664      158.1025     20 09 04 07 00 00 00   1.14
59434  65700.00   -1836969.5185  6065616.9152  -716257.9286   -6.49105555720  106.84891433812      158.1046     20 09 04 07 00 00 00   1.14
59434  65730.00   -1836969.5202  6065616.9165  -716257.9321   -6.49105558668  106.84891435033      158.1067     20 09 04 07 00 00 00   1.14
59434  65760.00   -1836969.5210  6065616.9169  -716257.9312   -6.49105557858  106.84891435581      158.1072     20 09 04 07 00 00 00   1.14
59434  65790.00   -1836969.5139  6065616.9096  -716257.9300   -6.49105557633  106.84891431363      158.0981     20 09 04 07 00 00 00   1.14
59434  65820.00   -1836969.5128  6065616.9138  -716257.9318   -6.49105558926  106.84891429279      158.1019     20 09 04 07 00 00 00   1.15
59434  65850.00   -1836969.5181  6065616.9105  -716257.9322   -6.49105559407  106.84891434698      158.1004     20 09 04 07 00 00 00   1.15
59434  65880.00   -1836969.5134  6065616.9084  -716257.9303   -6.49105558079  106.84891431224      158.0968     20 09 04 07 00 00 00   1.15
59434  65910.00   -1836969.5089  6065616.9121  -716257.9354   -6.49105562391  106.84891426391      158.0996     19 08 04 07 00 00 00   1.20
59434  65940.00   -1836969.5011  6065616.9094  -716257.9351   -6.49105562622  106.84891420342      158.0947     19 08 04 07 00 00 00   1.20
59434  65970.00   -1836969.5012  6065616.9072  -716257.9357   -6.49105563421  106.84891421007      158.0928     19 08 04 07 00 00 00   1.20
59434  66000.00   -1836969.5090  6065616.9087  -716257.9312   -6.49105558999  106.84891427369      158.0960     19 08 04 07 00 00 00   1.20
59434  66030.00   -1836969.5088  6065616.9069  -716257.9271   -6.49105555498  106.84891427661      158.0937     19 08 04 07 00 00 00   1.20
59434  66060.00   -1836969.5087  6065616.9084  -716257.9287   -6.49105556801  106.84891427149      158.0953     19 08 04 07 00 00 00   1.20
59434  66090.00   -1836969.5141  6065616.9217  -716257.9285   -6.49105555169  106.84891428357      158.1095     19 09 04 06 00 00 00   1.19
59434  66120.00   -1836969.5148  6065616.9244  -716257.9286   -6.49105554952  106.84891428281      158.1123     19 09 04 06 00 00 00   1.19
59434  66150.00   -1836969.5106  6065616.9252  -716257.9313   -6.49105557420  106.84891424367      158.1121     19 09 04 06 00 00 00   1.19
59434  66180.00   -1836969.5133  6065616.9160  -716257.9261   -6.49105553532  106.84891429135      158.1035     19 09 04 06 00 00 00   1.19
59434  66210.00   -1836969.5209  6065616.9215  -716257.9297   -6.49105556021  106.84891434248      158.1114     19 09 04 06 00 00 00   1.19
59434  66240.00   -1836969.5198  6065616.9293  -716257.9328   -6.49105558109  106.84891431242      158.1188     19 09 04 06 00 00 00   1.20
59434  66270.00   -1836969.5216  6065616.9272  -716257.9307   -6.49105556345  106.84891433429      158.1171     19 09 04 06 00 00 00   1.20
59434  66300.00   -1836969.5206  6065616.9261  -716257.9306   -6.49105556423  106.84891432842      158.1158     19 09 04 06 00 00 00   1.20
59434  66330.00   -1836969.5257  6065616.9287  -716257.9312   -6.49105556506  106.84891436528      158.1198     19 09 04 06 00 00 00   1.20
59434  66360.00   -1836969.5250  6065616.9269  -716257.9275   -6.49105553397  106.84891436427      158.1174     19 09 04 06 00 00 00   1.20
59434  66390.00   -1836969.5236  6065616.9171  -716257.9295   -6.49105556171  106.84891437749      158.1079     19 09 04 06 00 00 00   1.20
59434  66420.00   -1836969.5273  6065616.9237  -716257.9301   -6.49105555943  106.84891439262      158.1153     19 09 04 06 00 00 00   1.20
59434  66450.00   -1836969.5263  6065616.9206  -716257.9322   -6.49105558227  106.84891439220      158.1123     18 09 04 05 00 00 00   1.27
59434  66480.00   -1836969.5235  6065616.9285  -716257.9329   -6.49105558132  106.84891434677      158.1191     18 09 04 05 00 00 00   1.27
59434  66510.00   -1836969.5205  6065616.9283  -716257.9331   -6.49105558457  106.84891432200      158.1181     18 09 04 05 00 00 00   1.27
59434  66540.00   -1836969.5169  6065616.9385  -716257.9345   -6.49105558831  106.84891426391      158.1270     18 09 04 05 00 00 00   1.27
59434  66570.00   -1836969.5191  6065616.9332  -716257.9355   -6.49105560160  106.84891429678      158.1226     18 09 04 05 00 00 00   1.27
59434  66600.00   -1836969.5211  6065616.9331  -716257.9329   -6.49105557778  106.84891431419      158.1228     18 09 04 05 00 00 00   1.27
59434  66630.00   -1836969.5181  6065616.9312  -716257.9303   -6.49105555725  106.84891429349      158.1199     18 09 04 05 00 00 00   1.28
59434  66660.00   -1836969.5198  6065616.9393  -716257.9301   -6.49105554639  106.84891428660      158.1280     17 08 04 05 00 00 00   1.39
59434  66690.00   -1836969.5173  6065616.9392  -716257.9275   -6.49105552413  106.84891426548      158.1269     17 08 04 05 00 00 00   1.40
59434  66720.00   -1836969.5200  6065616.9476  -716257.9337   -6.49105557114  106.84891426638      158.1364     17 08 04 05 00 00 00   1.40
59434  66750.00   -1836969.5162  6065616.9420  -716257.9329   -6.49105556998  106.84891424870      158.1299     17 08 04 05 00 00 00   1.40
59434  66780.00   -1836969.5167  6065616.9303  -716257.9298   -6.49105555390  106.84891428308      158.1186     17 08 04 05 00 00 00   1.40
59434  66810.00   -1836969.5194  6065616.9373  -716257.9340   -6.49105558393  106.84891428857      158.1264     17 08 04 05 00 00 00   1.41
59434  66840.00   -1836969.5233  6065616.9405  -716257.9320   -6.49105556156  106.84891431376      158.1304     17 08 04 05 00 00 00   1.41
59434  66870.00   -1836969.5288  6065616.9431  -716257.9320   -6.49105555759  106.84891435480      158.1344     17 08 04 05 00 00 00   1.41
59434  66900.00   -1836969.5274  6065616.9321  -716257.9266   -6.49105552022  106.84891437111      158.1230     17 08 04 05 00 00 00   1.41
59434  66930.00   -1836969.5344  6065616.9404  -716257.9317   -6.49105555598  106.84891441022      158.1334     17 08 04 05 00 00 00   1.41
59434  66960.00   -1836969.5301  6065616.9289  -716257.9284   -6.49105553828  106.84891440327      158.1209     17 08 04 05 00 00 00   1.42
59434  66990.00   -1836969.5300  6065616.9247  -716257.9302   -6.49105555854  106.84891441325      158.1171     17 08 04 05 00 00 00   1.42
59434  67020.00   -1836969.5236  6065616.9224  -716257.9288   -6.49105555061  106.84891436394      158.1129     17 08 04 05 00 00 00   1.42
59434  67050.00   -1836969.5237  6065616.9264  -716257.9303   -6.49105555979  106.84891435433      158.1170     17 08 04 05 00 00 00   1.42
59434  67080.00   -1836969.5233  6065616.9260  -716257.9327   -6.49105558241  106.84891435190      158.1167     17 08 04 05 00 00 00   1.43
59434  67110.00   -1836969.5232  6065616.9324  -716257.9344   -6.49105559122  106.84891433400      158.1229     17 08 04 05 00 00 00   1.43
59434  67140.00   -1836969.5249  6065616.9333  -716257.9302   -6.49105555217  106.84891434612      158.1238     18 09 04 05 00 00 00   1.31
59434  67170.00   -1836969.5255  6065616.9332  -716257.9319   -6.49105556746  106.84891435201      158.1241     18 09 04 05 00 00 00   1.31
59434  67200.00   -1836969.5215  6065616.9228  -716257.9292   -6.49105555472  106.84891434491      158.1128     18 09 04 05 00 00 00   1.32
59434  67230.00   -1836969.5230  6065616.9189  -716257.9296   -6.49105556131  106.84891436772      158.1095     18 09 04 05 00 00 00   1.32
59434  67260.00   -1836969.5226  6065616.9300  -716257.9294   -6.49105554842  106.84891433482      158.1199     18 09 04 05 00 00 00   1.32
59434  67290.00   -1836969.5228  6065616.9183  -716257.9261   -6.49105553095  106.84891436739      158.1085     18 09 04 05 00 00 00   1.32
59434  67320.00   -1836969.5240  6065616.9046  -716257.9274   -6.49105555505  106.84891441443      158.0959     18 09 04 05 00 00 00   1.32
59434  67350.00   -1836969.5235  6065616.9084  -716257.9298   -6.49105557294  106.84891439918      158.0997     18 09 04 05 00 00 00   1.33
59434  67380.00   -1836969.5197  6065616.9158  -716257.9327   -6.49105559312  106.84891434706      158.1060     18 09 04 05 00 00 00   1.33
59434  67410.00   -1836969.5211  6065616.9147  -716257.9300   -6.49105556986  106.84891436245      158.1051     18 09 04 05 00 00 00   1.33
59434  67440.00   -1836969.5240  6065616.9190  -716257.9333   -6.49105559426  106.84891437608      158.1103     18 09 04 05 00 00 00   1.33
59434  67470.00   -1836969.5178  6065616.9143  -716257.9337   -6.49105560420  106.84891433503      158.1041     18 09 04 05 00 00 00   1.34
59434  67500.00   -1836969.5246  6065616.9290  -716257.9378   -6.49105562468  106.84891435538      158.1205     18 09 04 05 00 00 00   1.34
59434  67530.00   -1836969.5233  6065616.9278  -716257.9354   -6.49105560499  106.84891434728      158.1187     18 09 04 05 00 00 00   1.34
59434  67560.00   -1836969.5280  6065616.9291  -716257.9364   -6.49105561093  106.84891438474      158.1214     17 08 04 05 00 00 00   1.57
59434  67590.00   -1836969.5248  6065616.9368  -716257.9378   -6.49105561700  106.84891433664      158.1280     17 08 04 05 00 00 00   1.58
59434  67620.00   -1836969.5268  6065616.9370  -716257.9385   -6.49105562249  106.84891435274      158.1288     17 08 04 05 00 00 00   1.58
59434  67650.00   -1836969.5271  6065616.9386  -716257.9381   -6.49105561745  106.84891435128      158.1304     17 08 04 05 00 00 00   1.58
59434  67680.00   -1836969.5230  6065616.9366  -716257.9365   -6.49105560558  106.84891432148      158.1271     17 08 04 05 00 00 00   1.58
59434  67710.00   -1836969.5206  6065616.9447  -716257.9401   -6.49105563114  106.84891427987      158.1345     17 08 04 05 00 00 00   1.58
59434  67740.00   -1836969.5239  6065616.9375  -716257.9341   -6.49105558302  106.84891432668      158.1280     17 08 04 05 00 00 00   1.58
59434  67770.00   -1836969.5212  6065616.9316  -716257.9276   -6.49105553122  106.84891431904      158.1208     17 08 04 05 00 00 00   1.58
59434  67800.00   -1836969.5239  6065616.9412  -716257.9301   -6.49105554400  106.84891431699      158.1310     17 08 04 05 00 00 00   1.58
59434  67830.00   -1836969.5247  6065616.9427  -716257.9286   -6.49105552874  106.84891431995      158.1325     17 08 04 05 00 00 00   1.58
59434  67860.00   -1836969.5254  6065616.9407  -716257.9283   -6.49105552777  106.84891433111      158.1308     17 08 04 05 00 00 00   1.58
59434  67890.00   -1836969.5216  6065616.9337  -716257.9256   -6.49105551140  106.84891431671      158.1228     17 08 04 05 00 00 00   1.58
59434  67920.00   -1836969.5239  6065616.9336  -716257.9253   -6.49105550764  106.84891433741      158.1233     18 09 04 05 00 00 00   1.36
59434  67950.00   -1836969.5228  6065616.9297  -716257.9285   -6.49105554103  106.84891433790      158.1196     18 09 04 05 00 00 00   1.36
59434  67980.00   -1836969.5170  6065616.9318  -716257.9288   -6.49105554354  106.84891428242      158.1200     18 09 04 05 00 00 00   1.36
59434  68010.00   -1836969.5219  6065616.9292  -716257.9271   -6.49105552919  106.84891433119      158.1187     18 09 04 05 00 00 00   1.36
59434  68040.00   -1836969.5251  6065616.9387  -716257.9270   -6.49105551776  106.84891433403      158.1287     18 09 04 05 00 00 00   1.37
59434  68070.00   -1836969.5262  6065616.9334  -716257.9283   -6.49105553442  106.84891435760      158.1241     18 09 04 05 00 00 00   1.37
59434  68100.00   -1836969.5288  6065616.9229  -716257.9229   -6.49105549543  106.84891440761      158.1142     18 09 04 05 00 00 00   1.37
59434  68130.00   -1836969.5287  6065616.9319  -716257.9294   -6.49105554547  106.84891438336      158.1235     18 09 04 05 00 00 00   1.37
59434  68160.00   -1836969.5240  6065616.9330  -716257.9284   -6.49105553645  106.84891433990      158.1230     18 09 04 05 00 00 00   1.37
59434  68190.00   -1836969.5219  6065616.9275  -716257.9276   -6.49105553496  106.84891433532      158.1171     18 09 04 05 00 00 00   1.37
59434  68220.00   -1836969.5267  6065616.9283  -716257.9296   -6.49105555098  106.84891437534      158.1195     18 09 04 05 00 00 00   1.37
59434  68250.00   -1836969.5265  6065616.9356  -716257.9322   -6.49105556777  106.84891435424      158.1266     18 09 04 05 00 00 00   1.37
59434  68280.00   -1836969.5300  6065616.9360  -716257.9338   -6.49105558063  106.84891438341      158.1282     18 09 04 05 00 00 00   1.37
59434  68310.00   -1836969.5241  6065616.9253  -716257.9319   -6.49105557545  106.84891436093      158.1161     18 09 04 05 00 00 00   1.37
59434  68340.00   -1836969.5271  6065616.9409  -716257.9348   -6.49105558555  106.84891434529      158.1322     18 09 04 05 00 00 00   1.37
59434  68370.00   -1836969.5266  6065616.9445  -716257.9375   -6.49105560576  106.84891433197      158.1358     18 09 04 05 00 00 00   1.37
59434  68400.00   -1836969.5259  6065616.9361  -716257.9344   -6.49105558689  106.84891434812      158.1272     18 09 04 05 00 00 00   1.37
59434  68430.00   -1836969.5262  6065616.9366  -716257.9340   -6.49105558266  106.84891434905      158.1277     18 09 04 05 00 00 00   1.37
59434  68460.00   -1836969.5290  6065616.9396  -716257.9352   -6.49105558939  106.84891436555      158.1316     18 09 04 05 00 00 00   1.38
59434  68490.00   -1836969.5320  6065616.9519  -716257.9342   -6.49105556740  106.84891435943      158.1440     18 09 04 05 00 00 00   1.38
59434  68520.00   -1836969.5272  6065616.9503  -716257.9319   -6.49105555028  106.84891432219      158.1408     18 09 04 05 00 00 00   1.38
59434  68550.00   -1836969.5274  6065616.9485  -716257.9316   -6.49105554940  106.84891432810      158.1391     18 09 04 05 00 00 00   1.38
59434  68580.00   -1836969.5263  6065616.9544  -716257.9339   -6.49105556454  106.84891430291      158.1447     18 09 04 05 00 00 00   1.38
59434  68610.00   -1836969.5270  6065616.9531  -716257.9347   -6.49105557227  106.84891431258      158.1438     18 09 04 05 00 00 00   1.38
59434  68640.00   -1836969.5294  6065616.9473  -716257.9338   -6.49105556937  106.84891434891      158.1388     18 09 04 05 00 00 00   1.38
59434  68670.00   -1836969.5265  6065616.9419  -716257.9364   -6.49105559912  106.84891433767      158.1331     18 09 04 05 00 00 00   1.38
59434  68700.00   -1836969.5239  6065616.9409  -716257.9347   -6.49105558561  106.84891431778      158.1312     18 09 04 05 00 00 00   1.38
59434  68730.00   -1836969.5239  6065616.9376  -716257.9303   -6.49105554903  106.84891432682      158.1277     18 09 04 05 00 00 00   1.38
59434  68760.00   -1836969.5245  6065616.9349  -716257.9338   -6.49105558253  106.84891433885      158.1257     18 09 04 05 00 00 00   1.38
59434  68790.00   -1836969.5205  6065616.9340  -716257.9320   -6.49105556866  106.84891430613      158.1234     18 09 04 05 00 00 00   1.37
59434  68820.00   -1836969.5316  6065616.9494  -716257.9357   -6.49105558402  106.84891436230      158.1417     18 09 04 05 00 00 00   1.37
59434  68850.00   -1836969.5300  6065616.9461  -716257.9390   -6.49105561694  106.84891435708      158.1384     18 09 04 05 00 00 00   1.37
59434  68880.00   -1836969.5257  6065616.9396  -716257.9386   -6.49105562101  106.84891433661      158.1310     18 09 04 05 00 00 00   1.37
59434  68910.00   -1836969.5257  6065616.9477  -716257.9366   -6.49105559490  106.84891431603      158.1384     18 09 04 05 00 00 00   1.37
59434  68940.00   -1836969.5240  6065616.9374  -716257.9335   -6.49105557766  106.84891432816      158.1278     18 09 04 05 00 00 00   1.37
59434  68970.00   -1836969.5255  6065616.9400  -716257.9341   -6.49105558002  106.84891433419      158.1308     18 09 04 05 00 00 00   1.37
59434  69000.00   -1836969.5244  6065616.9365  -716257.9330   -6.49105557396  106.84891433418      158.1270     18 09 04 05 00 00 00   1.37
59434  69030.00   -1836969.5236  6065616.9408  -716257.9325   -6.49105556541  106.84891431550      158.1308     18 09 04 05 00 00 00   1.37
59434  69060.00   -1836969.5183  6065616.9334  -716257.9313   -6.49105556410  106.84891428942      158.1221     18 09 04 05 00 00 00   1.37
59434  69090.00   -1836969.5210  6065616.9235  -716257.9301   -6.49105556186  106.84891433858      158.1134     18 09 04 05 00 00 00   1.37
59434  69120.00   -1836969.5176  6065616.9234  -716257.9298   -6.49105556055  106.84891430945      158.1123     18 09 04 05 00 00 00   1.37
59434  69150.00   -1836969.5146  6065616.9160  -716257.9283   -6.49105555452  106.84891430306      158.1042     17 09 03 05 00 00 00   1.50
59434  69180.00   -1836969.5154  6065616.9331  -716257.9309   -6.49105556127  106.84891426478      158.1209     17 09 03 05 00 00 00   1.50
59434  69210.00   -1836969.5125  6065616.9253  -716257.9318   -6.49105557810  106.84891426004      158.1128     17 09 03 05 00 00 00   1.50
59434  69240.00   -1836969.5131  6065616.9329  -716257.9320   -6.49105557250  106.84891424568      158.1203     17 09 03 05 00 00 00   1.50
59434  69270.00   -1836969.5150  6065616.9223  -716257.9276   -6.49105554239  106.84891429012      158.1102     17 09 03 05 00 00 00   1.50
59434  69300.00   -1836969.5150  6065616.9319  -716257.9293   -6.49105554870  106.84891426483      158.1195     17 09 03 05 00 00 00   1.50
59434  69330.00   -1836969.5134  6065616.9196  -716257.9293   -6.49105556053  106.84891428264      158.1074     17 09 03 05 00 00 00   1.50
59434  69360.00   -1836969.5184  6065616.9330  -716257.9290   -6.49105554347  106.84891429101      158.1215     17 09 03 05 00 00 00   1.50
59434  69390.00   -1836969.5194  6065616.9251  -716257.9266   -6.49105552938  106.84891432032      158.1140     17 09 03 05 00 00 00   1.50
59434  69420.00   -1836969.5167  6065616.9343  -716257.9294   -6.49105554658  106.84891427306      158.1223     17 09 03 05 00 00 00   1.50
59434  69450.00   -1836969.5192  6065616.9340  -716257.9310   -6.49105555994  106.84891429533      158.1229     17 09 03 05 00 00 00   1.50
59434  69480.00   -1836969.5219  6065616.9441  -716257.9321   -6.49105555917  106.84891429216      158.1334     17 09 03 05 00 00 00   1.50
59434  69510.00   -1836969.5207  6065616.9430  -716257.9324   -6.49105556321  106.84891428432      158.1321     17 09 03 05 00 00 00   1.50
59434  69540.00   -1836969.5240  6065616.9501  -716257.9328   -6.49105555936  106.84891429465      158.1399     17 09 03 05 00 00 00   1.50
59434  69570.00   -1836969.5191  6065616.9437  -716257.9341   -6.49105557859  106.84891426955      158.1324     17 09 03 05 00 00 00   1.50
59434  69600.00   -1836969.5212  6065616.9413  -716257.9339   -6.49105557862  106.84891429369      158.1307     17 09 03 05 00 00 00   1.50
59434  69630.00   -1836969.5171  6065616.9312  -716257.9323   -6.49105557528  106.84891428426      158.1198     17 09 03 05 00 00 00   1.50
59434  69660.00   -1836969.5153  6065616.9226  -716257.9287   -6.49105555226  106.84891429178      158.1107     17 09 03 05 00 00 00   1.50
59434  69690.00   -1836969.5212  6065616.9263  -716257.9323   -6.49105557875  106.84891433304      158.1163     17 09 03 05 00 00 00   1.50
59434  69720.00   -1836969.5222  6065616.9259  -716257.9293   -6.49105555152  106.84891434249      158.1159     17 09 03 05 00 00 00   1.50
59434  69750.00   -1836969.5165  6065616.9139  -716257.9281   -6.49105555506  106.84891432449      158.1027     17 09 03 05 00 00 00   1.50
59434  69780.00   -1836969.5112  6065616.9087  -716257.9259   -6.49105554146  106.84891429255      158.0960     17 09 03 05 00 00 00   1.50
59434  69810.00   -1836969.5146  6065616.9129  -716257.9281   -6.49105555658  106.84891431084      158.1012     17 09 03 05 00 00 00   1.50
59434  69840.00   -1836969.5143  6065616.9227  -716257.9308   -6.49105557114  106.84891428264      158.1108     17 09 03 05 00 00 00   1.50
59434  69870.00   -1836969.5191  6065616.9285  -716257.9326   -6.49105557978  106.84891430926      158.1179     17 09 03 05 00 00 00   1.50
59434  69900.00   -1836969.5166  6065616.9222  -716257.9316   -6.49105557829  106.84891430420      158.1110     17 09 03 05 00 00 00   1.50
59434  69930.00   -1836969.5137  6065616.9275  -716257.9307   -6.49105556585  106.84891426483      158.1152     17 09 03 05 00 00 00   1.50
59434  69960.00   -1836969.5112  6065616.9253  -716257.9323   -6.49105558288  106.84891424915      158.1125     17 09 03 05 00 00 00   1.50
59434  69990.00   -1836969.5119  6065616.9179  -716257.9346   -6.49105561033  106.84891427468      158.1059     17 09 03 05 00 00 00   1.49
59434  70020.00   -1836969.5154  6065616.9229  -716257.9335   -6.49105559467  106.84891429182      158.1116     17 09 03 05 00 00 00   1.49
59434  70050.00   -1836969.5091  6065616.9095  -716257.9333   -6.49105560814  106.84891427235      158.0970     16 08 03 05 00 00 00   1.69
59434  70080.00   -1836969.5137  6065616.9221  -716257.9350   -6.49105560985  106.84891427941      158.1105     16 08 03 05 00 00 00   1.69
59434  70110.00   -1836969.5112  6065616.9143  -716257.9336   -6.49105560490  106.84891427776      158.1022     16 08 03 05 00 00 00   1.69
59434  70140.00   -1836969.5040  6065616.9012  -716257.9311   -6.49105559780  106.84891424999      158.0873     16 08 03 05 00 00 00   1.68
59434  70170.00   -1836969.5083  6065616.9174  -716257.9350   -6.49105561547  106.84891424443      158.1044     16 08 03 05 00 00 00   1.68
59434  70200.00   -1836969.5141  6065616.9164  -716257.9327   -6.49105559431  106.84891429752      158.1049     16 08 03 05 00 00 00   1.68
59434  70230.00   -1836969.5126  6065616.9136  -716257.9350   -6.49105561847  106.84891429201      158.1021     16 08 03 05 00 00 00   1.67
59434  70260.00   -1836969.5102  6065616.9144  -716257.9332   -6.49105560190  106.84891426877      158.1020     16 08 03 05 00 00 00   1.67
59434  70290.00   -1836969.5071  6065616.9177  -716257.9340   -6.49105560712  106.84891423356      158.1043     16 08 03 05 00 00 00   1.67
59434  70320.00   -1836969.5081  6065616.9133  -716257.9370   -6.49105563791  106.84891425360      158.1007     16 08 03 05 00 00 00   1.66
59434  70350.00   -1836969.5017  6065616.9140  -716257.9348   -6.49105561943  106.84891419620      158.0993     16 08 03 05 00 00 00   1.66
59434  70380.00   -1836969.5109  6065616.9163  -716257.9349   -6.49105561478  106.84891426999      158.1042     16 08 03 05 00 00 00   1.66
59434  70410.00   -1836969.5088  6065616.9252  -716257.9333   -6.49105559226  106.84891422812      158.1118     16 08 03 05 00 00 00   1.65
59434  70440.00   -1836969.5090  6065616.9230  -716257.9355   -6.49105561430  106.84891423566      158.1100     16 08 03 05 00 00 00   1.65
59434  70470.00   -1836969.5109  6065616.9191  -716257.9380   -6.49105564054  106.84891426276      158.1072     16 08 03 05 00 00 00   1.64
59434  70500.00   -1836969.5131  6065616.9263  -716257.9371   -6.49105562440  106.84891426227      158.1146     16 08 03 05 00 00 00   1.64
59434  70530.00   -1836969.5092  6065616.9253  -716257.9352   -6.49105560899  106.84891423172      158.1123     16 08 03 05 00 00 00   1.64
59434  70560.00   -1836969.5143  6065616.9196  -716257.9371   -6.49105563036  106.84891429064      158.1085     16 08 03 05 00 00 00   1.63
59434  70590.00   -1836969.5163  6065616.9232  -716257.9394   -6.49105564699  106.84891429868      158.1128     16 08 03 05 00 00 00   1.63
59434  70620.00   -1836969.5079  6065616.9134  -716257.9374   -6.49105564141  106.84891425174      158.1008     16 08 03 05 00 00 00   1.63
59434  70650.00   -1836969.5177  6065616.9265  -716257.9406   -6.49105565464  106.84891430189      158.1164     15 08 03 04 00 00 00   1.79
59434  70680.00   -1836969.5183  6065616.9256  -716257.9432   -6.49105567809  106.84891430977      158.1161     15 08 03 04 00 00 00   1.78
59434  70710.00   -1836969.5193  6065616.9238  -716257.9401   -6.49105565164  106.84891432332      158.1143     15 08 03 04 00 00 00   1.78
59434  70740.00   -1836969.5155  6065616.9239  -716257.9383   -6.49105563699  106.84891428963      158.1131     16 08 03 05 00 00 00   1.61
59434  70770.00   -1836969.5242  6065616.9439  -716257.9410   -6.49105563936  106.84891431306      158.1349     16 08 03 05 00 00 00   1.61
59434  70800.00   -1836969.5237  6065616.9292  -716257.9394   -6.49105563898  106.84891434718      158.1206     16 08 03 05 00 00 00   1.60
59434  70830.00   -1836969.5256  6065616.9301  -716257.9405   -6.49105564769  106.84891436052      158.1221     16 08 03 05 00 00 00   1.60
59434  70860.00   -1836969.5233  6065616.9383  -716257.9434   -6.49105566648  106.84891431962      158.1295     16 08 03 05 00 00 00   1.59
59434  70890.00   -1836969.5129  6065616.9208  -716257.9386   -6.49105564310  106.84891427541      158.1094     16 08 03 05 00 00 00   1.59
59434  70920.00   -1836969.5201  6065616.9329  -716257.9381   -6.49105562462  106.84891430632      158.1229     16 08 03 05 00 00 00   1.59
59434  70950.00   -1836969.5201  6065616.9464  -716257.9435   -6.49105565973  106.84891427081      158.1364     16 08 03 05 00 00 00   1.58
59434  70980.00   -1836969.5203  6065616.9436  -716257.9410   -6.49105564028  106.84891427939      158.1335     16 08 03 05 00 00 00   1.58
59434  71010.00   -1836969.5161  6065616.9395  -716257.9413   -6.49105564823  106.84891425398      158.1284     16 08 03 05 00 00 00   1.57
59434  71040.00   -1836969.5223  6065616.9406  -716257.9392   -6.49105562667  106.84891430536      158.1310     16 08 03 05 00 00 00   1.57
59434  71070.00   -1836969.5195  6065616.9461  -716257.9415   -6.49105564236  106.84891426606      158.1357     16 08 03 05 00 00 00   1.56
59434  71100.00   -1836969.5214  6065616.9525  -716257.9442   -6.49105566027  106.84891426636      158.1426     16 08 03 05 00 00 00   1.56
59434  71130.00   -1836969.5161  6065616.9448  -716257.9453   -6.49105567894  106.84891424022      158.1339     16 08 03 05 00 00 00   1.56
59434  71160.00   -1836969.5127  6065616.9276  -716257.9451   -6.49105569524  106.84891425586      158.1166     16 08 03 05 00 00 00   1.55
59434  71190.00   -1836969.5195  6065616.9283  -716257.9407   -6.49105565276  106.84891431332      158.1187     16 08 03 05 00 00 00   1.55
59434  71220.00   -1836969.5185  6065616.9368  -716257.9403   -6.49105564159  106.84891428170      158.1264     16 08 03 05 00 00 00   1.54
59434  71250.00   -1836969.5228  6065616.9359  -716257.9455   -6.49105568780  106.84891432129      158.1274     16 08 03 05 00 00 00   1.54
59434  71280.00   -1836969.5245  6065616.9310  -716257.9435   -6.49105567426  106.84891434891      158.1230     16 08 03 05 00 00 00   1.54
59434  71310.00   -1836969.5241  6065616.9323  -716257.9445   -6.49105568147  106.84891434257      158.1242     16 08 03 05 00 00 00   1.53
59434  71340.00   -1836969.5233  6065616.9373  -716257.9445   -6.49105567682  106.84891432184      158.1288     16 08 03 05 00 00 00   1.53
59434  71370.00   -1836969.5283  6065616.9438  -716257.9452   -6.49105567552  106.84891434819      158.1365     17 08 04 05 00 00 00   1.44
59434  71400.00   -1836969.5173  6065616.9357  -716257.9427   -6.49105566390  106.84891427470      158.1253     17 08 04 05 00 00 00   1.44
59434  71430.00   -1836969.5228  6065616.9447  -716257.9428   -6.49105565511  106.84891429823      158.1354     17 08 04 05 00 00 00   1.44
59434  71460.00   -1836969.5221  6065616.9498  -716257.9449   -6.49105566871  106.84891427895      158.1403     17 08 04 05 00 00 00   1.44
59434  71490.00   -1836969.5314  6065616.9535  -716257.9411   -6.49105562843  106.84891435031      158.1461     16 08 03 05 00 00 00   1.45
59434  71520.00   -1836969.5286  6065616.9450  -716257.9408   -6.49105563464  106.84891434757      158.1372     16 08 03 05 00 00 00   1.45
59434  71550.00   -1836969.5328  6065616.9527  -716257.9426   -6.49105564240  106.84891436386      158.1459     16 08 03 05 00 00 00   1.45
59434  71580.00   -1836969.5352  6065616.9483  -716257.9427   -6.49105564635  106.84891439679      158.1424     17 09 03 05 00 00 00   1.31
59434  71610.00   -1836969.5313  6065616.9434  -716257.9375   -6.49105560556  106.84891437552      158.1360     17 09 03 05 00 00 00   1.31
59434  71640.00   -1836969.5271  6065616.9330  -716257.9366   -6.49105560961  106.84891436658      158.1249     17 09 03 05 00 00 00   1.31
59434  71670.00   -1836969.5254  6065616.9315  -716257.9330   -6.49105557916  106.84891435581      158.1226     17 09 03 05 00 00 00   1.31
59434  71700.00   -1836969.5286  6065616.9267  -716257.9348   -6.49105559877  106.84891439616      158.1191     17 09 03 05 00 00 00   1.31
59434  71730.00   -1836969.5274  6065616.9242  -716257.9381   -6.49105563123  106.84891439149      158.1168     17 09 03 05 00 00 00   1.30
59434  71760.00   -1836969.5215  6065616.9281  -716257.9380   -6.49105562819  106.84891433102      158.1187     17 09 03 05 00 00 00   1.30
59434  71790.00   -1836969.5189  6065616.9290  -716257.9375   -6.49105562363  106.84891430608      158.1188     17 09 03 05 00 00 00   1.30
59434  71820.00   -1836969.5207  6065616.9262  -716257.9354   -6.49105560682  106.84891432884      158.1164     17 09 03 05 00 00 00   1.30
59434  71850.00   -1836969.5209  6065616.9343  -716257.9395   -6.49105563589  106.84891430914      158.1246     17 09 03 05 00 00 00   1.30
59434  71880.00   -1836969.5191  6065616.9232  -716257.9432   -6.49105568051  106.84891432238      158.1140     17 09 03 05 00 00 00   1.30
59434  71910.00   -1836969.5216  6065616.9255  -716257.9434   -6.49105567905  106.84891433838      158.1169     17 09 03 05 00 00 00   1.30
59434  71940.00   -1836969.5235  6065616.9252  -716257.9402   -6.49105565057  106.84891435537      158.1168     17 09 03 05 00 00 00   1.30
59434  71970.00   -1836969.5230  6065616.9287  -716257.9398   -6.49105564350  106.84891434233      158.1200     17 09 03 05 00 00 00   1.30
59434  72000.00   -1836969.5225  6065616.9280  -716257.9396   -6.49105564193  106.84891434007      158.1192     17 09 03 05 00 00 00   1.30
59434  72030.00   -1836969.5178  6065616.9168  -716257.9417   -6.49105567400  106.84891432816      158.1074     17 09 03 05 00 00 00   1.30
59434  72060.00   -1836969.5192  6065616.9168  -716257.9410   -6.49105566678  106.84891434057      158.1077     17 09 03 05 00 00 00   1.30
59434  72090.00   -1836969.5163  6065616.9151  -716257.9397   -6.49105565764  106.84891431996      158.1051     17 09 03 05 00 00 00   1.29
59434  72120.00   -1836969.5207  6065616.9134  -716257.9465   -6.49105571955  106.84891436227      158.1055     17 09 03 05 00 00 00   1.29
59434  72150.00   -1836969.5219  6065616.9095  -716257.9468   -6.49105572579  106.84891438260      158.1021     17 09 03 05 00 00 00   1.29
59434  72180.00   -1836969.5216  6065616.9115  -716257.9437   -6.49105569594  106.84891437498      158.1037     17 09 03 05 00 00 00   1.29
59434  72210.00   -1836969.5210  6065616.9136  -716257.9423   -6.49105568100  106.84891436425      158.1053     17 09 03 05 00 00 00   1.29
59434  72240.00   -1836969.5178  6065616.9206  -716257.9421   -6.49105567354  106.84891431847      158.1110     17 09 03 05 00 00 00   1.29
59434  72270.00   -1836969.5130  6065616.9163  -716257.9390   -6.49105565166  106.84891428824      158.1052     17 09 03 05 00 00 00   1.29
59434  72300.00   -1836969.5139  6065616.9177  -716257.9382   -6.49105564266  106.84891429268      158.1067     17 09 03 05 00 00 00   1.29
59434  72330.00   -1836969.5138  6065616.9182  -716257.9402   -6.49105566013  106.84891428997      158.1073     17 09 03 05 00 00 00   1.29
59434  72360.00   -1836969.5082  6065616.9202  -716257.9407   -6.49105566425  106.84891423642      158.1077     18 10 03 05 00 00 00   1.25
59434  72390.00   -1836969.5130  6065616.9237  -716257.9413   -6.49105566443  106.84891426900      158.1125     18 10 03 05 00 00 00   1.25
59434  72420.00   -1836969.5098  6065616.9186  -716257.9396   -6.49105565509  106.84891425399      158.1065     17 09 03 05 00 00 00   1.30
59434  72450.00   -1836969.5163  6065616.9317  -716257.9395   -6.49105563962  106.84891427628      158.1208     17 09 03 05 00 00 00   1.30
59434  72480.00   -1836969.5258  6065616.9418  -716257.9356   -6.49105559180  106.84891433222      158.1328     17 09 03 05 00 00 00   1.30
59434  72510.00   -1836969.5195  6065616.9268  -716257.9367   -6.49105561881  106.84891431654      158.1168     17 09 03 05 00 00 00   1.30
59434  72540.00   -1836969.5143  6065616.9113  -716257.9355   -6.49105562473  106.84891431242      158.1005     17 09 03 05 00 00 00   1.30
59434  72570.00   -1836969.5119  6065616.9216  -716257.9362   -6.49105562106  106.84891426456      158.1097     17 09 03 05 00 00 00   1.30
59434  72600.00   -1836969.5202  6065616.9214  -716257.9345   -6.49105560357  106.84891433679      158.1117     17 09 03 05 00 00 00   1.30
59434  72630.00   -1836969.5157  6065616.9129  -716257.9403   -6.49105566533  106.84891432065      158.1029     17 09 03 05 00 00 00   1.30
59434  72660.00   -1836969.5187  6065616.9127  -716257.9421   -6.49105568067  106.84891434671      158.1038     17 09 03 05 00 00 00   1.30
59434  72690.00   -1836969.5154  6065616.9185  -716257.9421   -6.49105567634  106.84891430354      158.1084     17 09 03 05 00 00 00   1.30
59434  72720.00   -1836969.5182  6065616.9189  -716257.9450   -6.49105570152  106.84891432628      158.1099     17 09 03 05 00 00 00   1.30
59434  72750.00   -1836969.5215  6065616.9181  -716257.9431   -6.49105568353  106.84891435675      158.1098     17 09 03 05 00 00 00   1.30
59434  72780.00   -1836969.5194  6065616.9347  -716257.9430   -6.49105566773  106.84891429567      158.1250     17 09 03 05 00 00 00   1.30
59434  72810.00   -1836969.5239  6065616.9344  -716257.9455   -6.49105568895  106.84891433471      158.1263     17 09 03 05 00 00 00   1.30
59434  72840.00   -1836969.5254  6065616.9393  -716257.9418   -6.49105565015  106.84891433499      158.1310     17 09 03 05 00 00 00   1.30
59434  72870.00   -1836969.5226  6065616.9446  -716257.9416   -6.49105564398  106.84891429687      158.1351     17 09 03 05 00 00 00   1.30
59434  72900.00   -1836969.5217  6065616.9453  -716257.9422   -6.49105564875  106.84891428724      158.1356     17 09 03 05 00 00 00   1.30
59434  72930.00   -1836969.5224  6065616.9373  -716257.9453   -6.49105568446  106.84891431480      158.1286     17 09 03 05 00 00 00   1.30
59434  72960.00   -1836969.5234  6065616.9366  -716257.9428   -6.49105566294  106.84891432463      158.1279     17 09 03 05 00 00 00   1.30
59434  72990.00   -1836969.5163  6065616.9254  -716257.9417   -6.49105566605  106.84891429239      158.1151     17 09 03 05 00 00 00   1.30
59434  73020.00   -1836969.5155  6065616.9189  -716257.9438   -6.49105569097  106.84891430296      158.1090     17 09 03 05 00 00 00   1.30
59434  73050.00   -1836969.5162  6065616.9210  -716257.9444   -6.49105569394  106.84891430363      158.1112     17 09 03 05 00 00 00   1.30
59434  73080.00   -1836969.5182  6065616.9305  -716257.9447   -6.49105568719  106.84891429579      158.1209     17 09 03 05 00 00 00   1.30
59434  73110.00   -1836969.5197  6065616.9247  -716257.9426   -6.49105567349  106.84891432400      158.1155     17 09 03 05 00 00 00   1.30
59434  73140.00   -1836969.5208  6065616.9184  -716257.9470   -6.49105571902  106.84891434990      158.1104     16 09 02 05 00 00 00   1.38
59434  73170.00   -1836969.5157  6065616.9106  -716257.9463   -6.49105572180  106.84891432660      158.1014     16 09 02 05 00 00 00   1.38
59434  73200.00   -1836969.5138  6065616.9131  -716257.9497   -6.49105575018  106.84891430312      158.1036     16 09 02 05 00 00 00   1.38
59434  73230.00   -1836969.5126  6065616.9062  -716257.9491   -6.49105575203  106.84891431077      158.0966     16 09 02 05 00 00 00   1.38
59434  73260.00   -1836969.5162  6065616.9226  -716257.9453   -6.49105570060  106.84891429955      158.1129     15 08 02 05 00 00 00   1.45
59434  73290.00   -1836969.5143  6065616.9186  -716257.9436   -6.49105568967  106.84891429323      158.1082     15 08 02 05 00 00 00   1.45
59434  73320.00   -1836969.5157  6065616.9206  -716257.9455   -6.49105570488  106.84891430016      158.1108     15 08 02 05 00 00 00   1.45
59434  73350.00   -1836969.5146  6065616.9143  -716257.9441   -6.49105569838  106.84891430696      158.1043     16 09 02 05 00 00 00   1.38
59434  73380.00   -1836969.5155  6065616.9060  -716257.9418   -6.49105568552  106.84891433666      158.0964     16 09 02 05 00 00 00   1.38
59434  73410.00   -1836969.5085  6065616.9095  -716257.9400   -6.49105566821  106.84891426671      158.0975     16 09 02 05 00 00 00   1.38
59434  73440.00   -1836969.5132  6065616.9122  -716257.9419   -6.49105568117  106.84891430088      158.1017     16 09 02 05 00 00 00   1.38
59434  73470.00   -1836969.5127  6065616.9139  -716257.9444   -6.49105570235  106.84891429189      158.1035     16 09 02 05 00 00 00   1.38
59434  73500.00   -1836969.5137  6065616.9192  -716257.9432   -6.49105568591  106.84891428611      158.1086     16 09 02 05 00 00 00   1.38
59434  73530.00   -1836969.5134  6065616.9149  -716257.9409   -6.49105567006  106.84891429560      158.1042     16 09 02 05 00 00 00   1.38
59434  73560.00   -1836969.5105  6065616.9370  -716257.9423   -6.49105566158  106.84891421208      158.1245     16 09 02 05 00 00 00   1.38
59434  73590.00   -1836969.5062  6065616.9295  -716257.9398   -6.49105564737  106.84891419489      158.1159     16 09 02 05 00 00 00   1.38
59434  73620.00   -1836969.5072  6065616.9305  -716257.9417   -6.49105566358  106.84891420102      158.1174     16 09 02 05 00 00 00   1.38
59434  73650.00   -1836969.5123  6065616.9331  -716257.9409   -6.49105565200  106.84891423826      158.1212     17 09 02 06 00 00 00   1.32
59434  73680.00   -1836969.5123  6065616.9378  -716257.9409   -6.49105564775  106.84891422530      158.1257     17 09 02 06 00 00 00   1.32
59434  73710.00   -1836969.5049  6065616.9327  -716257.9382   -6.49105563091  106.84891417469      158.1184     17 09 02 06 00 00 00   1.32
59434  73740.00   -1836969.5031  6065616.9262  -716257.9348   -6.49105560639  106.84891417643      158.1113     18 09 03 06 00 00 00   1.25
59434  73770.00   -1836969.5063  6065616.9211  -716257.9383   -6.49105564204  106.84891421784      158.1077     18 09 03 06 00 00 00   1.25
59434  73800.00   -1836969.5081  6065616.9214  -716257.9381   -6.49105563955  106.84891423254      158.1086     18 09 03 06 00 00 00   1.25
59434  73830.00   -1836969.5043  6065616.9245  -716257.9358   -6.49105561700  106.84891419124      158.1102     18 09 03 06 00 00 00   1.25
59434  73860.00   -1836969.5077  6065616.9229  -716257.9348   -6.49105560897  106.84891422523      158.1095     18 09 03 06 00 00 00   1.25
59434  73890.00   -1836969.5091  6065616.9169  -716257.9341   -6.49105560769  106.84891425333      158.1041     18 09 03 06 00 00 00   1.25
59434  73920.00   -1836969.5143  6065616.9218  -716257.9358   -6.49105561670  106.84891428514      158.1105     18 09 03 06 00 00 00   1.25
59434  73950.00   -1836969.5137  6065616.9201  -716257.9359   -6.49105561946  106.84891428452      158.1087     18 09 03 06 00 00 00   1.25
59434  73980.00   -1836969.5170  6065616.9239  -716257.9373   -6.49105562696  106.84891430231      158.1134     18 09 03 06 00 00 00   1.25
59434  74010.00   -1836969.5209  6065616.9274  -716257.9398   -6.49105564559  106.84891432742      158.1181     18 09 03 06 00 00 00   1.25
59434  74040.00   -1836969.5166  6065616.9280  -716257.9396   -6.49105564455  106.84891428889      158.1174     18 09 03 06 00 00 00   1.25
59434  74070.00   -1836969.5170  6065616.9204  -716257.9392   -6.49105564783  106.84891431202      158.1103     18 09 03 06 00 00 00   1.25
59434  74100.00   -1836969.5239  6065616.9204  -716257.9390   -6.49105564365  106.84891437134      158.1122     18 09 03 06 00 00 00   1.25
59434  74130.00   -1836969.5231  6065616.9208  -716257.9355   -6.49105561246  106.84891436343      158.1120     18 09 03 06 00 00 00   1.25
59434  74160.00   -1836969.5237  6065616.9262  -716257.9349   -6.49105560165  106.84891435481      158.1173     18 09 03 06 00 00 00   1.25
59434  74190.00   -1836969.5254  6065616.9330  -716257.9363   -6.49105560721  106.84891435172      158.1244     18 09 03 06 00 00 00   1.25
59434  74220.00   -1836969.5157  6065616.9179  -716257.9374   -6.49105563479  106.84891430689      158.1074     18 09 03 06 00 00 00   1.25
59434  74250.00   -1836969.5180  6065616.9223  -716257.9415   -6.49105566647  106.84891431566      158.1127     18 09 03 06 00 00 00   1.25
59434  74280.00   -1836969.5137  6065616.9218  -716257.9393   -6.49105564817  106.84891427987      158.1107     18 09 03 06 00 00 00   1.25
59434  74310.00   -1836969.5171  6065616.9185  -716257.9386   -6.49105564404  106.84891431784      158.1084     18 09 03 06 00 00 00   1.25
59434  74340.00   -1836969.5177  6065616.9208  -716257.9338   -6.49105559875  106.84891431687      158.1102     18 09 03 06 00 00 00   1.25
59434  74370.00   -1836969.5146  6065616.9114  -716257.9402   -6.49105566671  106.84891431472      158.1011     19 09 04 06 00 00 00   1.20
59434  74400.00   -1836969.5201  6065616.9105  -716257.9483   -6.49105573866  106.84891436455      158.1028     19 09 04 06 00 00 00   1.20
59434  74430.00   -1836969.5164  6065616.9113  -716257.9423   -6.49105568488  106.84891433037      158.1018     19 09 04 06 00 00 00   1.20
59434  74460.00   -1836969.5144  6065616.9159  -716257.9386   -6.49105564733  106.84891430137      158.1052     19 09 04 06 00 00 00   1.20
59434  74490.00   -1836969.5155  6065616.9180  -716257.9406   -6.49105566336  106.84891430563      158.1077     19 09 04 06 00 00 00   1.20
59434  74520.00   -1836969.5151  6065616.9136  -716257.9407   -6.49105566900  106.84891431310      158.1035     19 09 04 06 00 00 00   1.20
59434  74550.00   -1836969.5156  6065616.9142  -716257.9453   -6.49105570939  106.84891431636      158.1047     18 09 03 06 00 00 00   1.27
59434  74580.00   -1836969.5134  6065616.9061  -716257.9444   -6.49105570984  106.84891431788      158.0963     18 09 03 06 00 00 00   1.27
59434  74610.00   -1836969.5144  6065616.9047  -716257.9437   -6.49105570417  106.84891433090      158.0951     18 09 03 06 00 00 00   1.27
59434  74640.00   -1836969.5156  6065616.9059  -716257.9461   -6.49105572434  106.84891433821      158.0969     18 09 03 06 00 00 00   1.28
59434  74670.00   -1836969.5148  6065616.9144  -716257.9451   -6.49105570775  106.84891430895      158.1046     18 09 03 06 00 00 00   1.28
59434  74700.00   -1836969.5130  6065616.9093  -716257.9421   -6.49105568564  106.84891430617      158.0989     18 09 03 06 00 00 00   1.28
59434  74730.00   -1836969.5125  6065616.9127  -716257.9420   -6.49105568210  106.84891429286      158.1020     18 09 03 06 00 00 00   1.28
59434  74760.00   -1836969.5118  6065616.9094  -716257.9401   -6.49105566847  106.84891429596      158.0985     18 09 03 06 00 00 00   1.28
59434  74790.00   -1836969.5090  6065616.9118  -716257.9381   -6.49105564840  106.84891426528      158.0997     18 09 03 06 00 00 00   1.28
59434  74820.00   -1836969.5148  6065616.9162  -716257.9435   -6.49105569139  106.84891430357      158.1061     18 09 03 06 00 00 00   1.28
59434  74850.00   -1836969.5136  6065616.9233  -716257.9436   -6.49105568533  106.84891427500      158.1126     18 09 03 06 00 00 00   1.29
59434  74880.00   -1836969.5146  6065616.9200  -716257.9412   -6.49105566712  106.84891429192      158.1095     18 09 03 06 00 00 00   1.29
59434  74910.00   -1836969.5204  6065616.9260  -716257.9454   -6.49105569703  106.84891432702      158.1173     18 09 03 06 00 00 00   1.29
59434  74940.00   -1836969.5199  6065616.9203  -716257.9458   -6.49105570595  106.84891433737      158.1118     18 09 03 06 00 00 00   1.29
59434  74970.00   -1836969.5180  6065616.9266  -716257.9447   -6.49105569076  106.84891430391      158.1171     18 09 03 06 00 00 00   1.29
59434  75000.00   -1836969.5191  6065616.9268  -716257.9454   -6.49105569654  106.84891431328      158.1176     18 09 03 06 00 00 00   1.29
59434  75030.00   -1836969.5152  6065616.9321  -716257.9412   -6.49105565499  106.84891426591      158.1212     18 09 03 06 00 00 00   1.29
59434  75060.00   -1836969.5163  6065616.9186  -716257.9421   -6.49105567562  106.84891431031      158.1087     18 09 03 06 00 00 00   1.30
59434  75090.00   -1836969.5179  6065616.9138  -716257.9396   -6.49105565774  106.84891433664      158.1043     18 09 03 06 00 00 00   1.30
59434  75120.00   -1836969.5182  6065616.9100  -716257.9402   -6.49105566676  106.84891434932      158.1009     18 09 03 06 00 00 00   1.30
59434  75150.00   -1836969.5187  6065616.9186  -716257.9403   -6.49105565870  106.84891433137      158.1092     18 09 03 06 00 00 00   1.30
59434  75180.00   -1836969.5186  6065616.9182  -716257.9380   -6.49105563906  106.84891433126      158.1085     18 09 03 06 00 00 00   1.30
59434  75210.00   -1836969.5154  6065616.9145  -716257.9361   -6.49105562636  106.84891431377      158.1038     18 09 03 06 00 00 00   1.30
59434  75240.00   -1836969.5147  6065616.9149  -716257.9377   -6.49105564062  106.84891430636      158.1042     18 09 03 06 00 00 00   1.30
59434  75270.00   -1836969.5176  6065616.9133  -716257.9396   -6.49105565798  106.84891433567      158.1038     18 09 03 06 00 00 00   1.31
59434  75300.00   -1836969.5212  6065616.9062  -716257.9410   -6.49105567675  106.84891438574      158.0982     17 08 03 06 00 00 00   1.36
59434  75330.00   -1836969.5179  6065616.9112  -716257.9435   -6.49105569511  106.84891434398      158.1023     17 08 03 06 00 00 00   1.37
59434  75360.00   -1836969.5191  6065616.9181  -716257.9390   -6.49105564752  106.84891433599      158.1087     17 08 03 06 00 00 00   1.37
59434  75390.00   -1836969.5157  6065616.9027  -716257.9376   -6.49105565131  106.84891434706      158.0929     17 08 03 06 00 00 00   1.37
59434  75420.00   -1836969.5142  6065616.9199  -716257.9379   -6.49105563784  106.84891428919      158.1088     17 08 03 06 00 00 00   1.37
59434  75450.00   -1836969.5149  6065616.9209  -716257.9369   -6.49105562734  106.84891429292      158.1099     17 08 03 06 00 00 00   1.38
59434  75480.00   -1836969.5171  6065616.9255  -716257.9413   -6.49105566177  106.84891429999      158.1154     17 08 03 06 00 00 00   1.38
59434  75510.00   -1836969.5176  6065616.9177  -716257.9402   -6.49105565888  106.84891432423      158.1080     17 08 03 06 00 00 00   1.38
59434  75540.00   -1836969.5178  6065616.9146  -716257.9443   -6.49105569926  106.84891433403      158.1056     17 08 03 06 00 00 00   1.38
59434  75570.00   -1836969.5185  6065616.9045  -716257.9438   -6.49105570464  106.84891436642      158.0961     17 08 03 06 00 00 00   1.39
59434  75600.00   -1836969.5231  6065616.9117  -716257.9426   -6.49105568545  106.84891438803      158.1042     17 08 03 06 00 00 00   1.39
59434  75630.00   -1836969.5150  6065616.9040  -716257.9380   -6.49105565355  106.84891433741      158.0940     17 08 03 06 00 00 00   1.39
59434  75660.00   -1836969.5122  6065616.9028  -716257.9391   -6.49105566555  106.84891431643      158.0922     17 08 03 06 00 00 00   1.40
59434  75690.00   -1836969.5089  6065616.9002  -716257.9390   -6.49105566819  106.84891429432      158.0887     17 08 03 06 00 00 00   1.40
59434  75720.00   -1836969.5064  6065616.9017  -716257.9367   -6.49105564645  106.84891426894      158.0892     17 08 03 06 00 00 00   1.40
59434  75750.00   -1836969.5089  6065616.9030  -716257.9360   -6.49105563815  106.84891428726      158.0910     17 08 03 06 00 00 00   1.40
59434  75780.00   -1836969.5061  6065616.8948  -716257.9399   -6.49105568225  106.84891428458      158.0829     17 08 03 06 00 00 00   1.41
59434  75810.00   -1836969.5104  6065616.9079  -716257.9415   -6.49105568233  106.84891428815      158.0967     17 08 03 06 00 00 00   1.41
59434  75840.00   -1836969.5136  6065616.9075  -716257.9390   -6.49105565964  106.84891431658      158.0970     17 08 03 06 00 00 00   1.41
59434  75870.00   -1836969.5078  6065616.9018  -716257.9360   -6.49105563982  106.84891428154      158.0896     17 08 03 06 00 00 00   1.41
59434  75900.00   -1836969.5153  6065616.9085  -716257.9381   -6.49105565055  106.84891432862      158.0984     16 08 03 05 00 00 00   1.54
59434  75930.00   -1836969.5117  6065616.8966  -716257.9382   -6.49105566339  106.84891432852      158.0860     16 08 03 05 00 00 00   1.54
59434  75960.00   -1836969.5138  6065616.9116  -716257.9398   -6.49105566314  106.84891430749      158.1010     16 08 03 05 00 00 00   1.55
59434  75990.00   -1836969.5153  6065616.9122  -716257.9395   -6.49105565935  106.84891431840      158.1021     16 08 03 05 00 00 00   1.55
59434  76020.00   -1836969.5144  6065616.9029  -716257.9353   -6.49105563099  106.84891433500      158.0925     17 08 03 06 00 00 00   1.45
59434  76050.00   -1836969.5109  6065616.9098  -716257.9357   -6.49105562845  106.84891428668      158.0980     17 08 03 06 00 00 00   1.46
59434  76080.00   -1836969.5174  6065616.9033  -716257.9378   -6.49105565169  106.84891436070      158.0940     17 08 03 06 00 00 00   1.46
59434  76110.00   -1836969.5185  6065616.9223  -716257.9391   -6.49105564460  106.84891432011      158.1125     17 08 03 06 00 00 00   1.46
59434  76140.00   -1836969.5148  6065616.9115  -716257.9376   -6.49105564296  106.84891431596      158.1010     17 08 03 06 00 00 00   1.47
59434  76170.00   -1836969.5141  6065616.9092  -716257.9374   -6.49105564358  106.84891431580      158.0986     17 08 03 06 00 00 00   1.47
59434  76200.00   -1836969.5165  6065616.9142  -716257.9384   -6.49105564706  106.84891432394      158.1042     17 08 03 06 00 00 00   1.47
59434  76230.00   -1836969.5143  6065616.9115  -716257.9375   -6.49105564173  106.84891431234      158.1008     17 08 03 06 00 00 00   1.48
59434  76260.00   -1836969.5187  6065616.9160  -716257.9376   -6.49105563760  106.84891433840      158.1064     17 08 03 06 00 00 00   1.48
59434  76290.00   -1836969.5164  6065616.9146  -716257.9373   -6.49105563675  106.84891432231      158.1043     18 09 03 06 00 00 00   1.37
59434  76320.00   -1836969.5090  6065616.9315  -716257.9294   -6.49105555151  106.84891421338      158.1174     18 09 03 06 00 00 00   1.37
59434  76350.00   -1836969.5112  6065616.8997  -716257.9388   -6.49105566653  106.84891431617      158.0889     18 09 03 06 00 00 00   1.37
59434  76380.00   -1836969.5197  6065616.9054  -716257.9409   -6.49105567733  106.84891437498      158.0970     18 09 03 06 00 00 00   1.37
59434  76410.00   -1836969.5196  6065616.9113  -716257.9380   -6.49105564553  106.84891435833      158.1022     18 09 03 06 00 00 00   1.38
59434  76440.00   -1836969.5180  6065616.9227  -716257.9401   -6.49105565342  106.84891431471      158.1129     18 09 03 06 00 00 00   1.38
59434  76470.00   -1836969.5160  6065616.9169  -716257.9367   -6.49105562945  106.84891431252      158.1064     18 09 03 06 00 00 00   1.38
59434  76500.00   -1836969.5182  6065616.9137  -716257.9366   -6.49105563086  106.84891433961      158.1039     18 09 03 06 00 00 00   1.39
59434  76530.00   -1836969.5155  6065616.9085  -716257.9369   -6.49105563892  106.84891432996      158.0982     18 09 03 06 00 00 00   1.39
59434  76560.00   -1836969.5165  6065616.9082  -716257.9402   -6.49105566939  106.84891433927      158.0987     18 09 03 06 00 00 00   1.39
59434  76590.00   -1836969.5204  6065616.9105  -716257.9407   -6.49105566982  106.84891436741      158.1021     18 09 03 06 00 00 00   1.39
59434  76620.00   -1836969.5152  6065616.9183  -716257.9389   -6.49105564763  106.84891430181      158.1078     18 09 03 06 00 00 00   1.40
59434  76650.00   -1836969.5130  6065616.9119  -716257.9361   -6.49105562953  106.84891429938      158.1007     18 09 03 06 00 00 00   1.40
59434  76680.00   -1836969.5146  6065616.9063  -716257.9336   -6.49105561189  106.84891432794      158.0956     18 09 03 06 00 00 00   1.40
59434  76710.00   -1836969.5155  6065616.9114  -716257.9346   -6.49105561605  106.84891432279      158.1008     18 09 03 06 00 00 00   1.40
59434  76740.00   -1836969.5179  6065616.9076  -716257.9353   -6.49105562514  106.84891435371      158.0979     18 09 03 06 00 00 00   1.41
59434  76770.00   -1836969.5222  6065616.9134  -716257.9393   -6.49105565431  106.84891437529      158.1051     18 09 03 06 00 00 00   1.41
59434  76800.00   -1836969.5191  6065616.9222  -716257.9364   -6.49105562053  106.84891432525      158.1123     18 09 03 06 00 00 00   1.41
59434  76830.00   -1836969.5193  6065616.9115  -716257.9355   -6.49105562275  106.84891435513      158.1021     18 09 03 06 00 00 00   1.41
59434  76860.00   -1836969.5196  6065616.9050  -716257.9349   -6.49105562392  106.84891437444      158.0959     18 09 03 06 00 00 00   1.42
59434  76890.00   -1836969.5157  6065616.9029  -716257.9323   -6.49105560383  106.84891434686      158.0925     18 09 03 06 00 00 00   1.42
59434  76920.00   -1836969.5143  6065616.9112  -716257.9344   -6.49105561451  106.84891431291      158.1002     18 09 03 06 00 00 00   1.42
59434  76950.00   -1836969.5151  6065616.9081  -716257.9329   -6.49105560391  106.84891432798      158.0973     18 09 03 06 00 00 00   1.42
59434  76980.00   -1836969.5182  6065616.9055  -716257.9347   -6.49105562188  106.84891436152      158.0960     18 09 03 06 00 00 00   1.42
59434  77010.00   -1836969.5183  6065616.9073  -716257.9381   -6.49105565071  106.84891435742      158.0981     18 09 03 06 00 00 00   1.43
59434  77040.00   -1836969.5196  6065616.9020  -716257.9355   -6.49105563170  106.84891438303      158.0931     18 09 03 06 00 00 00   1.43
59434  77070.00   -1836969.5131  6065616.8997  -716257.9348   -6.49105562997  106.84891433268      158.0890     18 09 03 06 00 00 00   1.43
59434  77100.00   -1836969.5096  6065616.8996  -716257.9336   -6.49105561987  106.84891430229      158.0878     19 09 04 06 00 00 00   1.32
59434  77130.00   -1836969.5065  6065616.8966  -716257.9342   -6.49105562934  106.84891428350      158.0840     19 09 04 06 00 00 00   1.32
59434  77160.00   -1836969.5092  6065616.9072  -716257.9350   -6.49105562511  106.84891427937      158.0950     19 09 04 06 00 00 00   1.32
59434  77190.00   -1836969.5145  6065616.9058  -716257.9332   -6.49105560926  106.84891432874      158.0950     19 09 04 06 00 00 00   1.32
59434  77220.00   -1836969.5137  6065616.9004  -716257.9329   -6.49105561178  106.84891433560      158.0896     19 09 04 06 00 00 00   1.32
59434  77250.00   -1836969.5124  6065616.8991  -716257.9325   -6.49105560957  106.84891432787      158.0879     19 09 04 06 00 00 00   1.32
59434  77280.00   -1836969.5119  6065616.9111  -716257.9351   -6.49105562119  106.84891429246      158.0995     19 09 04 06 00 00 00   1.32
59434  77310.00   -1836969.5088  6065616.9053  -716257.9338   -6.49105561654  106.84891428066      158.0930     20 10 04 06 00 00 00   1.25
59434  77340.00   -1836969.5054  6065616.9003  -716257.9303   -6.49105559131  106.84891426442      158.0869     20 10 04 06 00 00 00   1.25
59434  77370.00   -1836969.5084  6065616.9038  -716257.9340   -6.49105562006  106.84891428118      158.0915     20 10 04 06 00 00 00   1.25
59434  77400.00   -1836969.5110  6065616.9145  -716257.9370   -6.49105563592  106.84891427547      158.1026     20 10 04 06 00 00 00   1.25
59434  77430.00   -1836969.5104  6065616.9079  -716257.9353   -6.49105562737  106.84891428768      158.0960     20 10 04 06 00 00 00   1.25
59434  77460.00   -1836969.5159  6065616.9146  -716257.9364   -6.49105562833  106.84891431718      158.1042     20 10 04 06 00 00 00   1.25
59434  77490.00   -1836969.5152  6065616.9195  -716257.9381   -6.49105563915  106.84891429844      158.1088     20 10 04 06 00 00 00   1.25
59434  77520.00   -1836969.5101  6065616.9206  -716257.9359   -6.49105562042  106.84891425169      158.1082     20 10 04 06 00 00 00   1.25
59434  77550.00   -1836969.5140  6065616.9223  -716257.9410   -6.49105566337  106.84891428089      158.1114     20 10 04 06 00 00 00   1.26
59434  77580.00   -1836969.5119  6065616.9131  -716257.9396   -6.49105566019  106.84891428677      158.1019     20 10 04 06 00 00 00   1.26
59434  77610.00   -1836969.5116  6065616.9123  -716257.9353   -6.49105562196  106.84891428621      158.1005     20 10 04 06 00 00 00   1.26
59434  77640.00   -1836969.5099  6065616.9113  -716257.9325   -6.49105559844  106.84891427444      158.0988     20 10 04 06 00 00 00   1.26
59434  77670.00   -1836969.5080  6065616.9077  -716257.9330   -6.49105560702  106.84891426693      158.0949     20 10 04 06 00 00 00   1.26
59434  77700.00   -1836969.5097  6065616.9088  -716257.9370   -6.49105564136  106.84891427881      158.0969     20 10 04 06 00 00 00   1.26
59434  77730.00   -1836969.5087  6065616.9111  -716257.9321   -6.49105559553  106.84891426455      158.0983     20 10 04 06 00 00 00   1.26
59434  77760.00   -1836969.5066  6065616.9081  -716257.9327   -6.49105560454  106.84891425414      158.0948     20 10 04 06 00 00 00   1.26
59434  77790.00   -1836969.5104  6065616.9096  -716257.9318   -6.49105559418  106.84891428324      158.0973     20 10 04 06 00 00 00   1.26
59434  77820.00   -1836969.5109  6065616.9070  -716257.9320   -6.49105559838  106.84891429402      158.0950     20 10 04 06 00 00 00   1.26
59434  77850.00   -1836969.5079  6065616.9001  -716257.9312   -6.49105559856  106.84891428668      158.0875     20 10 04 06 00 00 00   1.26
59434  77880.00   -1836969.5114  6065616.9047  -716257.9337   -6.49105561556  106.84891430442      158.0931     20 10 04 06 00 00 00   1.26
59434  77910.00   -1836969.5069  6065616.9078  -716257.9326   -6.49105560408  106.84891425776      158.0946     20 10 04 06 00 00 00   1.26
59434  77940.00   -1836969.5088  6065616.9029  -716257.9334   -6.49105561485  106.84891428644      158.0906     20 10 04 06 00 00 00   1.26
59434  77970.00   -1836969.5102  6065616.9042  -716257.9327   -6.49105560694  106.84891429588      158.0922     20 10 04 06 00 00 00   1.26
59434  78000.00   -1836969.5092  6065616.8986  -716257.9322   -6.49105560865  106.84891430184      158.0865     20 10 04 06 00 00 00   1.26
59434  78030.00   -1836969.5118  6065616.9021  -716257.9362   -6.49105564000  106.84891431501      158.0911     20 10 04 06 00 00 00   1.26
59434  78060.00   -1836969.5162  6065616.9037  -716257.9368   -6.49105564323  106.84891434833      158.0939     20 10 04 06 00 00 00   1.26
59434  78090.00   -1836969.5167  6065616.9081  -716257.9377   -6.49105564653  106.84891434180      158.0984     20 10 04 06 00 00 00   1.26
59434  78120.00   -1836969.5155  6065616.9069  -716257.9373   -6.49105564454  106.84891433410      158.0968     20 10 04 06 00 00 00   1.26
59434  78150.00   -1836969.5142  6065616.9047  -716257.9355   -6.49105563057  106.84891432851      158.0942     20 10 04 06 00 00 00   1.27
59434  78180.00   -1836969.5166  6065616.9037  -716257.9358   -6.49105563367  106.84891435238      158.0939     20 10 04 06 00 00 00   1.27
59434  78210.00   -1836969.5176  6065616.9064  -716257.9379   -6.49105564929  106.84891435404      158.0970     20 10 04 06 00 00 00   1.27
59434  78240.00   -1836969.5145  6065616.9111  -716257.9384   -6.49105565067  106.84891431505      158.1007     19 10 03 06 00 00 00   1.37
59434  78270.00   -1836969.5160  6065616.9145  -716257.9405   -6.49105566557  106.84891431871      158.1045     19 10 03 06 00 00 00   1.37
59434  78300.00   -1836969.5167  6065616.9168  -716257.9356   -6.49105561890  106.84891431848      158.1063     19 10 03 06 00 00 00   1.37
59434  78330.00   -1836969.5251  6065616.9273  -716257.9416   -6.49105566056  106.84891436359      158.1195     19 10 03 06 00 00 00   1.37
59434  78360.00   -1836969.5251  6065616.9296  -716257.9389   -6.49105563375  106.84891435813      158.1213     19 10 03 06 00 00 00   1.37
59434  78390.00   -1836969.5266  6065616.9274  -716257.9371   -6.49105561941  106.84891437628      158.1195     19 10 03 06 00 00 00   1.37
59434  78420.00   -1836969.5263  6065616.9316  -716257.9365   -6.49105561017  106.84891436283      158.1233     19 10 03 06 00 00 00   1.37
59434  78450.00   -1836969.5193  6065616.9202  -716257.9351   -6.49105561101  106.84891433242      158.1103     19 10 03 06 00 00 00   1.37
59434  78480.00   -1836969.5221  6065616.9226  -716257.9358   -6.49105561389  106.84891435069      158.1134     19 10 03 06 00 00 00   1.38
59434  78510.00   -1836969.5187  6065616.9188  -716257.9331   -6.49105559417  106.84891433111      158.1086     19 10 03 06 00 00 00   1.38
59434  78540.00   -1836969.5153  6065616.9147  -716257.9302   -6.49105557307  106.84891431222      158.1034     19 10 03 06 00 00 00   1.38
59434  78570.00   -1836969.5096  6065616.9039  -716257.9310   -6.49105559278  106.84891429089      158.0915     19 10 03 06 00 00 00   1.38
59434  78600.00   -1836969.5138  6065616.9096  -716257.9332   -6.49105560554  106.84891431261      158.0984     19 10 03 06 00 00 00   1.38
59434  78630.00   -1836969.5186  6065616.9171  -716257.9347   -6.49105561024  106.84891433437      158.1071     19 10 03 06 00 00 00   1.38
59434  78660.00   -1836969.5209  6065616.9190  -716257.9349   -6.49105560989  106.84891434953      158.1095     19 10 03 06 00 00 00   1.38
59434  78690.00   -1836969.5211  6065616.9199  -716257.9342   -6.49105560176  106.84891434871      158.1104     19 10 03 06 00 00 00   1.38
59434  78720.00   -1836969.5229  6065616.9230  -716257.9362   -6.49105561685  106.84891435614      158.1141     19 10 03 06 00 00 00   1.38
59434  78750.00   -1836969.5197  6065616.9229  -716257.9339   -6.49105559698  106.84891432846      158.1128     19 10 03 06 00 00 00   1.38
59434  78780.00   -1836969.5221  6065616.9196  -716257.9371   -6.49105562811  106.84891435820      158.1108     19 10 03 06 00 00 00   1.38
59434  78810.00   -1836969.5172  6065616.9147  -716257.9366   -6.49105562985  106.84891432891      158.1046     19 10 03 06 00 00 00   1.38
59434  78840.00   -1836969.5138  6065616.9122  -716257.9350   -6.49105561936  106.84891430582      158.1011     19 10 03 06 00 00 00   1.38
59434  78870.00   -1836969.5143  6065616.9130  -716257.9361   -6.49105562796  106.84891430829      158.1022     19 10 03 06 00 00 00   1.38
59434  78900.00   -1836969.5141  6065616.9029  -716257.9323   -6.49105560423  106.84891433282      158.0920     19 10 03 06 00 00 00   1.38
59434  78930.00   -1836969.5094  6065616.9036  -716257.9296   -6.49105558073  106.84891429045      158.0910     19 10 03 06 00 00 00   1.38
59434  78960.00   -1836969.5167  6065616.9109  -716257.9310   -6.49105558350  106.84891433443      158.1003     19 10 03 06 00 00 00   1.38
59434  78990.00   -1836969.5200  6065616.9162  -716257.9326   -6.49105559177  106.84891434923      158.1065     19 10 03 06 00 00 00   1.38
59434  79020.00   -1836969.5140  6065616.9128  -716257.9336   -6.49105560576  106.84891430584      158.1015     19 10 03 06 00 00 00   1.38
59434  79050.00   -1836969.5129  6065616.8979  -716257.9322   -6.49105560780  106.84891433536      158.0869     19 10 03 06 00 00 00   1.38
59434  79080.00   -1836969.5137  6065616.9028  -716257.9305   -6.49105558772  106.84891432996      158.0916     19 10 03 06 00 00 00   1.38
59434  79110.00   -1836969.5132  6065616.9058  -716257.9312   -6.49105559140  106.84891431761      158.0944     18 10 02 06 00 00 00   1.46
59434  79140.00   -1836969.5110  6065616.8995  -716257.9332   -6.49105561595  106.84891431464      158.0880     18 10 02 06 00 00 00   1.46
59434  79170.00   -1836969.5100  6065616.9010  -716257.9335   -6.49105561804  106.84891430215      158.0892     18 10 02 06 00 00 00   1.46
59434  79200.00   -1836969.5142  6065616.9042  -716257.9324   -6.49105560334  106.84891433018      158.0933     18 10 02 06 00 00 00   1.46
59434  79230.00   -1836969.5141  6065616.9025  -716257.9339   -6.49105561890  106.84891433419      158.0918     18 10 02 06 00 00 00   1.46
59434  79260.00   -1836969.5110  6065616.8974  -716257.9345   -6.49105562956  106.84891432022      158.0862     18 10 02 06 00 00 00   1.46
59434  79290.00   -1836969.5097  6065616.8854  -716257.9320   -6.49105561994  106.84891434003      158.0741     18 10 02 06 00 00 00   1.46
59434  79320.00   -1836969.5102  6065616.8902  -716257.9322   -6.49105561667  106.84891433213      158.0788     18 10 02 06 00 00 00   1.46
59434  79350.00   -1836969.5109  6065616.8882  -716257.9340   -6.49105563409  106.84891434328      158.0773     18 10 02 06 00 00 00   1.45
59434  79380.00   -1836969.5104  6065616.8946  -716257.9329   -6.49105561824  106.84891432210      158.0831     18 10 02 06 00 00 00   1.45
59434  79410.00   -1836969.5141  6065616.8971  -716257.9355   -6.49105563801  106.84891434807      158.0869     18 10 02 06 00 00 00   1.45
59434  79440.00   -1836969.5117  6065616.9024  -716257.9382   -6.49105565779  106.84891431339      158.0915     17 10 02 05 00 00 00   1.58
59434  79470.00   -1836969.5139  6065616.9024  -716257.9415   -6.49105568683  106.84891433220      158.0926     17 10 02 05 00 00 00   1.58
59434  79500.00   -1836969.5087  6065616.8988  -716257.9426   -6.49105570173  106.84891429660      158.0877     17 10 02 05 00 00 00   1.59
59434  79530.00   -1836969.5143  6065616.9063  -716257.9410   -6.49105567826  106.84891432577      158.0963     17 10 02 05 00 00 00   1.59
59434  79560.00   -1836969.5114  6065616.9018  -716257.9409   -6.49105568344  106.84891431244      158.0912     17 10 02 05 00 00 00   1.59
59434  79590.00   -1836969.5144  6065616.8997  -716257.9418   -6.49105569235  106.84891434368      158.0901     17 10 02 05 00 00 00   1.59
59434  79620.00   -1836969.5127  6065616.8977  -716257.9407   -6.49105568484  106.84891433440      158.0877     17 10 02 05 00 00 00   1.59
59434  79650.00   -1836969.5118  6065616.8982  -716257.9398   -6.49105567622  106.84891432483      158.0877     17 10 02 05 00 00 00   1.59
59434  79680.00   -1836969.5104  6065616.8978  -716257.9389   -6.49105566970  106.84891431404      158.0868     17 10 02 05 00 00 00   1.59
59434  79710.00   -1836969.5086  6065616.9013  -716257.9377   -6.49105565530  106.84891428888      158.0895     17 10 02 05 00 00 00   1.59
59434  79740.00   -1836969.5151  6065616.9059  -716257.9397   -6.49105566682  106.84891433379      158.0960     17 10 02 05 00 00 00   1.59
59434  79770.00   -1836969.5102  6065616.8990  -716257.9364   -6.49105564563  106.84891430940      158.0877     17 10 02 05 00 00 00   1.59
59434  79800.00   -1836969.5102  6065616.8963  -716257.9376   -6.49105565884  106.84891431632      158.0852     17 10 02 05 00 00 00   1.59
59434  79830.00   -1836969.5107  6065616.8979  -716257.9380   -6.49105566105  106.84891431662      158.0869     18 11 02 05 00 00 00   1.47
59434  79860.00   -1836969.5092  6065616.9025  -716257.9362   -6.49105564108  106.84891429169      158.0907     18 11 02 05 00 00 00   1.47
59434  79890.00   -1836969.5155  6065616.9060  -716257.9403   -6.49105567232  106.84891433702      158.0963     18 11 02 05 00 00 00   1.47
59434  79920.00   -1836969.5121  6065616.9026  -716257.9368   -6.49105564484  106.84891431663      158.0916     18 11 02 05 00 00 00   1.47
59434  79950.00   -1836969.5168  6065616.9125  -716257.9390   -6.49105565423  106.84891433126      158.1027     18 11 02 05 00 00 00   1.47
59434  79980.00   -1836969.5131  6065616.9119  -716257.9384   -6.49105565046  106.84891430029      158.1009     19 11 03 05 00 00 00   1.47
59434  80010.00   -1836969.5114  6065616.9067  -716257.9409   -6.49105567842  106.84891429930      158.0958     19 11 03 05 00 00 00   1.47
59434  80040.00   -1836969.5155  6065616.9113  -716257.9423   -6.49105568513  106.84891432327      158.1015     19 11 03 05 00 00 00   1.47
59434  80070.00   -1836969.5110  6065616.9103  -716257.9414   -6.49105567895  106.84891428690      158.0992     19 11 03 05 00 00 00   1.47
59434  80100.00   -1836969.5073  6065616.9039  -716257.9356   -6.49105563457  106.84891427159      158.0914     19 11 03 05 00 00 00   1.47
59434  80130.00   -1836969.5155  6065616.9158  -716257.9388   -6.49105564880  106.84891431089      158.1054     19 11 03 05 00 00 00   1.47
59434  80160.00   -1836969.5159  6065616.9160  -716257.9359   -6.49105562289  106.84891431384      158.1054     19 11 03 05 00 00 00   1.47
59434  80190.00   -1836969.5112  6065616.9025  -716257.9336   -6.49105561646  106.84891430865      158.0910     19 11 03 05 00 00 00   1.47
59434  80220.00   -1836969.5070  6065616.9070  -716257.9327   -6.49105560521  106.84891426086      158.0940     19 11 03 05 00 00 00   1.47
59434  80250.00   -1836969.5115  6065616.9113  -716257.9381   -6.49105564878  106.84891428873      158.0999     19 11 03 05 00 00 00   1.47
59434  80280.00   -1836969.5117  6065616.9103  -716257.9350   -6.49105562134  106.84891429298      158.0987     19 11 03 05 00 00 00   1.47
59434  80310.00   -1836969.5117  6065616.9038  -716257.9340   -6.49105561891  106.84891430954      158.0923     19 11 03 05 00 00 00   1.47
59434  80340.00   -1836969.5147  6065616.9081  -716257.9360   -6.49105563143  106.84891432426      158.0976     20 11 04 05 00 00 00   1.43
59434  80370.00   -1836969.5157  6065616.9107  -716257.9386   -6.49105565188  106.84891432585      158.1006     20 11 04 05 00 00 00   1.43
59434  80400.00   -1836969.5108  6065616.9102  -716257.9404   -6.49105567086  106.84891428525      158.0989     20 11 04 05 00 00 00   1.43
59434  80430.00   -1836969.5097  6065616.9077  -716257.9341   -6.49105561622  106.84891428211      158.0955     20 11 04 05 00 00 00   1.43
59434  80460.00   -1836969.5123  6065616.9108  -716257.9376   -6.49105564431  106.84891429663      158.0996     20 11 04 05 00 00 00   1.43
59434  80490.00   -1836969.5084  6065616.9017  -716257.9354   -6.49105563468  106.84891428693      158.0896     20 11 04 05 00 00 00   1.43
59434  80520.00   -1836969.5094  6065616.9023  -716257.9340   -6.49105562070  106.84891429326      158.0903     20 11 04 05 00 00 00   1.43
59434  80550.00   -1836969.5086  6065616.8966  -716257.9324   -6.49105561223  106.84891430145      158.0844     20 11 04 05 00 00 00   1.43
59434  80580.00   -1836969.5039  6065616.8925  -716257.9356   -6.49105564645  106.84891427194      158.0796     21 11 05 05 00 00 00   1.35
59434  80610.00   -1836969.5099  6065616.8985  -716257.9369   -6.49105565027  106.84891430782      158.0872     21 11 05 05 00 00 00   1.35
59434  80640.00   -1836969.5130  6065616.8958  -716257.9362   -6.49105564646  106.84891434199      158.0854     21 11 05 05 00 00 00   1.35
59434  80670.00   -1836969.5153  6065616.9056  -716257.9382   -6.49105565375  106.84891433624      158.0956     21 11 05 05 00 00 00   1.35
59434  80700.00   -1836969.5142  6065616.9085  -716257.9396   -6.49105566394  106.84891431934      158.0982     21 11 05 05 00 00 00   1.35
59434  80730.00   -1836969.5116  6065616.9059  -716257.9405   -6.49105567506  106.84891430333      158.0951     21 11 05 05 00 00 00   1.35
59434  80760.00   -1836969.5121  6065616.9117  -716257.9391   -6.49105565662  106.84891429283      158.1006     20 10 05 05 00 00 00   1.42
59434  80790.00   -1836969.5100  6065616.9104  -716257.9415   -6.49105568069  106.84891427712      158.0990     21 11 05 05 00 00 00   1.35
59434  80820.00   -1836969.5102  6065616.9108  -716257.9398   -6.49105566440  106.84891427871      158.0993     21 11 05 05 00 00 00   1.35
59434  80850.00   -1836969.5077  6065616.9087  -716257.9394   -6.49105566430  106.84891426247      158.0965     21 11 05 05 00 00 00   1.35
59434  80880.00   -1836969.5082  6065616.9122  -716257.9397   -6.49105566285  106.84891425751      158.1000     21 11 05 05 00 00 00   1.34
59434  80910.00   -1836969.5011  6065616.9089  -716257.9366   -6.49105564036  106.84891420490      158.0945     20 10 05 05 00 00 00   1.35
59434  80940.00   -1836969.5038  6065616.9049  -716257.9382   -6.49105565806  106.84891423807      158.0916     20 10 05 05 00 00 00   1.35
59434  80970.00   -1836969.5048  6065616.9068  -716257.9385   -6.49105565830  106.84891424238      158.0937     20 10 05 05 00 00 00   1.35
59434  81000.00   -1836969.5021  6065616.9100  -716257.9339   -6.49105561502  106.84891421024      158.0955     21 11 05 05 00 00 00   1.34
59434  81030.00   -1836969.5038  6065616.9135  -716257.9364   -6.49105563366  106.84891421557      158.0996     21 11 05 05 00 00 00   1.34
59434  81060.00   -1836969.5061  6065616.9162  -716257.9378   -6.49105564221  106.84891422854      158.1030     21 11 05 05 00 00 00   1.34
59434  81090.00   -1836969.5111  6065616.9095  -716257.9376   -6.49105564544  106.84891428914      158.0981     21 11 05 05 00 00 00   1.33
59434  81120.00   -1836969.5169  6065616.9222  -716257.9397   -6.49105565027  106.84891430624      158.1121     21 11 05 05 00 00 00   1.33
59434  81150.00   -1836969.5141  6065616.9192  -716257.9372   -6.49105563227  106.84891429052      158.1081     22 11 06 05 00 00 00   1.19
59434  81180.00   -1836969.5121  6065616.9199  -716257.9343   -6.49105560547  106.84891427110      158.1079     22 11 06 05 00 00 00   1.19
59434  81210.00   -1836969.5144  6065616.9193  -716257.9357   -6.49105561794  106.84891429194      158.1081     22 11 06 05 00 00 00   1.19
59434  81240.00   -1836969.5116  6065616.9180  -716257.9352   -6.49105561546  106.84891427135      158.1060     22 11 06 05 00 00 00   1.19
59434  81270.00   -1836969.5116  6065616.9168  -716257.9354   -6.49105561897  106.84891427494      158.1049     22 11 06 05 00 00 00   1.19
59434  81300.00   -1836969.5121  6065616.9130  -716257.9380   -6.49105564545  106.84891428849      158.1017     22 11 06 05 00 00 00   1.19
59434  81330.00   -1836969.5070  6065616.9064  -716257.9346   -6.49105562363  106.84891426188      158.0935     22 11 06 05 00 00 00   1.19
59434  81360.00   -1836969.5064  6065616.9018  -716257.9344   -6.49105562603  106.84891426890      158.0890     22 11 06 05 00 00 00   1.19
59434  81390.00   -1836969.5047  6065616.8987  -716257.9373   -6.49105565522  106.84891426246      158.0859     22 11 06 05 00 00 00   1.19
59434  81420.00   -1836969.5078  6065616.9028  -716257.9354   -6.49105563359  106.84891427828      158.0905     22 11 06 05 00 00 00   1.19
59434  81450.00   -1836969.5076  6065616.9051  -716257.9377   -6.49105565221  106.84891427087      158.0928     22 11 06 05 00 00 00   1.19
59434  81480.00   -1836969.5074  6065616.9036  -716257.9329   -6.49105561100  106.84891427287      158.0908     22 11 06 05 00 00 00   1.19
59434  81510.00   -1836969.5077  6065616.9064  -716257.9342   -6.49105561933  106.84891426846      158.0937     22 11 06 05 00 00 00   1.19
59434  81540.00   -1836969.5101  6065616.9154  -716257.9343   -6.49105561078  106.84891426522      158.1030     22 11 06 05 00 00 00   1.19
59434  81570.00   -1836969.5090  6065616.9086  -716257.9308   -6.49105558599  106.84891427367      158.0958     22 11 06 05 00 00 00   1.19
59434  81600.00   -1836969.5063  6065616.9071  -716257.9316   -6.49105559575  106.84891425446      158.0937     22 11 06 05 00 00 00   1.19
59434  81630.00   -1836969.5022  6065616.9071  -716257.9299   -6.49105558206  106.84891421856      158.0924     22 11 06 05 00 00 00   1.19
59434  81660.00   -1836969.5007  6065616.9042  -716257.9328   -6.49105561064  106.84891421332      158.0895     22 11 06 05 00 00 00   1.19
59434  81690.00   -1836969.5079  6065616.9156  -716257.9314   -6.49105558496  106.84891424561      158.1023     22 11 06 05 00 00 00   1.19
59434  81720.00   -1836969.5123  6065616.9164  -716257.9300   -6.49105557090  106.84891428196      158.1041     22 11 06 05 00 00 00   1.19
59434  81750.00   -1836969.5098  6065616.9178  -716257.9311   -6.49105557954  106.84891425665      158.1048     22 11 06 05 00 00 00   1.19
59434  81780.00   -1836969.5108  6065616.9154  -716257.9294   -6.49105556630  106.84891427133      158.1026     22 11 06 05 00 00 00   1.19
59434  81810.00   -1836969.5119  6065616.9158  -716257.9326   -6.49105559433  106.84891427984      158.1036     22 11 06 05 00 00 00   1.18
59434  81840.00   -1836969.5055  6065616.9143  -716257.9354   -6.49105562339  106.84891422810      158.1008     22 11 06 05 00 00 00   1.18
59434  81870.00   -1836969.5101  6065616.9203  -716257.9332   -6.49105559573  106.84891425285      158.1076     24 11 06 07 00 00 00   1.11
59434  81900.00   -1836969.5080  6065616.9178  -716257.9352   -6.49105561719  106.84891424078      158.1048     24 11 06 07 00 00 00   1.11
59434  81930.00   -1836969.5052  6065616.9126  -716257.9318   -6.49105559214  106.84891423054      158.0986     24 11 06 07 00 00 00   1.11
59434  81960.00   -1836969.5085  6065616.9221  -716257.9316   -6.49105558087  106.84891423386      158.1086     24 11 06 07 00 00 00   1.11
59434  81990.00   -1836969.5094  6065616.9256  -716257.9304   -6.49105556616  106.84891423248      158.1120     23 11 06 06 00 00 00   1.13
59434  82020.00   -1836969.5092  6065616.9206  -716257.9352   -6.49105561370  106.84891424355      158.1078     23 11 06 06 00 00 00   1.13
59434  82050.00   -1836969.5057  6065616.9142  -716257.9342   -6.49105561223  106.84891423041      158.1006     23 11 06 06 00 00 00   1.13
59434  82080.00   -1836969.5047  6065616.9157  -716257.9316   -6.49105558814  106.84891421769      158.1014     23 11 06 06 00 00 00   1.13
59434  82110.00   -1836969.5056  6065616.9162  -716257.9340   -6.49105560892  106.84891422391      158.1024     23 11 06 06 00 00 00   1.13
59434  82140.00   -1836969.5150  6065616.9296  -716257.9383   -6.49105563138  106.84891427037      158.1184     22 10 06 06 00 00 00   1.22
59434  82170.00   -1836969.5132  6065616.9324  -716257.9361   -6.49105560965  106.84891424754      158.1202     22 10 06 06 00 00 00   1.22
59434  82200.00   -1836969.5077  6065616.9208  -716257.9355   -6.49105561689  106.84891423036      158.1076     22 10 06 06 00 00 00   1.22
59434  82230.00   -1836969.5108  6065616.9302  -716257.9363   -6.49105561391  106.84891423244      158.1175     22 10 06 06 00 00 00   1.22
59434  82260.00   -1836969.5122  6065616.9295  -716257.9361   -6.49105561292  106.84891424693      158.1173     22 10 06 06 00 00 00   1.22
59434  82290.00   -1836969.5077  6065616.9210  -716257.9380   -6.49105563907  106.84891422990      158.1080     23 10 06 07 00 00 00   1.20
59434  82320.00   -1836969.5097  6065616.9231  -716257.9379   -6.49105563580  106.84891424164      158.1106     23 10 06 07 00 00 00   1.20
59434  82350.00   -1836969.5102  6065616.9258  -716257.9363   -6.49105561837  106.84891423895      158.1131     23 10 06 07 00 00 00   1.20
59434  82380.00   -1836969.5139  6065616.9269  -716257.9384   -6.49105563513  106.84891426839      158.1155     23 10 06 07 00 00 00   1.20
59434  82410.00   -1836969.5139  6065616.9331  -716257.9402   -6.49105564548  106.84891425206      158.1215     23 10 06 07 00 00 00   1.20
59434  82440.00   -1836969.5151  6065616.9275  -716257.9383   -6.49105563357  106.84891427649      158.1164     23 10 06 07 00 00 00   1.20
59434  82470.00   -1836969.5141  6065616.9290  -716257.9382   -6.49105563105  106.84891426414      158.1175     23 10 06 07 00 00 00   1.20
59434  82500.00   -1836969.5152  6065616.9277  -716257.9397   -6.49105564619  106.84891427731      158.1167     23 10 06 07 00 00 00   1.20
59434  82530.00   -1836969.5078  6065616.9175  -716257.9357   -6.49105562167  106.84891423990      158.1045     23 10 06 07 00 00 00   1.20
59434  82560.00   -1836969.5116  6065616.9254  -716257.9367   -6.49105562240  106.84891425178      158.1132     23 10 06 07 00 00 00   1.20
59434  82590.00   -1836969.5097  6065616.9219  -716257.9355   -6.49105561509  106.84891424499      158.1091     23 10 06 07 00 00 00   1.20
59434  82620.00   -1836969.5107  6065616.9282  -716257.9387   -6.49105563742  106.84891423708      158.1159     22 09 06 07 00 00 00   1.23
59434  82650.00   -1836969.5123  6065616.9288  -716257.9399   -6.49105564733  106.84891424893      158.1170     22 09 06 07 00 00 00   1.23
59434  82680.00   -1836969.5142  6065616.9265  -716257.9381   -6.49105563327  106.84891427209      158.1152     22 09 06 07 00 00 00   1.23
59434  82710.00   -1836969.5129  6065616.9300  -716257.9373   -6.49105562233  106.84891425089      158.1180     22 09 06 07 00 00 00   1.23
59434  82740.00   -1836969.5148  6065616.9326  -716257.9399   -6.49105564304  106.84891426063      158.1213     22 09 06 07 00 00 00   1.23
59434  82770.00   -1836969.5202  6065616.9398  -716257.9378   -6.49105561540  106.84891428875      158.1295     22 09 06 07 00 00 00   1.23
59434  82800.00   -1836969.5187  6065616.9325  -716257.9380   -6.49105562516  106.84891429542      158.1221     22 09 06 07 00 00 00   1.23
59434  82830.00   -1836969.5148  6065616.9293  -716257.9379   -6.49105562825  106.84891426989      158.1180     22 09 06 07 00 00 00   1.23
59434  82860.00   -1836969.5142  6065616.9312  -716257.9397   -6.49105564256  106.84891425944      158.1198     23 10 06 07 00 00 00   1.15
59434  82890.00   -1836969.5069  6065616.9177  -716257.9361   -6.49105562534  106.84891423162      158.1045     23 10 06 07 00 00 00   1.15
59434  82920.00   -1836969.5085  6065616.9231  -716257.9390   -6.49105564557  106.84891423149      158.1104     23 10 06 07 00 00 00   1.15
59434  82950.00   -1836969.5108  6065616.9302  -716257.9415   -6.49105566076  106.84891423217      158.1181     23 10 06 07 00 00 00   1.15
59434  82980.00   -1836969.5144  6065616.9319  -716257.9410   -6.49105565372  106.84891425980      158.1207     23 10 06 07 00 00 00   1.15
59434  83010.00   -1836969.5109  6065616.9209  -716257.9387   -6.49105564451  106.84891425815      158.1090     23 10 06 07 00 00 00   1.15
59434  83040.00   -1836969.5136  6065616.9258  -716257.9409   -6.49105565858  106.84891426806      158.1147     23 10 06 07 00 00 00   1.15
59434  83070.00   -1836969.5147  6065616.9340  -716257.9412   -6.49105565280  106.84891425590      158.1228     23 10 06 07 00 00 00   1.15
59434  83100.00   -1836969.5144  6065616.9292  -716257.9403   -6.49105565019  106.84891426675      158.1180     23 10 06 07 00 00 00   1.15
59434  83130.00   -1836969.5114  6065616.9232  -716257.9421   -6.49105567293  106.84891425614      158.1116     23 10 06 07 00 00 00   1.15
59434  83160.00   -1836969.5123  6065616.9197  -716257.9390   -6.49105564800  106.84891427323      158.1082     23 10 06 07 00 00 00   1.15
59434  83190.00   -1836969.5150  6065616.9296  -716257.9383   -6.49105563181  106.84891427029      158.1184     23 10 06 07 00 00 00   1.15
59434  83220.00   -1836969.5138  6065616.9363  -716257.9441   -6.49105567698  106.84891424242      158.1250     23 10 06 07 00 00 00   1.15
59434  83250.00   -1836969.5102  6065616.9343  -716257.9436   -6.49105567583  106.84891421642      158.1220     23 10 06 07 00 00 00   1.15
59434  83280.00   -1836969.5153  6065616.9344  -716257.9430   -6.49105566898  106.84891426097      158.1235     23 10 06 07 00 00 00   1.15
59434  83310.00   -1836969.5130  6065616.9302  -716257.9418   -6.49105566241  106.84891425209      158.1187     22 10 06 06 00 00 00   1.18
59434  83340.00   -1836969.5127  6065616.9260  -716257.9391   -6.49105564283  106.84891425976      158.1144     22 10 06 06 00 00 00   1.18
59434  83370.00   -1836969.5152  6065616.9278  -716257.9400   -6.49105564811  106.84891427664      158.1169     22 10 06 06 00 00 00   1.18
59434  83400.00   -1836969.5130  6065616.9212  -716257.9389   -6.49105564541  106.84891427529      158.1098     22 10 06 06 00 00 00   1.18
59434  83430.00   -1836969.5131  6065616.9189  -716257.9425   -6.49105567997  106.84891428226      158.1081     23 10 07 06 00 00 00   1.12
59434  83460.00   -1836969.5187  6065616.9261  -716257.9451   -6.49105569460  106.84891431165      158.1169     23 10 07 06 00 00 00   1.12
59434  83490.00   -1836969.5162  6065616.9252  -716257.9454   -6.49105569878  106.84891429230      158.1153     24 10 07 07 00 00 00   1.10
59434  83520.00   -1836969.5119  6065616.9258  -716257.9443   -6.49105569032  106.84891425342      158.1145     24 10 07 07 00 00 00   1.10
59434  83550.00   -1836969.5092  6065616.9205  -716257.9422   -6.49105567680  106.84891424411      158.1085     24 10 07 07 00 00 00   1.10
59434  83580.00   -1836969.5139  6065616.9309  -716257.9417   -6.49105566126  106.84891425770      158.1196     24 10 07 07 00 00 00   1.10
59434  83610.00   -1836969.5098  6065616.9170  -716257.9372   -6.49105563551  106.84891425906      158.1047     24 10 07 07 00 00 00   1.10
59434  83640.00   -1836969.5138  6065616.9273  -716257.9382   -6.49105563269  106.84891426648      158.1158     24 10 07 07 00 00 00   1.10
59434  83670.00   -1836969.5146  6065616.9332  -716257.9401   -6.49105564395  106.84891425730      158.1219     24 10 07 07 00 00 00   1.10
59434  83700.00   -1836969.5144  6065616.9381  -716257.9377   -6.49105561822  106.84891424295      158.1262     24 10 07 07 00 00 00   1.10
59434  83730.00   -1836969.5144  6065616.9424  -716257.9352   -6.49105559160  106.84891423218      158.1300     24 10 07 07 00 00 00   1.10
59434  83760.00   -1836969.5180  6065616.9463  -716257.9343   -6.49105557825  106.84891425268      158.1346     24 10 07 07 00 00 00   1.10
59434  83790.00   -1836969.5108  6065616.9345  -716257.9345   -6.49105559384  106.84891422121      158.1213     24 10 07 07 00 00 00   1.10
59434  83820.00   -1836969.5125  6065616.9377  -716257.9369   -6.49105561197  106.84891422731      158.1252     23 09 07 07 00 00 00   1.14
59434  83850.00   -1836969.5145  6065616.9440  -716257.9363   -6.49105559984  106.84891422888      158.1317     23 09 07 07 00 00 00   1.14
59434  83880.00   -1836969.5167  6065616.9453  -716257.9337   -6.49105557453  106.84891424390      158.1333     23 09 07 07 00 00 00   1.14
59434  83910.00   -1836969.5138  6065616.9389  -716257.9308   -6.49105555483  106.84891423535      158.1260     23 09 07 07 00 00 00   1.14
59434  83940.00   -1836969.5152  6065616.9410  -716257.9343   -6.49105558407  106.84891424251      158.1288     23 09 07 07 00 00 00   1.14
59434  83970.00   -1836969.5183  6065616.9433  -716257.9353   -6.49105558955  106.84891426321      158.1320     22 08 07 07 00 00 00   1.16
59434  84000.00   -1836969.5187  6065616.9397  -716257.9356   -6.49105559640  106.84891427647      158.1287     22 08 07 07 00 00 00   1.16
59434  84030.00   -1836969.5170  6065616.9349  -716257.9348   -6.49105559435  106.84891427351      158.1236     22 08 07 07 00 00 00   1.16
59434  84060.00   -1836969.5165  6065616.9436  -716257.9386   -6.49105561954  106.84891424705      158.1322     22 08 07 07 00 00 00   1.16
59434  84090.00   -1836969.5131  6065616.9449  -716257.9375   -6.49105561014  106.84891421384      158.1323     22 08 07 07 00 00 00   1.16
59434  84120.00   -1836969.5143  6065616.9440  -716257.9385   -6.49105561969  106.84891422651      158.1319     22 08 07 07 00 00 00   1.16
59434  84150.00   -1836969.5158  6065616.9465  -716257.9382   -6.49105561416  106.84891423333      158.1346     22 08 07 07 00 00 00   1.16
59434  84180.00   -1836969.5175  6065616.9461  -716257.9387   -6.49105561835  106.84891424927      158.1349     22 08 07 07 00 00 00   1.16
59434  84210.00   -1836969.5168  6065616.9465  -716257.9379   -6.49105561112  106.84891424188      158.1349     22 08 07 07 00 00 00   1.16
59434  84240.00   -1836969.5176  6065616.9479  -716257.9350   -6.49105558262  106.84891424482      158.1361     22 08 07 07 00 00 00   1.16
59434  84270.00   -1836969.5157  6065616.9407  -716257.9366   -6.49105560485  106.84891424746      158.1289     22 08 07 07 00 00 00   1.16
59434  84300.00   -1836969.5243  6065616.9469  -716257.9377   -6.49105560594  106.84891430575      158.1374     22 08 07 07 00 00 00   1.16
59434  84330.00   -1836969.5185  6065616.9454  -716257.9431   -6.49105565837  106.84891425914      158.1350     22 08 07 07 00 00 00   1.16
59434  84360.00   -1836969.5185  6065616.9437  -716257.9428   -6.49105565684  106.84891426383      158.1333     22 08 07 07 00 00 00   1.16
59434  84390.00   -1836969.5179  6065616.9445  -716257.9402   -6.49105563323  106.84891425632      158.1336     22 08 07 07 00 00 00   1.16
59434  84420.00   -1836969.5224  6065616.9482  -716257.9412   -6.49105563659  106.84891428552      158.1385     22 08 07 07 00 00 00   1.16
59434  84450.00   -1836969.5169  6065616.9526  -716257.9396   -6.49105561969  106.84891422673      158.1410     22 08 07 07 00 00 00   1.16
59434  84480.00   -1836969.5204  6065616.9573  -716257.9381   -6.49105560079  106.84891424472      158.1462     22 08 07 07 00 00 00   1.16
59434  84510.00   -1836969.5226  6065616.9573  -716257.9375   -6.49105559511  106.84891426339      158.1468     22 08 07 07 00 00 00   1.15
59434  84540.00   -1836969.5249  6065616.9561  -716257.9350   -6.49105557278  106.84891428662      158.1460     22 08 07 07 00 00 00   1.15
59434  84570.00   -1836969.5244  6065616.9504  -716257.9372   -6.49105559854  106.84891429745      158.1407     22 08 07 07 00 00 00   1.15
59434  84600.00   -1836969.5220  6065616.9497  -716257.9356   -6.49105558555  106.84891427852      158.1392     22 08 07 07 00 00 00   1.15
59434  84630.00   -1836969.5221  6065616.9497  -716257.9355   -6.49105558442  106.84891427903      158.1392     22 08 07 07 00 00 00   1.15
59434  84660.00   -1836969.5244  6065616.9449  -716257.9352   -6.49105558622  106.84891431178      158.1352     22 08 07 07 00 00 00   1.15
59434  84690.00   -1836969.5247  6065616.9463  -716257.9379   -6.49105560856  106.84891431070      158.1370     21 08 07 06 00 00 00   1.17
59434  84720.00   -1836969.5212  6065616.9496  -716257.9348   -6.49105557811  106.84891427143      158.1388     21 08 07 06 00 00 00   1.17
59434  84750.00   -1836969.5252  6065616.9515  -716257.9337   -6.49105556560  106.84891430136      158.1416     21 08 07 06 00 00 00   1.17
59434  84780.00   -1836969.5194  6065616.9525  -716257.9330   -6.49105556010  106.84891424906      158.1408     21 08 07 06 00 00 00   1.17
59434  84810.00   -1836969.5235  6065616.9587  -716257.9366   -6.49105558549  106.84891426757      158.1483     21 08 07 06 00 00 00   1.17
59434  84840.00   -1836969.5208  6065616.9526  -716257.9368   -6.49105559395  106.84891426051      158.1417     21 08 07 06 00 00 00   1.17
59434  84870.00   -1836969.5203  6065616.9537  -716257.9376   -6.49105559950  106.84891425288      158.1427     21 08 07 06 00 00 00   1.17
59434  84900.00   -1836969.5262  6065616.9575  -716257.9381   -6.49105559894  106.84891429411      158.1480     21 08 07 06 00 00 00   1.17
59434  84930.00   -1836969.5221  6065616.9570  -716257.9386   -6.49105560493  106.84891426063      158.1464     21 08 07 06 00 00 00   1.16
59434  84960.00   -1836969.5244  6065616.9524  -716257.9400   -6.49105562119  106.84891429231      158.1429     21 08 07 06 00 00 00   1.16
59434  84990.00   -1836969.5220  6065616.9475  -716257.9352   -6.49105558357  106.84891428434      158.1370     21 08 07 06 00 00 00   1.16
59434  85020.00   -1836969.5208  6065616.9470  -716257.9388   -6.49105561681  106.84891427537      158.1367     21 08 07 06 00 00 00   1.16
59434  85050.00   -1836969.5288  6065616.9438  -716257.9399   -6.49105562755  106.84891435246      158.1360     21 08 07 06 00 00 00   1.16
59434  85080.00   -1836969.5222  6065616.9319  -716257.9384   -6.49105562757  106.84891432648      158.1226     21 08 07 06 00 00 00   1.16
59434  85110.00   -1836969.5227  6065616.9308  -716257.9399   -6.49105564240  106.84891433360      158.1219     21 08 07 06 00 00 00   1.16
59434  85140.00   -1836969.5185  6065616.9305  -716257.9432   -6.49105567340  106.84891429824      158.1208     20 08 06 06 00 00 00   1.21
59434  85170.00   -1836969.5225  6065616.9368  -716257.9389   -6.49105562779  106.84891431695      158.1274     20 08 06 06 00 00 00   1.21
59434  85200.00   -1836969.5196  6065616.9381  -716257.9381   -6.49105562019  106.84891428780      158.1277     20 08 06 06 00 00 00   1.21
59434  85230.00   -1836969.5223  6065616.9419  -716257.9394   -6.49105562703  106.84891430136      158.1322     20 08 06 06 00 00 00   1.21
59434  85260.00   -1836969.5212  6065616.9386  -716257.9369   -6.49105560786  106.84891430078      158.1285     20 08 06 06 00 00 00   1.21
59434  85290.00   -1836969.5189  6065616.9363  -716257.9357   -6.49105560011  106.84891428725      158.1255     20 08 06 06 00 00 00   1.21
59434  85320.00   -1836969.5192  6065616.9431  -716257.9363   -6.49105559877  106.84891427196      158.1322     20 08 06 06 00 00 00   1.20
59434  85350.00   -1836969.5203  6065616.9442  -716257.9371   -6.49105560478  106.84891427848      158.1336     20 08 06 06 00 00 00   1.20
59434  85380.00   -1836969.5238  6065616.9476  -716257.9386   -6.49105561344  106.84891429954      158.1380     20 08 06 06 00 00 00   1.21
59434  85410.00   -1836969.5184  6065616.9411  -716257.9389   -6.49105562429  106.84891426996      158.1303     20 08 06 06 00 00 00   1.21
59434  85440.00   -1836969.5194  6065616.9374  -716257.9376   -6.49105561595  106.84891428856      158.1270     20 08 06 06 00 00 00   1.21
59434  85470.00   -1836969.5208  6065616.9296  -716257.9378   -6.49105562491  106.84891432094      158.1200     20 08 06 06 00 00 00   1.21
59434  85500.00   -1836969.5174  6065616.9322  -716257.9413   -6.49105565548  106.84891428486      158.1219     19 07 06 06 00 00 00   1.25
59434  85530.00   -1836969.5179  6065616.9329  -716257.9422   -6.49105566264  106.84891428714      158.1228     19 07 06 06 00 00 00   1.25
59434  85560.00   -1836969.5219  6065616.9399  -716257.9393   -6.49105562848  106.84891430347      158.1302     19 07 06 06 00 00 00   1.25
59434  85590.00   -1836969.5206  6065616.9410  -716257.9350   -6.49105558919  106.84891428893      158.1304     18 07 05 06 00 00 00   1.32
59434  85620.00   -1836969.5219  6065616.9504  -716257.9361   -6.49105558945  106.84891427570      158.1399     19 08 05 06 00 00 00   1.27
59434  85650.00   -1836969.5214  6065616.9474  -716257.9365   -6.49105559591  106.84891427939      158.1369     19 08 05 06 00 00 00   1.27
59434  85680.00   -1836969.5234  6065616.9464  -716257.9339   -6.49105557322  106.84891429953      158.1363     19 08 05 06 00 00 00   1.27
59434  85710.00   -1836969.5211  6065616.9339  -716257.9382   -6.49105562469  106.84891431246      158.1242     19 08 05 06 00 00 00   1.27
59434  85740.00   -1836969.5195  6065616.9439  -716257.9426   -6.49105565453  106.84891427197      158.1338     19 08 05 06 00 00 00   1.27
59434  85770.00   -1836969.5170  6065616.9390  -716257.9397   -6.49105563461  106.84891426308      158.1280     19 08 05 06 00 00 00   1.27
59434  85800.00   -1836969.5128  6065616.9350  -716257.9432   -6.49105567117  106.84891423756      158.1234     19 08 05 06 00 00 00   1.27
59434  85830.00   -1836969.5147  6065616.9406  -716257.9415   -6.49105564963  106.84891423926      158.1291     19 08 05 06 00 00 00   1.27
59434  85860.00   -1836969.5068  6065616.9399  -716257.9425   -6.49105566113  106.84891417262      158.1262     19 08 05 06 00 00 00   1.27
59434  85890.00   -1836969.5122  6065616.9371  -716257.9424   -6.49105566147  106.84891422690      158.1252     19 08 05 06 00 00 00   1.27
59434  85920.00   -1836969.5137  6065616.9323  -716257.9414   -6.49105565724  106.84891425268      158.1209     19 08 05 06 00 00 00   1.27
59434  85950.00   -1836969.5134  6065616.9342  -716257.9466   -6.49105570158  106.84891424486      158.1232     19 08 05 06 00 00 00   1.27
59434  85980.00   -1836969.5147  6065616.9217  -716257.9448   -6.49105569756  106.84891428864      158.1115     19 08 05 06 00 00 00   1.27
59434  86010.00   -1836969.5175  6065616.9227  -716257.9494   -6.49105573750  106.84891431053      158.1137     19 08 05 06 00 00 00   1.27
59434  86040.00   -1836969.5220  6065616.9323  -716257.9475   -6.49105570949  106.84891432399      158.1240     19 08 05 06 00 00 00   1.27
59434  86070.00   -1836969.5208  6065616.9288  -716257.9461   -6.49105570039  106.84891432317      158.1201     18 07 05 06 00 00 00   1.34
59434  86100.00   -1836969.5171  6065616.9248  -716257.9382   -6.49105563448  106.84891430117      158.1143     18 07 05 06 00 00 00   1.34
59434  86130.00   -1836969.5199  6065616.9306  -716257.9409   -6.49105565186  106.84891431035      158.1210     18 07 05 06 00 00 00   1.34
59434  86160.00   -1836969.5197  6065616.9378  -716257.9416   -6.49105565125  106.84891428982      158.1279     18 07 05 06 00 00 00   1.34
59434  86190.00   -1836969.5204  6065616.9383  -716257.9409   -6.49105564459  106.84891429423      158.1284     18 07 05 06 00 00 00   1.34
59434  86220.00   -1836969.5172  6065616.9412  -716257.9409   -6.49105564285  106.84891425945      158.1303     18 07 05 06 00 00 00   1.34
59434  86250.00   -1836969.5169  6065616.9395  -716257.9409   -6.49105564448  106.84891426133      158.1286     18 07 05 06 00 00 00   1.34
59434  86280.00   -1836969.5187  6065616.9425  -716257.9416   -6.49105564743  106.84891426825      158.1321     18 07 05 06 00 00 00   1.34
59434  86310.00   -1836969.5149  6065616.9315  -716257.9417   -6.49105566000  106.84891426497      158.1205     18 07 05 06 00 00 00   1.34
59434  86340.00   -1836969.5182  6065616.9273  -716257.9416   -6.49105566219  106.84891430406      158.1175     18 07 05 06 00 00 00   1.34
59434  86370.00   -1836969.5234  6065616.9330  -716257.9430   -6.49105566813  106.84891433438      158.1245     18 07 05 06 00 00 00   1.34
