+RMS OF RESIDUALS---PHASE(MM)
NAME SUMM G01 G02 G03 G04 G05 G06 G07 G08 G09 G10 G12 G13 G14 G15 G16 G17 G18 G19 G20 G21 G22 G23 G24 G25 G26 G27 G29 G30 G31 G32 R01 R02 R03 R04 R05 R06 R07 R08 R09 R10 R12 R13 R14 R15 R16 R17 R18 R19 R20 R21 R22 R23 R24 E01 E02 E03 E04 E05 E07 E08 E09 E11 E12 E13 E15 E21 E24 E25 E26 E27 E30 E31 E33 E36 C01 C02 C03 C04 C05 C06 C07 C08 C09 C10 C11 C12 C13 C14 C16 C19 C20 C21 C22 C23 C24 C25 C26 C27 C28 C29 C30 J01 J02
bako    8   6   9   7   6  11   8   6   6   9   8   8   7   6   8   8   7   8  11   7   7   6   8   8   7   7  10  10   7   9  10   7  11  11   9   8   0   7   7  12   0  10   5   9  13   6  11   8   7   6  11   5   0   0   7   7   9   5  13   5   6   6   6   5   6   7   5  13   6   4   8   7   5   6   7   0   0   0   0   0   0   0   0   0   0   0   0   0   0   0   0   0   0   0   0   0   0   0   0   0   0   0   0   0
NAME SUMM G01 G02 G03 G04 G05 G06 G07 G08 G09 G10 G12 G13 G14 G15 G16 G17 G18 G19 G20 G21 G22 G23 G24 G25 G26 G27 G29 G30 G31 G32 R01 R02 R03 R04 R05 R06 R07 R08 R09 R10 R12 R13 R14 R15 R16 R17 R18 R19 R20 R21 R22 R23 R24 E01 E02 E03 E04 E05 E07 E08 E09 E11 E12 E13 E15 E21 E24 E25 E26 E27 E30 E31 E33 E36 C01 C02 C03 C04 C05 C06 C07 C08 C09 C10 C11 C12 C13 C14 C16 C19 C20 C21 C22 C23 C24 C25 C26 C27 C28 C29 C30 J01 J02
-RMS OF RESIDUALS---PHASE(MM)
+TIME SERIES OF RESIDUALS---PHASE(MM)
  bako G01 G02 G03 G04 G05 G06 G07 G08 G09 G10 G12 G13 G14 G15 G16 G17 G18 G19 G20 G21 G22 G23 G24 G25 G26 G27 G29 G30 G31 G32 R01 R02 R03 R04 R05 R06 R07 R08 R09 R10 R12 R13 R14 R15 R16 R17 R18 R19 R20 R21 R22 R23 R24 E01 E02 E03 E04 E05 E07 E08 E09 E11 E12 E13 E15 E21 E24 E25 E26 E27 E30 E31 E33 E36 C01 C02 C03 C04 C05 C06 C07 C08 C09 C10 C11 C12 C13 C14 C16 C19 C20 C21 C22 C23 C24 C25 C26 C27 C28 C29 C30 J01 J02
     1                       5          -7               7          -9     -10                                       0         -19  72                                   5 -13             -14                               0         -15                  -3   5               6                  12
     2                       4   0     -14               6           2     -16                                       4         -19  70                                   0  -7             -15                               3          -8                  -6   0               7                   8
     3                       3   6     -16               1           8       1                                       0         -18  68                                   1  -6             -19                               2         -10                  -2  -3              11                   9
     4     -19               9   6     -15               0           2      16                                       1          -9  68                                   0 -11             -17                               2         -14                   1  -6              15                  11
     5     -13               5   3     -15               5          -4      15                                       3         -18  72                                  -1  -7             -18                               2          -7                  -4   1               3                   7
     6     -20               3   5      -8               5         -12       6                                       5         -18  63                                  -4  -7              -7                               1          -7                  -6  -3              15                   9
     7      -9               2   3      -4               6         -17       4                                       1         -20  51                                  -1  -5              -6                              -1          -6                  -7  -4              15                  11
     8      -8               2   1     -10               8         -15      11                                       3         -11  47                                   1  -8             -11                              -3          -5                  -1  -3               6                  10
     9      -9               1  -1      -7               5           1      10                                       2          -9  41                                   2  -8              -9                               1          -8                   4  -4              -5                   9
    10      -1               3   2     -14               2           3       2                                       3          -9  49                                  -2 -10              -6                               4         -10                  -5   1              -6                  12
    11      10               3   2     -26               9          -7       2                                       2           1  41                                   2 -12             -12                               3          -7                  -1   0              -6                   7
    12      12               5  -1     -19               4          -4     -10                                       4          10  42                                  -2 -14             -13                              -2         -12                   0   5             -11                  13
    13       9               5   0     -16              -2           4      12                                       1           3  37                                   1  -9             -17                               0         -10                  -1   4              -6                  10
    14      -1               6   0     -10              -4           6      23                                       0           0  23                                   2  -9              -5                               3          -7                  -3   2              -9                   9
    15       0               5  -3      -1              -3           0      13                                      -2          -3  13                                   1  -4              -2                               2          -5                  -3   5             -10                   5
    16       8               5  -3      -4              -1          -4       1                                      -1          -2  10                                   4  -6              -2                              -3          -2                  -8   5              -3                   8
    17      10               1  -3       1              -4           5       7                                      -3          -3   1                                   4  -1              -3                              -4           0                  -5   6              -9                   6
    18       8              -2  -1       3               0         -13       5                                      -1          -6   6                                   3  -3               1                               1          -6                  -3   1               1                   7
    19      -1               2  -2      -1               3          -7       4                                      -1         -10  11                                   6  -7               5                               3          -3                  -6   5              -4                   3
    20      -2               2  -1       6              -2          -1      12                                      -4          -8   1                                   8  -4               1                              -2          -2                  -3   5              -1                   2
    21      -4               3  -5      12              -3          -5      -5                                      -1          -8  -3                                   6  -5               9                               2          -6                  -4   2               4                   4
    22      -1               1  -1       3              -1          16      -1                                      -4         -12  -1                                   9  -2               0                              -3           1              11  -5  -1               0                   5
    23      -4               1  -2       6               1           2       1                                      -2          -3 -18                                   6   2               5                              -2           2              19  -4  -7               5                   2
    24      -5              -1  -1       7               1           6      -5                                      -3          -9  -9                                  10  -3               5                              -5           0              19  -6   2               0                   3
    25      -8              -2   1       7              -1          13       0                                      -2         -11  -4                                   8  -1               4                              -2          -4              25  -4  -7               4                   8
    26      -2               0  -1       5               4          -1      -8                                      -4         -12   3                                   7  -1              -1                               1          -8              25  -4   3              -3                   1
    27       6   1           2   0       7               1          11     -38                                      -7         -10  -4                                   5  -2               8                               3         -10              17  -5   0              -1                   7
    28       7  -3          -1  -3       2              11          -5     -25                                      -5         -10  10                                   4  -3  -9           2                               1          -5              11  -5   3              -5                   6
    29       4   1           0  -5     -10              10           1      -3                                       0          -3  -2                                   8  -6 -17           4                              -4           6              17  -8  -4              -6                   8
    30       2  12           3  -1      -7               4           0     -24                                      -4          -4   1                                   4  -4  -9           5                              -6           3              13  -2  -2              -3                   6
    31      -7   7           1   1      -8               4          22     -16                                      -2          -6   9                                   4  -5 -14           3                              -7           7               2   1  -2              -7                   4
    32     -11   0          -1   5      -6              -1          19      11                                       2           0   9                                   1  -7 -15           8                              -3           0               0   0  -4              -2                   9
    33      -6  -8           4   1      -2               5          20      -5                                      -4           3   6                                  -3  -5 -21           9                              -1           0               0  -2  -1              -9                   9
    34       1 -13           4   0      -2               5          22                                              -6           8  -3                                   1  -7 -15           8                              -5           8             -14  -3   0              -9                  10
    35       9  -7          -5   1      -3               5          18                                              -6           1  -7                                   6  -3  -6           3                              -4           7             -10   1  -2              -7                   6
    36      12  -9           1  -2      -3               5           0                                              -4           5   2                                   3  -5  -7          -2                              -5           1              -1  -6   2              -3                  10
    37      14  -3           0  -3      -9               9           0                                              -7          -1   1                                   7  -3  -6          -6                              -4           3               8  -5  -3              -3                   8
    38       9 -19          -3  -4      -1              14           1                                              -3          -3   4                                   3  -3  -9           2                               3          -3              12 -11  -1              -4                   9
    39      -5  -9          -1  -1       4               4           8                                               0         -10   2                                   4  -3  -4          10                               5          -4              11 -10   0               0                   6
    40       5  -6           0   4      -3               4          -7                                              -4          -4  -2                                   5  -4  -8           7                               3          -7              18 -12   0               2                   7
    41       0  -8           1   6     -12               6           2                                              -2          -6  16                                   5  -6  -7          -5                               0          -2               4  -9   1              10                   2
    42       3   3           4   1     -13               7          -9                                              -3         -14  22                                   5  -6   3          -7                               5          -1              -7  -4  -3               8                   1
    43       1  -3           2   1     -11               7           4                                              -2         -15  23                                   5  -4   4         -10                               0           4              -7  -6  -2               9                   1
    44       3  -5           4   4     -11               6          -9                                              -3         -10  15                                   5  -7   6          -1                              -1           4              -6 -12   7               2                   3
    45      -3  -9           2   3      -1               5           6                                              -4         -13   8                                   1  -2  14           1                               1           6             -10  -7   0               1                   2
    46      -1  -7          -1   0       4               8          -4                                              -5         -21   1                                   6   1  11           5                               2           9              -9  -9  -6              11                   0
    47       2   3           3  -8       3               4           2                                              -4         -20  -5                                   7   1   2          14                               6          10              -6 -11  -2              -3                   1
    48     -11  12           2   2      -7               8           3                                              -5         -23  10                                   6  -2  -7          11                               3           6               0  -4  -8               5                   0
    49      -4   8           4  -2      -8               6          -7                                              -1         -11  15                                   1  -1  -5          -2                               2           0               8  -5  -4               6                   1
    50      -1  15          -1  -3      -4               6          -6                                              -3          -9   9                                   1  -1 -19           8                               3          -6              10   3  -6              -2                   5
    51     -14   4           7   1      -2               8         -11                                              -3          -7  11                                   4  -9 -11          10                               1          -6               9  -1   2              -3                   2
    52      -4   5           4  -2      -3              10         -14                                              -6         -11  11                                   3  -7  -5           9                               1           0               0  -2   2              -8                   5
    53      -8   8           6   2     -15               6          -2                                              -1          -1  17                                   0  -8  -6          -1                              -2           1               1   2  -3              -1                   2
    54       0   8           3   2     -17               0           7                                               2           2   9                                   0  -7  -8           5                               1           1              -7   0   4              -8                   2
    55      -2  16           5   3     -19               3          -6                                              -3          -7  14                                   1  -7  -7           7                              -2           7             -11  -3   6              -9                   2
    56       2  11           4  -1     -12               6         -10                                              -4         -13  15                                   0  -3  -9           7                               2           8             -16  -6  -1               2                   1
    57      -5  10           4  -6      -4               9           2                                              -5         -11  15                                   2  -3 -18           6                              -4           6              -6   1  -3              -1                   3
    58       6  -1           1  -5      -1               7          -3                                              -6          -8   8                                  10  -4 -14          -4                              -7           1               2  -5   4               3                   4
    59       2   9           2   0      -3               2         -12                                              -4          -7   9                                   6  -3 -10          -3                              -5          -2               2  -3   3               4                   2
    60       8   3           7  -1      -1              -5         -16                                              -3           6   6                                  -2  -2  -1          -8                              -8           2              -9  -4   7               2                   5
    61       4  -4           6   1       5              -4         -11                                              -4          -2   1                                   3  -6   9           1                              -5           6             -23  -3   6               0                   4
    62       7               1   0       9             -10          15                                              -6           0  -9                                   4  -1   2           4                              -4           3             -17   2  -5               1                   9
    63       5               3   2       0              -4          13                                              -7           7 -11                                   2   0   2           2                              -5           6              -2   1  -5              -4                   7
    64       3               6   3      -3              -1           5                                             -10          10 -15                                   3   3   2          -5                             -10          12               3   1   1              -6                   0
    65       3               3   0      -1               1           5                                              -8           7 -14                                   6  -1   1           0                             -11          15              -5   3   0              -6                   1
    66       7               2  -6       5               0           8                                              -6           3 -12                                   2   4  -4           5                              -8          13              -2  -2   6             -14                   4
    67       7               4  -6       7               1          -9                                              -8           4   0                                  -3   4 -10           2                              -5           3              -1  -2   1              -3                   5
    68       7               5  -7       2              -3           7                                              -4           7   3                                   2  -1 -11          -7                              -6           0              -4   2   2              -2                   5
    69       7               7  -8       7              -2           0                                              -7           4   3                                   2  -2 -16           6                               0          -4             -12   2   1              -2                   6
    70       9               6  -8       9              -3           0                                              -9           2   7                                   2   1  -7         -12                              -6          -3              -3   4   6              -6                   6
    71       2               3   0       6              -3           3                                              -6           5  11                                  -2  -2  -8          -7                              -7          -6              -6   8   4              -5                   8
    72       8               3  -3       2               1           4                                              -9          -2  11                                  -2   0   1         -14                              -6           2              -7   4   1              -4                   7
    73       7               4   4      -8               2          -5                                              -8           1   9                                  -2  -1  -3          -5                              -6           4              -4  -5  -1               3                   6
    74       8               4   1      -3               2          -8                                              -9           0   3                                   1  -2   2          -5                              -2           2              -5  -1   0              -3                   5
    75      12               4  -2      -5              -2           0                                              -6           2   6                                  -3   0   3         -12                              -5           5              -3  -6  -3               3                   9
    76      -2               4  -1       6              -4           7                                              -5           5  -1                                  -2  -1   1           0                              -3          -2              -1   5  -4              -3                   7
    77       7               2  -4       9              -5           4                                              -5          -4   0                                   1   1   0           2                              -2           0              -5  -4  -2               1                   9
    78       2               2   0      -2              -3           7                                              -1           4   1                                   0  -3  -1           3                              -3          -1               1  -2  -3               0                   8
    79       0               6  -1      -1              -4          23                                              -5           2   6                                  -4   1  -6           2                              -2          -3               8  -1   2              -8                  10
    80       6               6  -7       6              -4          -7                                              -3          10   2                                  -3  -1  -7           2                              -2          -5               3  -1  -2              -1                   9
    81       7               4  -1       5              -8           2                                              -4          -1  -1                                   5  -5   6          -2                               3          -3             -17   4   3              -7                   7
    82       7               0   0       4              -7         -15          13                                  -2           2  -1                                  -2  -2   2           7                               1          -3             -17  -3   5              -3                  10
    83       4               2   1       5              -7          -4           7                                  -3           3  -3                                   0  -1  -4           9                               0          -4              -9  -2   1               1                   8
    84       2               1  -3       8              -4          -5          -3                                   0           5  -7                                  -2   2  -1           8                               2          -5              10  -3  -1              -2                   5
    85       0              -4  -4      22              -1         -21          -2                                   1          -6  -4                                   1   2   2           7                               0          -8               5  -1  -3               7                   3
    86      -3              -1   2      18              -8         -10          -2                                   1           0 -11                                   1   5   0           8                              -5           0               1  -3  -1               9                  -1
    87      -6               2   4      21              -4          -7         -15                                  -4          -5 -14                                   5   1   2          19                              -6           2               8  -2  -6               5                   3
    88      -2              -2  -3      15              -7          -8          12                                   1           4 -12                                   2   2 -10          27                              -1          -4              -7  -2   2               0                   7
    89       6               4  -5      15              -9          -5          -4                                  -3           9  -9                                   0   1  -7          16                               0           1             -14   3  -9               5                   5
    90       2               1   0       8               0           5         -13                                  -3           0  -1                                  -2  -1  -7          22                               2           1              -7   4  -4              -3                   3
    91       7               2   0       6              -3           2         -17                                  -3           7  -3                                  -4  -1  -3          14                               5          -6               4   2  -4              -6                   8
    92       5              -2   1       6              -3           1         -14                                   0           9  -5                                  -9   1  -3          21                               1          -1               3   3   1             -13                   7
    93       2              -2   1      14              -7          -2          -8                                   1          12 -16                                  -2   3  -4          22                               2          -6               4   7  -1             -10                   6
    94       2              -1  -2      12              -4          -9           2                                  -2           4 -10                                   4   1  -6          17                               1          -5              -4   2  -1              -1                   5
    95       4              -4  -3      11              -7         -11           6                                   3           6  -7                                  -1   1   2           2                               0          -5              -7   4   8              -9                   6
    96      -7               2   2       7             -10           3           5                                   4           8  -5                                  -2   2  -1           4                              -2          -5               3   3   2              -2                   3
    97       6              -4   0       4              -5          -6           8                                  -2           9  -4                                  -1   1   0          -6                              -7          -3               1   3   7              -7                   8
    98      12              -1  -2       2              -7           7          -3                                  -1          14 -13                                   2   5  -8           6                              -3           2               1   1   6              -9                   5
    99       2               6   0       4              -4          -6          -2                                  -4          18 -10                                  -6   1   0           7                              -4           3               8   1  -8              -4                   7
   100      10               2   0       1              -4          -3          -6                                  -3           5  -3                                   0   0  -3           7                              -6           6              -4  -5   8              -6                   6
   101       3               5  -2      13              -8          10          -9                                  -4           1   0                                  -3   5  -4           2                             -13          11              -3  -1   3              -2                   3
   102       1               4  -5      21              -9           2           2                                  -5           1  -1                                  -4   9  -3          -7                              -9           5              -5   3   2               2                  -1
   103       1               2  -6      11              -7         -10          10                                   0           2  -5                                  -2   6   5         -13                              -1           2              -2  -1   7              -3                  -1
   104       3               4  -4       8              -6          -5           3                                  -3           3  -6                                  -1   4   3          -5                              -1           4              -2  -3  -1               1                   0
   105       3               3  -1       8              -4          -8          -6                                  -1           2   4                                  -9   1   2           3                               2           1              -6   3  -3              -1                   1
   106       4              -1   0       6              -4           7          -1                                  -4          -1  -1                                  -6   7   2          -7                               4           0              -4   3  -5               1                  -2
   107       0              -2  -3       9               3          -9           7                                  -5           1   0                                  -3   3   6         -17                              -2          -3              11   0 -10               8                   0
   108       9               1  -4       6              -4          -2          -2                                  -4           1  -2                                   0   1   5         -15                              -3           1               8  -9  -8              10                   4
   109      12               2  -6      10               0         -11          -9                                  -5          -3  -4                                   1   2   5          -6                               3           4               1  -7  -6               5                  -1
   110       4               5  -6      16              -6         -18           3                                  -4          -1  -5                                  -1   3   9         -13                               3          -1               0  -4  -3               4                   0
   111      12              -1   1       0              -1           1         -14                                  -2           2  -6                                   0   2   5          -5                               0           8               3  -5  -4              -1                  -1
   112       5               4   3       2              -3          -2          -5                                  -6          -3  -3                                   3   3  -3           7                               1           1              -3  -5   1               2                   1
   113       5               2   1      10              -1         -11          -8                                  -6           1  -3                                   5   4  -4         -12                              -4          -3               2   7   7              -2                  -4
   114       6               4  -1       7              -2          -3         -12                                  -4           1   0                                   0   2   3         -17                               1          -3               8   2  -1              -2                  -2
   115      10               5  -3       4               1         -12         -12                                  -5           9   1                                   1  -1  -4          -8                               1          -1              -1   8  -1              -6                  -1
   116      13               2  -4      -1               0         -26          -7                                   1           8   2                                   1  -1   3         -33                               2          -3               2   1  14              -5                  -5
   117      10               7  -4       7              -7         -18          -6                                  -1          10  -9                                   3   6  -1         -14                               5          -3              -1   1   9              -4                  -4
   118      12               2  -5      11              -8          -7          -7                                  -2           5  -9                                   3   7  -3          -6                               2           2              -7   0   5              -1                  -3
   119      12               1  -6      14              -8         -10          -6                                   0           1  -7                                   1   8  -5          11                               4           4             -16   0   9              -5                  -2
   120       7               2   8       4              -8          -7         -15                                  -1           6 -10                                   2   4  -3          11                               8          -5              -8   6  -1              -4                   0
   121       6               2   9       0              -4          -9         -12                                  -2          -4  -5                                   3   4  -8          26                              11          -6             -14   4  13             -11                   2
   122      10               4   0       2              -3         -10         -11                                  -2          -2  -2                                   7   1  -3          -6                               9         -12              -1   3  17             -14                   4
   123      14               0   1       3              -7           0         -10                                  -2           0  -7                                   2   4  -2           7                              10          -6              -6  -3   5              -6                   6
   124      13               2   1      -2              -4           9     -17  -5                                  -5           5   0                                  -2   0  -1          -5                              -1           5             -10   2   1              -6                   3
   125      11               1   0       2               0         -11     -12  -5                                  -5           5  -1                                  -2  -1  -1           7                               4          -1              -4  -1  -3              -1                   3
   126       6              -1   1      11              -2          -1      -3 -13                                  -1           2  -6                                   2   3  -5          19                              -1          -2               3   2  -6               0                   3
   127      13              -3   2       7               1           9     -29 -18                                  -1           0  -6                                   4   0  -1          13                               6          -7               4   1  -9               2                   2
   128       7               3   1       9              -1          -6     -12  -8                                  -7           4   1                                  -3   1  -3           7                              -2           0               1   5  -6              -1                   2
   129      10               5   2       9              -2         -11      -6 -20                                  -1           5   0                                   1   0  -4           0                              -6           1               6   3   1              -2                   0
   130       6               1   2       5               0           9      -6 -19                                   1          -6   1                                  -2  -1  -1          25                               2           4               3  -2  -7              -3                   2
   131       6              -3   1       6              -2          10       7 -15                                   2           2  -1                                   0   2  -3           1                              -9           5               4   7  -4              -5                   1
   132       5              -4  -2       5               0           8      16 -10                                   2           0   1                                   5  -4   3         -20                              -2           3              -6  12 -16               1                  -3
   133      -1               1  -2       9               2          -3      20  -8                                  -3          -5  -1                                   6  -3   2          -3                              -4           3               4   4 -13               2                   0
   134       2               1   0       4               5         -16      20  -5                                  -5          -2  -3                                   3   1   0                                          -2           2               7  -1                  -4                   1
   135       0               0   6      -5               0          -2      19  -4                                  -2          -5   4                                   5  -2  -4                                          -4           3             -10   7                  -2                   0
   136       0              -1   8       0              -2          -2      10  -8                                   1           3  -2                                   3   2  -5                                          -1          -2              -8  16                  -8                  -1
   137       3              -4   7      -2              -3           1      20  -5                                  -2          -3  -1                                   2   4  -4                                           0          -1             -10   7                  -2                   1
   138       6              -4   5      -9              -2           0      -1   1                                   2          10  -6                                   0   2  -2                                           5           3             -16   9                  -8                   1
   139       6               3   5      -8              -4          -3      10  -9                                   3           8  -4                                   5   1  -7                                           4          -1             -10   9                  -7                   1
   140       3               2   3       5              -3          -4       7  -9                                   0           6  -5                                  -3   5  -2                                           1           0               1  10                 -12                   1
   141      11               0   7       1              -6          -1      10 -12                                  -2           4  -1                                  -4   4  -2                                          -4           5              -3   2                  -6                   3
   142      -2               2   5     -12              -6          15       0   0                                   6          11   1                                  -8   5  -5                                           6           0              -7  10                  -9                  -1
   143       2              -1  14     -19              -8           9       0  -2                                   5          18   3                                 -14   1  -3                                          -1           2              -5   6                  -7                   3
   144      10              -2  17     -17              -6           9      -5  -7                                  -1           5   0                                  -7   3   0                                           6           7             -19   7                  -9                   1
   145       2               5  10     -16              -2          10     -21   5                                  -8           1  -2                                  -1   0   3                                           9           4             -13  -1                  -5                   2
   146       3               1  10     -16              -4          -4      19   5                                  -5           7  -4                                  -3   6  -3                                           1          12             -17   1                  -1                  -2
   147       6               0  12      -6              -7          -4     -12   1                                  -4           7  -8                                  -4   5   2                                           5           2             -10  -4                   4                  -1
   148       4              -2   8     -11              -4          -2      -7   4                                   0          11  -1                                 -11   4  -1                                           8           1             -10   2                   0                  -3
   149      10              -3  -3      -5              -2          21     -28  -2                                   1           3   6                                 -11   2  -1                                           6           5              -8   3                  -7                  -2
   150      12               3 -10       4              -7           3           1                                  -4           4   2                                  -8   5  -3                                           5           7              -9  -4                  -3                   2
   151       5               3 -12      -1              -2           8           3                                   0           2   1                                   0   3  -5                                           3          12             -14   6                  -9                  -2
   152       3               8  -9     -13              -1          11           3                                   0          -3   1                                  11   0  -8                                           5          13             -19   2                  -3                  -4
   153      12               2 -11     -11               1           9          -3                                   1           5  -2                                  12   2 -11                                          -1          12             -11   0                  -2                  -3
   154       7               7   1     -14               1          10          -8                                  -1          -3   0                                   7   1  -4                                           2          12              -8  -1                  -6                  -2
   155       5              -2  11     -15               2          -1          -5                                   2           3  -7                                   4   1   2                                           7           4              -7   1                  -3                  -2
   156       7              -3  17     -21               0           8          -7                                   1          -2  -1                                   0  -1   4                                           8           5             -10  -3                  -2                   0
   157       3               0  18      -6              -6          -4          -6                                   0           0  -5                                  -7   5   4                                          11           1             -11   1                  -1                  -1
   158       6              -5  14      -2              -2         -10          -3                                  -2           0   0                                  -8   4   1                                          10           1             -19  11                  -6                  -1
   159      11              -1   4      -1              -2         -13          -6                                  -1           1   1                                 -11   2   3                                          15           3             -11   1                  -5                  -2
   160       4               5   1      -7              -3          -5          -2                                   1           2  -3                                  -4   5   0                                          18           3             -14   2                  -6                  -3
   161       3               8  -3       0              -2           0          -6                                  -1          -6   5                                  -1   3  -4                                          11          -1              -4   0                  -2                  -3
   162       6               2  -9       9               0           0          -8                                   1          -1   1                                  -5   5  -3                                           6           0               2   5                  -9                  -1
   163      10              -2 -10      12              -5          -6          -6                                   3           1  -3                                  -1   2   0                                          -1           6              -4  -1                  -1                   0
   164       4               1  -5      15              -6          -4          -7                                   3           4  -6                                   0   6  -2                                         -12           6               3   3                  -4                   1
   165       9               1  -8      24              -5          -1     -28  -9                                   0           5  -2                                  -9   5  -1                                         -14           5               6   6                  -5                  -1
   166       5               0          20              -7           6     -32  -5                                  -3          12   1                                 -22   8  -3                                         -25           8              16   2                   1                  -5
   167       9              -4          19              -4           7     -41  -6                                  -2          13   1                                 -22   6  -2                                         -17           1              15   2                   0                  -3
   168       2              -2          12              -3           4      -8  -4                                   1           9  -1                                 -17   6   0                                         -15           2              17  -2                   1                  -3
   169       4               4          15              -6          -5      -3 -10                                   2           4  -2                                 -15   6   2                                          -6           0              12  -2                  -3                   1
   170       1              -1           7               2          12     -10  -7                                  -1          -3  -2                                  -4   4   2                                          -6          -1              16  -3                  -1                  -2
   171      -6              -4   6       0               4          13     -12   3                                  -4          -3  -3                                  -1   2   3                                          -6           0               7   1                   0                  -2
   172      -6              -4   8      -2              -1          21      -1   4                                  -3          -6  -2                                   2   2   2                                         -12           1               6  -2                   2                   2
   173       1               0  -4      -6              -1          10       3   2                                   0           4  -6                                  -2   2   3                                          -3           8               5  -7                  -3                   0
   174      -2               1   3     -13               3          11      -5  -1                                   4           3  -4                                  -2   2   1                                          17          -6               3  -3                  -2                   0
   175      -4               5   7      -9               1           9     -20   0                                   1           6  -5                                  -5   5  -2                                          15          -6               1   0                  -1                  -2
   176       2              -1   3      -9               1          16     -12   2                                  -3           6  -4                                  -4   3   0                                           4           0               3  -4                  -3                   2
   177      -2               2  -2       1              -1           8      14  -1                                  -2          -2  -8                                   0   5   4                                           1           2              10 -10                   1                   1
   178       2              -1  -5       2              -1          21      -3  -2                                  -2          -7  -3                                   3   7  -1                                           7          -5               6  -5                   0                   2
   179      -5               3   3       5              -1         -10      15  -2                                   1           5 -10                                   0  11  -2                                           9          -8               3   0                   0                   0
   180       2               8   6      -6              -3         -13       9  -8                                   4          15 -12                                  -1  11  -6                                          13          -6               3  -6                   2                   2
   181       4               4   9      -2              -2                 -11 -10                                   4          10 -12                                  -1  10  -2                                          13          -9               5  -6                   3                   2
   182       1               0  15       4              -3                  10 -10                                   1          -7 -12                                   0  10   5                                           8          -3               2  -5                   2                   1
   183       5              -3  14       5              -6                  -1  -9                                   4           3 -12                                  -5   7   5                                           8          -7               0  -5                   3                   5
   184       1               4  23      -8              -4                  -7  -8                                   2           8 -11                                 -11  11   1                                          15          -6               1  -7                   4                   0
   185       0               3   7       1              -8                  -1   0                                   1          14  -6                                 -17   8  -3                                          -1          -4               4  -3                   2                   3
   186      -3              -3   8      -5              -3                  -6   3                                   6          24 -10                                 -19   7  -1                                           0          -1               2   2                  -2                  -1
   187       1              -2  17     -12              -4                  -2   2                                   3          16  -2                                 -26   3   1                                           5           1               0  -3                   1                  -1
   188      -2               1  14     -11              -2                  -5   1                                   4          19  -2                                 -27   6  -4                                           3          -1               1   3                  -2                  -2
   189       4              -3   7      -1              -2                   0  -2                                   1           8  -3                                 -26   8   0                                           7          -1               0   4                  -7                   1
   190      -8              -5   9      -4               0                  22   4                                   2          10   0                                 -41   4   4                                           3          -1               8   3                  -7                  -3
   191      -1               3   9     -11              -4                   8  -2                                   4          12   4                                 -50   5   0                                          15           0               5  -2                  -4                  -5
   192       5              -6   5      -7              -3                  27  -3                                   5           7   4                                 -37   5  -1                                           9          -2               3  -3                  -1                  -1
   193       8               1  15      -5              -2         -28       9  -7                                   4          18   0                                 -31   1   1                                          16          -4               0  -6                   4                  -1
   194       9              -3  11       0              -4         -14      27  -5                                  -1          -1   2                                 -22   5  -1                                           6           3              -5  -2                   1                   0
   195       6              -3  13       2              -1         -16      23  -2                                  -6          -7   7                                 -26   4  -1                                          14          -2              -4   0                   2                  -2
   196       2              -4  16      -6               2         -10       8   1                                  -1           2   3                                 -18  -2   3                                          17          -4              -4  -1                   4                  -2
   197       3               0  12       2               7         -16      -2  -5                                  -4           5  -6  16                                  -2  -2                                          -1          -5              -2  -1                   4                   4
   198       3              -1  11     -10              12         -10       3  -4                                  -5          -2  -6  26                                  -2  -3                                          14           0             -11  -1                   3                   2
   199      -8               2   3      -5              12           0      28  -9                                  -3         -27  -4  46                                  -6  -1                                           4           2              -9  -5                   8                   0
   200       3              -8 -29      16              14         -15      11  -2                                  -2         -11  -3  40                                 -11  -2                                          -3           3              -8   1                   6                  -3
   201       2              -6 -19      15              10          -8     -15  -3                                   1              -6  25                                  -3  -4                                           5          -5              -6   5                   7                  -3
   202      -2               1 -26       7               9          -7       4  -5                                   5              -8  23                                   0  -4                                           1           4              -3   4                  -2                  -3
   203      -2               2 -23      -5              11           3      -3  -4                                   4              -4  25                                  -4  -5                                           4           4              -3   2                  -2                  -2
   204       7               0 -37       9              10          -5      -4  -8                                   2              -9  32                                  -4  -4                                           2           6              -3  -4                   1                  -1
   205      -3               2 -37      14               8          -4     -14  -3                                   5              -6  30                                  -6  -4                                          -9           5              -3   3                   3                  -5
   206      -7               2 -28       8              12          -5      -3  -3                                   4              -6  36                                  -8  -5                                         -15           3              -2   6                   1                  -2
   207      -3               2 -39       6               8          -4       2  -2                                   5              -2  29                                  -9  -5                                         -12           7              -1   0                   3                  -6
   208      -8               7 -49       5              10          -4       7  -5                                   9              -8  29                                  -2  -6                                                       6              -1   3                  -4                  -4
   209      -8               3 -37       4               5          -2           1                                   9              -4  23                                  -8  -2                                                       5              -6   5                  -2                  -2
   210      -9               0           0               3          -5           2                                   5              -5  19                                  -6   0                                                      -1             -10   5                   5                   0
   211      -8               0          -5               7          -9           0                                   7               0  18                                  -5  -5                                                       0             -12  13                   2                  -2
   212      -2              -4           3               5         -10          -2                                   5              -4  21                                  -5  -4                                                      -3             -12   8                   6                   1
   213      -1               1          -2              11         -11          -3                                  -2              -3  21                                  -2  -8                                                      -1              -7   7                   3                  -1
   214      -9               2          -7              13           0          -1                                  -2              -6  27                                  -5  -5                                                      -3              -4   5                   0                   2
   215     -11               3          -4              10           3          -2                                   0             -11  26                                  -5   0                                                      -2              -3   1                   1                   3
   216     -10               5         -10              10           9          -3                                   0              -7  23                                  -4  -3                                                      -4               1  -2                   2                   3
   217      -5              -2                          10           4           0                                  -5              -8  23                                  -4  -2                                                      -5              -1  -1                   4                   3
   218      -7              -1                           9           0           0                                  -3              -9  23                                  -7   1                                                      -1              -4   0                   3                   2
   219     -15              10                           7           1     -17   1                                  -1             -11  24                                  -2  -3                                                       0              -8   6                   1                   2
   220      -5              -4                           7          13     -20   4                                  -3              -8  14                                   0  -1                                                       2              -6   4                   5                  -5
   221     -12               3                           4          -2      -1   3                                   1              -6  11                                  -2   1                                                       2              -3   4                   3                  -5
   222     -12              -1                           6          13     -11   5                                  -3              -8  11                                   0   0                                                      -2              -2   5                   1                  -2
   223      -8               2                           7           2      -5   2                                  -5              -5  11                                  -2  -1                                                      -1               1   3                   0                  -1
   224      -5              -2                           5          12     -15   3                                  -2               1   9                                  -6  -1                                                      -6               4  -1                   8                  -4
   225     -10               2                           5           7      -8   3                                  -2               0   2                                  -2   1                                                      -5               6   3                   0                  -3
   226      -4               2                          -1          11     -13   2                                  -1               1  -5                                  -2   4                                                      -2               7  -2                  -2                  -1
   227      -5               5                          -2           9     -18   2                                   1               4 -10                                  -2   6                                                       0               9  -2                  -2                  -5
   228     -12               9                          -3           6     -25   1                                   8               2  -7                                   2   1                                                       0               2   8                  -1                  -7
   229       8              -5                          -2          10     -28   1                                   2               8  -4                                  -2  -3                                                       0              -2   3                   4                  -5
   230       1              -3                          -2           7     -12   4                                   0               5  -6                                  -4   4                                                       2               3   1                  -1                  -4
   231      -6               1                          -1          -3       2   8                                  -2               5  -6                                  -4   3                                                       2               3   2                  -2                  -5
   232      -4              -2                           1           3     -12   2                                   3               3 -11                                   5   1                                                       1               2  11                  -5                  -6
   233       2              -4                           1           9     -16   2                                   0               5 -11                                   5  -1                                                      -1               4   8                  -3                  -6
   234       3              -3                          -2          11     -23   2                                   2               5 -11                                  -2   7                                                       5               4   3                  -4                  -7
   235       7             -11                           1           3      10  -2                                   3               7 -16                                   4   3                                                      -3               9   1                  -1                  -6
   236       9              -6                          -2           1      -3  -2                                   2               7 -15                                   3   4                                                       3               6   1                  -5                  -5
   237      -2              -5                           1           1       2  -1                                   6               1 -11                                   1   7                                                       1               3   8                  -7                  -3
   238       0              -2                           1          -3       8   3                                  -3               0  -5                                   2   2                                                       3               1   2                  -5                  -1
   239       1              -2                           3          -1       0   4                                  -6               1  -1                                   0   0                                                       2               1   4                  -5                  -1
   240       2               7                           3          -9       0   0                                  -7               1   0                                   2  -3                                                       2               2   0                  -5                   1
   241       4              -1                           3           2      -6   1                                  -5              -3   6                                   4  -7                                                       0              -6   3                   0                   3
   242       1               2                           1           2      -6  -2                                   1              -4   6                                   2  -2 -14                                                   2              -5   2                   3                  -1
   243      -5               3                          -2           8     -15   4                                   0              -1   4                                  -3   0   3                                                  -1              -3   2                   1                   1
   244      -7              -3                           4           4       0   3                                  -1              -8  10                                   0  -3  11                                                  -1              -7   5                   2                   2
   245      -1               4         -15               6           3       4   1                                  -5              -1  14                                 -11  -2  -5                                                   5              -1  -3                  -4                   3
   246       9              -7         -19               4          14      -2  -3                                   3               4   4                                  -6  -1  -7                                                   5              -2   1                  -5                   1
   247       0          20   8         -22               4           8      -3  -3                                  -5               7   4                                  -4  -5  -8                                                   4               1  -4                  -4                   2
   248       0          25  -5          -9               6          14      -7  -3                                  -5               1   5                                  -1  -3 -18                                                  -1              -4   4                   1                   0
   249       1          21  -1          -4               5           9     -10   1                                 -11               3   1                                   1  -2 -19                                                   1               1   3                  -2                  -3
   250      -4          25  -5           4               2           3      -5   2                                  -5               3  -5                                  -2   4  -4                                                   1               0   3                   1                  -4
   251      -6          25   2          -5               0          13      -7  -1                                  -6               1   0                                   1   2 -25                                                   0               0   0                   2                  -2
   252       2          10   0         -12               0          18     -13  -2                                  -1               5  -4                                   2   1 -23                                                   1               4   2                  -2                  -5
   253       1          21  -3          -6               4          19     -16  -4                                  -5               2  -3                                   2   4 -26                                                   1               4   3                   0                  -6
   254      -4          15  -4           0               0          18      -4   1                                  -7               3  -3                                   5   4 -45                                                  -7               5  10                  -1                  -4
   255      -7          12  -4          -6               1          19       0   1                                  -3               0  -1                                   5   2 -26                                                  -3               3   5                   3                  -6
   256       5          10  -7           3              -3          14      -8   1                                  -5               4  -1                                   0   1 -22                                                  -5               3  -1                   5                  -3
   257      -4           7   2         -11               1          11      -2  -3                                   2               1   3                                  -1   0 -13                                                  -1               0   3                  -1                   1
   258      -9          -1  -3          -3               2          11       3   2                                   0              -2  -2                                   4   1   0                                                  -4               6   3                   2                  -6
   259      -2           3  -3           1               0          14      -8   3                                  -5              -1   0                                  -1   3  -5                                                  -1               6  -3                   2                  -5
   260      -3           5 -11          -9               0          15       9   2                                   2               0  -1                                   1   2  -5                                                   1               2   1                   4                  -7
   261       0           7  -5          -1               2           5       4   2                                  -5               1   1                                   0   0  -9                                                   0               3   0                   3                  -5
   262      -5           9  -5          10              -1          -7      10   3                                  -2               0   3                                  -4   2  -5                                                  -1              -2   2                   7                  -5
   263     -14          17   8           1               1          -2       5  -2                                  -3              -1  -4                                   6   4 -19                                                  -1              -1   6                   0                  -3
   264      -6          10   7          -4              -1          -4      11  -1                                  -2               1   3                                   5  -2 -30                                                  -1              -5   9                   1                   0
   265      -7          15   8          -2              -2          -4      13  -3                                  -4               1   0                                   6   1 -31                                                   0              -1   2                   4                  -3
   266      -1          12   7           6              -6           6      -2  -3                                  -7              -1   4                                  -1   5 -26                                                  -3               2  -9                   6                   0
   267      -2          18  -2          -5              -1           2      19  -5                                  -4               1   2                                   2   0 -20                                                  -3              -1  -4                   6                   1
   268      -2          12  -8         -10              -2           3      22  -5                                   4               3   0                                   0   0 -10                                                  -3              -3  -1                   5                   2
   269      -5          10  -9           2              -6           1      19  -2                                   5              -4   4                                  -4   5  -3                                                  -1              -9  -3                   7                   4
   270      -2           0 -10          -1               0           2      13  -3                                   7              -3   9                                  -7   4 -14                                                  -2              -5   7                   5                  -2
   271     -19          -4   5          -5              -1          -1       8   2                                  10              -5   8                                  -4   1   1                                                  -1              -5   9                   5                  -4
   272      -7           0  -1         -12              -3          -5      24  -1                                   9               0   3                                  -2  -1   3                                                   0              -5  -2                   4                   2
   273     -11           3   9           1              -3           1       5  -2                                   1               0   3                                  -5   3  -4                                                  -6               4  -5                   3                   1
   274     -13           5   4         -12              -3           7      13  -4                                   8              -3  -3                                  -1   7  -3                                                   2               4  -8                   4                  -5
   275      -7           1   3         -11              -3           6       8  -1                                   5               3  -4                                  -1   5 -10                                                   2               7  -3                   2                  -9
   276     -12          17  -5         -10              -2           9      21  -1                                  -3               2  -2                                  -4   7 -11                                                   0               6  -5                   3                  -6
   277     -11          22  -1          -7              -6           9       2  -1                                   3               6  -2                                  -8   8 -13                                                   4              -3   1                   4                  -5
   278     -20          20  -3          -1              -4           1      23   3                                  -3               5   0                                  -5   5 -17                                                  -4               3   6                   5                  -7
   279     -12          16   0          -8              -1           6       4   0                                  -1               3   5                                 -10   5 -10                                                   3               2   3                   1                  -7
   280      -5          13  -4          -9              -1           4      19  -4                                  -1               0  -1                                  -1   7 -14                                                   3               2  -4                   2                  -6
   281      -9          19 -12         -12              -3           9      26  -2                                  -1               5  -3                                   0   2  -9                                                  -4               1  -2                   5                  -1
   282     -11          16  -8           0              -2           3      20   1                                  -5              -1  -5                                   7   2  -9                                                  -2              -3   2                   4                  -1
   283      -4          14  -8           4               1           2       9   1                                  -9               0   2                                   3   0 -13                                                   0              -2   6                   3                  -4
   284      -7          18  -4           0              -1           1      18   0                                 -10               0  -2                                   5  -1  -6                                                  -1              -2  -5                   5                   1
   285       3          11   0           8               2           6     -14   1                                 -13               2   0                                  -1  -3   6                                                   1               4  -9                   2                  -1
   286      -7          19   3           3               3          12     -20   2                                 -14               3  -1                                   1  -6   8                                                  -1               1  -2                   1                   0
   287       6          12   2          11               0          13     -17  -3                                 -16              -4  -2                                   5   2  -5                                                   0               4 -13                   3                   0
   288      -5          17  -4          16              -1           4     -11   4                                 -13               0   0                                  -2   4  -4                                                   3              -1   2                   1                  -4
   289      -8          13  -1           8              -2           3       5   7                                 -15               1   1                                   2   1 -12                                                   0               3   4                  -1                  -3
   290      -5           4  -2          15               2          -2       1   4                                 -11              -1  -1                                   5   1 -11                                                  -4               3  10                   0                  -4
   291      -8          -1   9           8               0           7     -17   6                                  -7              -3   1                                   3   2  -7                                                   2               5   5                   0                  -9
   292      -7           5   4           1              -1           8     -20   3                                   0               1   0                                  -5   3   5                                                   5               1   3                  -1                  -6
   293     -11          13   1           9              -1           3      -9   2                                  -5               3  -4                                  -4   5  -1                                                   1               2   5                  -1                  -4
   294       0           0 -10          17              -1          -5      -9  -2                                   8               3  -5                                  -7   7   6                                                  -2              -2   7                   3                  -2
   295       0           0  -1           6               0          -6     -10  -2                                   7               4  -4                                  -5   3   4                                                   2              -2   7                   0                  -3
   296       5           0  -2           5              -2          -2     -13   1                                   5               1   0                                  -8   6   2                                                   7              -2   2                  -3                  -3
   297       4          -5   0           9              -2           3     -16   1                                   2              -1   3                                  -4   2   0                                                   0               0                       0   5              -2
   298       0           0   7           1              -1           1      -9   0                                   0              -2   7                                  -2   0  -6                                                   4              -4                       2   6              -3
   299      -5           1   6           2               1          -1     -14   0                                   4               1   0                                  -4   0   6                                                   2              -4                       0   7              -1
   300      -8           8  -6           8               1          -2      -4   0                                   1               0   3                                  -9   5   1                                                   3              -6                      -1  18              -1
   301     -11           9  -9           7              -5           1       7   2                                   2              -1   0                                  -5   6   0                                                   3              -6                       3   6              -2
   302      -8           7  -1          -5              -1           7      -3  -1                                   2              -2  -5                                   8   5 -10                                                   4             -10                       3  18              -3
   303      -9           4   3           3               1           2      -9   1                                   1               0 -12                                  13   5 -12                                                   1              -8                       2  25              -3
   304       2          11  -2           8               0          -3      -6   0                                  -7               3  -7                                  15   0 -21                                                   3             -15                       5  29              -2
   305       7           1   2           1              -1           1      -7   4                                  -6              -2  -3                                  16  -2 -17                                                   4             -11                       3  16              -1
   306       9          -7   5           3              -2          -2      -2   3                                  -2              -4  -3                                  11   4 -16                                                   4              -3                       0   6              -3
   307       2         -10  15          -8              -1          -5      10   3                                  -2              -8   3                                  16   2 -21                                                   4              -6                       0  10              -1
   308       3          -7   5           3              -1          -7       3   3                                   0              -5   0                                   8   5 -13                                                   5              -4                      -1  11              -4
   309      10          -5  -1           1               0          -1      -5   7                                  -6              -3  -4                                  13   0 -10                                                   8              -5                      -3   9              -4
   310       2          -8   9           3               3          -2      -5   9                                 -10              -5  -6                                  18  -4  -6                                                   6               2                      -1   2              -8
   311      -1          -4   5          -9               7           1      -8   5                                  -3              -3 -16                                  20  -5   5                                                   9              -4                       0   0              -4
   312      -5           3  -8           0               7           9     -12   2                                  -5              -1 -10                                   8  -3  10                                                   5               1                       0   3              -7
   313       4           0  -9          -7               2          10      -5   1                                  -1               0  -3                                   0  -2   8                                                   3               3                      -3  -6              -1
   314       0           1  -8          -2               2           1       0   1                                   0               0  -1                                   0  -2   3                                                   2              -2                      -2   6              -1
   315       1           0  -2          -8               4           4      -9  -1                                   3               2   3                                  -1  -1  -6                                                   1              -3                      -2  21              -4
   316       1           4  -6          -1               1           3      -4  -2                                   0               2   2                                  -2   1  -6                                                   0              -3                       0  13              -2
   317     -13           3  -6           5               0           5      -7   3                                   3               2   2                                  -3  -1   0                                                  -3              -3                       2  20              -4
   318     -13           6 -10          13               0           0      -9   5                                   1               1  -2                                  -4   2   5                                                   5              -6                      -1  17              -5
   319     -12           7 -12          14              -1           4      -9   3                                   1               1  -1                                  -6   5   2                                                   3              -5                      -1  18              -4
   320      -4           0  -9          11               1           2      -8   4                                  -1               2  -5                                   2   0   2                                                  -1               0                       0  10              -3
   321      -7           3 -12          14               0           6     -10   3                                  -1              -4   0                                  -1   4   1                                                   3              -9                      -1  16               0
   322     -13           5   3          13               0           7     -13   5                                  -9              -7   4                                   5   2  -6                                                   4             -11                       1  20              -1
   323      -7           2   5          12              -1           3      -7   7                                 -12              -6   4                                   6  -2  -4                                                   2              -7                       0   8               1
   324       4          -4  -6           3               1           5      -2   3                                  -6              -8  -4                                  14   2  -5                                                   3              -7                       4   3               0
   325      -8          -1  -9           3               1           5       7   5                                  -9              -7  -3                                  10  -1   3                                                   2               0                       1  -1              -2
   326     -11           6  -6           5              -5           7       1   8                                 -10              -3  -3                                  11  -2  -4                                                   3              -5                       5   5              -4
   327     -12           6   1           7              -4           8      -6   3                                  -5              -4   0                                   4   3  -4                                                   2              -7                       4   7              -2
   328      -6           6  -6          10          -5  -5           5       4   4                                 -10              -4   2                                   7  -1  -5                                                  -3              -1                       4   2               0
   329      -9           7  -4           9         -13  -3           9      -4   4                                  -7              -8   3                                   6   2  -3                                                   3              -4                       2   8              -4
   330     -10           4  -8           0         -10  -3           7       4   3                                  -1              -1   4                                   1   2  -6                                                  -4               3                      -1  15              -5
   331      -9           5 -13          -3          -9  -4          11      -2   1                                   6               1   4                                 -15   2  10                                                  -2               7                      -8   4               1
   332      -1           8  -7                      -2  -3           6      -8  -4                                   4               7   3                                 -19   2   5                                                  -2               4                      -7   2               5
   333      -4           5 -13                     -15  -1           3      -4   3                                   8               1  -1                                  -9   2   7                                                   4               0                      -8   7               0
   334     -13           2  -6                       5  -3          -1       4  -1                                  10               3   3                                 -16   4   4                                                   2               4                      -3   5              -5
   335      -1          -2   5                       6  -1           0     -10  -1                                   8               2   5                                 -14   0   5                                                   3               4                      -3   1              -5
   336       2          -3  -5                       1   3           2      -8   4                                   2              -2   2                                      -3   4                                                   4              -2                      -2   5              -3
   337       0          -5  -5                       1   4          -2      -2   3                                   6               0  -1                                      -5   8                                                   0              -4                       0   3               3
   338      -3          -5   2                      -2   0           1      -4   4                                   5              -1   2                                       0  -1                                                  -2               0                      -2   8              -1
   339       1          -4   1         -16           2   1           7      -4   1                                   3               2   0                                       2  -5                                                  -1               2                      -5   9              -1
   340       5          -1  -3          -6          -5   0           4     -11   4                                   6               1   1                                      -3   1                                                   4              -1                      -2   6              -4
   341       3           2  -4          -5          -8   5           1      -8   2                                   2               2   3                                      -2  -3                                                   3              -3                      -7  16              -1
   342       0          -6  -5           6         -10   6           4     -14   3                                  10              -5  -1                                      -1   9                                                   3              -3                      -1   7              -3
   343       2          -2  -6          -8           8   3           5     -10   3                                  -2               4  -2                                       0  -2                                                   4              -3                      -6  12              -1
   344     -14          -2  11          -2          17   4           9     -17   3                                  -6              -2   4                                      -2   1                                                   6              -8                      -2  11              -3
   345      11          -4  -7          -6          12  -1           2      -9   4                                   1               2   6                                       0 -10                                                   8              -8                      -3  15              -4
   346      10          -4 -10         -10          15  -3           3      -2   4                                  -1               3   2                                       3 -10                                                   5              -1                      -4   9              -5
   347      -6          -4  -1          -7           9   2           3       1   1                                   0              -2  -1                                       3   1                                                   2              -1                      -1   2              -1
   348      -3           1   0          24          -3  -7          -2      -4   5                                  -1              -3  -3                                       6   0                                                   3              -2                       2  -4              -1
   349      -5          -1  -7          18              -6           0      -4   7                                   2               0  -1                                       1   1                                                   0               0                       2   2              -3
   350      -2           0 -10           8              -6           7      -3   2                                   1              -3   2                                       1   1                                                   0               3                       4  -1              -6
   351      -8           1  -3          -6              -4          -1       6   4                                   2               1   2                                       2  -5                                                   1               4                      -4   8              -5
   352      -8           4  -4         -22               2           7       3  -3                                   1              -4   3 -30                                   3   4                                                   5               3                     -12   8              -1
   353      -9           2   0         -19               0           7       0  -4                                  11              -4   7 -42                                   2   2                                                   0              -1                      -7  13               0
   354      -5          -2  -1         -20               5           2       4  -4                                   9               1   4 -31                                   2  -1                                                  -4               4                      -8  14              -1
   355     -18          -1 -11          -7               1           3       6  -1                                  12              -1   3 -23                                   1   2                                                  -6              -2                      -3  17               0
   356      -4          -5  -6          -7               2           2       3   2                                   7              -3   2 -16                                   0   4                                                  -3              -2                      -5   6               6
   357       3          -4 -11           5               3          -3       9  -1                                  -3              -4   4   6                                  -5   5                                                  -4              -2                       3  -3               5
   358      -9          -4  -6          -6               7          -2       5   3                                   1              -2  -2  14                                  -1   2                                                   2              -4                      -3   7               0
   359     -23          -6 -13         -11               5           1      10   5                                   8              -2  -3  13                                  -1   4                                                   0               0                      -2  11              -6
   360     -11         -10  -2          -4               7           3      -1   4                                   7              -5   2   9                                  -2   4                                                   1               3                      -1   9              -8
   361     -10          -6  -6           4               6           3      -5   3                                   6              -4  -1   5                                   1   3                                                   3              -2                       0   9              -6
   362     -14          -4 -11           8               4           4      -7   5                                   7              -6   1   3                                  -2   6                                                   7              -3                      -2  11              -9
   363      -2          -5 -17           5               5           3      -9   4                                   9              -2   0  -5                                  -4   8                                                   5              -3                      -3   8              -6
   364       0          -3  -6           8          -4   4          -1     -13   6                                  12               2   1   0                                  -4   2                                                   4              -2                      -2  10              -7
   365      -4          -1 -12          16          -7   0           3      -8   4                                   8              -5   4  -3                                  -1   3                                                   3              -3                      -2   9              -5
   366      -2           1  -2          24          -8   3           0     -10   4                                  -3              -1   2   1                                   1  -3                                                  -1               2                      -5  10              -3
   367      -5           3 -12          15           7   4           1      -5  -3                                  -6              -2   5 -18                                   1   1                                                   4               1                      -6  11              -6
   368      -4           6  -4          25          -7  -2          -4      -8  -1                                  11              -4   8 -22                                   1   1                                                   5              -1                      -3  10              -9
   369      -1           6  -6          20          -6  -4          -6      -4   2                                  10               0   5 -20                                   1   0                                                   4              -1                      -5   6              -3
   370       3           8 -18          21         -12  -4           4     -11   0                                  11              -2   5 -20                                   1   2                                                   1              -1                      -5   9              -1
   371     -16           7  -7          24          -5  -2           3      -9   0                                   7              -5   4 -28                                   1   9                                                   5               0                      -6   6              -3
   372       5           9  -5          22          -6  -3           0     -15  -1                                   9               0   4 -22                                   0   3                                                   7              -4                      -3   3              -2
   373       2           5  -2          20          -9  -1           7     -15   0                                   4              -3   0 -17                                   3   6                                                   2              -2                      -3   0               2
   374     -18           3   1          31           7  -4          -1     -10   3                                   3              -2   4 -19                                  -4   8                                                   5              -3                       0   2              -3
   375     -15           3  -4           5           3  -4           7      -1  -1                                  -1              -7   1  -9                                   3   6                                                   7              -4                       0   0              -2
   376      -4          -2   2           8           7   0           1      -6   2                                  -1              -1   2  -5                                   1   0                                                   5              -2                      -2   4              -4
   377      -9           1 -17          23          13  -2           4     -12   2                                   1               3   2 -16                                  -5   6                                                   3               1                       0   5              -8
   378     -12           3 -24          16           2  -2           3      -6   4                                   7               3  -2  -6                                  -3   4                                                   3               1                      -1   7              -8
   379      -2           1 -34           7          -7  -1           0      -1   4                                  17               4  -6   1                                  -3   5                                                   2               1                       1   4              -6
   380       0          -5 -33           3          -5  -3           0       4   7                                  19               2  -3   8                                  -6   3                                                  -2               4                       3   3              -7
   381      -9           2  -5           7         -10  -3           0      -8   9                                  18               4  -1   8                                  -8   2                                                   1              -1                       1   5              -4
   382     -10           5 -15          12         -12  -5           2      -5  12                                   8               5  -4  21                                  -7  -3                                                   1              -1                       0   5              -4
   383     -17           4 -35          -6          -7   0          -4      11   6                                  13               7  -4  15                                  -9   0                                                  -3              -1                       0  10              -4
   384     -22           0 -31         -13          -2  -2          -6      10   4                                  32               8  -1  -8                                  -1  -3                                                  -6              -2                      -2  18              -5
   385     -15           1 -17         -23          -1   0          -8       3   3                                  36              12  -1 -20                                   0  -2                                                  -3              -4                      -7  18              -1
   386     -19          -1 -12         -12           3  -2          -2      -1   2                                  30               5   1 -20                                  -2   6                                                   0              -6                      -1  10              -1
   387      -5           2 -29         -11           0  -6           3       3   0                                  22              -2   4 -19                                  -5  12                                                   1              -3                      -3   2               4
   388      -3           5 -32         -16          -6  -5          -1       8   0                                  20              -4   5 -13                                  -2   7                                                   4              -2                      -8   4               2
   389       4           0 -30          -8          -5  -4          -1       2   4                                  22               0   2  -7                                  -1   3                                                   3              -2                      -4   5              -1
   390      -1          -1 -41           5          -7  -3           3      -5   8                                  23              -1   0   1                                  -4   4                                                   6               0                      -5   7              -7
   391      -7           3 -48           0          -2  -5           1       0   7                                  24               5   0   1                                  -8   1                                                   3              -5                      -2  10              -5
   392      -1          -2 -26         -20           1  -6           0      -1   6                                  31               4   2 -10                                  -3   2                                                   3              -5                      -3   7              -1
   393      -4          -2 -16         -16          -3  -3           0       1   4                                  26               5   0  -6                                   3  -5                                                  -3              -4                      -1  10              -1
   394       4          -6 -11           2          -9  -6          -2      -1   9                                  29              -3   3  -1                                  -3   4                                                   0              -3                       2  -1               2
   395      -3          -6  -8          -9          -1  -6          -9       3  11                                  28               2   0  -1                                  -4   2                                                   4              -5                       1  -1               2
   396     -17          -2  -4         -15          -9  -6           5      -3   9                                  32               2  -1  -3                                  -4   4                                                  -5              -5                       0   5               5
   397      -1          -3  -3         -38          -1 -10           6       2   6                                  21              -1  -1   1                                   1   0                                                   2              -1                       0  -1               0
   398      -6          -6  18         -78           1  -3           6       3   7                                  17               6  -6   3                                  -2   1                                                   0              -3                      -3  -1               7
   399      -7          -5  -8                      -3   0          -6       0   8                                  22               2  -2  -2                                  -6   7                                                   0              -3                       1  -1               2
   400      -8          -5   2                       2  -1          -2      -4   5                                  20               3   0  -4                                   0   0                                                   0              -3                       3   4              -4
   401       4           2 -14                      -1  -4          -1      -7   3                                  22               1   3   0                                  -8   4                                                   8              -1                       1   0              -8
   402       4           1 -15                      -6  -7          -5      -3   7                                  33               0   3  -2                                  -4   3                                                   6              -1                      -1  -1              -5
   403       0           1                         -12  -5          -1       1   4                                  23              -3   0   6                                   0  -1                                                  -1              -1                       5  -1              -2
   404     -18           4                         -10  -6          -1      -3   7                                  29               1  -1   5                                  -9   6                                                   2               1                       1   0              -4
   405       5           6                          -6  -4          -4      -8   5                                  21               6   1   7                                  -8  -4                                                   4              -1                       3  -1              -5
   406     -10           1                           0  -3           0     -10   6                                  23               5  -3   1                                  -8   6                                                   6               1                       2  -2              -8
   407      -3           0                           7  -6           3     -11   1                                  23               2   2  -9                                  -1   4                                                   7               1                       3   0             -10
   408      -4          -4                          -3  -2           1     -10   6                                  32               0  -1  -4                                  -5   9                                                   4               2                       3  -3              -7
   409     -10          -1                          -1  -4           5      -9   4                                  23              -1   3   5                                  -6   1                                                   4              -2                       4   4             -10
   410      -9           3                          -7  -1          -1      -8   5                                  25               2   3   2                                 -10   5                                                   2              -1                      -1   2              -2
   411       5           3                         -10   4          -4      -5   4                                  13              -2   2   2                                  -5   3                                                   4               1                      -5   0               0
   412      -6           1                          -2   3          -1      -4   2                                   4              -2   1  -1                                  -2   4                                                   6              -4                      -3   1               0
   413     -14          -1                           3   3           0      -6   5                                   4               4  -1  -4                                  -3   2                                                   3               0                      -6   4              -1
   414      -7           7                         -13   1           1      -2   3                                   8              -4   1   4                                  -6   6                                                   4               0                      -6  -1               3
   415       0           4                         -10  -1          -2       6  -1                                   5              -8   1   4                                  -2   5                                                   4               2                      -3  -4               1
   416      -4           3                          -8   1          -4       0   5                                  10              -4   3   6                                  -3  -1                                                   5              -2                      -6   3              -1
   417     -15           4                         -14  -2           0       1   8                                  18              -4  -3   1                                   2   3                                                   3              -2                      -6   1               4
   418     -10           4                          -8  -5          -1      -3   7                                  23              -3  -1   1                                   0   3                                                   7              -5                       0  -2               0
   419      -7           3                          -3  -3          -4      -4   5                                  25               5   1   2                                  -3  -4                                                   1              -1                       1   3              -4
   420      -1           0                           2   4          -3       0  -2                                   2               2  -1  -3                                   3  -1                                                   3               2                      -2   3              -6
   421      -3          -1                          -2   4          -2      -4   1                                  13               0   1  -1                                   1  -1                                                   3              -2                      -1   4              -4
   422      -5           5                          -1   0          -3       4  -3                                                   2  -1  10                                  -4  -5                                                   1               2                       2   3              -8
   423      -2          -5                           7   1          -3       2  -1                                                  -1   5   2                                  -5  -1                                                   0              -1                       0   4              -4
   424      -5          -4                           1  -3           3       3   1                                                  -5   1   7                                  -2  -1                                                   0               1                       1   2              -4
   425      -1           0                           0   1          -4       4   1                                                  -1  -1   6                                   1  -5                                                   3               1                      -1   3              -5
   426       4           1                          -3   1          -3       3   1                                                   0  -2  10                                  -3  -6                                                   1               4                       0   2              -6
   427      -8          -1                           1   0          -5       8  -1                                                  -3   2   6                                  -2  -3                                                   2              -1                      -1   4              -4
   428      -7           0                           5  -2          -3       1   1                                                   2   3   1                                  -3  -3                                                   0              -1                      -3   4               0
   429     -12          -3                          11  -7           0       2   1                                                   1  -1   3                                  -1  -1                                                   2  -9           1                       0   4              -3
   430      -8          -3                           2   2          -5       3   3                                                   0  -3   1                                  -5   7                                                   3  -4          -1                       0  -3               3
   431     -17           0                          -1  -1           1       1   5                                                   1   0   1                                  -2  -1                                                  -1   2          -6                      -1   3               5
   432     -14          -1                           3  -2          -2       2   4                                                   4  -1   3                                  -2  -4                                                  -3  -2          -2                      -1   5               2
   433     -10           3                           5  -8          -1       1   4                                                   4  -1  -3                                  -3   3                                                   0   7           3                      -2  -6               3
   434     -12           7                          -3  -8           0       4   3                                                   3   1  -4                                  -3   3                                                  -3  11          -5                       0  -8              10
   435       3          -2                           3  -4          -4       2   4                                                   1   7  -1                                  -4  -3                                                  -3  11          -1                      -3  -1               3
   436       0           1                          -2  -2          -1       0   5                                                  -1   3   5                                  -4  -3                                                   1   4          -1                      -3   0               2
   437      -4           8                          -1 -11           1      -5   9                                                   5   4   4                                  -7  -6                                                  -1  13          -5                      -2  -6               8
   438      -7           5                          -4  -8           4      -4   9                                                   1   4   3                                  -6  -1                                                   0  10          -5                      -4  -5               9
   439     -13           0 -12                      -3  -1           4      -1   7                                                   0   7  -2                                  -3  -1                                                  -1  19          -6                      -7   2               2
   440     -13           3  -1                       3  -4           1      -2   3                                                   3   2  -3                                   1  -3                                                   2  14          -1                      -5   0              -4
   441       2           0  -7                      -2  -7           4      -1   6                                                  -3   0   1                                   4  -3                                                   3  10           1                      -5  -3              -1
   442      -3           1  -3                      -1  -7          -2       3   7                                                   0   2   3                                  -3  -2                                                   2  16          -1                      -3  -6               0
   443      -8           0  -5                       2  -3          -2      -3   8                                                   6   2  -5                                  -7   4                                                   2  24          -1                      -1 -10              -2
   444      -7          -3   3                       9  -5          -1      -3   6                                                   4   5   2                                  -5  -6                                                   3  21           0                      -4  -1             -10
   445      16          -2  17                       4  -5          -3      -4   4                                                  -1   5   1                                  -2  -3                                                   4  13           2                       1  -9              -4
   446     -14          -4  19                       6  -5          -3       1   6                                                  -2   7   1                                   0  -6                                                   0  10          -2                      -6   4              -1
   447       3          -5   7                       6  -5          -3       1   5                                                  -1   4  -1                                   4  -6                                                   2  11          -1                      -2  -1              -6
   448      -7           0   2                       1  -4           1       1   3                                                  -1   2   4                                  -5  -1                                                  -2   3           1                      -4   2               2
   449     -12           1   2                       9  -5          -3      -1   2                                                   6   1   2                                  -7  -3                                                  -2   4           3                      -4   2               0
   450       3          -6   8                      14  -9           2      -4   1                                                  -2   4   4                                  -4  -2                                                   2  -3           4                      -4   3              -4
   451      -9          -4   9                      10  -6           6      -8   4                                                  -1   5   2                                  -8   2                                                   2   2           0                      -5   2               0
   452       2          -1  -1                       3  -2           0      -7   7                                                  -2   6  -1                                   3  -6                                                   4  -1          -5                      -7   4               5
   453      -9          -3   0                  -2   0   0           1      -1   6                                                   2   1  -3                                   0   0                                                  -3   4           0                      -4   2               4
   454     -12           2 -19                  -5   2   5           1      -5   3                                                   7  -5  -3                                  -1   3                                                   1 -12          -5                       0   5               7
   455     -14          -1 -32                   2   1   6          -3       2   2                                                   2  -3  -2                                   0   3                                                   3  -8          -5                      -3   6               3
   456      -2          -1 -30                  11  -5   5          -1       3   1                                                   1  -5   3                                   1   0                                                  -1  -9           2                      -1   3               3
   457      12          -1 -21                   8  -5  -2           8      -3   1                                                  -6  -3   5                                   2   2                                                  -1 -15           3                      -2   2               8
   458       7           1  -3                  -6  -1   2           2      -5   1                                                   2  -3   1                                   1   0                                                  -1  -9           3                      -2   3               3
   459       4           0  -9                  -9  -2   1  17       1      -3   2                                                   4  -4   0                                   3  -1                                                  -2 -14           6                      -2   5               3
   460      16          -1   1                 -18  -5   2  15       4      -4   0                                                  -3  -4  -1                                   6   1                                                   2 -10           5                      -2   4              -3
   461       9          -5   3                 -14  -1   5  10       4      -7   3                                                  -6   0   1                                   0   3                                                   5 -13           0                      -4   7               0
   462      12          -4   6                 -12  -3   2  15       0       1  -1                                                  -9   1   8                                  -2   2                                                   6  -6           3                      -6   5              -5
   463       5          -2   8                 -15  -2   1  15      -1      -1   3                                                  -1   2  -4                                   0   3                                                  -1  -5           3                      -4   2               4
   464      10          -1   9                 -24  -3   3  19      -2       0   3                                                  -3   2  -6                                   5   1                                                   1  -2           3                      -6   5              -2
   465      14          -2   8                 -16  -6   1  18      -2       0   4                                                  -6   3  -2                                   3   2                                                   5   5           3                      -5  -2              -5
   466       3          -3  -2                 -24  -9   3  13       2       3   7                                                  -3   2  -1                                  -2   4                                                  -1  15           3                     -10   2              -5
   467      18          -5  19                 -29  -6   9   3       1      -3   6                                                  -1   4  -5                                  -1   3                                                  -5   9           1                      -3   3              -4
   468      11          -2  12                 -27  -6   6  16       4      -7   5                                                   7   1 -10                                  -1   4                                                  -5  15           7                      -2  -2             -12
   469      14           0  15                 -21   0   4  18      -6      -4   2                                                  10   6  -2                                  -7  -5                                                  -3  13           4                      -2  -1              -9
   470      15          -5   3                 -14   5   3   6      -2      -6   3                                                   4   2   0                                  -2  -3                                                   1   5           2                      -1   2              -9
   471      17          -4  -3                  -9   5   2   7      -4      -2   1                                                   6   2  -2                                   1  -6                                                   0   9           2                       3  -1             -13
   472      25          -6                     -11   8  -5  15      -3      -3   1                                                   3   6   4                                  -1 -11                                                  -1   3          -2                       2   3              -7
   473      16          -2                       1   4  -5  12      -8       4  -2                                                   4   4   8                                  -4 -11                                                  -2   8           2                       1  -2              -7
   474      26          -4                      -8   0   2  10      -8       4  -1                                                  -2  -2   8                                  -1  -3                                                   0  -8           5                       1   2              -3
   475      19          -1                     -18  -6   4  16      -2       1   0                                                   1  -2   5                                  -2  -2                                                  -2  -3           4                      -1   4              -5
   476      15          -3                     -10  -6   3   7      -3       3   4                                                  -2  -5   4                                   7  -3     -10                                          -2 -11           6                      -3   6               2
   477      11           2                      -5 -11   2   4      -3       3   5                                                  -4  -3   3                                  10  -5     -10                                           3   0           1                      -2  -1              -3
   478       1           3                       2 -10   8  -1      -6       2   3                                                  -4   0  -1                                  11  -8       7                                           0  -5           1                      -2   3               2
   479       8           3                      -4  -8   3  16      -7      -1   3                                                   1  -1  -2                                   9  -6       4                                           3  -3           8                      -3  -2              -5
   480       9           0                     -18  -8   5   9      -4      -1  10                                                   4  -1  -1                                   5  -5      -3                                          -2   1           1                      -2   2               1
   481       6           0                      -5 -10   5   3      -3      -1   7                                                   1   2  -4                                  10  -8      -7                                          -4   1           2                      -3   3               3
   482      14          -2                      -1  -5   8   3      -4      -6   4                                                   5   3  -2                                  -1  -1     -16                                          -1   1           3                       0  -3               1
   483      15          -9                      -5   1  10   5      -5      -5   4                                                   6   6  -4                                   0  -4     -14                                          -3   4           5                      -4   4             -10
   484      15          -4                     -12  -7   8  10      -2      -3   5                                                  12   2  -5                                  -2   4     -35                                          -7  -4           8                      -3   2               6
   485       3          -6                       2   6  -3   7      -4      -1   2                                                  12   3  -5                                  -4   2     -21                                          -4   5           7                      -3  -4               1
   486       6           0                       0   1  -5  15      -1      -1  -1                                                   4   6   1                                  -5  -5       0                                          -3   5           3                      -3  -2               2
   487      12          -6                       6   5  -8   8      -8       6   1                                                   9   3   2                                  -4  -4     -15                                          -5   9           3                       2  -8               0
   488      10          -5                       9  -1  -6  13      -4       2   0                                                   9   5   4                                  -4  -3     -39                                          -2   3           3                      -1  -5               6
   489       6          -1                       6   0 -10   4       1       3   0                                                   2   3   1                                   0   1     -33                                           0   2           1                      -4  -4              11
   490       7          -1                      -3  -2  -2   3       1       0   2                                                  -4  -2   5                                   2  -3       3                                           1  -3          -1                       0   2               1
   491       7          -2                      -5  -9   1   6       3       3   2                                                  -7   2  -6                                   2   6      -3                                          -2   1           3                       0  -1               2
   492      15          -1                     -11   0   0   6      -1       1   0                                                   3   1  -5                                   1   2       3                                          -5  -2           4                       1   2               0
   493       3           4                     -10  -7   1   5       1       3   0                                                   6   1  -5                                  -2   3       8                                         -10   1           4                       2   0               6
   494      -1           2                      -5  -4   1  10      -4       3   0                                                   5   2  -5                                  -2   1      11                                          -7  -2           6                       1  -1               7
   495     -27          -4                      12  -1   1   5      -6       2   5                                                   8   1  -6                                   1   2      -7                                          -2  -3           6                      -2  -3               9
   496      -9          -4                       9  -3  -2  14     -12       5   5                                                   8   4   0                                  -3  -1     -23                                           1  -1           4                      -3  -8              13
   497      -7          -5                      10  -1   3   6     -11       7   1                                                  -1   0   1                                  -1   1      -4                                           0  -8           4                       1  -2              10
   498      -5          -6                       5  -1   3   7      -8       0   8                                                  -2   2  -2                                   1   2      -7                                           3  -3           3                      -1  -5               6
   499     -10          -2                       9  -1   1  -1      -8       4   3                                                  -3  -3   3                                  -3   3       5                                           0  -5           5                      -2  -5              14
   500      -2          -4                       7   0   7  -6     -11       5   4                                                   2   1   0                                   3  -4      -3                                          -6  -3           5                      -3   2              10
   501       3           3                       4   0   0  -9      -7       3   3                                                   3  -2  -3                                   7  -1     -10                                          -3  -4           5                      -2  -3              12
   502      -3          -2                      10  -1   0 -12      -6      10   0                                                 -14  -3   0                                  10   2     -11                                          -1 -12           1                      -3   5              19
   503      -2          -1                       3   3  -1  -3      -5       1   3                                                  -9   0  -1                                   6  -2       6                                           1  -6           2                      -4   2              11
   504     -16           6                      -3  -2   4  -6      -3       7  -1                                                  -3  -1  -6                                   4   2      13                                          -5  -2           2                      -5   5               8
   505      -4           6                     -10  -3   1   5      -2       5  -2                                                   6   0  -6                                   1   3      -1                                          -3  -2           3                      -4   5               2
   506     -19           3                      -7   1   2   1      -4       5   3                                                  16  -5  -3                                   2   4     -18                                           1  -3           5                      -9   6               1
   507       6           3                      -9   3  -7   4       3      -1  -1                                                  10  -7   5                                   6  -5      -9                                          -2 -10           4                      -5  11               5
   508      -6           1                      -1  -1 -12   6       5       3  -2                                                   3  -4   0                                   4   1      -7                                          -3  -6           5                      -5   5               8
   509      14          -1                      -7  -3 -13   0       6       8   1                                                  -2  -5  -7                                  12   6     -16                                          -6  -5           6                      -2   5               6
   510                  -1                      -6   0 -11  -1       5       6   2                                                 -10  -4  -3                                   9   4      -6                                           0  -4          -2                      -3   6               4
   511                  -1                       0  -4  -6   3       5       1   1                                                 -16   0   2                                   5   1      -7                                           5  -1          -3                      -3   3               1
   512                  -2                       6   0   1  -9       2       0   1                                                 -12  -4  -2                                   7   3       4                                           0  -1           5                      -2  -1              -3
   513      11          -7                       1  -3   6  -5       6      -5   6                                                 -18   0  -5                                   7   7     -10                                           2  -4           4                       0   1              -6
   514       9          -5                      -7  -4   5   1       6      -2   4                                                 -16   0  -3                                   3   8      -9                                           2  -4           3                      -5   5              -5
   515      19          -3                      -3  -5   9  -4       1       1   0                                                  -8   3  -3                                   4   5     -21                                           2   0          -1                       2   1              -9
   516      16          -9                       0  -5   4   5       0       5   0                                                  -6   3   1                                  -1   5     -25                                           1  -4          -1                       1   3              -2
   517       2          -3                      -1  -6   5  -2       6       3  -2                                                   8   2  -1                                  -2   6     -30                                          -3  -6          -2                       1   8               7
   518       5          -4                      -3   3   4  -5      -1       5  -2                                                  14  -2  -3                                   0   4     -11                                          -5   0           2                       0   6              -7
   519       3          -2                       8  -4   6  -9       0       7  -5                                                  11  -1   1                                   0   2     -20                                          -3   7           2                      -1  -2              -7
   520     -17          -8                      12   1  -1  -4       8       5  -7                                                   2   0  -2                                  -7   6      -1                                          -2   3          -2                       3   2              -9
   521       1          -6                       1   1   5   2       1       6  -6                                                  -3   2   2                                 -13   3      14                                          -4   8          -1                      -1   3             -14
   522       0          -7                       1   2  -2   4       3       8  -9                                                 -10  -5  -2                                   0   5      15                                           2   4           1                       0   5             -34
   523      -8          -8                       2  -5   4   8       2      10  -6                                                  -7   0  -2                                   0   2       5                                           2   8          -1                      -1   6             -37
   524      -6          -8                       8  -1  -4  13      -7       7  -4                                                 -13   2   1                                  -2   1       3                                           3  -2           4                      -5  -1
   525      -4          -9                       7   1  -5  13       1       1  -6                                                 -19   4   2                                 -15   3      20                                           0   3           2                      -5   0
   526      -5          -2                      -2  -3  -4  10      -2       3   0                                                 -25   2  -2                                   3  -3      21                                          -1  -2           1                      -2   4
   527     -14           0                       1  -6  -6  11      -9      12  -1                                                 -19   2  -6                                  16  -3      -2                                           5  -6           2                      -6   5
   528      -2          -1                       0   2  -4   2      -6       4   2                                                 -19   1  -2                                  23  -9      -6                                           4  -8          -1                      -5   9
   529      -4           3                      -7   0  -5  -8       0       5   8                                                  -2  -6  -1                                  22  -4     -12                                           0  -5          -1                      -4  10
   530      18           6                     -12  -3   7  -3      -5       5   2                                                  -1  -4  -1                                  14  -2      -7                                          -2  -9           4                       0   8
   531     -10           3                      -2   4   9 -13      -3       2   4                                                  10  -5  -3                                  15   0     -11                                           0 -10           0                       0   9
   532      -3           0                      -6   2   7  -5      -9       8   6                                                  12  -5  -1                                  14   0     -19                                           3  -8           1                      -3   8
   533      -8           1                      -2   2   3  -1      -3       4   1                                                   9  -5   0                                   7   4     -13                                           5 -12           2                       0   5
   534     -15           3                      -3   1   4  -2       0       2   0                                                   3  -5  -1                                   8   1      -1                                           2 -13           1                       0  10
   535     -14           6                      -3  -3   7   3      -4       2   1                                                   8  -3   0                                  10  -3      -5                                           4 -10           3                      -2   6
   536     -20           5                      -7  -5  11   2      -4      10   0                                                  12  -3  -4                                   1   5      -2                                          -1  -8           3                      -5  10
   537      -4           1                     -12  -2  15   3     -11      10   5                                                   5  -1  -4                                   3   5     -11                                           2  -4           4                      -9   7
   538      -2          -1                      -5  -3  16   6      -8       5  -1                                                   4   3   0                                  -2   0      -5                                           1  -3           4                      -8   6
   539      -3          -2                      -6   1   9   6      -9       8  -1                                                   1   5  -3                                   1  -2       1                                          -2   1           1                      -9  10
   540       0           4                      -8   1  20   1      -5       2  -3                                                  -6   5  -6                                 -10   3      14                                          -6   2           3                      -5   7
   541       0          -2                       1  -1  17   4      -3       1  -8                                                 -12   7  -4                                 -12   5       2                                           0  -3           3                      -4   3
   542      -4          -1                       2   2   9   6      -2       2 -11                                                       2   2                                 -14   7      -7                                           8  -2           2                     -12   3
   543     -17           8                      -2  -4  12   9      -4       1  -9                                                       3  -1                                  -3   0      -1                                           7  -5           3                      -9   4
   544      -6           1                      -3   0  24   4      -6      -2  -3                                                       7  -6                                  -5   5      -9                                           4  -6           6                      -8   4
   545      -4           0                      -2  -3  17   0       0      -4   3                                                       6  -6                                   5  -2      -1                                          -6  -4           5                      -1   6
   546      -1          -2                       3   1   3   2      -4       1  -1                                                       4  -5                                   7  -5       3                                          -3  -4           1                       3   3
   547      11          -6                       0  -6  24   2      -9       3   4                                                       8   0                                   1  -7      -5                                          -7   5           1                       1   0
   548      -1          -5                       4   0   8   9      -8       5  -8                                                      10  -3                                  -9  -4       6                                          -2   3          -2                      -1   2
   549      13          -6                       2   4      12      -2       1 -14                                                      12  -4                                 -20   0       7                                          -2   3          -4                       0   3
   550      -6          -4                       3   1       6       2      -2  -5                                                       7  -1                                  -5  -6       6                                          -2   0          -5                       0   7
   551      -6          -1                      -1   3       2       0      -2   1                                                       6  -3                                   3  -6       2                                          -2   2          -5                      -1   6
   552     -22          -1                       1   2       3       8      -6  -1                                                      13  -9                                   9  -8      -2                                          -3  -2          -4                      -5  13
   553     -15           3                      -5  -5       3       7      -2   4                                                      12 -11                                  11  -3     -11                                          -3   2          -1                      -5   7
   554     -20           4                      -2  -5       4       4      -3   3                                                       8  -8                                   6   0      -7                                           2   1           1                      -5   1
   555      -9          -1                      -2  -1       4      -2       0   3                                                       1  -5                                   3  -1       8                                          -5   1           5                      -4   1
   556      -9          -1                      -6   2       4      -5       5   3                                                      -3  -7                                  -5  11       3                                           1  -6           6                      -2   1
   557      -8          -4                      -2   5      -3      -1      10  -3                                                      -2  -7                                 -22  20       1                                           3  -4          -1                       1   1
   558      -7          -9                       4   0       5       4       7  -9                                                       3  -5                                 -28  14       5                                           0  -1           1                      -5   5
   559      -8          -8                      -1   0       8       6       4  -8                                                       4  -6                                 -29   8      19                                          -9  -1           0                      -3  12
   560     -10          -7                       1   2       1      11       3  -7                                                      -1  -7                                 -34  14      23                                         -12  -1           3                      -3  11
   561     -22          -2                      -1  -5       4      11       1  -3                                                      -1  -4                                 -30  12      18                                          -5  -4           1                       1   7
   562     -12           1                       1   0      -3       9       1  -4                                                      -2  -5  17                             -22   8      11                                          -5  -5           4                       0   5
   563       0           0                      -2   2      -4       5       4  -6                                                       0  -5   8                             -14   5       9                                          -7  -2           1                      -2   9
   564      -9           0                       2   0       0       3       3  -5                                                      -2  -2  -4                               2  -2      14                                          -8  -5           2                      -3  12
   565     -12           0                       8  -4       2       2       2  -7                                                       4  -4 -13                              12  -4       5                                          -4   2           2                      -5   5
   566      -8          -5                       5  -2      -1       6       0  -1                                                       4  -1 -19                               9  -4       5                                          -7   7          -3                      -6   8
   567      -2          -4                       4  -6       0       6       2  -1                                                       4  -2 -21                              18  -5      -1                                         -10   1           0                      -3  10
   568      -9          -9                       8  -4      -4       5      10  -4                                                       4  -5 -19                               4   7      -3                                          -6  -1          -1                      -3  11
   569      -6          -5                       9  -8      -3       7       9  -7                                                       6  -6  -5                               0   5      -6                                          -7   0           3                      -4   7
   570     -17          -2                      10  -3       2       1       6  -9                                                       5  -7   4                               3   1      -3                                           1  -1           4                      -7   3
   571     -25           0                       9  -2       4       4       1  -8                                                       5  -5   2                               4   0      -4                                           7  -5           3                      -9   5
   572     -29           9                       6   1      -2       8      -1 -11                                                      -2  -6  -3                               7   3       5                                           5  -9           5                      -8   9
   573     -30           6                      11  -3      -2       4      -1  -5                                                       1  -2  -3                              35  -9      -8                                           7  -8           6                     -10   7
   574     -26           0                      12   1      -4       4      -4  -1                                                      -2  -3 -11                              35 -11       9                                          -7  -8           7                      -4  11
   575     -29           5                      13   8      -8       3      -5  -7                                                      -5  -4  -3                              25 -11      17                                          -4  -7           4                      -4  10
   576     -17           1                      15  11      -8       3      -8  -9                                                      -2  -3  -7                              39 -14       9                                          -3 -11           5                      -5  13
   577     -14           3                       9  11      -8       4     -10  -4                                                      -3   0  -3                              28 -14      11                                          -4 -10           2                      -1  12
   578     -22           3                      13   8      -4       0      -7  -5                                                      -5  -2  -6                              35 -18      21                                          -8 -11           3                       2  11
   579     -25           4                      14   3      -8       0       1  -6                                                      -2  -3  -1                              28 -16      17                                         -10  -7           1                       3  10
   580     -32           6                      11   4      -8      -3       4  -3                                                      -4  -3   4                              33 -20      19                                         -10  -5          -1                       0  12
   581     -15          10                       1   4      -4      -8       3  -1                                                      -1  -3   2                              40 -16       4                                          -3  -4          -1                       0   7
   582     -35           5                      -1   7       2      -9       1   7                                                      -5  -3   5                              28 -16      17                                          -2  -3          -1                      -4   9
   583     -23           3                       2   9       2      -3      -6   2                                                       0  -6  -6                              24  -8      13                                          -2  -3           2                      -5   6
   584     -19          -1                       4   2       2      -5      -1   4                                                      -3  -4  -4                              17  -7      14                                          -5   1           2                      -1   1
   585     -10           1                      -5   6       4      -3      -6   6                                                       6  -7   0                              19  -9       3                                          -5   0          -1                       0   4
   586     -19           1                      -3   8       5      -6      -4   6                                                       5  -6  -5                              26  -9       3                                           2   5          -4                      -6   4
   587     -14           4                      -2   9       1      -8      -4   5                                                       4 -11  -3                              29  -8       8                                          -6   6           2                      -5   0
   588     -16           4                      -5   6       5      -2      -6   3                                                       3  -7  -4                              19  -4       4                                           0   2           2                      -7   4
   589       4           4                      -3   5       5       1     -11  -1                                                       7  -7  -7                              27  -9       3                                          -8   5           4                      -5   2
   590      -9           5                      -2   6       1      -3      -7   2                                                       1  -2  -9                              36 -11       4                                          -2   4          -1                      -5   4
   591     -13           2                       1   3      -3      -5       0   6                                                      -5   1   2                              33 -13       4                                          -2   1           1                      -4   4
   592     -10          -1                       6   0       2      -8       1   4                                                      -3   0   2                              39 -13       1                                          -1   1           6                      -5  -1
   593     -22           2                       2   3       3     -10       1   5                                                      -3   1  11                              36 -16      -2                                          10   3           2                      -9  -2
   594     -22          -2                       1   6       1      -7      -1   9                                                      -4  -6   5                              20  -6       8                                          -2   1           5                      -6   2
   595     -14           0                      -1   9      -2      -6      -2   6                                                      -9  -5   4                              15  -5      16                                          -7   2           5                      -8   5
   596     -14          -6                       1   4       3      -5       4   3                                                       0  -5   6                              11  -2       1                                           2  -3           4                     -11   8
   597      -1          -9                       4   5       4     -12       6   1                                                      -2  -7   2                               9  -1       8                                          -5  -2           5                      -6   5
   598     -20          -4                       7   7       3     -14       5   1                                                      -3 -10  12                              10  -1       6                                           6  -7          10                      -5  -1
   599      -5           4                       1   9      -1     -17       6  -1                                                      -4  -9  15                              22  -4       1                                           4  -9           9                      -2  -1
   600     -16           5                      -1   6       1     -12       4   1                                                      -3  -9  15                              13  -5       4                                           4  -7           8                      -3   0
   601     -16           2                       4   3      -3      -5       4   0                                                       0  -6   6                              16  -1      -1                                           3  -6           7                      -3   1
   602     -12           2                       3   2      -5      -1       5  -1              -5                                       1  -6  11                               0   2      -3 -10                                       5  -3           4                      -6   3
   603      -8          -4                       4   3      -5       5       1   1              -3                                       2  -6  11                             -27   5       4 -19                                       0   0           1                      -4   3
   604     -13          -5                       8  -1      -1       4      -3   4              -3                                       2  -2   5                              -3   4      -2 -27                                      10   1           4                      -5  -5
   605      -8          -6                       8   1      -2       5      -3   1              -2                                       3  -5  -1                              -4   2       6 -19                                      -5   4           2                      -5   2
   606      -3          -4                       9   0      -7      -1       2   3              -9                                      -2  -5 -10                              17  12       4 -22                                      -6   3           5                      -5  -1
   607       1          -2                       8   3      -8       7      -1   0             -24                                      -5  -4   2                               5   7       4 -12                                      -6  -4           5                      -4   7
   608      -4          -8                      11   1      -9      13      -9   9             -19                                      -1  -2  -1                              -2   5       4 -21                                     -12   1           3                       2   1
   609     -17          -3                       7  -3      -9       5       8   8             -17                                      -1  -6   5                             -20   5       9 -11                                     -15   0          -3                       3   6
   610      -4          -4                       3   0      -9       1       7  12             -26                                      -5  -6  -1                             -15  16       8 -22                                     -15   1          -1                       3   6
   611       0          -5                       1   3     -11       2       3  16             -25                                      -2  -6  -1                                  16       1 -24                                     -17  -2           2                       3   6
   612       0          -3                       3  -2     -10       1       6  11             -20                                      -7  -4   1                                   6       9 -10                                     -25  -1           2                       4   8
   613       0          -1                       1   0      -3      -6       8   5             -16                                      -6  -6   5                                   2       6  10                                     -16  -2           3                       2   5
   614      -4           1                       7   0      -7      -4       7   1             -16                                      -1  -6  12                                  -3       5 -23                                      -3  -4          -1                       2   4
   615       4           1                       4   4      -9      -2       5  -2             -13                                      -4  -5   4                                   9       4 -21                                      -3  -7           4                      -3   7
   616      10          -3                       1   3      -9      -6      10   0              -3                                      -5  -2   2                                  10      -2  -9                                      -2  -5           5                      -5   7
   617      16          -5                       5   2      -6      -7       8  -7               5                                      -8  -3   0                                  13       0   4                                      -3  -6          12                      -8   2
   618      12          -2                       6   1      -5      -7       9  -6             -11                                      -9  -6  -1                                  12       7   4                                      -9  -2           7                      -6   5
   619      25          -2                       9   2      -8      -6       9 -16              -1                                      -6  -4  -1                                   5       6   5                                      -9   1           5                      -7   5
   620      21           2                       6   4      -8      -4       4 -16               6                                      -7  -5   6                                  -3      12  -3                                     -12   0           6                      -8   7
   621      20           1                       9   4     -10      -3       4 -19               8                                     -10  -2   0                                  -1      14   3                                     -12  -3           5                      -7  10
   622       0          -1                       9   1      -9       1       6 -16              22                                      -9  -1  -4                                   1      11   9                                      -3   0           8                     -15   8
   623       0          -1                       7   2     -10      -2       7 -14              26                                      -7   2 -12                                  12       4  19                                      -1  -4           8                     -10   6
   624       3          -6                       8   3      -7       3       2 -14              28                                      -5   5  -7                                   1       1  26                                       2  -1           6                     -11   5
   625       5          -7                      10  -2      -6      14      -4  -9              12                                      -5   6  -7                                  -3       5  14                                      -9   2           4                      -8   6
   626       7          -5                       8  -6      -6      12       0 -12              19                                       0   7  -6                                  -7       6  -8                                      -7   1           1                      -8   9
   627       6         -11                      10   3      -8      10      -7  -3              19                                      -7   3  -7                                  -4      13   7                                     -19   4           4                      -9   9
   628      13         -15                       5   0      -9       6      -1   2              28                                      -4   2  -7                                   2       7  -1                                     -22   8           7                     -14   8
   629      12         -12                       7  -3      -9      10      -3  -2              27                                       2   0  -3                                  -5       8 -11                                     -25   4           9                     -11   8
   630      14         -14                       2  -3      -2      10      -2   6               6                                      -3   3   0                                  -6       6  -3                                     -23   4           4                     -11  12
   631       9          -8                       4  -5      -2       9      -2   1               6                                      -4   2  -1                                  -6       8  -2                                     -22  -1           5                      -6  10
   632      12          -5                       3  -3      -6       7       4  -1              -4                                      -9   4  -1                                   2       2  10                                     -14   1           4                      -9   9
   633       9          -1                       8  -2      -9       5       5  -4             -11                                     -10   0   4                                  -5      10   0                                     -18   0           1                      -6  12
   634      -1          -5                       8   2      -9       7       2  -1               0                                     -10   4   3                                  -3       3   7                                      -2  -5           4                      -7   9
   635      -2         -11                       6   0      -6       3       3   4              10                                     -11   7  -8                                   1       5  21                                     -10   0           1                      -6   9
   636      -5          -6                       5   0      -8       0      10  -2              10                                      -8   6  -6                                  -2       3  23                                      -7  -3          -2                      -6  13
   637      -5           1                       3   2     -11       0      10  -5               7                                     -14   7  -6                                   3       5  24                                      -6  -5           0                      -6  13
   638       0          -3                       7   2      -9       1       6  -7               4                                      -5   6  -6                                   3      -3  21                                          -6           0                       1   5
   639     -12          -4                      11   2      -7       2       3  -9              15                                       1   4 -12                                   0       4  10                                          -3          -3                       0   6
   640     -14          -3                       8   0      -9      -2       8   0              10                                       3   2 -10                                   7       0   0                                           0          -2                      -1   3
   641      -7          -3                       0   0      -6      -8       7   9               8                                       4   1  -3                                   4       3 -22                                           0          -2                      -2   5
   642     -11          -6                       5   1      -5     -12       8   7              11                                       7  -3  -2                                  -2       5 -21                                          -3          -4                       2   5
   643       5          -5                       6   4      -4     -15       2   2               8                                       5   0  -5                                   3       6 -21                                          -3          -5                       7   1
   644      11          -1                      -5   3       1     -10      -1  -2              12                                       7  -2   2                                  -2      -1 -15                                          -2          -1                       2   0
   645      11          -3                      -2   5      -3      -6      -1   0               4                                       6  -2   5                                  -5      -1 -14                                          -1          -2                       2   1
   646       5          -4                       0   4       0      -4       0   1              -2                                       3  -2   3                                  -2      -1  -3                                          -1          -2                       1   2
   647      -3          -1                       1   5      -1      -2       1  -5               2                                       0  -2  -5                                   4       2   6                                          -4          -1                      -3   8
   648      -5          -4                       0   7      -4      -2       1  -7              22                                      -4   3 -11                                   5       0  24                                           1           0                      -7   6
   649      -7           3                      -9   7      -1       0       0  -7              21                                      -3   4  -8                                   3      -5  29                                          -4           2                      -2   4
   650     -13           8                      -2   4      -6       0       5  -4               3                                      -9  -1   2                                  -5       2  23                                           0          -1                      -4   5
   651     -12           7                      -3   4      -2       1       2  -5              -1                                      -7  -1   1                                  -7       4  20                                          -2          -4                      -2   8
   652       0           7                      -1   0      -3      -7       7 -11               4                                      -5  -3   1                                  -1       6   5                                          -1           0                      -5   7
   653      -6          -1                       1   4      -4      -4       0  -1              13                                      -6  -1  -2                                  -3       8   5                                          -2           0                      -5   8
   654      -4           2                       5   3      -3       2      -3  -5               1                                      -9  -1  -6                                   6      10   8                                           2          -1                      -6   5
   655      -9           6                      -2  -1       0     -11       2   2               9                                      -3  -3  -2                                   5       7  -4                                          -3           4                       0   0
   656       1           7                       7  -1      -4      -5       0 -15               8  -2                                  -5   1  -4                                  -4      12  -3                                          -7           0                       3   4
   657      -1           8                       3   3      -8      -4       0  -5               6 -14                                  -3   2  -8                                  12       2  -2                                          -5           1                       1   2
   658      14           9                       4  -2      -6      -7       3 -15             -10   1                                  -8   2  -2                                  11       1   1                                          -2           2                       5  -4
   659       1          12                       0  -3      -3       5      -2 -18              -1  14                                  -7   5  -4                                   0       5   3                                          -4           2                       5  -3
   660      -4           2                       2   3      -3      -2      -8  -5              11  21                                  -2   4  -7                                   5       4  -6                                          -6           6                       8  -8
   661      -7          13                       3  -2      -5       3      -5 -10              15 -10                                  -3   4 -12                                  10       6  -3                                          -2           3                       3  -4
   662      -6           5                      -1  -4      -8      -5       4   0              11  19                                  -2  10 -10                                   5       8 -18                                          -2           0                       3  -1
   663      -3           7                       0  -2      -8     -10       3                  10   9                                  -5  10 -11                                  11       3 -10                                          -4           2                       8  -5
   664       0           0                       0   0      -3      -6      -1                  -1  29                                 -13  11  -8                                   5       2   7                                          -2           0                      11  -9
   665       4          -8                       1   4      -5      -3      -2                   5  27                                  -5  11  -4                                  -4      -4   5                                          -4          -1                      11  -6
   666      13          -7                       4   0      -1       3      -6                  -4  16                                  -5   8  -4                                   4      -1  -1                                           1           0                       7  -7
   667      12          -2                      -4   1      -1       4      -7                   7   5                                  -6  12  -5                                  -2      -4   7                                           7          -6                       8  -8
   668      15          -3                      -5   1       0      -2      -7                  13   2                                 -13   8  -5                                   2       1   9                                           4          -2                       1  -3
   669      20          -6                       1  -1       2      -5      -8                   8   0                                  -9   7  -7                                   4       4   1                                           6          -4                       3  -5
   670      12          -4                      -1   2      -1      -4      -7                  13   0                                  -9   5  -5                                   2       6  -1                                           1          -1                      -1   2
   671       8          -1                      -1   3      -3     -11      -3                   9   1                                  -5   1  -1                                   6       3  -3                                           0           2                       0  -2
   672      18         -11                      -2   4      -1     -11       1                   5   6                                   4   4   0                                   0      -4  -5                                           1          -3                       0   2
   673       6          -9                       4   0      -2      -4       1                   7   3                                   5   4  -1                                  -8       0  -3                                           1          -3                       0   1
   674       8          -6                       5   1      -5      -3       0  12              -5  -9                                  -4   5  -1                                   4      -2  -2                                           2          -4                       3  -1
   675       5          -4                       5   1      -2      -6       1   8              -5 -12                                  -5   3  -7                                  19      -7   7                                           0           2                       1  -3
   676      -5           7                       6  -1      -5     -22       4   8               8 -26                                  -5   3  -6                                  13      -4   7                                          -2           1                       8  -7
   677      -5           4                       7   3      -8     -12      -2   7              10 -18                                 -12   5 -12                                  18      -1  11                                           1           1                       3  -6
   678       6          -2                       2   2      -6      -6       0   6               3  -5                                 -15   7  -8                                  17      -5  11                                           1           2                       1  -3
   679       0          -3                       0   0      -4     -27       6   7               9   8                                 -11   6 -10                                  15      -1   9                                           4           0                       2  -5
   680      -8          -5                       8  -4      -5     -11       4  11               7   4                                  -7   7 -16                                  16       2   3                                           6           1                      -1  -6
   681     -11           3                       7  -5      -7               3  10               0   0                                  -1   6  -6                                   2       4  -8                                           6          -2                       3  -7
   682      -7           4                       6  -3      -4              -3   3              -4  12                                   3   7  -8                                   6       4 -13                                           4          -2                      10 -13
   683     -14           7                       7  -7      -5               7   3              -7   8                                  -3   3  -2                                   0       4  -5                                           3           2                       3  -7
   684     -11           7                       8  -6     -10               9  -6              -7  12                                 -10   7  -7                                   6       4  -1                                           2           2                       2  -6
   685      -7          11                       3  -6      -9               3  -3              -1  11                                 -19   5  -7                                   7      14  -7                                           2           2                      -3  -1
   686     -12           6                       3  -5      -6               0   9               9   0                                 -10   5  -3                                  -6      10  -5                                           1           1                       2  -3
   687      -4           2  -1                   5  -4      -6               2   0              16 -11                                  -4   6  -3                                  -7       3  -1                                          -3           3                      -2   2
   688      -4           3  -3                   5  -4      -3              -2  -3              11   0                                  -8   3  -5                                  -2       6   2                                           0           3                       0  -4
   689       2          -1   3                  -3  -8      -5               3   4              19   1                                  -9   6   2                                  -9       4  -3                                           8           3                      -7  -4
   690      -8           8   4                   0 -11      -5               9   9              12 -22                                  -8   6   1                                  -3       2  -4                                           0           4                      -8   4
   691     -15           3   1                   2 -10       0               4  17              13 -13                                  -2   6  -8                                   2       6  -4                                           3           3                      -7   1
   692      -9           3  13                   1  -9      -5               4   3              18  -7                                 -17   7  -7                                   2       5   3                                           5           5                     -11   2
   693       2           4   5                  -1  -6      -8              -1   7              19 -11                                 -26   7  -6                                  12       7  -1                                           3           7                     -13   3
   694      -4          -3   6                   1   1      -4              -4  16              15 -13                                 -20  10  -3                                   6       2  -2                                          -5           0   8                  -7   5
   695      -6           1 -17                   4   2      -4               4  10               5 -15                                  -5   6  -8                                  21       0  -8                                          -3          -3  14                 -11   4
   696      -7           1  -4                  -3   2      -7               2   6              11   1                                   2  11  -8                                   5      -2  -4                                          -2           3  -1                   1  -1
   697       9          -6  -8                  -1   3      -3              -3  -8              13   1                                   5   6  -9                                   6      -3   1                                          -1           3  -2                  -1   0
   698       4          -1 -19                  -1   3      -3              -5  10               7   1                                  -3   5 -14                                  14       1   3                                           1           4  -8                   5  -3
   699      -1           0 -15                   0   0      -3               2  15              -1                                     -14  12 -10                                  14      -7   6                                          -1           1  -1                   9  -7
   700       0           4 -19                  -1  -3      -2               6   1               2                                     -23   6  -6                                  12      -7  13                                          -2           3   2                   3  -6
   701      -4           4 -19                   2   2      -5               4   7              -1                                     -14   5  -3                                          -1   5                                          -6           1   0                   7  -1
   702      -9           6 -19                   4   3      -4               0   2               3                                      -3   4  -5                                           2   0                                          -7           1   2                   8  -4
   703      -8           5  -3                   1   4      -3               0 -13               8                                       3   5  -6                                           0  -1                                          -5           0   4                   1   0
   704       4           3 -27                   0   3      -7               7 -15               7                                       4   3  -3                                          -3   2                                          -4           2   2                   0   1
   705      -1           1   9                   0   1      -4               5 -13               2                                       4   4  -2                                          -7   4                                          -4           7  -6                   1   2
   706      -1           3   4                  -7   1       0               0   1               3                                       5   5  -8                                           0   1                                          -5           6 -12                   2   8
   707      -7           6 -16                  -4   4      -1               1  -1               4                                       3  -3  -8                                           0  10                                          -1           3  -9                   4   3
   708      -2           0   1                   1   0      -1               2  -6               3                                      -6   4  -7                                          -4   9                                          -1           1  -4                   3   2
   709      -4          11 -14                  -3   1      -4               5 -12               3                                      -2   6  -5                                           1  -1                                          -2          -3   3                   3   0
   710      -8           6   6                   1   2      -2              -3 -17               9                                     -16   2  -3                                          -2   8                                           1          -5   9                   0  -4
   711     -10           0  14                  -1   1      -2              -7  16              10                                     -24   6  -7                                           3   6                                           2          -1  -1                   1   0
   712      -9           4  18                  -2  -2      -3              -2  -8              11                                     -16  10  -9                                           1   3                                           0          -1   1                  -3   2
   713       7          -1  -4                   0  -1      -2              -7   3               9                                     -19  13 -12                                           6  -1                                           1          -6   0                   3   3
   714       4          -1   7                  -6  -2       3              -4   1               6                                      -3   8  -6                                           4  -6                                           1          -6   2                  -2   5
   715     -14          -1   9                  -4   1       6              -5   2              15                                      -8   7 -13                                           2   6                                          -2          -6   6                  -6   6
   716      -2          -5  10                  -2  -3       3              -3   2              11                                     -12  11 -10                                          -1   3                                           0          -2   2                  -2   3
   717      -5          -1  24                   1  -2       1               1 -12               0                                      -5   9  -6                                          -3   1                                          -1          -3   2                  -1   3
   718      -7          -7  30                  -1   2       3              -5  10               2                                     -13   6  -4                                          -5   6                                          -2          -3   0                   1   4
   719       0          -8  15                   5  -4       3              -4  -6               4                                     -12   2  -2                                          -4   7                                          -2           1   3                  -1  -1
   720      -5          -7   0                   3  -2       3               4   1               3                                     -23   5  -4                                          -4   8                                          -8          -3  10                  -7   7
   721      -6          -1   9                   7  -7      -3               5   1               0                                     -27   9  -6                                           0   4                                           0           0   3                  -3   0
   722      -9         -10  11                  14  -7      -1               5  28              -8                                     -31   3  -2                                           1   5                                           0          -1   5                  -6   1
   723       6          -8  -6                   7  -8      -2               4  13               1                                     -33   3  -3                                           4   4                                           1           0   3                 -10   5
   724       2          -7  -4                   9  -9       1               4  -4               2                                     -13   6  -7                                           3   2                                          -3           2   4                  -7   3
   725      -3          -4   8                  12 -10      -4              10 -23               3                                      -5   7  -8                                           0   2                                           2           3   5                 -13   1
   726       0          -2  -1                  13 -10      -2              14 -30              -6                                       8  13 -10                                          -3  -1                                           1          -3   6                  -5  -1
   727     -11           0  10                  10  -7      -1               9  -5              -7                                      -3  11  -9                                          -2   2                                           3          -2   3                  -1  -3
   728      -4          -9  13                   9  -3      -2               3   5              -5   4                                 -18  13  -5                                          -3  -2                                          -1          -5   7                   1  -2
   729      -9          -4  13                  12  -4      -2               5   3              -6  -2                                 -37  12  -3                                          -5   3                                          -6          -5  11                   1  -2
   730      -2          -3  -5                   4  -3      -4               5  -8               7   2                                 -40  13  -7                                          -4   6                                          -7           1   6                  -1   1
   731      -4           1   1                   4   0      -6               1 -19               9   4                                 -49  10  -8                                          -1   8                                          -7           0   7                  -4   3
   732       2           1  10                   3   2      -2              -5 -36               6   1                                 -39   8  -2                                          -3   4                                         -11          -4  11                   0   3
   733      -5           3  13                   2   3      -1              -4 -33              12  -7                                 -17   4   0                                          -8   7                                          -8          -2  11                  -1   0
   734      -3          13   0                   3   1       3              -4 -39               9 -14                                 -15   3  -7                                          -2   9                                         -13           0   3                   2   7
   735      -7          15   3                   2  -1      -2              -2 -20               8 -15                                 -11   1  -3                                           4  -1                                          -5           0   3                  -6   6
   736      -7           9  29                  -2  -4      -2              -2 -36              13  -9                                 -16   0   1                                 -14      -2  10                                          -3           3  -2                  -5   6
   737       1           5  12                  -7   2       1              -9  -7               9  -6                                 -17   0  -3                                   1       0   5                                          -3           2  -6                  -1   8
   738       3           5  -6                   1  -1       2              -1                  -1  -8                                 -19  -3   1                                  13      -1   1                                          -3          -1   7                  -7   5                      -8
   739      -1          13  -9                   0  -3      -1              -1                   4 -11                                 -19  -6  -2                                  13       4   1                                 -17      -3           3   4                 -11  14                      -8
   740      -3          20 -14                  -1   0       2              -8                   7 -15                                 -12  -3 -10                                  19       3   4                                  -7      -6           3   3                  -6  14                     -22
   741       6           8 -13                  -5   3      -4              -6                  10 -10                                       1  -7                                  19       0  -1                                 -10      -1           0   6                 -12  15                     -19
   742       3          10  13                  -1  -2       1             -15                   8 -12                                       0  -8                                  17      -2   2                                  -8       0           0   4                  -5  13                     -29
   743      -3          10   6                  -7   0       2             -12                   8   4                                       2 -12                                  24      -1   0                                  -8       4           4   2                  -2   2                     -23
   744      -1           7  -7                  -4  -5      -1              -5                  10   4                                       0  -8                                  22      -2   1                                 -12       7           7   2                  -2  -4                     -15
   745      -7          20 -21                  -7  -4       1               5                   8  -5                                       1 -11                                  20      -1   4                                  -5       8           3   3                  -6  -1                     -16
   746     -10          23 -14                  -9  -2       5              -6                  13  -8                                      -2 -15                                  24      -1   7                                  -7       6           3  -2                  -1   0                     -12
   747      -8          21 -16                  -7  -2       7              -4                   8 -11                                      -4  -8                                  18       0   5                                   5       3          -4  10                  -7   0                     -16
   748     -12          10   6                  -9  -1       5              -8                  17  -6                                       2  -7                                   5      -2   5                                   9       0          -4  12                 -11   2                     -16
   749     -15           9   7                  -3  -2       4              -9                  19 -10                                       4  -8                                   2       2   1                                   7       0          -4  14                 -13  -1                      -6
   750      -8           6  -5                  -6   0       1              -7                  21  -8                                       7 -10                                   7      -2   2                                  -1       2          -2   8                  -6  -2                      -2
   751     -11           8 -15                   2  -2       1               1                  12  -5                                       4  -6                                   3      -2   3                                  -7      -1          -2  10                   1  -5                       0
   752      -5           4  -6                  -5   2      -5              -4                  15   3                                       4  -5                                   3      -1   2                                 -11       1           5   0                   1   0                      -6
   753      -6          12 -20                  -7  -1      -1               2                  11   2                                       3  -1                                  -6       0   0                                  -8       0           4  -1                  13  -7                      -3
   754      -7           5 -26                  -1  -2      -1              17                   2   5                                       3   0                                 -14      -2   5                                  -5      -7           3   4                   5   1                      -7
   755      -4           9 -23                   2  -4      -3               9                   3   2                                       5   5                                 -33      -1   4                                  -7      -8           0   5                  21  -2                     -16
   756      -4          -5  -3                   8  -5      -5                                  10   0                                       4   6                                 -35       0   4                                  -9      -4          -3   5                  16  -6                       3
   757       0           5  -7                   3  -3      -3                                   9 -10                                       8   6                                 -41       0   3                                  -9      -7          -3  -5                  26   0                       3
   758      -3           3   7                   3  -5       0                                   6 -12                                       5   6                                 -29      -2   3                                  -6      -5           0  -6                  19  -2                       6
   759      -4          10  -3                   4  -7       0                                  10 -18                                       4   5                                 -23      -5   6                                 -14      -4          -1  -4                  22  -2                       5
   760     -10           1  -4                   4  -4       4                                   6   3                                      -2  -1                                 -17       4   6                                 -14      -4           1  -2                  11  -2                      14
   761      -3           3   6                   3  -2       0              -8                   5   0                                      -1   4                                 -10      -2   4                                  -9      -2          -2   4                  13  -3                      -3
   762       0           5   7                   7  -3      -1              -8                   2  -2         -25                           0  -2                                   6      -2   2                                  -6       0          -3   5                  -1   1                       0
   763      -3           8   6                  -1   0       4             -11                   1   6         -29                          -2   1                                          -4   4                                   7      -5          -1   5                   9  -5                      -8
   764       1          10  11                  -2  -1       7             -15                  -1  -3         -24                          -4  -3                                  39     -12   3                                   4       4          -2   7                  -2  -6                      -8
   765      -3          10   0                  -1   3       8             -14                  -1  -1         -24                          -4  -5                                  31      -5   1                                   2      -1          -2   3                   3  -5                       6
   766       9           9  -1                  -2   0       5             -28                   2   8         -32                          -7  -6                                  34      -1   1                                  -3       2          -1   2                   3  -1                      -4
   767       4           7   6                   2   1       8             -17                  -7   5         -31                          -5  -2                                  32      -6   1                                   0      -1          -1   3                   7  -4                       0
   768       2           9  12                   3   1       8             -26                  -3   3         -29                          -9   0                                  22      -6   7                                  -4      -6          -6   6                   6   4                      -1
   769       7           5  14                   7  -1       3             -28                  -1   1         -31                          -8   3                                  30      -8   1                                  -7      -3           0   7                   4  -1                      -3
   770      12           6                       9  -2       5             -27                  -5   1         -35                          -5  -1                                  44     -17   5                                  -9      -3          -5  12                  10  -1                      -9
   771      18           4                      -1   3       7             -31                  -7   9         -42                          -5  -4                                  55     -17   4                                   9      -3           0   7                   6  -4                     -16
   772      12          10                       3   6       5             -35                  -3   0         -41                           5  -9                                  50     -17   2                                  18      -8           5   6                  12  -7                     -26
   773      20          -5                       7   3       4             -33                  -3  -3         -33                           0  -2                                  42     -17   3                                   9      -8           2   2                  12  -5                      -7
   774      16          -5                       2   1       2             -26                  -2   7         -28                           2  -3                                  37     -23  10                                   5      -4           2   5                  16  -7                     -19
   775      17         -14                       5  -3       5             -19                  -5  12         -32                           8  -2                                  41     -23   2                                  -5      -2          -2  11                  15  -8                     -11
   776      16         -16                      10   2       1             -15                 -10  14         -40                           7  -2                                  42     -23   1                                 -17      -5           2   5                  19  -3                      -2
   777      17          -8                       3  -1       3             -25                   0   6         -33                           9  -1                                  45     -27   1                                 -14      -2          -1   5                  26  -7                      -6
   778       9           3                       9  -3       4             -18                  -1  -4         -33                           6  -4                                  56     -26   2                                 -12       0           1   8                  14  -9                      -5
   779      12          -6                       7  -4       2             -12                   1  -1         -30                           7   2                                  33     -25   4                                  -9       1          -3   6                  20 -11                       1
   780      10           1                       7  -7       5               1                  -3 -10         -28                           3   6                                  29     -28   8                                   0       2          -3   3                  23 -16                       2
   781       8           3                       7  -6       3              13                  -5 -14         -22                          -2  13                                  29     -29   7                                   0       1           3   3                  17 -17                       1
   782       4           3                      -4   1       5              22                  -8 -13          -6                          -4  12                                  37     -36  13                                   4       1           3   1                  16 -11                     -10
   783       0           8                      -8   1       5              29                  -6 -14          -8                           2  12                                  36     -33   5                                  -7       4           3  -2                  18  -8                      -4
   784      -3           8                      -7   6       8              29                  -8 -18         -16                          10  11                                  36     -35   1                                  -6      -1           1  -2                  28 -10                      -1
   785      -6          -1                      -3   6      10              41                 -13 -18         -11                          14   6                                  38     -37   2                                 -12       3          -3  -7                  33 -10                       9
   786      -7           5                      -3   4       8              46                 -18  -6         -16                           9  10                                  34     -32  -1                                 -17       5          -9   6                  25  -7                       3
   787      -6           5                      -3   2       7              33                 -16   2          -8                           6   4                                  31     -21  -1                                 -24       8          -3  -2                  24  -3                       2
   788      -8           7                      -2   5      11              42                 -25   6         -17                           6   2                                  40     -26   3                                 -22       4           3  -6                  26   0                      -3
   789      -7           7                      -6   9       7              36                 -21   1          -5                           9   0                                  40     -25   1                                 -17       9           0  -7                  27  -1                      -8
   790      -5           8                      -9   9       8              39                 -26  14         -12                           4   3                                  44     -27   4                                 -10       8           0   1                  22  -4                     -18
   791      -8           4                      -7   3      10              35                 -18   5           0                           2   1                                  35     -26   9                                  -8       6           0  -1                  22  -6                     -10
   792     -10           1                      -2   7       6              34                 -13  -4           4                           6   5                                  24     -24   5                                  -4       3          -4   5                  24 -10                      -8
   793      -5          -2                      -4   2       4              37                 -10  -3           3                           1  13                                  -2     -21   8                                   3       0          -1   1                  29 -13                      -8
   794       1         -17                      -7   2       5              41                 -13   5           5                           0  15                                  -4     -23  11                                   7      -1          -5   2                  28 -15                      -6
   795       3           1                       1  -1       4              15                 -14   4          -6                          -5  14                                  12     -17   4                                  -2       1           6  -4                  35 -16                      -7
   796      -4          -7                       1   2       4              17                 -13  18         -10                          -7  12                                   6     -14   6                                  -4      -1           9  -5                  39 -22                      -1
   797      -8          -6                       9   2       2              16                 -14  16          -7                          -3   4                                  14     -17  11                                 -17       0          10  -5                  37 -12                      -3
   798      -2          -2                      10   3       3              12                 -13   2         -13                           3   5                                  19     -15   0                                 -11       2           7  -8                  34 -13                       1
   799      -2          -2                      -1   9       4              -2                 -11  16         -16                           2   2                                  30     -17   1                                 -10       1           3  -3                  32 -10                      -2
   800       1         -16                       3   9       6                                 -15  14         -11                           4   3                                  30     -17  -1                                 -11       0           2  -5                  36 -11                       3
   801       0          -3                       7   5       1                                  -8  -1          -7                           4   4                                  23     -14  -3                                 -13       1           2  -3                  25  -5                       1
   802      -5           3                       6   9       3                                 -13   1          -6                          -3  10                                  26     -17  -1                                 -10       2           2  -3                  43 -16                       0
   803      -1           1                       6  10       3                                 -11  -6          -7                           2   4                                  27     -16   0                                  -6       3           0 -11                  37 -12                       5
   804       0           0                      -1   9       6                                 -11   9         -19                           1   7                                  21     -18   2                                 -10       1           1 -12                  48 -13                       7
   805       2          -3                      -6   8       7                                 -10   9         -10                           5   4                                  24     -21   3                                  -4       0           1  -6                  41  -9                      -8
   806       1          -4                      -4   5       8                                  -6   6         -11                           7   4                                  31     -20  -3                                  -6       5          -1  -3                  40 -15                      -1
   807      -3           9                      -2   5      10                                  -5   6         -25                           9   2                                  25     -18  -2                                  -4       2           1  -7                  41 -16                       1
   808      -4           2                       1   8       4                                  -3   6         -20                          16   5                                   2     -19  -4                                  -7       1          -5  -2                  58 -17                      -4
   809      -5           8                      -1   2       4                                   4  -1         -16                          16   4                                  -3     -17  -2                                 -15       3          -7  -3                  49  -7                       1
   810      -9          19                      -5   6       6                                   4  -7         -10                           6  11                                   2     -14  -4                                 -19       5          -9  -8                  57  -8                       8
   811     -11          16                      -3   8       3                                   1   2         -12                           3   9                                   4     -14   1                                 -19       4         -12  -3                  49  -6                      11
   812      -7           9                      -3   4       6                                   0   0          -7                           1   5                                  21     -12  -2                                 -20       6          -1  -8                  35  -3                       7
   813     -12          14                      -1   4       7                                   0   2          -7                           2   3                                  20     -16   4                                 -16       8          -7  -6                  49 -12                       8
   814     -11           9                       3   3       9                                  -2   2         -11                           5  -2                                   8     -11   5                                 -12       4          -7  -9                  43  -9                      13
   815      -7           3                       3   2       9                                  -9   2           0                           3   1                                   9     -16   8                                  -7      -1         -10   1                  43  -7                       1
   816      -8          11                       3   3       8                                 -12   2           1                          -5   7                                   7     -14   9                                 -11      -2         -10   0                  45  -4                       3
   817     -12           1                       2   4      12                                  -8  -4           8                           3   0                                  10     -14   7                                 -10      -2          -9   0                  46  -5                       2
   818      -3          -4                      -4   6       9                                 -13  11           2                          -2   7                                   4     -15  10                                 -13       2          -8 -10                  64  -7                       3
   819     -10         -14                      -2   6       9                                  -9   8          11                          -1   6                                  10     -18  10                                 -13       0          -1  -8                  70 -14                      -2
   820     -10          -6                      -5   8       8                                  -9   8           9                          -1   7                                   0     -14   8                                 -11       0           0 -10                  71 -12                      -6
   821      -5          -8                      -1  12       6                                 -13   5           0                           3   8                                  -1     -18   7                                 -10       1          -6 -13                  79 -12                      -2
   822      -4         -12 -14                   2  10       8                                 -13  -1          10                           1   9                                  12     -15   1                                 -16       2          -4 -11                  81 -13                       0
   823       1         -10 -29                  -4   7       5                                  -5   6          12                          -4   4                                  18      -5  -2                                  -6       1          -3  -1                  45 -14                       0
   824      -3         -10 -11                  -9   4       7                                  -4   9          12                          -4   7                                  12      -4  -4                                   2       3          -2   2                  45 -22                      -5
   825       2          -6  -9                 -16   1       4                                  -3  18           9                          -5   6                                  13      -2  -4                                  -3       7          -2   3                  28 -13                      -8
   826      -4          -1   0                 -13  -1       6                                   2   9           7                          -1   5                                   7      -2  -5                                  -2       9          -3  -1                  33 -15                      -5
   827      -4          -4   9                 -17  -4      12                                   3   0          10                           2   4                                  15      -2 -10                                  -9      13           1  -9                  33  -7                      -6
   828      -3         -10  10                 -16  -1      11                                   0  11           3                          -2   7                                  17       2 -14                                 -10      13           4  -9                  30 -13                      -1
   829      -1           2  11                  -8   0       7                                   2 -10           3                          -3  14                                  11      -3 -13                                  -8      10          -1 -10                  33  -9                       2
   830      -4          -6  -1                 -12   1       4                                   7   0           8                          -1  11                                  -2       1 -11                                  -6       5          -4   0                  33 -12                       0
   831       2          -3 -21                 -11   0       5                                   6   4           8                          -3   9                                 -16       8  -9                                  -5       1           0  -5                  41 -11                       0
   832      -8          -2   2                  -5  -1       4                                   8  -3           5                           7   4                                 -27      10  -9                                  -6       4          -1  -5                  30  -6                       1
   833     -15           6  -4                  -6   4      10                                   2   0           8                          -5   5                                  -9       8  -6                                  -8       3          -1  -7                  46 -13                       4
   834     -10          -3 -13                  -4  -2       8                                   0   1          16                         -12   7                                  11       3  -4                                 -14       6           1  -6                  48 -15                       5
   835     -12          -4 -16                  -6  -2      11                                   8  -4          13                          -2  -1                                  16       2  -6                                 -12       6          -3  -7                  39 -13                      11
   836     -15          -7   2                  -6   0       9                                   7  -5          12                          -4   1                                  18      -4  -1                                  -8       6           1  -9                  36 -13                       7
   837      -3         -12 -11                   3   1       5                                   4  -2           0                           3   2                                  10      -3  -5                                 -16       5          -1 -10                  32  -5                      12
   838      -4         -14 -19                  -4   4       3                                   6  -9          14                           0   2                                   1       4  -7                                 -13       2          -5  -7                  31   0                       8
   839     -11         -12  -7                  -2  -3       7                                   9  -8          12                           1   3                                  -1       4  -7                                 -11       2           2  -5                  32  -8                       6
   840      -7          -3   2                  -7   4       5                                   2   3           1                          -2   7                                  -2       0  -5                                  -7       2           1  -4                  28  -5                       0
   841     -11          -9  -9                  -4   6       4                                   9  -7           7                           4   1                                  -6       1  -3                                  -9      -1          -2  -7                  33  -3                       6
   842     -14         -14   0                  -4   3       5                                  10               7                           1   5                                 -11       2  -4                                 -14      -2           5  -4                  30  -1                       3
   843      -8         -25  -9                  -3   1       3                                  13               4                           4   4                                  -6      -2  -2                                 -23      -3           7 -12                  30   7                      11
   844      -9         -22   3                  -2   1       1                                   8               7                          -3   4                                 -14       4   0                                 -16      -2           3 -10                  21   4                      11
   845     -12         -24  -8                  -2   1       1                                  11              11                          -6   8                                  -4       8 -11                                 -21       0           7  -2                  19  -1                       9
   846      -9         -25  -4                  -1  -2       2                                  10              10                          -3   6                                  -6       7  -9                                 -21       1           4  -4                  19   0                      11
   847     -12         -24 -14                  -3   0       5                                  11              11                          -7   5                                  -1       9  -9                                 -15      -3           4  -3                  25  -8                      13
   848     -15         -28  -1                   0  -1       5                                  12               8                           0   7                                  -7       6  -9                                 -12      -4           4   4                  24 -11                       8
   849     -11         -28   0                   0   1       2                                   7              10                         -11   6                                  -1      12 -10                                  -6       1           5  -2                  16 -16                      11
   850     -11         -23  -4                  -1   5       2                                   6               8                         -11   1                                   5       7  -2                                  -6       0           6 -10                  17  -9                      12
   851      -5         -23  -2                  -5   6      -2                                   9               5                         -10   1                                   6       4  -2                                  -7       2           8 -15                   9  -2                      10
   852     -11         -27 -13                  -7  10       0                                  18               3                          -2  -3                                   4       8  -5                                 -13      -1           6 -15                   7   2                      19
   853     -13         -21 -10                 -10   9      -3                                  18              10                          -4  -5                                  -5      16  -6                                 -13       2           8 -12                  -5   6                      10
   854     -13         -24  -6                  -6   0      -4                                  19              12                          -5  -3                                  -8      19  -9                                 -12       1           6  -4                 -10  -2                      15
   855     -15         -24  -7                  -3   1       0                                  18               8                          -5  -2                                  -5      16  -8                                 -17       2          10 -10                  -1   0                      15
   856     -26         -27  16                   1   4       4                                  14               5                          -5   2                                  -9      18 -11                                 -17       1          12  -3                  -4  -3                      12
   857     -22         -19  20                  -2  -1       3                                  17               4                         -12   6                                  -5      17 -13                                 -10       4          14  -2                  -3 -14                       9
   858     -17         -27  11                  -1   4       4                                  11               2                           3  -1                                  -2      14 -13                                 -13       7          13  -4                   0  -5                       2
   859     -16         -19   9                   2  -1       3                                  11               4                           1   1                                  -3      12 -11                                 -17       8           8  -2                   2  -3                       6
   860     -13         -27  12                   0   1       6                                   8               2                           4   0                                  -4       8  -8                                 -14       6           7  -8                  14  -3                       7
   861     -10         -22  14                  -3  -4       7                                   6               5                          -5  -3                                 -10      14  -3                                 -10       3           8 -13                   5   0                      11
   862      -5          -9   8                  -6  -7       2                                   4              11                          -8   1                                  -6      11  -4                                 -12       3          -5  -3                   1   5                      11
   863      -9         -19  13                  -2  -6       0                                   7              10                         -10   4                                  -5       9  -5                                 -13       2          -3  -3                   5  -1                      16
   864     -10         -27  23                   1   0      -2                                   1               9                          -9   4                                  -8       9  -4                                 -11       3         -10  -2                   6  -2                      19
   865     -12         -20  -1                   3   3      -5                                   3              13                         -14   5                                 -12      15  -6                                 -14       0          -2   3                   9  -1                      10
   866      -7         -20   0                  -1  -1      -4                                   6              13                          -4   2                                 -21      20  -8                                 -12       1          -3   3                  -2   3                       9
   867      -9         -24  14                   1   1       0                                   4               5                         -12   9                                 -19      21 -12                                 -14       0          -5   0                  -4   2                      17
   868      -6         -30  -9                   0   0       0                                  11               5                          -5   3                                 -17      25 -14                                 -12       1           6  -4                  -1  -3                      13
   869       4         -16 -21                   1  -2      -1                                   7  -2           3                          -5   6                                 -14      25 -17                                 -14       4           3  -4                  -2   2                      10
   870       0          -7  -6                  -1   2      -8                                   7   1           3                         -15  11                                 -14      21 -15                                 -14       4          -1   2                  -9   2                       9
   871       3         -20  17                   5  -4      -3                                   6 -11           0                         -10  13                                  -4      10 -15                                  -5       2           1  -1                 -12  -4                      12
   872       4         -36   1                  10  -5      -2                                   2  -1           0                           0  10                                 -10      14 -17                                 -10       0          -1   7                  -7  -6                      12
   873      -2         -39  20                  -1  -6      -1                                   7   2           4                          -1  10                                  -8       9 -13                                  -8      -2           1  10                 -11  -3                       7
   874      -3         -26  22                   1  -7      -1                                   3   2           5                           1  12                                 -11       5 -11                                 -13      -1          -5  14                  -5   1                       4
   875       1         -41  34                  -4  -5      -1                                   3   2           5                          -7  15                                  -7       7 -14                                 -10       2          -1   7                 -10   1                       4
   876       4         -39  28                   4  -9      -5                                   3  -5           6                          -3  17                                  -8      -1 -11                                 -12      -2          -5   7                  -5   2                      11
   877       6                                   7 -11      -3                                   4 -15           7                          11  23                                 -13       7 -11 -17                             -18      -3         -10  13                  -7   8                      12
   878      -1                                   8  -5     -11                                   5  -8          10                          -1  23                                  -2       6  -7 -19                             -15      -2          -3  18                 -12  -2                       8
   879      -5                                  13   0     -10                                   4 -19          10                           6  21                                  -2       5  -7 -19                             -13      -7          -6  20                 -20   3                      10
   880      -6                                   9   1      -8                                   6  -8           4                           4  26                                   3       3  -6 -24                             -16      -4           4  21                 -19  -1                       4
   881      -3                                   7  -5      -5                                   7  -4           2                          -1  31                                  -6      17 -10 -29                             -15      -1           6  20                 -17  -9                       7
   882      -3                                   9  -9      -2                                   4  -1           3                           0  13                                 -17      20  -1 -18                              -9       2          12   6                  -6 -11                       5
   883      -2                                  15  -1      -6                                 -12   3           5                           0   9                                 -23      28   2 -20                              -9       5          -1  12                 -16  -7                       6
   884      -3                                  12   1      -5                                 -12   2           5                           7   0                                 -19      25   6 -16                              -1       5           0   8                 -18  -8                       4
   885      -5                                   9  -1      -5                                  -7  -8          13                          11   3                                 -14      29   1 -20                              -4       5           0  12                 -23  -4                       1
   886      -3                                   7  -4      -2                                  -5  -6          11                           3   5                                  -8      22   2 -19                              -2       3           2   7                  -8  -9                       3
   887       0                                  11  -6      -3                                  -7   1           4                           6   5                                  -4      17   5 -21                               0       1           8  10                 -27 -11                       5
   888       3                                   9 -12      -2                                  -4  -2           8                           0   6                                   2      10   2 -15                              -3      -3           5  10                 -22  -8                       8
   889       0                                   4  -8      -6                                  -4  10           7                          -7   6                                   6       7   6 -17                               0      -2           7  13                 -18 -14                       5
   890       5                                   4  -9      -2                                  -2   6           2                          -2   4                                  10       6   4 -16                               8      -1          17  12                 -29 -16                      -4
   891       1                                   1  -3      -5                                   6   5          -2                           0   5                                   8      -5   9 -15                               9      -5          23   6                 -21 -13                      -4
   892       3                                   2   4     -11                                   5   4          -6                           7   4                                   8      -6   7 -13                              12      -4           8   4                 -24 -12                       4
   893       2                                   0   6      -6                                   4   7          -9                          10   2                                   8       7   2 -14                              17      -5           5  12                 -42 -14                       3
   894      -1                                  -6   6      -3                                   4  17         -10                          -2   0                                  -3      19   2 -10                              11      -8           3  10                 -45  -7                      10
   895      -3                                  -3   1      -3                                   2   5           2                         -19   0                                  10      23  -5  -8                               8      -4           7  11                 -43 -10                       6
   896      -3                                  -1   3      -2                                   0  -6           6                         -37   3                                  21      16  -3 -10                               7      -6           7   3                 -34  -7                      12
   897      -3                                 -13   7       3                                   7   4          -4                         -30  -2                                  20      13  -5  -3                               9      -7           6  -2                 -37   1                       9
   898      -1                                 -14   9       4                                   4  -3          -1                         -20  -6                                  17      22  -1  -7                              17      -5           7  -5                 -42   0                       5
   899       4                                 -17   5       5                                  -2  10          -2                         -13  -5                                  11      27   1 -13                              15      -2           1   0                 -42  -4                       7
   900      -2                                 -17   6       4                                   0  19          -3                         -15 -11                                  14      33  -1  -9                              15       3           2   4                 -44 -12                       6
   901       0                                 -11   5       5                                   2              -1                          -3  -6                                  14      37  -6 -12                              19       4          -8   2                 -35 -15                       8
   902       0                                  -7   8      -1                                   1              -1                          -9  -4                                  12      31 -10  -6                              17       3         -12   8                 -36 -13                       6
   903       3                                 -11  13       4                                  -1              -8                         -18   0                                  20      29  -9 -11                              20       4         -10   5                 -39 -12                       3
   904       3                                 -13   6       3                                  -2               2                         -18   1                                  18      34  -8 -15                              16       5          -5  11                 -40 -13                      -2
   905       4          32                     -15  12      -1                                  -3              -2                         -38   4                                  11      26  -3 -12                              23       3         -16   8                 -21 -14                      -4
   906       4          16                     -16  12      -1                                  -2               1                         -26   2                                  10      30   2 -18                              28       3         -11   5                 -15 -21                      -4
   907       0          26                     -17  14       3                                  -1              -4                         -24   1                                   9      29   1 -15                              26       2         -15   6                 -17 -16                      -4
   908       4          10                     -11  12       3                                  -5              -5                         -17  -2                                  13      21   1 -11                              23       4         -12   1                 -16 -14                      -3
   909       5           6                     -14  11       2                                   0              -5                         -19   1                                   9      27  -5  -9                              20       4         -13   3                 -20 -11                      -2
   910       2           6                     -11  13       0                                  -1              -4                         -36   1                                   6      23  -3  -5                              15      -1         -16  -4                 -12  -6                       8
   911       8           3                     -14  10      -1                                   4              -8                         -38   3                                   1      25  -3  -5                              22      -9          -9  -4                 -21  -6                      10
   912       2          -1                     -10  11      -1                                   3              -5                         -36  -2                                   4      22  -4   0                              15      -9          -9  -6                 -22  -1                      13
   913       4          -5                      -9  12      -5                                   0              -2                         -46  -6                                  15      14  -1   1                              20      -8          -1  -7                 -26  -5                      10
   914       2          -7                      -6  15      -9                                   3              -3                         -67  -8                                  27      11  -9   8                              18      -4          -3  -9                 -27  -8                      14
   915       5          -4                      -2  11     -12                                   0              -1                         -62  -7                                  19      16 -12  11                              13       2          -4  -4                 -29  -6                       8
   916       0           3                      -3  11      -8                                   3              -3                         -41 -12                                   6      15  -5  14                              18      -7          -9 -12                  -8  -7                      15
   917       2          28                      -5   6      -5                                   4              -8                         -31  -6                                  -1      24  -7   9                              24     -13         -17   1                 -22 -10                      14
   918       0          13                      -5   4      -2                                   9              -8                         -17  -6                                   5      19  -9   8                              22     -11          -8   1                 -19 -13                      11
   919      -2          10                      -9   5       0                                   2  14          -6                         -15 -10                                  -7      19  -8  16                              16     -15         -21   2                      -7                      14
   920       0          -8                     -15   9      11                                   1   7          -8                             -10                                  -4      13  -4  11                              19     -16         -15  -3                       1                       5
   921       3         -30                      -6   6       9                                  -2  11         -12                              -7                                  -5      12  -7  12                              14     -11          -7   1                      -5                       4
   922      -1         -14                      -9   9      12                                   0  11         -15                              -8                                   4       7  -7  11                              12      -6         -18  -2                      -2                       6
   923       1         -11                     -10   6      16                                  -4   5         -10                              -9                                   7       4  -5  10                              11     -10         -18  -7                       6                       7
   924       4          -6                     -10  -5      15                                  -3   5          -4                             -11                                   7       3  -8  15                              13     -15          -5  -5                       3                       6
   925      -1          -9                     -10  -6      19                                  -1  -3           3                             -14                                  16      14 -10  12                              13     -10          -1  -4                       0                       0
   926       2          -1                      -5  -4      11                                  -7   4          -1                             -15                                  10      10   0   7                              15      -4           1  -7                      -7                       2
   927       2         -13                      -4  -9      15                                  -6  -8           8                             -10                                  13      18  -4   1                              12      -5           6  -1                      -5                      -2
   928       4         -14                      -1  -5       9                                  -6  -7           6                              -8                                  19      -7  -6   6                              14      -6           6   1                      -6                      -6
   929       7           0                       2  -6      10                                  -8   4          -8                              -7                                  22     -32  -7  12                              12       0           3   2                      -7                      -9
   930       7          17                      -7  -5       3                                  -4   6          -2                              -6                                  15     -35  -1   9                               9      -4           3  -1                       2                      -8
   931       3           8                     -10   4      -3                                  -1  -1           7                              -5                                  14          -4   1                              11       4         -11   4                      -5                      -9
   932       2         -20                     -14  14      -7                                   1  -8          15                              -4                                  26          -2  -8                              12       7         -14   2                      -6                     -11
   933       1         -25                     -15  12      -6                                   0  -9          19                              -6                                  35          -6  -8                              12       3         -23  -1                      -4                      -1
   934       2         -30                     -16   7      -4                                   3  -8          20                               1                                  41          -6 -17                              14       1         -21   6                     -14                      -1
   935       1         -13                     -21   6      -3                                   0   5          17                              -4                                  40          -4 -13                              15       5         -25  10                     -17                      -5
   936       3          -9                     -15   2      -5                                   1  -1          17                               0                                  30          -4 -12                              11       2         -17   8                     -12                      -4
   937       3         -25                      -5  -4      -3                                   2  -6          15                               0                                  27          -3 -13                              12      -1           5   5                     -18                      -1
   938       2          -2                       1  -8      -9                                   5 -10          14                               7                                  23          -5 -14                               8       2          -3   9                     -20                       1
   939       6           9                      -7  -6     -13                                   5  -2          14                               2                                  16          -2  -8                               6       4           0   2                     -12                      -1
   940       4           0                      -7  -3      -8                                   5   1           7                               2                                  10          -1  -6                               4       2           0   0                      -7                       0
   941       8         -22                      -3  -5      -7                                   0  -5          11                               1                                   8          -2  -3                               5      -1          14  -2                      -5                      -1
   942       4         -34                      -7   4      -7                                   5  -5          11                               1                                  17          -6  -5                               4       1           1  -2                      -4                       1
   943       8         -25                      -9   0      -8                                   2   3           9                               1                                   4          -1  -3                               5      -6          12  -2                      -3                       2
   944       7           1                      -4  -7      -6                                   1  -3           9                               5                                  -4          -2   0                               1      -6           9   3                       2                      -3
   945      17           1                      -3 -11      -9                                   3 -10           6                              13                                  -9          -5  -3                               3      -6           6   1                       3                      -2
   946      15          -6                      -5 -12      -7                                   2   0           5                               8                                  -2          -8   1                               4      -4           8   3                      -2                      -3
   947      18         -22                      -5 -10     -10                                  -3   8           3                               7                                  -5          -6   2                               6      -6          10   5                      -9                      -1
   948      20           5                      -6 -22      -4                                  -1  -4           7                              11                                   6          -9  -5                               9      -4          -3   5                      -8                      -2
   949      16          10                       2 -20      -6                                  -2 -11           8                               6                                   7         -10   0                               6       1           3   0                      -6                      -2
   950      19          13                       1 -19      -6                                  -4 -11           7                               8                                   8          -8  -4                               7       2         -10   0                      -7                       0
   951      27         -12                       2 -20      -9                                  -8 -10           8                              14                                  -2          -9  -2                               6       0          -1   3                      -5                      -3
   952      18         -15                       6 -17      -6                                  -9  -7           8                               9                                  -1         -10   3                              -1      -2          -1   2                      -1                       3
   953      17         -11                       2 -16      -3                                  -7  -8           8                              11                                   7         -14   1                               2      -3         -15   6                      -2                       0
   954      18          -1                      -1 -23      -2                                  -5  -2           5                               9                                  10         -13   0                               3      -1         -12   3                      -5                       3
   955      17          22                      -1 -23       1                                  -9  -5           5                               4                                   2         -11   6                               5      -3         -11   3                       0                      -3
   956      15           6                       0 -17      -3                                  -4  -8           7                              11                                   2         -12   1                               5      -3         -11   8                      -2                      -5
   957      12          16                       6 -15      -4                                  -5 -16           8                              14                                  -3          -8  -2                               1      -3         -18   8                       1                      -2
   958       9           9                       8  -2      -6                                   1 -22           3                              10                                 -10          -2  -1                               5      -1               0                       3                      -7
   959      10           9                       5  -2      -6                                   2 -14          -1                              14                                 -17           0  -1                               1      -3               1                       5                      -5
   960       5           2                       8  11      -6                                  -3 -12          -2                               7                                 -23           3   5                              -3       0          -1   0                      10                      -7
   961       3           1                       6   4      -5                                   0 -14           3                               4                                 -11           3   0                              -4       3           5  -5                       9                      -4
   962       5          -8                       3   2      -3                                   0  -8           2                               8                                 -13           3  -2                              -3      -3           8  -1                       6                      -1
   963       6          18                      -2   2      -6                                   1  -8           2                               7                                 -20           7  -1                               0      -2          14   1                       8                      -9
   964      10          14                     -13 -14      -2                                   4  -3           8                              12                                  -6           2  -7                              -1      -5           8   3                       7                      -6
   965       5           7                     -20  -6       1                                   2  12           6                               1                                   1           1  -2                              -1      -7           4   1                       7                      -1
   966       3          15                     -16  13      -1                                  -1   1           6                              -8                                   3           2   2                               9      -7         -13  -3                       7                      -3
   967       3          17                     -14   7      -6                                   5  -1           6                              -1                                   1           2  -2                               8      -9           1  -2                       4                      -1
   968       2          19                      -9   5      -2                                   1  -6           6                              -5                                   8          -6   5                               7      -9         -12  -5                       8                       1
   969      -1          21                      -6   5      -1                                  -2  -1           6                             -10                                   9          -3   4                               5      -7          -8  -5                       3                       4
   970       0          18                      -5  10      -4                                  -4  -3           7                             -14                                   6           0   6                               7      -7           3  -8                       4                       4
   971       8         -15                       1  18     -12                                  -6   3           1                              -6                                  -9           0  10                               5      -3          17  -3                      -1                      -1
   972       8           8                       1  11      -2                                  -7  -4          -3                              -6                                  -7           1   7                              10      -6          -7  -5                       1                       1
   973       7                                   3   1       0                                  -5 -15           4                               3                                  -7          -4   6                               4     -11           2  -3                      10                       1
   974       6                                   8  11      -3                                  -8 -10           0                               2                                 -14           3   4                               5      -7          -1   0                       2                       1
   975       7                                   8   4      -1                                 -10   3          -8                               8                                 -23           2   7                              -1      -6          -9   6                       0                       1
   976       4                                   4   3      -3                                  -6   5          -3                               5                                 -15           2   5                              -2      -5           5   4                      -1                       3
   977       4                                  11 -10       0                                   0  -9          -5                               9                                  -7          -1   0                               4      -6           6  -1                      -4                       6
   978       6                                  11 -16       3                                  -1 -13          -5                              10                                  -1          -6   0                               8      -7          -8   0                      -5                       5
   979       3                                  11 -11       6                                  -1 -18          -2                               4                                   0           0  -3                               6      -3          -2  -5                       0                       2
   980      -1                                   8 -17       9                                  -1  -4          -6                               0                                   7         -11   6                               3      -6          -7  -1                      -1                       5
   981       3                                  -2 -28       7                                  -1   5          -1                               0                                  16         -10   0                               0      -1          -8  -3                      -2                       7
   982      -2                                  -5  -7       1                                   2   3           4                               0                                  12          -6  -2                               0      -2          -8   0                       0                       3
   983      -1                                  -9  21      -4                                   6  -6           5                              -8                                  10           0  -2                               6      -2              -9                       6                      -1
   984       0                                  -6   4      -1                                   4  -1           2                              -3                                   9          -4   0                               5      -5              -3                       1                       2
   985      -1                                  -9  11       2                                   1   4           1                              -8                                   6          -4   5                               5      -8              -3                       4                       1
   986       5                                 -11  -5      -2                                   6  -1           3                               6                                   7          -9   1                               7      -7               3                       1                      -4
   987       6                                 -13 -11       5                                   4   2          -1                              -1                                   9          -8   3                               5      -8              -7                       8                       2
   988       7                                 -13  -4       4                                   3  -4           2                               9                                  -3          -5   2                               2     -12              -2                      14                      -3
   989      10                                 -15 -22       4                                   2   6          -1                              11                                   0          -7   1                               4     -11               1                       5                       0
   990       8                                 -17 -22       2                                   1  12           3                               9                                   5          -6  -2                               4     -10               7                      -1                       1
   991      10                                 -20 -22       3                                   1  16           0                               3                                   5          -7   3                              -1      -2               0                       5                      -2
   992      13                                 -14 -19      -4                                   2  11          -1                               6                                   7          -8   0                               7      -3               1                      -5                       0
   993      11                                 -14 -43      12                                  -4   5           1                              -6                                  14          -5  -1                               8      -3              -3                       1                      -3
   994      12                                 -11 -48      10                                   3   4          -4                               6                                   9          -2  -7                              11      -6              -2                      -5                       1
   995       7                                 -15           3                                   2  10          -4                              -7                                   3           2   0                              10      -2               2                      -5                      -6
   996       7                                  -9           3                                  -3  -1           2                              -6                                   3           4  -3                              13      -6               4                      -5                      -5
   997       6                                 -15           2                                  -2   7           3                             -13                                  10           1  -2                               8      -1              -2                      -2                      -3
   998       7                                 -13           0                                  -2  10           0                              -5                                   4           2  -2                               9      -4               3                      -7                      -1
   999       7                                 -14           0                                   1   5           2                             -14                                  13           2  -4                              12       2              -1                      -7                      -6
  1000       8                                 -11          -1                                  -3   7           1                             -15                                   9          -1   2                               7       5              -4                      -3                      -4
  1001      13                                 -13          -3                                  -5  13          -4                             -13                                   3           0   4                               8       4              -3                      -6                      -3
  1002       9                                  -9           5                                  -8   6          -3                             -18                                   1           4   3                              10       1               0                      -6                      -5
  1003       7                                 -14           1                                  -3   9           1                               1                                  -3           0   2                               1      -4               3                       3                      -3
  1004       6                                 -10           3                                  -7  12          -2                              -2                                  -6           2   4                               5      -7               9                      -6                      -2
  1005       7                                  -5           5                                  -9  11          -6                              -6                                  -7           2   6                               3      -5               2                      -2                       2
  1006      -2                                  -3           7                                  -4   9          -5                              -3                                  -8           3   4                              -5      -3               0                       5                       4
  1007       3                                  -3           4                                  -2   5          -5                              -1                                  -2  -2      -1   5                               5      -7              -1                       1                       2
  1008       6                                   1           2                                  -5   3          -6                              -3                                  -3  -7       5   3                               9      -5               1                      -5                       0
  1009       0                                   9           1           3                      -1   2         -10                               2                                  -4  -3      -1   5                               7      -5               3                      -8                       2
  1010       2                                   8           0         -25                       2  -1          -7                              15                                  -2 -11       1   1                               6      -3              -1                      -1                      -1
  1011       0                                   8           3         -18                       2   2         -11                               5                                   7 -20       1   5                              10      -5              -7                       2                      -1
  1012      -4                                   5           1          -8                       6   2          -7                               3                                   7 -14       3   0                               7      -2              -5                       1                       0
  1013      -6                                  14           0           6                       1  -6          -4                               5                                  -3  -7       7  -2                               2      -1               2                      -5                       1
  1014      -9                                  12           4          -4                       5  -3          -7                               6                                   6 -23       9   0                               9      -6               0                       1                      -4
  1015      -8                                  11           4          -3                       2  -1          -7                               2                                   7 -23      10   0                              10      -6               0                      -2                      -3
  1016       0                                   3           5          -5                       3  -4          -6                               2                                   0 -19      14  -2                              11      -3               0                       0                      -9
  1017      -1                                   3           6           4                       5 -10          -7                               3                                  -4 -11       8   1                              11      -6               3                       3                     -11
  1018      -2                                   3          10          -1                       5 -11          -8                               6                                 -10 -10       8   4                               7      -5               1                      10                     -13
  1019       3                                   2           5           4                       5 -13          -5                              11                                 -10  -9       8   1                              12      -8               6                       3                     -13
  1020       6                                   5           7           5                       2 -19          -7                              14                                 -20  -2       8   3                               8      -8               2                       7                      -8
  1021       7                                   1           9           2                      -2 -13          -6                               3                                 -20   4       5   6                               6      -6               6                       3                      -9
  1022       0                                   5           9           9                       0 -12          -6                               1                                 -21   6       5   6                               1      -2               8                       3                      -9
  1023      -1                                   4           6           7                       2 -11          -4                               1                                 -10   1       4   2                               4      -3               5                       1                      -7
  1024      -4                                   5           6          14                       3 -10          -3                               1                                 -12  -3       9   2                              -3       1               0                       9                      -7
  1025       2                                  12           0          13                       1 -15          -6           2                   3                                 -19   2       6   5                              -3       7              -1                       4                      -7
  1026       4                                   6           1          -4                       5 -12          -3          -8                   0                                 -13   6       3   2                              -5      14             -10                      11                     -10
  1027       1                                   5          -3           1                       7  -7          -5          -1                  -3                                  -9   1       8  -1                              -5      16             -11                       7                      -7
  1028      -3                                  11          -2           3                       6 -12          -2          -1                  -8                                  -7  -5      14  -3                              -4      18              -8                       5                     -10
  1029      -7                                  12           2          -3                       3  -1          -6          -7                 -14                                  -5  -4      10   1                              -5      16              -7                       1                      -6
  1030      -9                                   4           1         -12                       6   9          -9          12                  -9                                  -6  -4       9   1                             -13      20              -4                       0                      -4
  1031      -3                                   2          -6           0                       1   9          -7          22                   8                                  -8 -15       8   7                             -14      14               3                       2                      -4
  1032       1                                  -3          -4         -13                       3   6          -5          22                   5                                  -2 -15       8   4                              -6      12               2                       1                      -8
  1033      -3                                  -4           0         -15                       2  13          -6          16                   6                                  -5 -17      10   6                             -10      13               4                       3                     -10
  1034       1                                   0           8         -24                       3  10         -10          -3                   6                                 -14 -10      13   4                              -4      11              -2                       3                      -9
  1035      -1                                   8           5         -22                       5   1         -11           4                   3                                  -3 -15       8   6                               4       8              -4                       3                     -11
  1036       2                                   6           2         -27                       9  12         -13         -22                  22                                 -13  -6       3   6                               1      13              -4                       3                     -12
  1037       0                                   7           9         -18                       3   1         -10          -6                  -6                                 -12  -1       7   5                               2      10              -1                      -1                     -10
  1038       1                                   6          14         -16                       1  -4         -10          -2                  -3                                 -15   1       7   4                               2       2              -3                       2                      -4
  1039       7                                  -2          15         -19                       2  -9          -9          10                   6                                 -12   0       6   2                               7      -8              -5                       5                       0
  1040       3                                  -3          17         -27                       6  -6         -10           9                   8                                  -6   0       4  -2                              11     -10              -5                       3                       1
  1041       8                                  -8          19         -11                       1  -9          -6          -1                   2                                 -14   7       6  -2                              13     -15               1                       0                       1
  1042      12                                 -13           7           3                      -1  -5          -2          -3                   5                                  -4   7      -4   0                              15     -18               5                      -3                       1
  1043      14                                  -8           0           0                       0  -4          -3          -2                   5                                  -7  11      -5  -1                              10      -8              -1                      -5                       4
  1044      13                                  -9          -1          11                      -3   3          -5          -7                 -21                                   2  10      -9   3                              12      -6              -1                      -7                       2
  1045      14                                  -5          -8          22                       0   1          -9          -9                 -10                                  -4   5      -2   4                              11      -5              -4                      -4                       3
  1046      11                                  -6          -7          12                      -4   5          -4          -4                 -10                                   2  -1       0   2                               8      -3              -3                      -6                       4
  1047       4                                  -2          -4          17                      -1   5          -5         -13                  -8                                   1  -1       4  -1                              10      -8              -1                      -6                       6
  1048      -1                                  -7          -3          21                       1  10          -2         -20                   3                                   2  -7       6  -1                               8     -11               6                      -1                      -2
  1049       3                                  -1         -14          33                      -2   4           3         -24                   7                                   0  -3       2   0                               5      -7               8                      -3                      -3
  1050       4                                   4         -10          21                       0  -1           0         -24                   4                                   5   1      -5  -1                              12     -10              -2                      -1                       0
  1051      -1                                   5          -7          25                       1  -1           3         -29                  -2                                   3   4      -4  -1                               6      -5              -2                       4                      -2
  1052      -6                                   1           3          16                       1   9          -3         -25                  12                                  -4   4      -6   3                              -2      -7              -2                      10                       1
  1053       2                                  -4           0           9                       2   6          -1         -20                  17                                  -7   6       0  -4                          -9   4      -6              -1                       3                       2
  1054       2                                 -14           3           4                       2  11          -3          -3                   3                                  -6   5       3  -4                          -1  -2      -3               1                       0                       5
  1055       3                                 -13          -2           1                       5  10          -6           6                  14                                  -3  -1       4  -4                          -5   1      -6               0                      -1                       6
  1056      10                                 -21          -6          13                       2   7          -5          13                 -13                                  -2   6       5  -7                          -9   5      -7               2                      -6                       9
  1057       4                                 -16          -5           3                       4  17          -3          -7                  -8                                   6   1      -1  -3                          15  -1      -1              -2                      -6                       5
  1058       3                                 -10          -6          11                       4  10          -1         -18                  -8                                   5  -4       4  -3                          25   2      -5              -3                      -7                       4
  1059       4                                  -8          -4          18                       4   3           2         -30                 -11                                   4  -2       4  -3                          34   4      -8              -2                      -5                       0
  1060       5                                 -13          -8          20                       6   6          -1         -20                 -14                                  10  -3       1  -3                          31   4     -10              -7                      -1                       4
  1061       8                                 -17          -5           2                       8   3          -1          -1                  -3                                   7  -5       2  -1                          34   1      -5              -2                      -6                       0
  1062      14                                 -14           0          -6                       6   3          -6           0                   3                                   5  -1      -4   1                          23   9      -9              -5                      -6                       3
  1063      12                                  -3          -7          -4                       5   4          -9          -5                   0                                   7  -1      -6   2                          20  11      -6              -6                      -9                       4
  1064      12                                 -12          -7          -2                       1  10          -7           2                   9                                   3  -2      -6   4                          11   5      -4               4                     -10                       2
  1065       8                                  -3          -1          -5                       2   8          -9          -2                   0                                   6  -1      -7   3                           2  14      -8               1                      -9                       1
  1066       7                                  -9           2          -3                       4   7          -8           0                  13                                  -5   3      -2   1                           0   3      -4              -4                       1                       3
  1067      12                                  -7           7         -12                       1   5         -11           8                   5                                  -8   3       0   2                         -11   9      -3               1                      -7                       3
  1068       3                                   3           9         -12                       2   0          -8           6                  18                                  -3   6      -2  -4                          -9  11      -9               2                      -9                       8
  1069       8                                   0           4         -15                       2   2          -6           7                  25                                  -3   7      -5  -2                         -10   9      -5               1                      -8                       5
  1070       8                                   2           3         -11                       4  -2         -10           8                  27                                  -5   9     -10   1                           5   9      -7               4                     -12                       5
  1071       8                                   0           4          -8                       1   2          -9           5                  40                                  -8   6      -8   3                           0   6      -8               6                      -9                       5
  1072       6                                   3          -3          -6                       0   5          -6          -2                  18                                  -1   7      -7  -1                          -4   5      -1              -3                      -5                       5
  1073      -3                                  10          -5           1                       4   2          -7          -2                  10                                  -1  -1       3  -3                         -12   9      -3              -3                      -2                       4
  1074       1                                   4         -12           6                       4   5         -12           5                   8                                   1   0       5  -6                         -15  10      -7              -5                      -5                      12
  1075      -7                                  14         -14          10                       6   2         -10          -8                   0                                   4   4       0  -7                           1   9      -6              -6                      -6                       9
  1076      -1                                   9         -17           6                       1   6          -6          -7                                                       9  -6       2  -2                          -4   8      -2              -7                      -3                       6
  1077       1                                  -3         -11           1                       6  11          -5          -6                                                       1  -2       6  -4                          -3   4       2              -2                      -6                       2
  1078      12                                  -7         -27          17                       3  11          -7         -14                                                       1  -6       6   0                           4   7      -2               2                     -10                       1
  1079      13                                   1         -19           7                       1   4          -3         -17                                                      -1  -6       5   2                          17   2       4              -8                      -6                       2
  1080       5                                  -3         -17           7                       3   1          -3           0                                                       4  -4       5  -4                           5   2      -2              -4                      -3                       5
  1081      -1                                  -2         -18           7                       6   3          -6           5                                                       8  -7       6  -3                          14  -1      -3              -2                      -5                       6
  1082      -1                                   0         -11          -1                       0   4          -1           9                                                       7 -10       7  -1                           9  -4       1               4                     -12                       7
  1083       3                                   1         -11           8                      -3  -3          -4          12                                                       3  -7       6   0                           3   2      -8               9                     -14                       9
  1084      -2                                   4          -3           1                       1   1          -3          -1                                                      -1  -4       9  -3                           0   6      -5               9                     -14                       4
  1085      -7                                   5          -2           1                       2   2           1          -7                                                       4   0       5  -7                           4   3      -4              -1                      -6                       5
  1086     -10                                   1           4           1                       0   8           0          -4                                                       4  -3       5  -4                          -4   3      -5               6                      -5                       3
  1087      -5                                  -9          20           9                      -2   2          -3           0                                                       0  -6       2   4                           5   1     -17               6                       4                       2
  1088      -6                                  -2          14           7                       0   4          -4          -8                                                      -3  -3       3   3                           6   4     -13               8                      -3                       1
  1089      -2                                   6          14           4                       2  -4          -3         -13                                                      -8   2       5   0                           3   7      -8              -3                       2                       0
  1090      -4                                   5           8           9                       0  -7          -1          -8                                                     -10   1      11  -2                           0   4      -9               7                      -4                       2
  1091      -5                                  12          -4          14                      -6  -8           0         -11                                                     -11  -4      18  -1                         -14   5      -6               6                      -2                       2
  1092      -1                                  15         -25          17                      -4  -6          -2         -12                                                      -9 -11      22   2                         -19   8      -1               7                      -5                      -1
  1093     -12                                  17         -26          14                       2  -6           2         -14                                                      -2 -10      23  -5                          -2   3       0               1                      -3                       0
  1094       0                                  12         -23           8                       0  -3          -2          -7                                                      -4  -7      20  -5                         -13   6       2              -5                      -2                       5
  1095      -3                                  13         -20           6                       1  -3           2         -13                                                      -4   2      14  -9                         -13  10       0               1                      -8                       2
  1096      -8                                  13         -17           9                      -1   0           1         -17                                                      -8   6      15 -11                         -18   6       3              -6                       2                       3
  1097      -3                                   3          -7           1                       0   5           0          -8                                                     -12  14       9 -11                         -29   4       9              -7                       5                       2
  1098       2                                   5           6           2                      -3  -4           0          -4                                                     -16  14      10  -9                         -29   6       2              -8                       9                       4
  1099      -1                                   9           1           7                       0  -7          -1         -13                                                     -19  14      15  -9                         -18   5       2              -8                       6                       2
  1100      -3                                   6           2           8                       0  -5          -1         -11                                                     -18   9      17  -6                         -19   4       1              -3                       6                      -1
  1101      -2                                  -2          12           3                       1  -3           2          -7                                                      -8   3      16  -6  -2                     -15   6      -6              -3                       7                       1
  1102       6                                  -7           6           4                      -2  -1           6          -9                                                      -9  -2      19  -1  -1                     -15   1       1              -4                       9                      -2
  1103      12                                  -6          14           3                      -6  -2           1          -3                                                     -15   3      16   0  -2                     -14  -1       3              -5                       4                       5
  1104      14                                  -7           7           4                      -5   1          -2          -1                                                      -7   3       9   3  -7                     -15   6      -1              -4                       0                       6
  1105      23                                   4          10           2                     -11  -4           1         -14                                                     -10   7       1   5  -5                      -3   8       2              -8                      -6                       6
  1106      20                                  -1           3           5                     -10   2          -4          -6                                                      -5   0      -4   7  -1                     -18  10      -6               1                       0                       2
  1107      21                                   2          -4           6                      -9  -1          -4          -8                                                      -6   3     -10   4   4                     -10   9      -9               7                      -5                       1
  1108      10                                   3         -12          11                      -7  -5           0          -8                                                     -10  10       0   3  -6                      -8   4       4               1                      -3                      -1
  1109      11                                   5          -5          13                      -6  -8          -1         -17                                                      -9   8       3   4  -7                       2   9      -5              -3                      -4                       1
  1110      18                                  -3          -6          16                      -8   5          -2         -26                                                      -7   2       2   5  -3                       0  10      -9              -1                      -3                       0
  1111      14                                  -8          -9           6                       4  14          -3         -32                                                       0  -4       7   1  -1                      27   5      -2             -11                      -6                       2
  1112      11                                  -7         -13           9                       7  10         -12         -16                                                      -7   3      10   1  -3                      11   6      -4              -6                      -5                       3
  1113      10                                  -2         -11           9                       3   1         -13           2                                                     -10   5      16   4 -10                       1   5       0              -2                     -12                       9
  1114      -8                                  11          -7           1                       5  -3         -12           7                                                       1   2       4  -4  -1                      -2  10     -13               1                      -6                       6
  1115       5                                  10         -20           4                       3  -8          -8           3                                                      -5  -1       8  -3   4                      -9   7      -8              -2                       5                       1
  1116       3                                  14         -18           4                      -1  -2          -7          -8                                                      -5   2       6  -8   6                     -15  15     -13               3                      -3                       1
  1117       5                                   3         -19           9                      -2   2          -6          -5                                                       3   0       8  -7   1                     -17  16     -20               4                      -3                       4
  1118      24                                  -2         -19           3                      -1   0          -5          -3                                                       1  -2       0  -5   7                     -17  14     -16               3                       2                       1
  1119      14                                  -5          -1           0                      -1   3          -3          -1                                                       2   1       2 -11   8                     -14  11     -20               5                      -2                       6
  1120      15                                   1           7           3                      -7   4          -6          -6                                  -4                  -4   4       0  -1   1                     -24  18     -18               7                      -4                       3
  1121      15                                   4          16          -3                      -2  -3          -4          -1                                 -10                   0   4      -3  -1   1                      -4  15     -17               3                      -9                       4
  1122       3                                   0          24           1                      -2  -1          -2          -4                                  21                  -4   3      -8  -1  -1                      -8   6     -11               5                      -4                       5
  1123       0                                   5          12           0                       1 -12           2           2                                  25                  -2   5      -2  -4  -6                     -12  10     -11               4                      -4                       4
  1124     -12                                   3           7          -3                       9  -7           0           2                                  40                  11  -3       0  -6 -10                     -13  15     -17              -5                       2                       5
  1125      -8                                  10          -8           1                       7 -16           2           2                                  54                  -2   2       1  -8  -8                     -19   9      -7              -2                       2                       5
  1126                                          19         -21          -2                       9 -23           6          -6                                  81                  -9   1      -6 -11  -5                     -29  12       0               0                       0                       3
  1127                                          17         -19           0                       8 -15           1          -9                                  69                  -9   2     -11  -3  -9                     -18   9       7              -9                       1                       3
  1128                                           6         -23           6                       7 -14          -1           0                                  56                  -8  -2       2  -4  -5                     -21   4      -1              -1                       6                       2
  1129                                          12         -21           5                       3 -10          -2          -7                                  59                  -6   2      -8  -5  -9                     -27  12      -3              -5                       4                       5
  1130                                          11         -17           5                       2  -5          -5          -7                                  64                 -11   4     -12  -2 -11                     -20   4      11             -10                      -2                      10
  1131                                           9         -10           4                       0  -1          -3          -9                                  58                 -15   0      10  -2 -10                     -27   3      14              -9                      -2                      13
  1132                                           3          -7          -1                       2   1           3         -12                                  64                  -9  -2     -19   0  -7                     -18  -2      19              -1                      -5                       6
  1133                                          -2         -28           8                       0   6          -1         -10                                  54                  -5  -6      -2  -2  -6                     -16  -5      14              -2                      -4                      10
  1134                                           4         -35           7                      -2   4          -3          -6                                  40                  -2  -5          -1  -6                     -12  -3      13              -7                      -2                      10
  1135                                           6         -31           7                       3  -1          -6          -6                                  38                  -5  -3          -4  -3                      -5  -1       4              -7                       0                       7
  1136                                           9         -26          10                      -1  -7          -4          -4                                  32                  -6  -1          -2  -4                      -8   1       1              -4                       1                       6
  1137                                           4           4           6                      -1   2          -4         -11                                  23                 -16  -4           3   3                       2  -9      14               2                      -5                       4
  1138                  74                      -4          19          -6                      -9  -2          -1           1                                  26                 -33   1          10   2                     -12  -8      13               3                      -7                      11
  1139                  54                      -4           7          -5                      -8   3           8         -12                                  24                 -18  -4           3   4                     -14  -2      10              -2                       1                       5
  1140                  45                      -6          -2           2                      -6  -1           5          -8                                  19                 -12   2          -2   0                      -7   1      -3               1                      -2                       6
  1141                  40                     -10           0           3                      -6   4           3          -7                                  13                  -5  -3           2  -2                      -2   0      -5              -2                      -1                       7
  1142                  17                     -12           6          -3                      -3  12           3          -4                                   8                   3  -2          -2  -1                     -10   2      -1              -2                       1                       5
  1143                   0                      -5          13          -2                      -4   7           5          -4                                  -2                   5   2           0  -3                       0  -1       7              -8                       2                       3
  1144                  13                      -3          -3           2                      -2   0           5          -7                                  10                   0   6          -1  -8                      -1   4       3             -12                       3                       2
  1145                  23                      -2          -2           8                      -4  -4           1          -8                                  11                   1   1          -1  -5                       8   3     -11             -14                       7                       4
  1146                   0                      -2           0           1                      -4   2           1           4                                   3                  13  -8           0  -2                      -2  -1      -5             -10                      10                       5
  1147                   3                      -7          26          -2                      -2   7           4          -7                                   4                  15  -6          -1  -5                       8   2      -7             -18                       6                       7
  1148                  17                      -4                      -5                       1   9           0          -9                                  13                   0  -2           3  -7                     -11  10      -1              -9                       0                       5
  1149                  10                       7                       4                      -6   3          -4          -9                                   2                  -4  -1           4  -1                      -7   9      -6              -9                       5                       0
  1150                 -11                       7                       7                      -5   3          -4          -9                                  17                  -2  -4          -1  -1                     -19   9      -7               4                       0                       3
  1151                 -15                       9                       9                      -2   2          -2         -18                                  23                  -5  -6           1  -3                     -15   9      -2               2                       0                      -1
  1152                 -16                       5                       1                       5  10          -6         -16                                  25                  -9  -6           2  -2                     -20  10       5               1                      -1                      -1
  1153                   9                       2                      -5                       5   7          -4         -12                                  29                 -17  -1          -1  -1                     -21   8      10              -5                       0                       2
  1154                   2                       7                      -4                       2   4           2         -15                                  16                 -11  -1          -4   4                     -16  10       2               3                      -2                      -2
  1155                   7                      -2                      -3                       0   8           2         -11                                  17                  -7  -5          -2   3                     -15   3       8              -3                       5                      -1
  1156                  17                      -6                       5                       2   4          -4         -10                                  30                 -14  -2          -2  -3                     -13   3       0               0                       0                       5
  1157                   7                      -2                       8                      -1   5          -3         -16                                  35                 -21   0          -8   3                     -15  -2      11                                       4                       2
  1158                 -10                      -5                       8                       3   1          -1          -9                                  36                 -12   0          -4  -7                     -17  -1      10                                       3                       4
  1159                   0                       2                       0                       6  -3          -1          -6                                  37                 -27   4          -7  -1                     -18  -5      24                                       2                       2
  1160                  -7                       6                       6                       4  -5          -2         -12                                  30                 -22   0          -2  -2                     -10  -1      16                                       1                      -1
  1161                   6                       4                       4                       8  -6          -5          -9                                  21                 -23   1          -1   2                      -1  -2       8                                       1                      -3
  1162                   6                       2                      10                      11   0         -12         -18                                  28                 -34   4          -2   1                       5  -2      11                                      -2                      -4
  1163                   2                      -4                       8                       7   2          -3         -17                                  27                 -11  -6          -3  -1                       1  -1       2                                      -1                       0
  1164                  13                     -11                      10                       8  -1          -5          -9                                  21                 -13   3          -6  -2                      10  -4      -4                                       0                       0
  1165                   1                      -5                      12                       7   2          -4         -19                                  21                  -8  -3          -8   4                      15  -6      -3                                      -2                      -1
  1166                  12                     -10                       6                      12   1          -1         -18                                  27                  -4  -6          -6  -2                      14  -1      -9                                      -8                       4
  1167                   9                      -2                       2                       4   0           0         -12                                  20                   1 -10          -5   3                       6  -3      -5                                      -6                       7
  1168                   6                      -5                       5                       2   4           3         -16                                  16                   5 -10          -7   4                       9  -4      -4                                      -5                       5
  1169                   8                      -2                       8                       4  -1           3         -23                                  25                   1 -13          -7   4                       9  -2      -7                                      -5                       4
  1170                  10                       2                       9                      -4  -1           3         -19                                  16                 -11  -8          -3   6                       3  -6      11                                      -1                       0
  1171                   8                       2                       9                      -3   2           4         -26                                  19                 -25  -1          -4   6                       8 -13      39                                     -10                      -1
  1172                  -3                       5                       7                       0   1           6         -27                                  22                 -21  -8           1   3                       0  -8      37                                      -7                      -2
  1173                   3                       2                       5                       2   0           4         -20                                  23                 -26  -4           1   1                      -3  -9      39                                      -6                       0
  1174                  -1                       3                       1                       0   4           1         -13                                  17                 -32  -1           5   1                     -10 -11      53                                      -5                      -1
  1175                 -13                      -2                       4                      -1  13           3         -23                                  12                 -24  -3           7   1                      -6 -10      56                                      -6                      -5
  1176                 -11                       1                       6                 -17  -1  11          -4         -11                                   8                 -27  -1           7   3                     -10 -10      51               5                      -3                      -6
  1177                  -7                      11                       2                  -6  -2   4          -4         -10                                  16                 -40   3          -1   7                     -14  -9      54               4                      -4                      -3
  1178                  -8                       7                       0                  -8  -3   9          -4          -8                                  10                 -26   2          -5   8                      -8 -10      47               3                      -5                      -1
  1179                  -6                       6                      -4                 -47  -1  12          -1          -5                                   7                 -26   0           4   3                     -11  -8      69             -12                      -1                      -6
  1180                  -5                       4                      -1                 -37  -7  17           0          -8                                  -1                 -32   4          12   1                      -8 -12      87             -16                      -3                      -7
  1181                  11                      -2                       4                 -29 -13  21           0         -12                                 -11                 -35   5          20   1                      -5 -12      87             -15                      -2                     -10
  1182                 -21                       5                       7                 -14 -10  21          -1         -22                                   0                 -25   0          11   1                      -6  -8      76             -10                      -6                      -7
  1183                 -12                      -5                       1                   1  -6  27          -1         -20                                  -6                 -24   7           9   1                      -2  -8      68              -8                      -8                      -6
  1184                   0                      -5                       6                  -1  -9  23          -5         -16                                  -6                 -29   5          13   1                      -3  -7      60              -7                      -3                      -8
  1185                  -6                       0                       8                 -13  -8  14          -3         -12                                  -9                 -17   3          17  -5                      -5   2      40              -6                      -1                      -9
  1186                 -21                       1                       7                 -22  -6  14          -3          -3                                  -5                 -12  -1          11  -1                     -11  -5      46               2                       2                      -8
  1187                 -10                       7                       3                 -14  -6   9           2         -15                                 -13                 -21   2          14   4                      -8   5      38               7                      -2                     -15
  1188                  -1                      -3                       3                 -18 -10  14           5          -8                                 -14                 -10   4          12   0                     -11   4      33               5                      -1                     -10
  1189                  -2                       4                       4                 -33  -7  12           3         -15                                  -5                 -10  -5          11   3                     -12   8      33               4                      -2                      -9
  1190                   2                       4                       1                 -19  -4   7           3         -12                                  -8                  -7   1           7   3                      -3   9      15              -2                      -1                      -9
  1191                 -11                       8                       2                 -23  -3   5           2          -9                                   2                  -1  -2           1   0                      -1   4      24             -12                      -1                      -3
  1192                 -21                       8                      -3                   3  -1   6           3          -9                                  -1                  -6  -5           6   3                      -8   0      27               4                      -5                      -1
  1193                 -32                       8                       1                   7   0   1           3          -6                                  -5                   7  -4           6   0                      -2   1       7               6                      -1                      -4
  1194                  -2                       6                       4                 -18  -3   1          -2          -1                                 -11                   4  -3           6   5                       6  -2       6               3                      -2                      -6
  1195                   8                       4                       2                 -12  -5   1          -3           1                                  -7                  -3   2           3   3                       0   4      -1               4                      -2                      -3
  1196                  -2                      -1                       4                   6   1   1          -4          -2                                  -1                  -6   1          -2   4                       6  -4      -1               6                       1                      -4
  1197                 -27                      -2                       2                  17   6   6          -6          -2                                  -6                  -2   3          -3   7                       8  -8      -2              20                      -1                      -8
  1198                 -19                       5                       0                  13   5   2          -5          -5                                  -5                 -18   2           2   7                       4  -4      12              12                       0                     -10
  1199                  -6                       8                      -1                  20   7  -5         -11          -1                                  -1                 -52   4          14   5                      -8  -3      25              24                      -2                      -8
  1200                 -14                      -1                      -1                 -12   0   3           1           6                                  -8                      -4          10   2                      -5  -7      23               5                       5                      -5
  1201                 -17                       0                       4                  -3  -5   6          -2           6                                 -10                       2           6   2                      -3  -8      22              10                       1                      -4
  1202                 -19                       2                       0                 -15  -2   7           0           3                                  -5                      -5           5   4                      -8  -7      32               4                       4                      -4
  1203                 -26                       5                      -2                  -8   2   2           0           5                                  -3                      -4           1   6                      -4 -13      32              10                       1                      -2
  1204                  -1                       6                      -2                  -5   8  -2         -10           4                                   8                 -56   6           3   5                     -10  -5      39              20                      -1                      -7
  1205                  16                       0                      -6                  12   2  -1           2          -7                                   2                 -33   1           4   5                      -1  -6      32              -7                       1                      -4
  1206                  19                       1                      -5                  17  -4   5          -5          -4                                   2                 -34   1           6   5                      -6  -2      30              -9                       0                       1
  1207                  23                      -7                      -5                   3  -3   8           2          -7                                  -2                 -18   0           6   6 -29                  -1  -1      36              -7                      -5                      -2
  1208                  22                      -3                      -6                   8  -5   7           0          -5                                  -1                 -22  -2           7   7 -35                   0  -4      47             -20                       0                      -4
  1209                   2                      -2                      -1                  13  -9   4           8          -7                                  -6                  -3  -6          13   3 -27                  -1 -11      55             -17                      -1                      -1
  1210                   7                       3                      -6                   2 -10  -1          11          -1                                  -6                   4  -7           5  12 -38                  -6  -9      46                                      -2                       0
  1211                  -2                       5                      -3                  -5 -10   0          10           0                                  -5                  16  -7          -2  11 -17                  -1 -15      46                                      -7                       5
  1212                  -2                       4                      -1                  -2 -12   1          11          -4                                  -4                  14  -6          -6   9  13                  -1 -17      38                                      -4                       5
  1213                  -6                      -1                       2                   6 -11   8          11         -14                                  -5                   5  -2          -5   9   8                   5 -18      55                                      -8                       0
  1214                   8                      -2                       3                  16  -7   1           6         -16                                   1                 -18  -4           0   8   7                   5 -18      51                                      -6                      -1
  1215                 -14                       2                       3                  22  -7   0           5          -8                                   1                  -8  -5           2   5  -2                   0 -19      50                                      -1                       0
  1216                 -27                       3                       8                  32  -7  -3           0          -2                                  -5                  -4  -6          14  -1   1                   3 -28      52                                      -3                       5
  1217                 -14                       0                       9                  19  -3   1           0         -13                                  -1                 -14  -4          10  -1   8                   5 -16      42                                      -5                       0
  1218                   4                      -4                      10                  22 -14  -2          12         -16                                   1                  15 -12           4   4  -6                  -1 -17      38                                      -2                       3
  1219                 -20                      -2                       7                  10  -2   2           4          -9                                  -3                  10  -7           8  -4  19                   3 -19      43                                 -18  -1                       4
  1220                  -2                      -9                       5                 -20  -1   1          13          -6                                  -9                  29  -6           8  -5  15                   2 -11      32                                 -18   0                       2
  1221                  -6                     -10                       5                 -16  -2   4          15         -11                                  -7                  46  -8           0  -2  21                   6 -17      33                                 -19  -2                       4
  1222                 -15                     -10                       4                 -17   0   6          12          -4                                  -8                  46  -7           3  -2   8                   4 -17      36                                 -16   0                       3
  1223                  -6                     -15                       6                 -20  -3  12          11          -8                                 -14                  48  -6           6  -2  11                   6 -17      43                                 -19  -3                       3
  1224                   4                     -13                       0                 -14  -2   9           8           0                                 -11                  23  -3           4   4   0                   4 -19      45                                  -5  -4                       2
  1225                  14                     -10                       3                 -15  -1   6           3          -1                                  -7                      -3           5   5   1                   4 -16      44                                   3  -6                       1
  1226                  10                     -10                       2                 -13  -5  11           2           1                                   0                      -4           1   3   4                  -7  -8      28                                  16  -2                       4
  1227                   0                      -3                       2                   2  -9   8           0           3                                  -2                      -1           2   6 -16                  -5  -6      29                                  18  -5                       1
  1228                 -14                      -2                      -2                   2  -2  13          -5           2                                   0                      -3           1   6 -21                  -2  -6      38                                  10  -6                       0
  1229                                          -5                       0                  14  -5  11          -7           1                                   1                      -4           5   3 -22                  -5  -3      25                                  -2  -2                       3
  1230                                          -6                      -1                  -6  -3  14          -2          -2                                  -4                      -5           2   8  -1                  -3  -9      41                                   2  -1                      -1
  1231                                          -5                       4                  15  -8   7          -2          -2                                 -10                      -5           8   6   3                   0 -16      25                                   7   1                       1
  1232                                          -7                       4                   2  -5   5           3          -2                                 -14                      -5          14   6  -3                  -2 -14      32                                  13  -1                       0
  1233                                           0                       3                   2  -8   3           4          -4                                 -12                      -3          10   6  -8                  -2  -5      33                                   5  -3                      -1
  1234                                           5                       3                   8  -7  -1           2          -7                                 -10                     -10          18   6 -16                  -9  -1      38                                  -9  -2                       4
  1235                                           2                       2                   2  -3  -4           4          -3                                  -4                      -5           8   5 -10                  -2  -7      33                                   0  -4                       3
  1236                                          -1                       0                  -9   1   7          -1          -6                                  -5                      -6           5   8  -7                  -1  -1      21                                  10  -6                       0
  1237                                           2                       1                   1  -1   3          -4          -2                                  -2                      -8           8   7 -20                  -4   5      11                                   6  -4                       1
  1238                                          -2                      -2                   8  -3   7          -5           2                                  -3                      -6           6   9 -23                  -5   3       7                                  10   1                      -2
  1239                                          -1                      -2                   5   1   8          -7          -1                                  -4                      -7           3  11 -13                   2  -5      20                                  -2   1                      -4
  1240                                           6                       0                   5  -2   7          -8          -8                                  -2                      -5           0  11 -13                   4   4       7                                   2  -6                      -4
  1241                                           3                      -3                  -3   2   7         -11           5                                   3                       0          -2   6 -22                   4   5      10                                   0  -9                       0
  1242                                          -6                      -2                   9   3   6          -3          -2                                  -1                       1          -2   5 -10                   7  -4      -3                                  17  -6                      -2
  1243                                          -2                      -2                  19  -7  10          -2          -7                                  -3                       1          -2   9 -15                   3   2       4                                  19  -8                      -2
  1244                                           2                       1                  20  -7   5          -5          -6                                  -4                       0           0   7 -12                   5   1      -2                                  11  -7                      -1
  1245                                          13                       0                  24  -9   2          -8         -12                                  -3                      -1          -6  14 -12                  12   6      -8                                   1  -6                      -8
  1246                                           7                       2                      -2   2          -6          -4                                  -8                      -1           6   8 -12                   4   9      -4                                   0  -4                      -5
  1247                                           1                       6                      -1   2          -4          -6                                 -12                      -2          18   3 -20                   0   9      12                                  -2  -9                       1
  1248                                           7                       6                      -4  -3          -6           2                                 -11                      -2          15   5 -18                  -2  11     -17                                  15  -4                      -1
  1249                                           8                       9                     -12  -2          -5           5                                  -7                       2          10   3 -19                   0   6      18                                   2  -4                      -4
  1250                                           7                       9                     -10   0          -4          -4                                  -5                      -5          13   8 -29                  -4  14      31                                  -5  -1                      -8
  1251                                           3                       3                      -6   3          -2          -2                                  -7                      -1          10   7 -23                  -4  14      16                                  -8   3                      -9
  1252                                           3                       5                      -5  -3           2          -6                                  -9                      -1           9   4  -8                   1   0      23                                  -1  -4                      -1
  1253                                           4                      -1                      -5   3           8         -16                                  -6                      -1           1   8  -8                  -4  17       8                                   6  -4                      -4
  1254                                           7                       4                      -8   3          -1          -9                                  -6                      -1           5   5  -6                  -1  11      17                                 -11  -1                      -5
  1255                                          15                       2                     -12   3          -7           0                                  -3                      -2           4   8 -14                  -5  14      25                                 -20  -2                      -3
  1256                                           6                      -8                  21 -11   5          -2           2                                  -1                      -1           0  11 -23                  -8  10      22                                 -13   1                       0
  1257                                           1                      -6                  17  -7   6           1          -4                                  -6                      -3           4  11 -13                  -8   7       6                                       1                       2
  1258                                          -1                      -4                  15  -2   1           0      24 -13                                  -9                      -1           4  12 -14                  -5   4       7                                       1                       1
  1259                                           0                      -4                   9  -3   2          -6      26   1                                  -6                      -1           6   9 -15                 -12   2       8                                       2                       7
  1260                                           3                       2                  12  -9  -2          -5      21  -1                                   2                      -4           3   5 -11                 -10  -2      22                                       3                       4
  1261                                           5                       6                   1  -8   1          -8      14   0                                   0                      -8           9   6 -10                 -11   3      22                                       4                       1
  1262                                           6                       2                   2  -6   0         -10      11   7                                   1                      -3           3   9 -19                  -3   1      23                                       0                      -3
  1263                                           8                       6                  -6  -6  -6         -11      30   4                                  -6                       3           3   7 -14                  -1   0      16                                       2                      -4
  1264                                          10                       7                   7 -16  -6          -9      31  -1                                  -2                       3           0   1  -5                  -7   0      16                                       2                       2
  1265                                           9                       7                   9 -16  -3          -9      18   2                                  -6                       0           8   4  -7                  -6   0      14                                       3                       1
  1266                                           8                       3                   1 -14  -2          -6      21   3                                  -1                       0           1   3  -7                 -11   6      11                                       6                       0
  1267                                          10                       4                  10 -16  -1         -16      20  11                                  -5                       4           5   6 -17                   0   3       2                                       4                      -6
  1268                                           3                       0                  17 -15   2          -9      17   4                                  -3                       3           4   8 -22                  -6  10       2                                       6                      -6
  1269                                           4                      -2                  22 -14   3         -14      15  10                                  -1                       3           2   7 -19                  -2   4      -8                                       4                      -3
  1270                                           5                       3                  19 -13  -4         -13      11  10                                  -7                       1          12   7 -17                   0  -2     -13                                       6                      -3
  1271                                           7                      -1                   2  -8  -1          -9       3  15                                  -9                       3          12   8 -18                  -5  12     -18                                       4                      -2
  1272                                           4                      -2                   5  -3  -3          -5      -7  15                                  -5                       1           9   3  -9                  -1   5     -31                                       4                       0
  1273                                          11                      -1                  -8  -1  -8          -7       8  14                                  -7                       5               9 -14                   4   4     -10                                       3                      -7
  1274                                          10                       0                  -2   3  -9          -5       4   2                                  -8                       0               9  -3                   9  -5     -12                                       1                      -5
  1275                                           4                      -2                   3   2  -5          -4       7   3                                  -9                       5               6  -3                   8  -2     -26                                       3                      -6
  1276                                           9                      -4                   9  -2  -5         -18       5  25                                  -6                       5               8 -10                  14 -12     -38                                       6                      -7
  1277                                          15                      -2                  -3   2  -4         -21       4  20                                  -5                      -1              10  -7                  12  -6     -33                                       2                      -5
  1278                                           5                      -3                  -1   7  -3         -12       6  13                                  -4                       0               5  -3                   8  -7     -33                                       7                      -5
  1279                                           0                      -3                   2   3  -4          -1       5   4                                  -8                       4               2   3                   4  -8     -26                                       7                      -3
  1280                                           5                      -1                   5  -1  -5          -3      -3   5                                  -1                      -2               0   7                   3  -2     -42                                       9                      -3
  1281                                           7                      -4                  -5  -3  -2          -2     -10  21                                  -3                       1               2   0                   1   2     -32                                       8                      -4
  1282                                           6                      -1                   7 -10  -2          -3      -1   7                                  -4                      -3               2   7                  -1  -5     -27                                      13                      -5
  1283                                          12                      -1                  -6  -4  -2          -1     -11   5                                  -3                      -7               6   6                  -1   6     -23                                       8                      -5
  1284                                          11                       0                 -10  -1   2          -4     -12   9                                  -2                      -7               5   5                   0   3     -10                                       2                      -2
  1285                                           9                      -2                  -3   2  -4          -5      -1   7                                   1                      -7               8  -3                  -1   3     -19                                       7                      -5
  1286                                          -3                      -3                  -8  15  -2           3      -1   1                                  -1                      -4               8  -5                  -1   0                                               5                      -4
  1287                                           8                       0                  -2  -6  -2          -3       0   5                                  -7                       0               5   3                   2  -6                                               4                      -4
  1288                                           2                      -2                   2   0  -3          -3      -1   8                                  -5                       2               6  -4                   6  -8                                               1                      -4
  1289                                          16                       2                  -1 -13  -6          -3      -4   8                                  -5                      -2               7   0                   2   0                                               2                      -4
  1290                                          12                      -2                  -5  -4  -4          -3     -16  21                                  -1                      -2               7  -5                   5  -3                                              -2                      -2
  1291                                           8                      -3                  -8   0  -2          -1     -12  21                                  -5                      -1               8  -3                   2  -5                                               2                      -2
  1292                                          17                       0                   1 -12  -8           0     -13  11                                  -7                      -1               8   0                   4  -4                                              -5                       3
  1293                                          14                      -1                  -8  -5  -6           2     -19  20                                  -1                      -3               8  -6                   1   6                                              -3                       0
  1294                                           8                       0                  -2  -8  -1           5     -14   4                                  -3                      -4               3   6                  -2   2                                               0                       1
  1295                                           9                       2                   6 -11  -2           3     -11  -4                                  -4                      -4               5   4                   5   1                                              -2                      -4
  1296                                           0                       0                   0   0  -1           2      -4   3                                   0                      -1               3  -3                   3   0                                               2                      -4
  1297                                           5                       3                  -7  -6   3          -1      -2   1                                   1                       1              -5   4                  -2   9                                              -4                       1
  1298                                           2                       0                   8 -10   4          -1      -4  -4                                   1                      -2               0   3                   4   5                                  -5          -2                      -2
  1299                                           7                       2                   4  -9   0          -5       1  -5                                  -3                      -2              -1  10                   3  -6                                  -4           0                       1
  1300                                           3                       2                   4  -4   1          -7       7  -7                                  -1                      -1               1   3                   6  -7                                   3           1                      -5
  1301                                           5                       0                   1  -9  -3          -4       3   8                                  -2                       2               1  -1                   3  -5                                  -1           3                      -3
  1302                                           5                      -1                   4  -9   0          -5       1   6                                  -3                       2               4  -4                   5   0                                  -1           0                      -4
  1303                                           6                       1                   3 -17   2          -5       3   0                                  -5                       1               1   4                   3   3                                  -7           4                      -6
  1304                                           2                      -2                  15 -24   3           2       3 -15                                  -6                       1               5   1                   0   5                                   2           4                      -6
  1305                                          -2                      -1                  12 -14  -2           8      -4  -6                                  -2                       2               4  -5                   3   2                                   5           1                      -7
  1306                                          -5                      -1                  15 -12  -7          10       1  -8                                   1                       5              -1  -6                   2   9                                  -6          -1                      -3
  1307                                          -5                       1                  12  -2  -7          10       4 -23                                   0                       0              -1   0                  -1   4                                   1          -1                       0
  1308                                          -1                       1                   9  -4  -6          10      -6 -13                                   1                      -2               0   2                   0   4                                  -2          -3                       2
  1309                                          -7                      -2                  10  13  -5           2       2  -9                                   4                      -3               3  -5                   5   6                                 -12          -2                       0
  1310                                         -11                      -3                   9   9   1           3      -1  -2                                   5                      -2               0  -4                   3  11                                 -17          -1                       0
  1311                                          -8                      -5                   2  17   2          -6       5   9                                   5                       3               5 -16                   2   8                                  -4          -6                       2
  1312                                         -10                      -3                  -7  28   2           0      -5  21                                   6                       3               4 -16                   5  14                                 -12          -6                       0
  1313                                          -9                      -1                  -9  22   1           2       0  12                                   8                       3              -1 -12                  -3  14                                  -4          -3                       1
  1314                                          -8                      -1                  -9  16   5           0       1  10                                   7                       3              -3  -8                  -5   9                                   3          -2                       2
  1315                                          -6                      -3                  -6  10   8           0      -8  21                                  10                       0              -3  -9                  -1   5                                   6          -5                       1
  1316                                           1                       0                 -12  -7   7           3      -8  17                                   2                       3               2  -7                  -6  17                                   6          -1                      -2
  1317                                           0                       0                 -11 -12   7           6     -14  26                                   2                       1              -1  -2                  -1  10                                   0           5                      -8
  1318                                           5                       3                 -21  -5   4           4     -10  29                                  -6                       4               3  -2                  -3   7                                   2           7                      -8
  1319                                          -3                       1                 -15  -4   2           8      -3  20                                  -2                       5               4  -8                  -8  20                                  -3          10                      -9
  1320                                           2                       1                  -5  -5  -2           3       1   7                                  -4                       1               6  -4                  -3   1                                   4           9                      -8
  1321                                           6                       1                 -11  -6  -2          -2       1  19                                   1                       1               4  -7                  -2  13                                  -4           7                      -8
  1322                                           2                      -1                  -3  -6  -4          -6      14   4                                  -2                       8               2  -9                  -1  16                                 -10           2                      -2
  1323                                           7                       4                  -8   4  -5          -2       5  -2                                  -6                       2               6  -3                  -2  10                                  -4           2                      -2
  1324                                     -14   5                       4                  -6  16  -6           0       0  -3                                  -2                      -1               4  -2                  -2   3                                   2          -2                       1
  1325                                      -3   1                       6                  -5  11  -8           9      -4  -8                                  -3                       0              -1   4                   2  -2                                   1           2                      -4
  1326                                      -9   4                       3                   2  10  -9           4      -6   1                                   2                      -4               6  -4                   2   1                                   1          -3                       0
  1327                                     -18  -5                       0                   3  27  -4           4      -4   5                                  -3                       1               5  -4                   3 -11                                   2          -3                       4
  1328                                     -14  -6                      -1                   2  25  -2           7     -14  16                                   0                      -3              11  -8                   4 -10                                   6          -2                      -1
  1329                                      -4  -7                       0                   8  14   1           8      -9 -10                                   1                      -4               1   2                   1 -12                                   7          -4                       3
  1330                                      -6  -4                       1                   5   3   0          11      -9  -8                                   5                      -4               4  -5                  -2   9                                   7          -4                      -2
  1331                                      -9   0                      -2                   1  -8   1          -1      -1  13                                   5                      -1               2  -6                  -2  12                                  -4           1                      -2
  1332                                      -5  -1                      -1                   4  -7   2           4      -5   1                                   6                      -4               2  -5                  -1  15                                   0          -4                      -1
  1333                                     -13  -3                      -4                   7 -22   4           4      -2   3                                   1                       1              -3   2                  -1  -1                                   3           0                       0
  1334                                      -5  -5                      -5                   7 -14  -1           1       2  11                                   5                       2              -2  -4                   1   2                                  -5           1                       0
  1335                                     -15   4                      -2                   5 -11  -6          -5       8   2                                   2                       2               2  -7                   6  12                                  -6          -2                      -6
  1336                                     -13   1                      -4                   7 -14  -8          -3       9   3                                   1                       2               3  -6                   2   6                                  -6           5                      -6
  1337                                     -37   4                       0                   0  10  -2          -6       9  -5                                  -2                      -1              -2   5                   3   7                                  -7           5                      -7
  1338                                     -32   0                      -3                   1   9   0          -7      15  -8                                   0                       4              -4  -1                   6  12                                  -5           3                     -10
  1339                                     -18   1                      -3                   1  13   2          -6      10 -14                                  -4                       1               4  -1                   4   1                                   3           6                     -12
  1340                                     -15  -9                      -6                   5  15   3          -5      15 -13                                  -1                       6              -5   0                   4   2                                  -4           4                      -7
  1341                                     -12  -8                      -4                   6  15   3          -3      12 -21                                  -4                       3              -5   6                   4   1                                  -7           5                      -4
  1342                                      -7   1                      -2                   5   5   1          -7       9 -17                                  -1                       0               4  -2                   2  14                                  -5          -2                      -3
  1343                                       3   7                      -1                   1 -15   2          -9       8 -14                                  -3                       0              -2   6                   4   7                                  -6          -1                      -2
  1344                                       3   4                      -4                   4 -16   3         -11       8  -9                                   1                      -2              -1   2                  -2   5                                  -4          -1                       4
  1345                                       5   5                      -4                   1 -30   2         -10       9  -1                                   3                       0              -3   0                  -7   9                                  -4           1                       6
  1346                                      13   6                      -6                  -1 -26   7         -15       9  -1                                  -1                       0               3  -2                  -3  -4                                   3           1                       1
  1347                                      -4   9                      -6                   2 -38   7         -14       7   3                                   1                      -3               0   2                  -1  11                                  -5          -2                       2
  1348                                     -13  12                       0                  -5      -3         -10       6   8                                   1                      -2               1   0                  -2  -5                                   2           3                      -1
  1349                                      -3   2                      -1                   0       0          -3       4  -3                                   2                      -2               0   0                  -5  -2                                   3           3                       1
  1350                                      10  -5                      -1                   0       4          -2       5 -16                                  -3                       5              -1  -1                  -4  -3                                   4          -2                       5
  1351                                       0   3                       0                  -1       4          -2       3 -18                                  -2                       1               1   0                  -4  -3                                  12          -3                       0
  1352                                      -3   1                       3                  -5       1           3       3 -13                                  -4                       5              -3   2                  -2  -4                                   9           0                      -2
  1353                                       3  -1                       0                   1       0          -1       7 -20                                  -3                       5              -5   3                  -1  -2                                   1          -1                       2
  1354                                     -11   0                      -1                   2       0          -1       7 -15                                  -4                       6               0  -2                   2   2                                   5          -2                      -4
  1355                                      -6  -1                      -2                   4      -3          -1       4  -2                                  -1                       2               1  -1                   4   0                                  -2           1                      -3
  1356                                       1  -6                      -2                   6      -1           5       3 -13                                  -1                       3              -3   1                   3   1                                  -2           0                      -3
  1357                                       1  -3                      -1                   4      -2           3       4 -18                                  -2                       3              -2   1                   1  -1                                   3           0                      -2
  1358                                      -2   1                      -1                   6      -1           1       6 -29                                  -3                       0              -5   8                   3   7                                  -4          -1                      -1
  1359                                     -13   1                      -1                   5      -4           1       6 -13                                  -1                       3              -4   2                   2   5                                  -2          -2                       0
  1360                                     -20  -7                      -2                  11       1          10      -2 -12                                  -5                       0              -3   8                   0 -14                                   5           3                      -1
  1361                                     -18  -4                      -1                   8      -2          10      -1 -12                                  -1                       1              -5   5                  -2  -8                                   6           0                       1
  1362                                     -15 -12                       2                  11      -4          16      -6   4                                  -4                       2              -2   3                  -3  -7                                  -2           4                       2
  1363                                     -23  -3                       2                   4       2          10      -7   3                                  -5                       1              -5   8                  -4 -17                                   8           2                       2
  1364                                     -24   1                       3                   3       0          12      -7  -4                                  -5                       3              -8   9                  -1 -23                                  14          -1                      -1
  1365                                     -28  -7                      -1                   3       4          13      -6  15                                   0                       4             -10   6                  -2 -15                                   8           1                       1
  1366                                     -32  -8                       2                   0       2          13       1  10                                  -8                      11              -9   6                  -3 -10                                   4           5                      -2
  1367                                     -25  -4                      -1                  -3       3           9       1   9                                  -3                       7              -8   5                   4   1                                   1           3                      -8
  1368                                     -18   2                       0                  -6       1           8       2   3                                  -2                       6              -3  -1                  -1 -14                                  15           5                     -10
  1369                                     -17   8                       1                  -5      -2          -1       1  11                                  -4                       1               1   2                   1 -10                                   5           6                      -7
  1370                                     -17   9                       1                  -2      -5          -5       8   4                                  -3                       6              -5   2                   3  -8                                   1          -1                       0
  1371                                     -19   6                      -2                  -3       1           1       4   0                                  -4                       5              -8   7                   5 -11                                   4           1                      -6
  1372                                     -12   0                      -1                   0       1           5       7 -18                                  -4                       6              -3   1                   0   3                                   6           1                      -6
  1373                                      -1  -4                      -5                   5      -1           2       7 -16                                  -2                       3               2  -3                   5   5                                   0           1                      -7
  1374                                       0   0                      -3                   4      -4           4       2  -4                                   3                      -2              -3   2                   5   3                                  -4           1                      -4
  1375                                      -5  -4                       0                  -1       0           9      -1   2                                   2                       2              -3   0                   3   7                                   0           1                      -6
  1376                                      -1   1                       1                  -5      -2          10       0  -4                                   3                       2             -11   7                   2   1                                   0           2                      -4
  1377                                      -6   0                       0                  -3       1          10      -4   1                                   2                       1               1  -4                  -1  -9                                  13           2                      -8
  1378                                     -23   6                       0                  -2      -7          12       1  11                                   3                       1               0  -3                   1  -9                                  11           8                     -14
  1379                                       0  -2                      -6                  -3      -1           9       4   2                                   2                       0              -4   3                   3 -15                                   3          11                     -11
  1380                                       3  -2                      -3                  -2      -4           7       3   4                                   1                      -2              -4   5                   1  -8                                  -5          12                      -7
  1381                                     -10  13                       0                  -9       2           0       2   1                                   1                      -3              -4   6                  -1  -5                                   5           6                      -9
  1382                                     -16  17                       0                 -12       4          -3       3  -2                                  -2                       0              -4   6                  -1 -12                                  12           4                      -9
  1383                                     -20   8                      -6                  -3       2           3       5   5                                   3                       0              -4   2                  -1 -12                                  11           5                      -9
  1384                                     -16   5                      -3                  -2       1           7       3  -2                                   3                      -1              -6   4                  -3  -7                                   7           5                      -6
  1385                                     -23   7                       0                  -1      -1           3       1   9                                   1                      -4              -5   8                  -3   4                                  -1           7                      -5
  1386                                     -16   1                      -2                   3      -2           3       1  11                                  -1                       4              -8   5                  -1 -16                                   2           1                       3
  1387                                     -13  -1                       0                   3      -1           0       2   9                                  -2                       3              -4   2                  -3  -5                                  -1           1                       4
  1388                                       0  -3                      -2                   0       0           1       3   3                                   0                       1              -5   4                  -2  -3                                  -4           4                       3
  1389                                      -2 -10                      -3                   5      -2           9       3  -4                                   0                       2               0  -2                  -4  -4                                   2           5                      -1
  1390                                      -8  -5                      -2                   4      -2          13       1  -7                                   1                       3              -3  -1                  -3  -9                                   8           2                      -3
  1391                                      -6  -5                      -3                   0      -5          20       7 -18                                   3                       6             -11   2                  -2  -6                                   6           5                      -6
  1392                                      -4  -2                      -2                   0      -2          12       5 -17                                  -2                       8             -14   8                  -1 -19                                   5           2                       0
  1393                                      -5  -2                       0                   4      -6          18      -1 -17                                  -1                       6              -8   3                   1 -16                                   9           0                      -4
  1394                                      -8   1                       0                  -2      -6          24       0 -15                                   7                       4             -17   6                   0  -8                                   8          -1                      -4
  1395                                      -5 -10                      -2                   1      -3          25       0  -8                                   3                       6             -12   3                   0 -10                                   6           3                      -6
  1396                                      -6 -11                       1                   0      -2          32      -4 -13                                   1                       7             -11   4                   1 -11                                  10           4                     -10
  1397                                     -10 -13                       4                  -2      -5          34      -4   0                                   2                       8             -12   1                   2  -1                                   6           2                     -10
  1398                                     -17  -5                      -2                   4      -4          35      -4 -11                                   5                       2             -15   8                   1  -3                                   8           3                     -11
  1399                                     -16 -11                      -2                   0      -1          37       0  -9                                   4                       7             -16   5                   0  -2                                   8           4                     -11
  1400                                     -15 -13                       1                   0       0          30      -1  -2                                   2                       9             -15   4                  -7 -13                                  10           5                      -3
  1401                                     -19 -13                      -6                   4       6          19       6  -3                                  -3                       9             -11   5                  -7 -18                                   8           8                      -3
  1402                                     -10 -18                      -4                   3       5          21      -2  11                                  -2                       8             -11   5                  -3 -26                                   6           6                      -1
  1403                                     -15 -12                      -6                   6       2          15       0  19                                   1                       4              -5   1                  -2 -18                                   5           6                      -3
  1404                                     -13 -11                      -5                   7       0          13       3  13                                   0                       6              -8   2                  -6 -27                                   6           7                       2
  1405                                     -12 -11                      -6                   5       2           8       4  19                                  -2                       7              -6   0                  -7 -37                                   8           8                       3
  1406                                      -7  -8                      -6                   7      -5           2       6  22                                   0                       1               3  -5                  -4 -17                                  -1          10                       0
  1407                                       0  -9                      -2                   3       0          -8       5  19                                  -6                       3               2   0                  -1 -10                                  -8           8                       4
  1408                                      -2  -1                      -4                   4      -4         -10       5  27                                  -4                       1               4  -1                   1 -20                                  -5           8                       2
  1409                                       3  -2                       1                  -2      -2          -9       1  26                                  -5                       6               0  -1                   2 -27                                  -3           5                       4
  1410                                      13  -8                       3                  -3       2         -11      -1  10                                  -6                       5              -2   3                   1 -15                                  -7           1                      10
  1411                                       8   3                       1                  -9       1          -2      -3  14                                   1                       0              -1   0                   3 -11                                  -1           2                      -1
  1412                                       8   8                       2                  -7      -6          -3       2   3                                   4                       0              -5   1                   4  -2                                  -5          -2                       3
  1413                                       4   3                       1                  -7      -3           5      -2  10                                   6                       1              -5  -1                   0 -12                                   3           0                       1
  1414                                       8   4                       1                 -13      -1           8      -2   6                                   4                       4              -7  -1                   3 -23                                   6           0                      -1
  1415                                       2   6                       1                 -11      -1           8       0   8                                   2                       3              -3  -2                   4 -12                                   4           3                      -7
  1416                                      13   7                       4                 -13       1           6      -6  -5                                   8                       2             -10   0                   4 -16                                   1          -2          29          -9
  1417                                      22  -2                      -3                  -7      -1           1      -5   2                                  10                      -2              -4  -4                   2 -23                                  -2           0          30          -6
  1418                                      11  -9                      -1                  -1       5           5      -5  -6                                   7                       3             -12   2                  -3 -15                                  -2          -3          30          -1
  1419                                       1  -8                       1                   0       6           2      -1  -7                                   4                       6              -9  -1                  -6  -9                                   1          -2          28          -2
  1420                                      -9 -11                      -1                   3       2           5       6   3                                   4                       9              -5  -9                 -10 -12                                   6           1          16           0
  1421                                      -6 -13                       1                   5      -2          10       2  -2                                   4                       8              -6  -6                  -9 -10                                   4           2          19          -2
  1422                                       7 -16                      -3                   7       1           4      -2   1                                   2                       0               3  -4                  -8 -19                                   1           7          16          -2
  1423                                       2 -13                      -3                   6      -2          18      -2  -9                                   1                       4              -4  -1                  -5 -22                                   8           4           3          -2
  1424                                       2 -18                       1                   6      -3          14      -2   1                                   1                       3               2  -6                  -8 -18                                   6           7           4          -2
  1425                                      -1  -8                       0                   1      -5          15       0   7                                   5                       3              -6  -1                  -3  -8                                   3           1          -4           3
  1426                                       0  -8                       0                   1      -6          16       0   4                                   4                       2              -8   2                  -1  -3                                  -1           2          -5           4
  1427                                       0  -4                      -2                   3      -3          17      -3  -8                                   5                      -1             -14  10                   0   4                                  -3          -3          -3           6
  1428                                       9 -14                       1                  -1      -4          27      -4 -14                                   5                       5             -20  11                  -1 -15                                  -1          -1           0           8
  1429                                      10 -15                       0                  -3      -3          24      -2 -15                                   5                       5             -14   4                  -4 -12                                   3          -1          -5           9
  1430                                       6 -14                      -1                  -6       0          24       2 -18                                   6                       5             -10  -1                  -5   0                                   5          -2          -8           6
  1431                                       9  -4                       4                  -5      -5          15      -2 -18                                   7                       4              -9  -2                  -3  -3                                   4          -5          -1           6
  1432                                      17  -4                       3                  -3      -1          -4      -4 -21                                   3                       1               1  -5                  -6 -17                                   6          -4           1          10
  1433                                       3  -2                       2                   2      -1          -3       0 -12                                   3                       4              -4  -1                  -9 -16                                   4           0           6           8
  1434                                       1   6                      -1                   0       0           5      -2 -16                                   5                       1              -6   1                  -5 -17                                  10          -4          -1           6
  1435                                       6  -8                       0                   3       1           0       0 -18                                   1                       4               2  -7                  -7 -13                                   7          -2           5           3
  1436                                       6  -2                       0                   2      -2           3      -1 -21                                   4                       4              -2  -5                  -5 -13                                   7          -3           7           2
  1437                                      -1  10                       1                   1      -5           3       1 -15                                   2                       6              -7   1                   1 -10                                   4          -5           4           2
  1438                                      -3  10                       0                   4      -6           1       0  -7                                  -1                       7              -5   1                   0 -28                                   8          -2          -1           4
  1439                                       0  12                       1                   1      -5   4      -2       0 -21                                  -3                       4              -7   6                   1 -14                                   4          -1          -4           4
  1440                                      -4  -2                       0                   0       4   6       9       1 -23                                  -3                       7              -7   4                  -2  -2                                   8          -1         -10           2
  1441                                       0  -6                       1                   0      -3  -1      20       0 -17                                   2                       7             -13   5                  -1   3                                  -1          -1           5          -1
  1442                                      12  -4                       1                  -4      -5  11       9      -3 -25                                  -2                       7              -6   3                   6 -12                                   0           1          -2          -2
  1443                                       6 -10                       0                  -4      -6  13      15       1 -16                                   0                      11             -11   2                   5  -4                                  -2           0          -5           2
  1444                                       8  -4                       0                  -4      -4   7      17      -3 -19                                   6                       0              -5  -2                   0  -1                                   3           0           2          -5
  1445                                       5  -3                      -1                  -2      -3   6      12      -5  -1                                   3                      -6               0   1                  -2  -9                                   4           6          -6          -2
  1446                                       1  -8                       0                  -1      -3  10       9       0  -4                                   6                       5              -2  -7                  -5 -10                                   6           3           2          -1
  1447                                       2 -21                       1                  10      -4  12       6      -5  -3                                   3                       6               0  -7                  -9 -19                                   9           3          -2           6
  1448                                       0 -13                       1                   6      -1  10       0      -3  -3                  -5               2                       5               3  -8                  -6  -5                                   5           1           2           0
  1449                                      -4  -9                      -2                   6       0   2       0       1  10                 -12               0                       9               5  -9                   0  -2                                   3          -3           2          -1
  1450                                      -8  -8                      -2                   8      -2  10      -1       3   7                 -29              -1                      11               2  -3                  -3   1                                  -2           4           1           0
  1451                                     -11  16                       2                   1      -2 -10       5       2   7                 -36              -3                      11              -1   1                   0  -6                                   2           1           7          -7
  1452                                      -4  17                      -2                  -3      -5  -8       7       4   6                 -28              -2                       4              -1   4                   5  -3                                  -5           5           5         -10
  1453                                      -1  -5                      -8                   1      -1  -4      15       5   7                  -9              -1                       6              -3   2                   5  -7                                  -7           4          11         -11
  1454                                       0  -2                      -6                  -2      -4  -8      18      10   0                 -10               2                      12              -4  -4                   4  -7                                  -6           2          16         -13
  1455                                       2  -1                      -5                   3      -3  -8      15       1   0                   4               2                       5              -3  -3                   3 -11                                  -4           1          25         -20
  1456                                      -4   8                      -6                   1      -3   7       5       3  -2                  -1               4                       7             -21   9                   1 -11                                 -10           3          18          -4
  1457                                       2  17                      -5                   0      -5  -6       0       4  -4                  -4               4                      -1                  -3                  -1 -19                                   0           2          17          -9
  1458                                       0  15                      -3                   0      -9   3       4       3  -6                   6               6                      -4                  -5                   3   1                                  -3           1          14         -15
  1459                                       5  12                      -2                  -1      -6   1       7       1 -23                   3               3                      -1                  -3                   5   7                                  -2          -3          10         -14
  1460                                       6  -8                       0                  -3       0   3       8      -4  -6                  11               4                       3                  -7                   0  -9                                   5          -1           8          -8
  1461                                       8  -8                       1                   2      -6   6       6      -5 -17                  23              -1                       7                  -6                   4 -10                                   4          -3           8         -11
  1462                                      10  -2                       1                   0      -4   1       5      -5 -19                   8              -1                       9                  -5                   5 -14                                   7          -7           1          -1
  1463                                       5   3                       0                  -5      -3   5       5      -3   1                  -3               2                       5                  -4                   6  -8                                   3          -3          -5           0
  1464                                       3   3                      -1                  -2       1 -11      16      -4   3                 -10              -2                      -3                   5                   6  -1                                   6          -6         -12           6
  1465                                       0  -8                       2                  -1      -2  -6      17      -3  14                   9              -2                       1                   0                   7  -3                                   6          -5         -12           2
  1466                                       2   8                       3                   2      -3  -8       0      -6  18                  22              -1                     -11                   2                   7  -3                                   3          -8          -2           1
  1467                                       3  16                      -4                   0      -4  -4      -6      -2  19                   6               0                      -9                   3                   6 -18                                  -1          -2           1           3
  1468                                       3  28                      -5                   1      -6  -2      -5      -2   7                   7               2                      -6                   0                   5 -29                                   4          -2           5          -3
  1469                                      -7  40                      -1                   2      -5  -8     -15       1  23                  32              -1                     -14                   2                   7 -23                                   3          -2           6          -8
  1470                                       0  38                       3                   2      -4 -12     -12      -6  10                                  -3                     -17                  10                   0 -25                                   3           4           6          -3
  1471                                       0  36                       0                   2      -2 -13      -7      -4   4                                   0                     -13                   6                  -2 -26                                   5           1          10          -4
  1472                                       0  25                      -4                   5       3 -17      -1      -4   8                                  -3                     -17                   9                  -2 -21                                   3           0          11          -6
  1473                                      -1  21                       0                  -4       0 -12      -1       2  10                                   3                       1                  -3                  -1 -21                                   4          -2           8          -2
  1474                                      -2                           4                   0       0   3      -9      -3  12                                   0                       8                  -3                  -3 -10                                   0           3           9          -7
  1475                                      -4                           4                   3       0  -7      -2      -3  19                                   0                       5                  -2                  -4 -14                                   2           1           9          -5
  1476                                      -3                           1                   1       6   3     -13      -5  12                                  -3                       6                   1                  -1 -11                                   1           2           5          -4
  1477                                      -9                           2                   4       1   6     -13      -3  22                                   2                       1                  -2                  -3  -8                                   5           2          -5           8
  1478                                      -5                           3                   1       1  11     -13      -6  16                                  -1                       5                  -1                  -3 -19                                   4           8          -2          -4
  1479                                      -3                          -1                   4       1   8     -19      -4  24                                   2                      -7                   0                  -6 -18                                   1           6           0           9
  1480                                       0                           0                  -1       0  10     -22       0  12                                   2                      -6                   0                  -3  -8                                  -1           5          -9          19
  1481                                      -1                          -2                   1       1  13     -20      -1   2                                   4                       2                  -5                  -5 -14                                   5           2          -5          16
  1482                                      -1                          -1                   1       2  13     -22      -1   1                                   3                      -5                  -1                  -5  -6                                   3           3          -9          19
  1483                                       3                          -4                   1       2   6     -20       0   6                                   4                     -11                  -1                  -5  -7                                  -1           1          -2          20
  1484                                      -1                          -2                   6      -5   8     -12       4 -12                                   3                       1                  -3                  -4   2                                   1           0          -7          18
  1485                                       2                          -1                   2      -3  10     -18       0  -2                                   0                      10                  -3                   1  -7                                  -1           0          -4          12
  1486                                       3                           2                   3      -2  13     -20      -5 -12                                  -3                      18                  -3                   2   0                                  -1          -2           0           0
  1487                                       7                          -1                   4      -2   8     -14      -7  -8                                  -2                      16                  -2                   3 -10                                   2          -4           1           4
  1488                                       8                          -1                   6      -2  -1      -2      -6 -12                                  -1                       6                  -1                   1  -2                                   3          -9           2           6
  1489                                      13                          -1                  -2      -3  -2              -5  -2                                   2                     -15                   2                   1  -1                                  -1          -4          -2          13
  1490                                      12                           3                   3      -4   1              -9 -16                                   0                     -12                   3                   1  11                                   0          -7          -1           5
  1491                                      10                           2                  -1      -3  -1              -5 -16                                   1                       5                  -2                   1   1                                   4          -8          -1           9
  1492                                       9                          -3                   6      -6   3              -6 -12                                   1                       6                  -2                   1  -7                                   4          -6           1           6
  1493                                       4                          -5                   6      -6   7              -5   3                                  -2                      -3                   2                   6  -3                                   0          -1          -6           5
  1494                                      -1                           0                   3      -4  11              -7  -3                                  -2                      11                   0                   6  -3                                   6           0         -10          -1
  1495                                      -5                           0                   1       2   5              -5   8                                  -2                      22                  -2                   8  -4                                   6          -5          -6          -4
  1496                                      -8                           2                   1       1   5              -3  12                                  -1                      15                  -2                   5   0                                   3          -1          -2         -10
  1497                                      -9                           1                   4      -1   5              -1  10                                  -1                      18                  -3                   4  -6                                   7          -1          -8           1
  1498                                      -6                          -1                   1       4   8              -6   5                                  -2                      12                   0                   3  -9                                   9           2          -7          -8
  1499                                      -6                          -4                   5       2   6              -5   8                                   0                       2                  -1                   1  -6                                   6           0          -4          -2
  1500                                      -6                          -3                   2       5   5              -4   8                                   3                       1                  -3                  -5 -18                                  10           4           0          -4
  1501                                      -5                          -5                   1       6   4              -3  11                                   3                       3                  -3                  -3 -16                                   6           3           4          -6
  1502                                       1                          -2                   2       5  -1              -6   4                                  -4                     -12                   6                  -2 -12                                   4           5           2          -8
  1503                                       2                          -7                  -1       4   4              -1  -3                                  -2                     -21                   5                  -4 -12                                   0          10           1          -7
  1504                                       3                          -9                  -3       6  11              -7   0                                   1                     -14                   1                  -2 -12                                   0           7           6         -20
  1505                                       9                          -4                  -5       2   9              -8 -14                                  -2                      -4                   3                   0  -7                                   0           6           3         -19
  1506                                       7                           0                  -4      -2   8              -7 -10                                  -1                      -2                   1                  -3 -10                                   1          10           2         -19
  1507                                       7                          -4                  -4       0  10              -7 -14                                   0                       1                   0                  -1  -5                                  -1           7           5         -21
  1508                                       5                         -11                  -1      -2  17              -6 -12                                  -1                      -8                   2                   0   0                                  -9          12           9         -35
  1509                                       0                          -6                  -2       5  12              -7  -7                                  -1                     -21                   4                  -1   2                                  -1           8           2         -26
  1510                                      -4                          -6                  -1       4  13              -3 -14                                   0                                           0                  -1   7                                  -3           7           5         -31
  1511                                      -6                          -5                   4       3   4               2  -9                                  -5                                           5                  -2  -3                                  -1           9          -1         -15
  1512                                      -6                          -3                   4       6   3              -1 -13                                  -5                                           5                   0  15                                  -4           2           5         -25
  1513                                      -3                          -6                   4       5   3               4 -32                                  -3                                           3                   0  19                                  -1          -4          -3
  1514                                      -1                          -3                   6       1   1               2 -27                                  -6                                           6                   1  16                                   0          -1          -6
  1515                                      -2                           0                   3      -3   8               1 -30                                   1                                          -1                  -1  22                                   1          -2          -7
  1516                                      -4                           1                   4      -1   7               1 -37                                   2                                          -2                  -3  27                                   3          -4          -8
  1517                                       1                          -1                   1       2   3               0 -24                                  -2                                           2                   1  16                                   0          -4          -4
  1518                                       1                           1                   2       2   1              -1 -23                                  -4                                           4                   0  10                                   4          -1          -6
  1519                                       2                           1                   1       0  -2               3 -21                                  -3                                           3                   0  16                                  -4          -3           0
  1520                                      -2                           0                   4      -1  -2               2  -4                                  -2                                           3                   1   9                                  -2          -2          -1
  1521                                      -1                          -2                   1       2  -1               2  -4                                  -1                                           1                   1   5                                  -2          -3           2
  1522                                       0                          -5                   2       3   2               0  -5                                  -4                                           4                   2  -3                                   1           2          -4
  1523                                       2                          -4                   2       3  -6               3  -3                                  -5                                           6                   1   0                                  -4          -1           4
  1524                                       0                          -7                   4       1  -1               4  -3                                  -5                                           5                   1  -1                                  -5           2           2
  1525                                      -3                          -3                   3       4  -1               4 -17                                  -1                                           1                  -6  -4                                   3           4           1
  1526                                      -2                          -3                   4       1  -1               4 -18                                  -2                                           2                  -5   3                                   0           3           1
  1527                                      -5                           0                   4       1  -3               4  -6                                   1                                          -1                  -4   2                                   1           1           2
  1528                                      -1                          -2                   5      -1  -5               4  -3                                  -2                                           2                  -6  -8                                  -1           5           5
  1529                                      -4                          -1                   2       1  -2               2   4                                   2                                          -2                  -5 -11                                   3           4           2
  1530                                      -5                          -2                   2       1   3               4  -4                                   2                                          -2                  -3  -2                                   0           3           0
  1531                                      -3                          -3                   6      -2   2              -1  -1                                   0                                           0                  -4 -10                                   5           6          -2
  1532                                      -3                          -4                   2      -1   6              -2   7                                   1                                          -1                   0  -9                                   3           4          -4
  1533                                      -1                          -2                   2      -3   3               0   2                                   1                                          -1                  -1  -3                                   0           3          -1
  1534                                      -6                           0                   2       2   4              -3   5                                   4                                          -5                  -4 -11                                   9           3          -4
  1535                                       0                           3                  -2      -1   1              -1  -2                                   1                                          -2                  -1   1                                   2           1          -3
  1536                                      -2                          -1                   3       2  -1              -3  10                                   2                                          -3                  -2  -4                                   3          -3           4
  1537                                      -2                           2                   1       0   2              -2  -4                                   2                                          -2                  -1   5                                   3          -2          -3
  1538                                      -3                           0                  -1      -1   7              -2   3                                   4                                          -5                   1   4                                   2          -2          -3
  1539                                      -2                          -4                  -2      -1   9              -1   5                                   5                                          -6                  -3 -12                                   2           6           0
  1540                                      -3                          -2                   0       0   4               2  -2                                   2                                          -2                   0   4                                  -2          -1           0
  1541                                      -1                          -4                  -1      -1   5               1   2                                   2                                          -3                  -1  -1                                  -4           1           4
  1542                                       0                          -5                   2      -3   9              -1  -6                                   5                                          -5                  -4   2                                  -1           1           3
  1543                                       2                          -3                   2      -4   7              -4  -6                                   1                                          -2                  -3   1                                   2           3          -2
  1544                                       0                           3                   7      -5  -3              -4  11                                   2                                          -2                  -3  -4                                   5           0           0
  1545                                      -3                           7                   5      -5  -6               1   2                                   2                                          -2                  -2   6                                   2          -2          -1
  1546                                      -1                           4                   7      -1  -8               3 -11                                  -1                                           1                  -5   6                                   2          -1           1
  1547                                      -4                           4                   6       1  -2              -2  -8                                   0                                           0                  -2   5                                   9          -2          -7
  1548                                      -2                           2                   8       1  -3              -6   0                                  -4                                           4                   2   3                                  11          -3         -10
  1549                                      -6                          -2                   8       3   1              -4   0                                   1                                          -1                  -2   2                                   8          -4          -3
  1550                                      -4                          -8                   6       2   7               1 -12                                  -1                                           1                  -3   6                                   0           0           0
  1551                                      -7                         -11                  13       3   5               0 -15                                  -1                                           2                  -6   7                                   4          -2           0
  1552                                      -6                          -7                   5       9   0               0  -8                                  -1                                           1                  -3  -1                                   4          -2           2
  1553                                      -7                          -5                   9      -1   3              -2  11                                   1                                          -1                  -1  -7                                   5           2          -2
  1554                                     -11                          -2                   4       8  -2               2   6                                   2                                          -2                  -2 -15                                   8           3          -1
  1555                                      -9                          -5                   3      11  -2               1   6                                  -1                                           1                   3  -4                                   4          -6           1
  1556                                      -8                          -6                   3       6  -3               4  13                                  -3                                           3                   3 -12                                  -1           2           2
  1557                                      -7                          -3                   5       1  -2               3  16                                  -4                                           5                   4 -11                                   1           4          -4
  1558                                      -8                          -3                   4       1  -5               7  16                                  -7                                           9                   8  -6                                  -4           3          -4
  1559                                      -4                          -2                   3       1  -5               6   6                                  -4                                           5                   2  -5                                  -4           3           1
  1560                                      -5                          -6                   8      -4   0               3  15                                  -2                                           3                   0  -6                                  -4           5           2
  1561                                      -5                          -4                   7      -6   1              -1  27                                  -2                                           2                   3  -6                                  -4           2           1
  1562                                      -2                          -4                  -1       2   1               2  10                                  -3                                           4                   5  -1                                  -5           0           1
  1563                                      -7                           2                   7      -6  -1              -1  23                                   2                                          -3                   3  -1                                   1          -2          -1
  1564                                      -5                           4                   9      -9  -4               1  18                                   0                                           0                   3   6                                  -1          -3          -3
  1565                                      -3                           3                   6      -4  -4              -2  14                                   0                                           1                   3   2                                   4          -4          -4
  1566                                      -4                           0                   9      -6   1              -5  23                                   0                                          -1                   3   3                                   3          -4          -3
  1567                                      -5                          -1                   8     -10   5              -1  16                                   3                                          -5                  -2   0                                   0           3          -1
  1568                                      -4                           1                   2      -5   7              -5  13                                   6                                          -8                   0  -6                                   5           2          -4
  1569                                       3                           2                   5      -4  -2              -5   9                                   1                                          -2                  -3  -2                                   5          -1          -1
  1570                                      -2                           4                   1      -4  -3               1  11                                   1                                          -1                   2  -4                                  -1           1           0
  1571                                       1                           7                   2     -11  -6               3  15                                   1                                          -2                   1   0                                  -4           2           2
  1572                                      -1                           0                   3      -5   2              -3  10                                   3                                          -4                  -2   2                                  -1          -1           3
  1573                                       1                           2                  -2      -2   0              -2  12                                   3                                          -4                  -1  -8                                   0           2           4
  1574                                      -1                           7                  -2      -7  -5               5   9                                   1                                          -1                   3  -9                                  -2           7          -1
  1575                                      -1                          10                   1      -7  -9               5   4                          14       2                                          -5                   0 -14                                   1           8          -1
  1576                                       3                           8                   1     -11  -5              -2  21                          17       2                                          -6                   1 -20                                   4          10          -2
  1577                                       1                           2                  -2      -5   1               1   9                          31      -4                                          -1                   5 -14                                  -2           8          -2
  1578                                       0                           7                   0      -3  -6              -1   7                          35      -2                                          -4                   6   0                                   1          -8          -1
  1579                                      -1                           4                   1      -2  -5               0  10                          25      -2                                          -3                   4  -6                                   1          -3           0
  1580                                      -3                          -1                   3       0  -2               3  -1                          25      -4                                           0                   2  -8                                   0           4          -1
  1581                                       2                           1                   3      -7   0              -1   7                          23      -3                                           0                   2  -4                                  -2           4          -1
  1582                                       2                          -1                   1      -1  -4              -1  14                          12      -4                                           3                   3 -10                                  -1           4           2
  1583                                       2                          -2                   4      -1  -5               2  -1                          18      -7                                           6                   2  -4                                  -1           3           0
  1584                                       2                           3                   1       1  -3              -2  -4                          32      -1                                          -5                   0   2                                   2          -8           3
  1585                                       1                           1                   2      -1  -2              -3   8                          20      -2                                          -2                   3  -6                                   4          -2          -1
  1586                                       0                           3                   0      -2  -1               3 -11                          21      -2                                          -2                   1  -1                                   1           1          -3
  1587                                       2                          -1                   3      -3   1              -1  -3                          17      -5                                           3                   2   6                                   0          -2          -4
  1588                                       3                           0                   3      -3  -2              -7  15                           7      -3                                           3                   4   3                                   4          -7          -5
  1589                                      -1                           2                   4      -5  -2              -2   7                           0       1                                          -1                   1   7                                   2          -6          -3
  1590                                       2                           4                   3      -7   1              -7  12                           2       3                                          -5                   0   0                                   8          -2          -6
  1591                                       1                           3                   6      -6  -4              -2   6                          -4       2                                          -2                  -2  11                                   3          -8          -1
  1592                                       3                          -1                   5      -6   1              -6  13                          -9       1                                           2                  -3   6      -6                           2           1          -1
  1593                                       2                           2                   5      -5  -1              -5   9                          -7       0                                           2                  -1  16      -9                           1          -7          -3
  1594                                      -2                           4                   3      -7   4              -3   4                         -10       3                                          -2                   0  12      -9                           1           1          -6
  1595                                      -2                           4                   4      -5   1              -7  18                         -11       4                                          -2                   0   7     -21                           2           3          -2
  1596                                       0                           9                   7      -8  -4              -5   4                          -1       3                                          -4                  -3  16     -26                           2           2          -2
  1597                                      -1                           7                   4       0  -8              -3   8                           1      -1                                           2                   3  12     -26                           1          -3          -1
  1598                                       0                   9       9                   3      -5  -9               2  -6                           3       3                                          -5                   0  11     -16                          -3          -2           2
  1599                                       3                  15       2                   1      -9  -5              -2  14                           1       0                                           0                   5   3      -7                          -6           1           1
  1600                                      -2                   4      -1                   3      -3  -2               2   5                           1      -1                                           2                   1  11      -2                          -7          -9           5
  1601                                      -2                  16      -9                   7      -4  -1               4  -5                          -3      -2                                           5                   0  10       3                          -7          -2           0
  1602                                      -4                  27     -16                   3       8  -2               4  -8                          -3      -5                                          11                   8  -1       5                          -7          -1          -1
  1603                                      -1                  24     -14                  -1       5  -3               4  -2                          -5      -7                                          13                  10  -3       6                         -10           1          -1
  1604                                       1                  25     -15                   5       4  -5               0   1                          -6      -6                                          12                   7  -3       2                          -5           3          -2
  1605                                       0                  19     -11                  11      -1  -9               0   6                          -4      -6                                          12                   4   5      -4                          -3          -1          -2
  1606                                       2                  17     -10                   8      -2  -8              -1  10                          -9      -7                                          16                   6   7     -10                          -5           3          -4
  1607                                       0                  17     -10                   9      -1  -7               0   4                           5      -8                                          11                   5   1     -11                          -4           8          -2
  1608                                      -1                  18     -11                   4       3  -4               1  -3                          14      -8                                           6                   3  -4      -7                          -8           9           5
  1609                                       0                  18      -8                   6      -1  -5               0   0                           7      -4                                           3                   2  -4      -9                          -5          11           3
  1610                                      -1                  16      -5                   5       1  -6               1  -8                          -3       1                                           0                   2  -5      -5                           0           8          -2
  1611                                       1                   6      -4                   5       4  -7               0  -4                         -11      -1                                           8                   2 -10     -11                           4          19          -5
  1612                                      -1                  -1       0                   3       1  -6               2   4                          -9       2                                           2                   3  -8       7                           5          -1          -4
  1613                                       0                  -1       5                   1       2  -3              -3   1                          -4       4                                          -5                   1  -4      -7                           6           2          -3
  1614                                       2                  -2      10                  -1      -1  -7              -4  11                          -6       1                                           2                   6  -1     -20                           3           6          -4
  1615                                       3                 -13       8                   0      -1  -6              -1  14                         -12       3                                           2                   0  -6       1                           7          -1          -2
  1616                                       4                   1       4                  -4       1  -6               1   2                           1      -1                                           2                   4  -4       2                           1          -3          -1
  1617                                       3                   4      -6                   0       0  -4               5   2                          -5       1                                           1                   2 -13      29                           3          -7          -3
  1618                                       2                   5      -4                   2       0  -7               4   0                          -3       0                                           1                   1 -10      15                           2          -2           0
  1619                                       5                   9      -2                   3      -8  -4              -2   4                           2       2                                          -4                   0  -5       7                           3           2          -3
  1620                                       2                  22      -5                   0     -10  -4              -5  15                          -8       7                                          -6                   5  -4       2                          -3           2           0
  1621                                       4                  10      -3                   4     -13  -5              -3  21                          -6       2                                           1                   0  -2      -1                          -3           5           2
  1622                                       5                  15      -2                   1      -7  -7              -1   4                           4      -1                                          -2                   1   3      -1                          -5          -3           4
  1623                                       4                   0       5                   2      -6  -9               1   8                           2      -1                                           0                   1   1       0                           1          -8           1
  1624                                       1                   7      -3                   2     -13  -2               1  15                           1       0                                           0                   2  -4       9                          -5           2           1
  1625                                      -1                  14       1                   1     -12  -4              -3  19                          -3       1                                           1                   8   4     -10                          -8           2           0
  1626                                       2                   5       6                   0      -8  -6               0   6                           2       0                                          -2                   5  -2      -5                           0           2          -3
  1627                                       5                  -4      17                  -5      -6  -4              -3   6                          13      -4                                          -4                   4   2     -18                           0           4           0
  1628                                       4                  -1      15                  -8       5  -2              -6  -3                          14      -4                                          -6                   7   2     -16                           5          -4          -5
  1629                                       6                  10       8                  -7       6  -3             -11  -1                           4       0                                          -4                   9   3     -21                           4          -1          -6
  1630                                       2                   0      11                  -5       3  -5              -5   7                           6       0                                          -6                   7   1      -7                           5         -16          -3
  1631                                       2                   8      11                  -3      -2  -4              -7   4                           6       2                                          -8                   7  11     -14                           2         -20          -4
  1632                                       1                   9       8                  -2       1  -5              -2  -9                           9       3                                         -13                   6  -2      -3                           4          -8          -4
  1633                                      -1                   5      -1                   2       9  -4              -3  -5                           6      -3                                          -2                   3   0     -11                           2          -1           0
  1634                                       6                   1      -3                  -1       2  -4              -1   0                          -2      -8                                          13                   4   2      -5                           1           5          -6
  1635                                       7                  -1       2                  -3       9  -8              -1  -2                           2     -10                                          13                   5   0     -12                           2           3          -4
  1636                                       3                   3      -4                  -6      11   1              -1  -7                           5      -9                                           8                   6  -6      -2                          -1          12          -4
  1637                                       4                   2      -6                   2       5  -4               0  -6                           7     -14                                          12                   4   2      -5                           3           6          -9
  1638                                       3                  -1       0                   4      -3  -5              -2   6                           5      -6                                           4                   2   2      -4                           4          -4          -5
  1639                                       6                   0       4                  -3      -7  -3              -1   5                           5      -3                                          -2                   1  -1       7                           3          -8          -4
  1640                                       3                   6       6                   2      -9  -9               1   2                           5       2                                          -8                   5  -3       4                           4         -11          -5
  1641                                       4                   2      -2                   4      -7  -6               1   1                          -4       1                                           3                   5  -1       7                           8          -9         -12
  1642                                       3                   7      -4                   2      -5  -5              -1   4                           6      -7                                           2                   8  -2       8                           5         -12         -11
  1643                                       3                  10      -4                   4     -13  -8              -2   9                           4      -7                                           5                   8   5      -2                           3          -9         -11
  1644                                       4                   7      -9                   2     -11  -6               2   8                           0      -7                                           9                   6   3      13                           2         -17         -10
  1645                                       3                   6     -17                   5       2  -9               3   6                          -4      -9                                          16                   7  -2      12                           3         -12          -8
  1646                                       0                   2     -24                  10      10  -3               3  -6                          -4      -5                                          11                  -1  -2      11                           6          -3          -7
  1647                                       1                  13     -30                  10       7  -2              -2  -7                          -1      -4                                           6                  -2   4      11                           5          -8          -9
  1648                                       0                  14     -30                   4       6  -1               5 -15                           0      -7                                           8                  -1   1      23                          -3          -6          -6
  1649                                       1                  13     -25                   5       0  -1               3 -11                           1       3                                          -5                  -6  -1      24                           0          -8          -1
  1650                                       0                  10     -17                   9      -2  -1              -2  -9                          11      -1                                         -15                  -2  -8      14                          10           6          -7
  1651                                       1                  11     -10                   2      -9   1              -1  -8                          15      -1                                         -20                  -2  -9      20                           5           5          -4
  1652                                       1                  11      -6                   3      -9  -1              -6   2                          12       3                                         -21                   0  -9      10                           6           5          -3
  1653                                       0                  11      -9                  -2           0              -6   6                           3      11                                         -16                   2 -12      15                           2          -4           2
  1654                                      -1                  11      -4                   0          -1              -6   2                           3      15                                         -22                   0 -12       9                           0           4           6
  1655                                      -1                   8       1                  -4          -2              -4   5                          -4      11                                          -7                   4  -2       1                          -4          -8           3
  1656                                       1                   3       1                  -1          -1              -1  -4                          -6      11                                          -2                   2   1      -3                          -1           2          -1
  1657                                       2                   4       2                  -2          -4               2  -4                          -3       4                                           1                   4   0       0                          -2          -3          -1
  1658                                       4                   4      -3                   0          -7               4  -4                           0      -4                                           5                   1   2       2                          -3          -5           1
  1659                                       2                   6     -10                   0          -5               2   2                           1     -12                                          11                   4  -1       2                          -4           7          -1
  1660                                       3                   7     -12                  -5          -2               0   5                          -4     -10                                          17                   6   3       3                          -7                      -3
  1661                                       3                   2     -11                  -3          -3               1  10                          -6     -10                                          21                   3   3       1                          -6                      -1
  1662                                       4                   0     -11                  -4          -3               5   7                         -10      -8                                          25                   6  -1       8                          -7                      -2
  1663                                       5                   1      -3                  -4         -10               7   4                          -7      -9                                          20                  11  -7       7                          -6                      -2
  1664                                       4                   4      -1                  -5          -7               0   7                          -5       2                                           7                  10  -8       5                          -3                      -2
  1665                                       1                  12      -1                  -4          -8              -5   8                          -1       8                                          -5                  10  -7      -1                          -4                       2
  1666                                       2                  15      -4                  -8          -5              -4   3                          -2       2                                           2                  11  -2       1                          -8                      -1
  1667                                       4                   7      -9                  -4          -3              -2   4                           1     -15                                          11                   4   3      -1                          -3                      -4
  1668                                       4                   3     -16                  -2          -5               2  11                          -1     -21                                          19                   3  -1       6                          -5                       0
  1669                                       5                  -2     -19                  -3          -5               3  19                          -7     -32                                          40                   3   5       0                          -8                       0
  1670                                       6                   1     -29                  -3          -5              -1  26                          -9     -26                                          40                   3   3       3                          -7                       1
  1671                                       4                  -7     -25                   0          -2               5  18                         -16     -16                                          46                   3   5       0                          -7                      -2
  1672                                       0                  -3     -23                   4          -5               8   9                          -7     -23                                          32                   2   1       6                          -7                       1
  1673                                       5                   0     -29                   1          -5              11  -3                         -11      -9                                          30                   2   1      16                          -6                      -3
  1674                                       3                  12     -35                   3          -5               4  -7                          -8      -5                                          21                   1  10       5                          -7                      -6
  1675                                       1                   8     -31                   0          -3               1   6                          -5     -14                                          22                   2   4       7                          -7                      -3
  1676                                       1                  -1     -29                   7          -5               7   3                          -7     -21                                          31                   1   8       0                          -5                      -4
  1677                                       1                   4     -42                   0           0               9   2                          -8     -28                                          37                   0   6      17                         -10                      -4
  1678                                      -2                   8     -42                   4          -5               7   7                          -8     -20                                          32                   6   0      13                         -10                      -2
  1679                                       1                   8     -37                   4          -5              -1  10                          -6     -17                                          26                   4   7      -1                          -5                      -5
  1680                                       2                   8     -46                   5          -3              -4  16                          -3      -9                                          13                   0  -4      13                           1                      -4
  1681                                       2                   7                          -5          -4              -3   5                           1     -19                                          10                   6   4      -7                          -5                      -2
  1682                                       2                  -3                          -2          -3               5   2                           0     -23                                          13                   3  -1       1                          -2                      -1
  1683                                      -1                   5                          -1           0              -6   5                           3      -3                                          -6                   1   1      -5                           2                      -2
  1684                                       1                   8                          -4          -4              -7  10                          -1       5                                                               7  -3      -4                          -4                       1
  1685                                       1                   7                          -5          -2              -3   4                          -3      14                                                               4  -2       2                          -6                       4
  1686                                      -1                   7                           2          -5              -5   4                           0       1                                                               4   5     -14                          -2                      -1
  1687                                       2                   1                          -3           1              -5   4                           2     -11                                                               1   3      -4                           5                      -6
  1688                                      -1                   1                          -3           0              -1   5                           5     -27                                                               2  -3       4                           1                      -2
  1689                                      -2                   3                          -2           0               4  -6                           4     -23                                                               2   0       6                          -2                      -2
  1690                                      -2                   5                          -1          -2               1  -4                           3     -18                                                               1   3      -1                          -3                      -1
  1691                                      -3                   3                           5          -4               2  -5                           0      -3                                                               5   2      -7                          -1                      -3
  1692                                      -1                   1                          -1           2              -4   5                          -1       7                                                               4  -1      -2                           1                      -3
  1693                                       3                  -1                          -4           1               0   2                           0      -2                                                               1  -6       9                           2                      -1
  1694                                      -3                   3                          -1           0              -3   6                           2     -10                                                               5  -4       1                          -1                       0
  1695                                      -2                  -1                           3          -1              -1   2                           3     -21                                                               2   0      -4                           3                      -3
  1696                                      -2                  -3                           2          -1               2   3                           6     -46                                                              -1  -2       2                           3                      -1
  1697                                      -2                  -2                           3          -3               2   4                           5     -37                                                               1  -4       1                           2                       1
  1698                                       0                   0                           4          -6               5  -5                           4     -32                                                               2  -1      -1                           1                      -1
  1699                                      -1                   6                          -6           1               4  -7                           4     -35                                                               4  -2      11                          -2                      -5
  1700                                      -1                   5                          -1          -3               3  -3                           0                                                                       6  -5       7                          -5                       1
  1701                                       1                   3                           1          -5               3  -4                           0                                                                       4  -3       1                          -3                       1
  1702                                       5                   0                          -3          -2               2  -3                           0                                                                       2  -4       6                           1                      -2
  1703                                       3                   2                           1          -2               3  -9                           0                                                                       5   1      -1                           2                      -8
  1704                                       3                   5                           1          -5               8 -15                           0                                                                       5   1       3                          -3                      -4
  1705                                      -2                   7                          -4          -4               4   0                           0                                                                       7   1       3     -29                   0                      -3
  1706                                      -1                   6                          -7          -3               2   3                           0                                                                       4   5       2     -34                   3                      -3
  1707                                       5                   7                         -10          -4               2   0                           0                                                                       2   5       4     -27                   3                      -5
  1708                                       3                   6                          -6          -5               3  -2                           0                                                                       4   5       0     -25                   3                      -6
  1709                                       3                   4                          -1          -8               0   1                           0                                                                       4   5      -9     -17                   4                      -4
  1710                                       0                  10                          -3          -5               2  -4                           0                                                                       5   8      -6     -19                   0                      -6
  1711                                      -3                  12                           0          -6               4 -10                           0                                                                       8   5      -2     -11                  -5                      -4
  1712                                       0                   3                           2          -4               4  -6                           0                                                                       2   9      -9     -14                   2                      -5
  1713                                      -3                  -2                           5          -1               1  -1                           0                                                                       1   2      -6       0                   0                       1
  1714                                      -3                  -2                          -1           0               2   3                           0                                                                       4  -5       5     -13                   1                       0
  1715                                       1                  -3                          -1           0               4   0                           0                                                                       3  -3       5     -11                   3                      -2
  1716                                       0                  -4                           1           2               3  -3                           0                                                                       4  -5       4       0                   2                      -2
  1717                                       1                   1                          -3           2               1  -3                           0                                                                      -1   7      -2      -7                   3                      -5
  1718                                       0                   1                          -5           2              -1   2                           0                                                                      -3   4       1      -8                   3                      -2
  1719                                       2                   3                         -10           3               0   3                           0                                                                      -3   1      10     -10                   2                      -1
  1720                                       2                  -1                          -9           4               3   2                           0                                                                      -3  -1      13     -15                   3                      -1
  1721                                      -1                   2                          -3          -1               4  -1                           0                                                                       2   1       4     -16                   1                      -2
  1722                                      -3                   1                           1          -1               1   4                           0                                                                       1   3      -4     -14                   2                       1
  1723                                       1                  -3                          -1          -2               5   1                           0                                                                       0  -1       3     -13                   2                       2
  1724                                       1                   2                          -5          -2               3   2                           0                                                                       2  -2       7     -15                   1                       1
  1725                                      -2                  -1                          -3          -1               2   7                           0                                                                      -1   1       1     -20                   3                       2
  1726                                       8                  -8                          -3          -2               7  -1                           0                                                                       3   2      -4     -22                  -9                  50   0
  1727                                      11                 -16                          -6           5               1   6                         -14                                                  41                   9   5     -18      -6                 -16                  43   0
  1728                                       8                 -18                          -9           6               4  12                         -14                                                  40                  11   3     -13     -30                 -11                  43   1
  1729                                      10                 -12                          -7           2               6   4                          -7                                                  21                   8   2      -7     -24                 -11                  45  -1
  1730                                       9                 -16                          -2           0              10   2                          -9                                                  27                   5   6     -14     -24                 -13                  43   4
  1731                                       8                 -12                           3          -3               7  -1                          -9                                                  26                   9   8     -24     -15                 -11                  34   0
  1732                                       9                 -14                          -2           2               7   0                          -5                                                  14                   6  -1      -5     -14                  -9                  37   0
  1733                                       9                  -4                          -7           1               5  -3                          -6                                                  19                   9   5      -6     -12                  -9                  28  -6
  1734                                      11                  -8                         -10           1               4   4                         -12                                                  37                  12   3     -10     -15                 -17                  37   0
  1735                                       8                  -6                          -9           5               5  -1                          -7                                                  20                   8   1             -12                 -15                  40  -2
  1736                                      11                  -7                         -14           6              -2   7                          -8                                                  23                   7   0             -11                 -14                  43  -3
  1737                                       8                  -3                         -12           5              -4   5                          -8                                                  23                  10  -2              -6                 -16                  38  -3
  1738                                       8                   2                         -13           4               1  -1                         -11                                                  33                  11   3              -4                 -21                  33  -3
  1739                                       9                  -3                         -13           6               2   0                         -10                                                  31                   9   3              -8                 -18                  35  -3
  1740                                       6                  -7                         -16           5  47          -6   1                          -7                                                  20                  14   3             -12                 -20                  20   0
  1741                                       5                  -7                         -11           6  50          -5  -8                          -5                                                  14                  15   3               0                 -21                  14  -1
  1742                                       6                  -5                         -14          10  49          -6 -10                          -6                                                  18                  13   7               2                 -21                  14  -6
  1743                                       9                  -9                         -21           8  50         -13   5                          -4                                                  14                   7   7             -10                 -18                  26  -2
  1744                                       7                  -5                         -18           7  40         -15   5                          -4                                                  11                   4   6               0                 -15                  19  -2
  1745                                       7                  -6                         -14           6  38          -4  -3                          -2                                                   6                   2  11              -9                 -19                  29  -1
  1746                                       7                 -12                         -16           9  45          -4  -1                          -4                                                  11                   6   9             -15                 -21                  33   0
  1747                                       6                  -9                         -17          11  37          -9   1                          -6                                                  19                  10   6              -8                 -18                  24  -4
  1748                                       9                 -11                         -20           8  36         -10   8                          -8                                                  25                  10   3             -10                 -17                  24   0
  1749                                       7                  -9                         -19           9  29          -8   8                          -5                                                  14                   7   6             -18                 -12                  28  -4
  1750                                       4                  -8                         -12           8  22         -11   7                          -1                                                   4                   4   2              -6                  -5                  17  -5
  1751                                       1                  -9                          -8           6  22          -6   5                          -3                                                  10                   9  -2             -11                  -9                  14   1
  1752                                       4                  -8                         -11           7  23          -8   4                          -3                                                   8                   4   3              -7                 -11                  21  -1
  1753                                       5                  -6                         -12           5  16          -4   4                          -3                                                   8                   5   4             -13                  -5                  15  -4
  1754                                       3                  -6                         -11           7   9          -5   8                          -6                                                  18                  -1   4              -6                  -5                   9   1
  1755                                       6                 -11                         -10           6  12          -1   6                          -8               1                                  24                   4   0              -9                 -11                  15   5
  1756                                       5                  -8                         -11           1   9          -2  10                          -8               4                                  21                  10  -4             -17                  -9                  13   4
  1757                                       6                  -9                         -13           4   9          -1   9                          -5             -12                                  23                   0   1             -12                  -6                  17   3
  1758                                       4                 -11                         -13           6  20          -1   7                          -7              -3                                  24                   2   3             -13                 -11                  12   6
  1759                                       4                 -10                          -7           5  14           0   2                          -6               8                                  13                   6   2             -10                  -7                   5   2
  1760                                       5                 -12                          -7           8   5          -6   7                          -8              13                                  18                  10  -4             -10                 -13                  20   2
  1761                                       4                 -14                          -2           9   1          -4   6                         -11              39                                  10                  10  -3              -9                  -8                   3   4
  1762                                       5                 -14                          -6          10   1          -8   9                         -11              17                                  23                   9  -6              -5                 -14                  18   4
  1763                                       5                  -7                          -3           5   6          -3  -1                         -12              18                                  26                  12  -3               0                 -19                   7   6
  1764                                       0                  -3                          -5           7   7          -9   3                         -11              21                                  19                  12   0              -4                 -19                  13   3
  1765                                      -1                 -13                          -8          10  23         -10   6                         -12              27                                  19                   9   2              -8                 -15                  -2   9
  1766                                       3                  -7                         -10           7  16         -11   6                         -14              33                                  21                   6   5              -2                 -14                  -6   7
  1767                                       6                  -9                         -13           3  19          -7   8                         -12              29                                  17                   9   5             -14                 -16                   5   7
  1768                                       4                 -11                         -13           4  31         -11   7                          -9              29                                   7                   6   7             -11                 -18                   6   7
  1769                                      -1                  -7                          -5           0  34          -2  -3                          -1              -4                                   4                   5   3              -6                 -14                   3   8
  1770                                       1                  -8                          -5           0  40           1  -9                           7              -9                                 -13                   3   6              -6                  -8                   3   0
  1771                                      -3                  -9                          -3           0  42           8 -12                           9 -15         -17                                  -1                   6   1               0                  -9                  -2   3
  1772                                      -5                  -8                          -4           0  34          10  -6                           5  -5         -27                                  10                   2   2              -8                  -8                   0   9
  1773                                      -4                  -9                          -1           2  28          11  -8                           6  -2         -33                                   9                   3  -2              -7                  -6                   4   6
  1774                                       1                  -4                          -4          -3  27           2  -5                           7   0         -33                                   4                   0  -2               3                  -7                   8   3
  1775                                       3                  -5                           0          -2   6           7  -3                           7   0         -27                                   1                  -5  -4               1                  -6                  18   3
  1776                                       0                 -10                          -8           2  17           9   1                          12 -20         -15                                  -3                  -3   0              -4                  -4                  20  -2
  1777                                       5                 -11                         -13          -1  24          10   0                          10 -21         -11                                   1                   0   0              -5                  -7                  17  -1
  1778                                       9                  -8                         -13          -1  20           1  -1                           4 -14          -4                                   7                   2  -2               8                  -3                   1  -2
  1779                                       9                 -10                         -16           4  21          -8   3                          -2  -8           1                                  15                  -1   0               9                 -11                   8   1
  1780                                       4                  -7                         -12           1  25          -6   1                           3 -11          -5                                  10                   5  -3               9                  -5                  -3   0
  1781                                       9                  -4                          -6          -4   9           5  -4                           2   3          -4                                  -4                  -4   3               3                   1                  -2   0
  1782                                       7                  -4                          -7          -6  20          -1  -3                           4   9         -24                                  -3                   0  -4               1                   1                   0   2
  1783                                       4                  -5                          -8           0  18           1  -3                           6   5         -37                                  10                   3  -6               1                  -2                  11  -1
  1784                                       2                  -4                           1          -1  17           9 -12                           8  12         -48                                   3                  -2  -5               2                   2                   4   0
  1785                                       0                   1                          -4          -6  12           2   0                           9   3         -39                                   6                   3 -10               0                   3                   7   0
  1786                                       3                  -1                         -11          -1  14          -8   3                           5   6         -32                                   6                  -2  -6               6                   2                   9  -4
  1787                                       8                  -2                          -7          -6   2          -7   7                           3  -2           8                                 -14                   2  -3               0                   2                   5  -3
  1788                                       6                  -5                         -10           2  -1          -5   8                          -1  -9          17                                  -1                   2  -2               0                   3                   1  -4
  1789                                       5                  -7                          -1           1  -6          -4   7                          -2  -9          29                                  -9                   6  -3              -4                   0                  -1   0
  1790                                       3                  -5                           2          -2  -5           0   5                           0  -5          30                                 -23                   7   0             -10                   5                  -4  -2
  1791                                       4                  -2                           8           0 -12          -4   3                          -4   4          25                                 -19                   4   0              -5                   7                  -8  -2
  1792                                       1                  -4                           6          -3   0          -2   3                           1   3          12                                 -19                   5  -2              -7                   6                  -7   2
  1793                                       1                  -1                           9          -6  -7           7   2                           2  -6          14                                 -12                   5  -5              -5                   3                  -6   5
  1794                                       1                   2                           8          -4  -7           7  -3                           0  -4          18                                 -12                   3   2              -4                   1                  -7   1
  1795                                       0                  -2                           7           0 -13          22  -3                           1 -10          13                                   0                   0   0              -6                   7                  -9   4
  1796                                       2                  -3                          11           0 -14          10  -1                           2  -8          22                                 -14                   0   0              -3                   1                   0   1
  1797                                       4                  -4                          13          -2  -8           6  -3                           3  -2          29                                 -36                  -8  11              -3                  -7                  10  -1
  1798                                       4                 -10                          -1           1   9          -3   2                           0   5          23                                 -34                  -9  13              -6                   0                   2   0
  1799                                       4                  -8                          -4          -3   6           4   3                           2   0          20                                 -28                  -6  10              -7                   0                   3   1
  1800                                       4                  -5                          -3          -3   4          -3   5                           0  -1          23                                 -24                  -4   7              -3                   1                  -2   0
  1801                                       8                  -5                         -12          -4   5           6   2                           2   4          -2                                  -9                 -11   6               0                  -1                   7   0
  1802                                      10                  -4                           4          -8   0           3  -1                           4   2          11                                 -26                  -5   1               4                   1                  -1   2
  1803                                      10                  -6                          -6          -4   3          10  -3                           3   5          -5                                 -12                  -7   1               1                   6                   0  -1
  1804                                       8                  -6                         -10          -7   8           0   4                           5   9         -11                                 -20                  -6   0              -2                   4                   8  -2
  1805                                      10                  -6                           0          -6   6           0  -1                           7   4           7                                 -34                  -5   1               4                   5                  -1  -3
  1806                                       7                  -5                          -4          -7   9           4  -1                           7   2           8                                 -33                 -10   7               3                   2                   2  -3
  1807                                       5                  -7                           1          -5  11          -2  -1                           6   7          -3                                 -28                  -7   1               3                   3                   2   0
  1808                                       7                 -10                           8          -3   9           3  -6                           9   5          -3                                 -33                   2  -4              -2                   6                  -1  -2
  1809                                       5                  -7                          10          -6   6           4  -2                          11   5          -1                                 -40                  -1  -3              -3                   8                   1  -2
  1810                                       7                  -9                           2          -5  -1          -2   7                           9   3           1                                 -33                  -3  -6              -2                   8                   8  -2
  1811                                       9                 -11                          -1          -5   7           4   0                           6  10           1                                 -37                   2   0             -11                  11                  -2  -1
  1812                                      12                  -6                           5          -4   2           4  -8                           2  17         -10                                 -30                  -4   3              -4                   8                   1  -3
  1813                                      11                  -4                          -2          -8   7           4  -5                           4  10           2                                 -35                  -7   8               1                   3                   2  -5
  1814                                      10                  -4                           6          -5   3         -11  -2                          -1  12          12                                 -38                  -3   8              -1                   3                  -2  -5
  1815                                       3                  -7                          18          -3  -4           1   2                           2   4          21                                 -40                  -3   6              -7                   6                  -5   2
  1816                                       4                  -3                          12          -3 -11           7   3                          -1   1          18                                 -21                  -3   3              -7                   8                  -6   4
  1817                                      -1                  -2                           9           2  -9          15  -1                           3  -5           5                                  -4                  -3   1              -3                   2                   3   1
  1818                                       0                  -1                       3  16           1 -11          10  -2                           3  -5           6                                  -2                  -6   1               1                  -3                   5   3
  1819                                      -3                   1                       9  23           1  -6           8  -9                           5 -10           5                                   1                  -5   2               6                  -7                   0   4
  1820                                      -8                  -1                       0  18           1   4           6  -5                           7   2         -11                                 -11                  -9   0               5                   6                  -3   2
  1821                                      -4                   1                      -2  20           1   1          12 -10                           9  -1         -13                                  -7                  -8  -5              12                   9                  -7   0
  1822                                      -2                  -1                      -9  13          -2   2          16  -5                           7   7         -19                                 -14                 -10  -6               5                  13                  -3   2
  1823                                       0                   2                     -16   9          -2  -6          12   3                           1   8          -6                                 -14                  -5  -5              -1                  13                  -1   0
  1824                                       4                   1                     -14   5          -1  -2           9  -3                          -2  13         -11                                 -12                  -4  -3               0                  13                  -4  -2
  1825                                      10                   0                      -4  -6          -5  -8          14   0                           2   3           3                                 -17                  -2   0              -2                  11                   0  -5
  1826                                       6                   0                       1              -4  -1           0  -3                           3   5          -1                                 -19                  -1  -1               3                  14                  -9  -5
  1827                                       4                  -1                       6              -6   2           0  -1                           8  -1           6                                 -26                  -2  -1               5                  16                 -13  -5
  1828                                       3                   1                      -6              -4   8           6  -6                           4   5           1                                 -26                  -1   1               5                  13                 -12  -6
  1829                                      -4                   1                      -7              -1   8           6  -2                           7  -1          -1                                 -17                   3  -6               4                  15                 -13  -4
  1830                                      -2                   3                     -13              -2   9           3  -4                           4   7          -5                                 -23                  -2  -5              10                  22                 -18  -7
  1831                                       0                   4                     -11              -3   4           8  -3                           0   4           2                                 -13                   0   0               2                   8                  -9  -2
  1832                                       4                  -1                       0              -3  -7           7   4                           6  -4          10                                 -19                   1  -3              -1                  12                  -4  -4
  1833                                       5                   1                      -3              -4  -8          13   3                           7  -3          12                                 -26                   2  -2              -2                  15                  -4  -8
  1834                                       6                   3                       6              -3  -7          17  -7                           5  -4           4                                  -8                  -2   3               1                   6                  -4  -5
  1835                                       6                   5                       0              -5  -3          18  -8                           8  -1          -7                                  -9                   4  -4               1                   9                  -2  -7
  1836                                       6                   5                       9              -6  -6          12  -7                           5  -1          -7                                  -2                  -1  -1               2                   7                  -4  -3
  1837                                       2                   2                      16              -4  -9          -7   4                           5  -2           0                                  -9                   0   2              -5                   7                   3  -6
  1838                                       4                   1                      16              -3 -12           0   3                           4  -2           1                                  -7                  -8   4               0                   7                   3  -6
  1839                                       6                   1                      16              -4 -19           2   8                           5  -1           1                                 -12                 -10   4              -2                  10                   9  -8
  1840                                       6                  -1                      19              -2 -17          -7   7                           4  -2           0                                  -4                   1   5             -12                  -3                  17  -6
  1841                                       4                   2                      16               0 -18         -10   8                          -2  -5           8                                   7                  -2   6              -8                  -5                  10  -2
  1842                                      -2                   2                       9              -1 -12           2   7                           0  -2          -2                                   8                  -8   4              -4                  -2                  11  -1
  1843                                       4                   2                      -5               1  -9          -8   7                          -1   1          -2                                   2                   1  -5               0                  -4                  14  -6
  1844                                       4                  -3                      -2               1  -6         -11   9                           0   6          -4                                  -8                  -2  -4              -2                   2                  12  -5
  1845                                       6                  -2                      -5               0 -10         -14  13                           0   8         -10                                  -8                  -2  -9               0                   3                  17  -8
  1846                                       3                   3                     -10               1 -11           1  10                           1   7          -7                                 -10                   4  -8              -8                   8                  13  -8
  1847                                       3                   1                     -11               5 -11          -2   8                          -2   2           1                                  -2                  -3  -3               1                  -2                  15  -8
  1848                                      -5                   2                       0               2  -9           6   7                           4   2          -8                                  -4                  -3  -1              -6                   9                  10  -7
  1849                                      -3                  -2                      -5               2  -3           8   6                           2   5          -4                                  -9                  -7   0              -2                   6                   8  -5
  1850                                      -1                   1                      -9               2  -5          16   3                           3   2          -4                                  -6                   0  -5              -3                  10                   3  -3
  1851                                      -1                   0                      10               0 -12          -2   8                           4  -4           1                                  -2                  -8   0               0                   9                   2  -3
  1852                                      -4                   5                      14               2 -15           4   3                           3  -3         -10                                  14                  -7  -1              -3                  12                   1  -2
  1853                                      -2                   8                       8               0 -13           1   2                           0  -4          -6                                  17                   1  -4              -4                   8                  -2   1
  1854                                       1                   6                      17              -1 -16          -3   2                           4  -3          -8                                   9                  -3  -4              -2                  16                  -5  -1
  1855                                       2                   4                      18               1 -11         -10  -4                           2  -4          -9                                  18                  -1  -2               2                   7                  -5   0
  1856                                      -1                   8                       5               0 -10           7  -2                          -1  -2          -8                                  16                  -3  -5               1                  11                  -7   3
  1857                                      -3                   5                       9               4  -7          -7  -3                           1   0         -13                                  14                  -3  -3               4                  11                  -3  -4
  1858                                      -4                   7                       7               1 -11          -9   5                           2   0          -8                                   8                   3  -8              -3                  18                  -6  -2
  1859                                       2                   1                      13               1  -8         -11   0                           4   1         -12                                   4                   0  -7               0                  14                  -4  -2
  1860                                       4                   0                       2               1  -5          -3  -1                           2   1          -7                                   2                  -3  -6               6                   7                  -1  -2
  1861                                       4                   2                       0               2 -12           9   2                          -1   1          -5                                   7                 -11  -5               5                   8                   0   0
  1862                                       1                   6                       7               2 -11          -9   1                          -3   5         -10                                   9                  -4  -4               1                  15                  -4  -4
  1863                                       0                   6                       7               1  -7         -11  -2                           0   3         -18                                  16                  -2  -9               5                  10                  -1  -2
  1864                                      -3                   6                       6               8  -7          -6  -5                          -1  -1         -12                                  21                  -4  -6               7                  13                  -7  -2
  1865                                     -10                   8                       8               9 -11          -7   1                          -2  -3         -10                                  27                  -7  -5               3                  18                  -8  -1
  1866                                     -10                   9                       2               9 -10         -17   5                          -5  -4          -5                                  25                   1  -5               0                   9                  -2  -2
  1867                                      -9                   5                       4               9  -9          -8   4                          -4   1         -14                                  26                 -10  -7               3                  12                   1  -1
  1868                                     -10                   7                       6               7  -9         -14   5                          -2  -2          -9                                  22                  -8  -6               6                  15                  -4  -2
  1869                                      -7                   6                       0               6  -8         -20   8                          -2   0          -4                                   9                   6  -5              -3                  10                   1  -5
  1870                                      -5                   8                       0               3  -7         -33  10                          -6   2           3                                   4                  11  -1              -6                   7                   0  -6
  1871                                      -7                   6                      -1               2  -5         -16   7                           0  -1          -4                                   9                  12  -2              -9                  -2                   9  -5
  1872                                     -15                  11                      -1               4   3         -16   2                          -1   1         -11                                  14                  17  -2             -11                   3                   5  -7
  1873                                     -17                  10                      -3               4   3         -18   7                          -5   3         -10                                  17                  10  -3              -7                   4                   5  -5
  1874                                     -17                   9                       3               4   2         -24   5                           0  -3         -13                                  23                  14  -7              -5                   2                   5  -4
  1875                                     -12                   8                      -2               9  -1         -29   5                          -2  -5          -7                                  23                  15  -6              -3                  -3                   8  -6
  1876                                      -5                   7                       0               4  -6         -17   4                          -1  -6          -6                                  25                  12   0              -9                 -17                  18  -2
  1877                                       1                   3                       2               0 -12         -16  10                          -1  -3          -2                                  11                   2   1              -6                 -12                  18  -4
  1878                                       4                  -2                       6              -1  -9         -34  12                           1  -4           0                                   5                   6   1              -4                 -17                  20  -7
  1879                                      -5                  10                      -4               3  -8               4                           2 -11           5                                  12                  11   2              -6                 -10                  11  -5
  1880                                      -9                   6                      -1               5  -2               2                           0 -11           5                                  17                   4   4              -5                  -9                   5   1
  1881                                     -14                  10                      -1               5  -6               6                          -2  -7          -2                                  24                  -2   4              -5                  -7                  12  -5
  1882                                      -6                   8                       1               2  -6               2                          -2  -8           6                                  13                   1   8              -4                  -9                   6  -4
  1883                                      -2                   2                       7              -3  -3               1                          -3  -3           0                                  13                 -10  10              -1                 -12                   8   0
  1884                                      -7                   2                       7              -2  -4               6                          -4  -4           6                                   8                  -9  12              -8                  -5                   2   3
  1885                                     -11                   1                      13              -2   0               2                           2  -2          -3                                   4                 -11  11              -1                   2                   1  -7
  1886                                      -6                   1                       5               2  -5               3                          -1  -2           3                                   2                 -13   6               4                   6                  -1  -7
  1887                                      -5                  -1                       1               2  -6               9                           0   2          -2                                  -2                  -8  -3              -2                  11                   0   0
  1888                                     -10                  -4                       3               3  -1           0   9                           0   1           1                                  -3                  -9   1              -3                  12                  -2   0
  1889                                     -13                  -2                       1               6   1           1   7                          -2   1          -2                                   4                 -13   1               1                   7                   4  -5
  1890                              12      -9                   0                       2               3  -5         -14   7                          -2   1           0                                   2                  -7   1               0                   9                  -3  -2
  1891                               8      -6                   4                      -2               3 -10           0  10                          -4  -2          -1                                  12                 -10   2              -4                  -2                   8   1
  1892                               8      -8                   4                      -1               3  -4          -3   4                          -2   0          -4                                   9                  -8  -1               4                   4                   3  -4
  1893                               5      -9                   4                      -2               8  -6           3   3                          -2  -1           2                                   5                  -9   0               0                  15                  -8   0
  1894                              15      -9                   3                       0               7 -11           5   3                          -4   1           2                                   5                 -19   4               0                  16                 -10   2
  1895                               9      -7                   3                       6               2 -10         -18   7                          -3  -1           4                                   5                  -9   4              -1                  11                  -8   0
  1896         -36                  16     -12                   3                      -3               7  -7           3  11                          -9   2           8                                   5                  -6   2              -4                   6                   0   0
  1897         -47                  22      -8                   1                      -3               8  -9           6  10                         -10  -2          13                                   8                 -16   5               3                  -3                   3   0
  1898         -47                  23     -14                   2                       4               4  -4          -8  10                          -9  -4           8                                  17                  -7   5              -1                  -7                   2   4
  1899         -48                  22     -12                   3                       5               4  -7          -4  10                          -8  -5           7                                  18                  -6   5              -4                  -9                   4   5
  1900         -34                  30     -11                   0                       4               5  -6         -14   7                         -11   1           2                                  18                 -12  10              -2                 -13                   6   1
  1901         -16                  26     -14                  -1                       3               4  -1         -12   5                          -6  -5           3                                  18                 -14   9               4                 -13                   3   1
  1902         -25                  23     -14                   1                       7               6  -6          -9   5                          -2  -7           4                                  13                  -9   7               2                  -1                  -4   1
  1903         -25                  26     -15                   2                       7               1  -2          -9   4                          -2  -6           3                                  14                  -4   8               1                  -7                  -2   1
  1904         -22                  25     -16                   4                       1               0   1         -17   8                          -7  -4          10                                   8                   5   9              -3                  -7                  -3   2
  1905           1                  29     -12                   4                      -4              -1  -2         -14   5                          -4  -3           3                                  10                  -6   5               3                  -7                  -2   3
  1906         -10                  26     -11                   2                      -1               1  -3         -11   5                          -1  -3           8                                   0                   2   4               1                   2                 -10   3
  1907         -18                  17      -9                   1                       0               3  -5           2   5                          -4  -4          10                                   4                 -12   5               5                   1                  -5   0
  1908         -11                  21     -10                  -1                      -1               1  -1         -14   7                          -3  -6          14                                   0                  -5   5               6                  -3                  -7   1
  1909          -4                  12      -3                  -1                       0               2  -3           0  -1                          -7   0           0                                  13                 -23   3               8                  -3                  -3   5
  1910           0                  -2      -1                   4                       0               3  -3          -5  -2                          -5  -1           5                                   6                  -7   3               4                   4                  -4  -3
  1911           8                   2       4                   3                      -3              -5   0          -7  -1                          -4  -1           3                                   5                  -5  -1               5                  -4                  -5   6
  1912           1                   0       3                   2                      -4              -3   3          -1  -1                          -6  -1          10                                   3                  -7   3               8                  -7                  -3   1
  1913           1                  -6       4                   2                      -1               3  -1         -10  -1                          -7   0           7                                   6                  -9   5               4                  -2                  -1  -2
  1914          19                 -11       1                   4                     -15               4   1          -7   6                         -10  -2          16                                   4                 -15   3               2                  -2                   1   1
  1915          20                  -9      -4                  -2                      -6               7   0          -8   5 -51                     -10  -1          17                                  14                 -18   1               6                   1                  -2   1
  1916          10                   8      -7                  -1                       1               2  -7         -12   5 -49                      -6  -2          10                                  16                 -12   4               3                  -3                  -4   4
  1917           8                  13      -1                   1                       0               2  -8         -14  -1 -46                      -9   2          10                                  15                 -12   5               8                  -6                  -5   2
  1918           0                   9       1                   4                      -3               5 -13          -6   3 -28                      -8   0           9                                  13                 -19   2               7                  -1                  -2   1
  1919           7                   5       3                   6                      -8               2 -10          -3   4 -33                      -4   0          14                                   2                       1               0                   0                  -3   2
  1920         -17                  11       1                   8                      -1               4  -8          -6  -3 -20                      -9   1           4                                  15                      -1               5                  -3                  -2   0
  1921         -15                  11      -8                   5                       2               4  -3         -18   2 -19                     -10   0           7                                  17                      -1               3                   2                  -8   5
  1922          -2                  12     -10                  10                      -4               5  -8         -25   5 -22                      -9  -3           8                                  21                       0               2                   0                  -4   2
  1923          -4                   0      -4                   3                      -2               9  -3         -29   3 -20                      -9  -2           8                                  16                      -4               3                   3                  -3   1
  1924           0                   2       1                   0                       3               5 -10         -23   4 -18                      -1  -1           7                                   2                       1               1                   4                  -3  -2
  1925          -2                   1       3                  -1                      -4              10  -4         -15  -1  -4                       1  -4           9                                  -3                       1               0                   2                  -4   1
  1926           6                  -2       4                  -1                      -5               4  -6          -3   3   1                       4   0           2                                  -9                      -1              -4                   4                   2   0
  1927           7                  -9       6                   1                       1               3  -4          -4  -2  -2                       1   2           5                                 -10                       4               1                   8                  -3  -9
  1928           0                  -5      10                  -2                      -2               5  -6         -11   2  10                       2   1           5                                 -15                       3               1                   2                   3  -8
  1929           5                  -4      10                  -7                      -8               8   0         -12   1   2                       4  -1           6                                 -12                      -2               1                  -3                   4  -1
  1930           9                  -3       3                  -1                      -7               1  -2          -6   5   0                       2  -2          16                                 -15                       6               1                   0                  -2  -6
  1931           6                   4      -1                  -3                      -3              -4  -1           4   6   3                       3   0           8                                 -13                       6               2                  -3                   2  -6
  1932          18                   0      -3                   0                      -7              -2   1          -2   4  -3                       0   2           1                                  -4                       2              -3                   0                   2  -2
  1933          14                   1     -10                   3                       1              -5  -1          -4   5  11                       2  -1         -11                                   4                       3              -4                  -1                   7  -5
  1934          18                  -1      -3                  -2                       3              -5  -3           3   0   3                       8   0         -14                                  -1                       1              -2                  -1                   6  -4
  1935          14                 -12       2                  -2                      18              -7  -8          -9   1 -17                       0   6          -9                                   7                       3              -4                   6                  -1  -4
  1936           6                  -4       6                   5                      13             -12  -8          -8  -1 -10                      -5   6          -8                                  11                       3               0                  -1                  -2   0
  1937           3                  -8       0                   6                      10              -3  -6          -5  -1 -10                       0  -2           0                                   9                       1               1                   6                  -5  -2
  1938          13                  -5       5                   3                       1              -9  -3           9   1  -7                       1   1           5                                  -5                       4               4                  -2                   0  -7
  1939           3                   2      -3                   3                       3              -6  -4          15   1  -2                       0   2          -2                                  -1                       5              -1                   0                   2  -6
  1940          11                   5      -3                   0                       0              -4  -4          13  -2  -7                       5   0          -2                                  -2                       4               0                  -3                   0  -2
  1941           5                   0       1                   2                       2              -4  -1          21  -6  -3                       5  -1          -8                                   2                       3              -2                  -5                   4  -1
  1942           9                   3       4                   1                       6              -9  -5          20  -4   3                       8   1          -7                                  -8                       6               3                  -2                  -1  -6
  1943           7                  -2       9                   2                       6              -7  -5           7  -6  -6                       4   0          -4                                   1                       4               4                  -5                   1  -4
  1944           1                  -3       8                   2                       8              -6  -8           4  -1 -10                       2  -1          -5                                   9                       4               1                 -14                  12  -5
  1945         -13                  -4      17                   7                       2              -3  -1           3  -7   6                      -3  -2           3                                   1                       0               7                  -6                   1  -3
  1946          -7                  -6      11                   7                      -1              -3  -1          14  -4  -7                       1  -3           2                                   7                      -4               4                  -7                   6   0
  1947          -2                  -4       4                   5                       1               0   0           7  -6  -3                       3  -4          -6                                   9                      -3               1                  -3                   4   1
  1948          -8                  -4       9                   6                       0               4  -1         -10  -4   3                      -2  -1          -7                                   9                      -4              -2                  -2                   5   2
  1949           0                  -3       9                  10                      -4               6  -4         -19  -9  -5                      -3  -2           1                                  10                      -2               5                   1                  -1  -3
  1950           4                  -9       0                   9                       5              -2   2           0  -9  -2                      -2  -3          -6                                  14                      -1               3                   4                  -2  -4
  1951          -1                  -4      -7                   9                       3               4   0           4  -8  -4                      -1  -2          -6                                  11                      -5               0                  13                  -6  -1
  1952           5                  -3      -8                   7                       0               1   2         -12  -3   5                      -1  -3          -9                                   9                      -9               3                  13                  -7   1
  1953          10                  -7      -8                   6                       0               1   1         -15   0   9                       3  -3         -11                                   3                      -9               1                  17                  -6  -2
  1954           0                   4      -8                   6                       2              -7   0          -7   1   8                      -1  -3          -3                                   4                      -5               3                   8                 -12   7
  1955           6                   4      -8                   7                      -7              -7   4          -9   1  11                      -3  -5           0                                   5                      -2               6                   0                  -4  -1
  1956           3                   2      -1                   6                      -5              -7   2          11  -1   3                       2  -3          -5                                   3                      -5               0                  -1                  -1   7
  1957          -1                   4       7                   4                      -2              -4   0          16  -8   0                       2   0          -3                                  -1                       1              -2                  -2                  -6   9
  1958           8                  -3      10                   5                       0             -12   5          27  -9   5                       2   0          -8                                  -2                       2               0                  -2                  -5   4
  1959           1                  -3      18                   6                      -1             -12   3          23  -6  12                       1   1          -5                                  -8                       0               3                   0                  -5   1
  1960           3                  -3      17                   5                      -2              -5   0          13  -7  -4                       0   1           6                                  -3                       2               7                  -2                  -4  -2
  1961           1                  -6      17                   6                      -4              -5  -1           9   0  -4                       0   0          12                                  -5                       3               1                  -4                   0   0
  1962          -5                  -1       9                   6                      -4              -1  -3          -2   2  -8                      -2   0           9                                   3                      -2               0                  -4                   2   3
  1963          11                  -1      16                   2                      -6              -2  -2          -9  -5 -10                      -1   4           3                                   3                       3               0                  -7                   1   3
  1964           6                  -2      17                   4                      -5              -4   0         -12  -2  -2                      -2   1           2                                   2                      -2               4                  -5                   0   2
  1965           6                  -6      17                   3                      -5               2   0         -18  -2  -6                       0   2          -4                                   6                      -8               3                  -1                   4   2
  1966           0                  -4      18                   6                      -8              -2  -1          -2   1  -3                       1   1          -5                                   3                     -10               1                  -4                   8   4
  1967          -1                   4       6                   9                      -8              -4  -1           6  -3  -8                      -1  -2           6                                   8                      -3               1                  -7                   1   7
  1968          -1                   5       2                   3                       4              -9  -5          -2   2   1                       0  -3          -2                                   5                       0               2                  -5                  -3   6
  1969           2                  -4       4                   0                       0              -7   3           1   6   1                       2  -4           2                                   1                      -2               1                  -7                   5   2
  1970          11                  -1      -4                  -3                      -4              -9   2          14   6   1                       6  -2          -1                                  -5                       3              -6                  -6                   3   6
  1971          -4                   4     -15                  -1                      -4              -2   1          18   7   5                       4  -4           5                                  -9                      -4               1                   5                  -2   0
  1972         -13                   6       4                  -2                      -1               4  -4          -5   5   4                       4  -3           3                                  -8                      -1               0                  -4                   2   3
  1973          -6                   5      -7                   0                       3               1  -6         -17   8   8                       5  -7           3                                  -8                      -1               2                   2                  -5   2
  1974           1                   6     -19                  -3                      -1               0  -2          12   4  -9                       6  -2          -2                                   6                     -10               0                   1                  -1  11
  1975           2                   4     -18                   2                      -1              -8   0          22   4   4                       9  -7          -8                                  -1                      -5              -3                   3                  -3   9
  1976          -9                  10     -24                   2                       0              -9   2          29   7   5                       1  -3          -5                                   1                      -5              -8                   0                  -1  14
  1977          -4                   6     -33                   4                       3              -4   0           8   4   4                       0  -6          -7                                  10                      -4              -4                   4                  -1   5
  1978          -4                   2     -23                   3                       6              -6   4           2   2  13                       1  -5         -21                                   6                      -9              -6                  11                  -6  11
  1979           2                  -1     -36                   3                       6               0   4           9  -2   1                       9  -9         -17                                  10                      -9              -6                  10                  -4  10
  1980          -7                   7     -34                   5                       4               0  -2          29  -2   0                      12  -9         -14                                   5                     -10              -3                   7                  -3   9
  1981           7                   1     -35                   4                      13             -10  -5          37  -2   0                      11  -5         -22                                   5                      -4              -7                  10                  -9   9
  1982           0                  -2     -19                   2                      12             -11   1          44  -2  -5                       3  -3          -6                                   9                      -1              -1                   0                  -1   3
  1983           3                   7     -45                  -2                      14              -9  -2          47  -4  -6                       5  -6          -9                                  13                       9              -7                  -6                  -2   5
  1984           9                  -1     -21                  -8                      10              -8  -1          45   1 -12                       8   0          -3                                   5                       6              -4                  -9                   3   5
  1985          13                  -3     -26                  -7                      12             -12  -2          32   4 -10                       8  -4          -3                                   8                       4              -1                  -8                   0   5
  1986          11                   5                          -2                      -1              -4  -7           0   0  -5                       8  -3          -5                                   1                       2               4                  -9                   1   2
  1987          18                   2                          -4                      -4              -2  -7          -5   2   2                       8   0         -18                                  -3                       0               3                  -2                   1  -2
  1988          11                  -1                          -3                      -4              -5   0               5  -1                       8  -5           4                                  -5                       6              -1                 -10                   2   3
  1989           5                   2                          -5                      -4              -3   6               0   7                      -3   1           0                                  -6                       4              -2                   1                  -6   2
  1990           5                   2                           1                      -3               1   2              -6   2                       2  -2          -1                                  -2                       1               2                   2                  -5   0
  1991          18                 -11                          -2                      -6               1   8              -5  -7                       4   1           8                                  -3                       3              -2                   4                  -6   1
  1992           2                   0                          -3                       1               1   1              -1   1                       3   0           4                                  -7                       0              -1                   4                  -9   5
  1993         -13                  -2                           2                       7               9   1              -6   2                       7  -4          -3                                  -5                      -1              -3                   5                  -2   1
  1994         -11                  -4                           3                       7               0   5              -3   9                       1  -5          -5                                  -5                      -2              -4                   8                  -7   4
  1995         -10                  -3                           2                       8               4   4              -6  -2                       0   1          -7                                   5                      -2              -8                   3                   0   7
  1996          -9                  -2                          -1                       7               3   5              -4  -5                       0   0           4                                   6                      -2              -4                  -2                   0   6
  1997           2                  -6                           2                       5               2   4              -8  -8                      -2   1           7                                   9                       6              -3                  -2                   1  -1
  1998           0                  -3                          -2                       3               7   6             -11  -7                      -1   0           6                                   7                       5               0                  -4                   2  -3
  1999          -8                  -2                           2                       5               2   1              -1  -7                      -1  -1          14                                   4                       5              -3                  -7                   4   0
  2000          -5                  -1                           1                       4              -1  -4               5 -17                       2   1          25                                   5                       5              -2                 -15                   6   5
  2001          -3                   2                          -2                       0              -4   0               6  -5                      -3   1          16                                   1                       5              -2                  -9                   3   4
  2002          -4                  -2                          -6                       6               4   2               0  -8                      -3   2          15                                   4                       6               0                  -8                   4  -2
  2003           0                   2                          -7                      -4              12   3              -4 -12                       2   3          25                                  -5                       8               1                  -8                   1  -2
  2004          -6                   6                          -4                      -4               8   2              -2  -6                       7  -2          10                                  -3                       4              -1                 -12                   7   3
  2005          -3                   2                          -1                       2               0   2              -2  -9                       4  -3           7                                   7                       4              -2                 -14                   7   5
  2006          -3                   4                          -5                       4               6   5              -9  -8                       0  -1           8                                   7                       8              -1                 -12                   4   1
  2007           0                   1                          -3                       0               7   4              -9  -6                      -3   2          13                                   2                       9              -1                  -4                  -2  -3
  2008           6                   1                          -5                       0               4   3              -8  -3                      -1   4          -2                                   1                       6           0  -5                  -1                  -4   4
  2009           4                   0                           3                       1              -7   0              -2  -1                      -3   2           5                                   1                       5           9  -2                   1                  -8  -1
  2010           2                  -6                           7                       4              -1   0              -6  -7                      -3   2          12                                   5                       4           1   0                   4                  -5  -4
  2011          12                  -8                          -5                       1               1   2              -1  -4                       2   3          13                                  -8                       5           4   1                   5                 -12  -1
  2012          15                  -5                         -10                      -4               3   3               0   4                       0   2          -1                                  -7                       2          -4   3                   6                  -8  -2
  2013           5                  -8                          -4                       4               0  -1               3   2                      -6   2           3                                   2                      -1         -14   2                   8                  -3   0
  2014           0                  -7                          -1                       7              -1   2               0   5                      -5   0           3                                  -1                       2         -10  -2                   8                  -6   3
  2015           6                  -6                          -4                       2              -1   2               2   9                     -11   3           2                                  -3                       1          -4   0                  14                 -10  -4
  2016           0                  -3                          -4                       3              12  -1              -3  10                      -7   4         -10                                  -4                       3          -2  -1                  11                  -1 -12
  2017          -8                   5                           1                       8               3  -2              -6   8                      -9   2          -8                                   2                      -2           4   0                  11                  -9  -3
  2018           0                   5                           1                       1              -6  -3               0   7                     -12   2          -2                                   4                      -3          -3   0                  11                  -8   3
  2019          -3                   7                           4                 -22   4               4  -2              -6   2                      -5   2          -7                                   5                      -7           7  -3                  14                  -4  -4
  2020          -7                   8                          -4                 -22   2               9   2               0   3                       0   2           8                                 -10                     -12          14  -1                  16                 -11   0
  2021           2                   3                          -5                  -5   3               6  -3              -2   6                      -8   4           0                                  -1                      -7           1   5                  16                 -11  -3
  2022          -1                  -2                          -3                   7   2              14  -3              -4   6                      -7   6          -7                                  -3                      -6          -9   3                  17                  -7  -3
  2023          -4                  -5                           0                  19  -1              11  -1              -4   8                      -5   6          -4                                  -9                      -6          -3   2                  19                 -12  -1
  2024          -3                  -2                           3                  16   2               2  -1              -6   7                      -4   3         -11                                  -4                      -4           6   1                  14                 -14   0
  2025          -4                  -1                          -3                  -3   5               4   3              -1   6                      -1   0          -3                                  -6                      -9           6   0                  14                 -10   2
  2026          -2                   1                          -3                  16  -5              10   0              -3  -1                      -5   7          20                                  -9                      -1          -2   4                   8                 -12   1
  2027          -5                   0                          -1                  28  -4               7   0              -4   4                      -3   5          11                                 -13                       1           7   4                   8                 -17   1
  2028         -16                   2                           1                  10   3               8  -1               3  -2                       4   3          19                                 -15                      -7           7   3                   6                 -10   5
  2029          -8                  -1                          -7                   6   1              21   2              -2  -4                       5   5           4                                 -10                      -7          -5   1                   4                  -1   5
  2030          -3                  -4                          -1                  13  -2               7   3              -1  -3                      -5   5           9                                  -1                      -5          -9   1                   7                  -2   4
  2031           1                  -2                          -2                  -6   2               5   2              -1  -4                      -5   6          16                                  -2                      -5          -5  -2                  12                  -8   6
  2032           3                  -3                          -2                 -27   4              13  -1               1  -7                       2   3          15                                  -2                      -7         -16  -1                  11                   2   5
  2033          -6                  -2                           0                  -1  -2              25  -1              -3  -1                       4   4           3                                 -10                      -8         -21   0                  12                   2   6
  2034          -1                   0                           2                   1  -3              19  -5              -4   0                      -3   9         -14                                  -2                     -12          -8   0                  17                   0   0
  2035           0                   2                          -4                  -6  -3              14  -3               2   0                      -5   6          23                                  -8                      -5          -5   4                  13                  -7  -2
  2036           4                   6                          -8                  -7  -4              15  -4               0   5                      -6   6           6                                  -9                      -8          -4   2                  18                 -13   4
  2037          -6                   5                          -6                  10  -3              12  -3               5   7                      -1   5          -5                                 -12                      -6           2   0                   7                  -6   4
  2038          -6                   4                           0                   1  -1               6  -4               3  -2                       3   5           6                                 -10                      -5          12   1                   5                  -8   0
  2039          -5                   7                          -4                  -1   1               4   1              -2   2                      -2   3          -7                                  -2                      -4          10  -5                   4                  -5   3
  2040          -6                   7                          -2                   1   2               2   1              -3   1                      -2   2          -6                                   1                      -6          12  -2                   5                  -6   1
  2041           3                   7                          -3                  -4   1              -2   1              -8  -5                      -5   4           3                                   6                      -2           8  -3                   6                 -10   4
  2042          -7                  10                          -1                  -2   5               3  -3              -4   2                      -4  -3           2                                   6                      -2          -4   2                   0                   1   1
  2043          -3                   5                           4                  -4   1               7  -2              -8   2                       8  -5         -11                                  -3                       1          -8   1                  -1                   0   4
  2044           0                   3                           2                   6  -1               6  -4              -4   2                       2   0         -11                                  -2                       3          -4   1                  -1                  -1   0
  2045           4                   3                           0                  11  -6               7  -2              -7   4                       1   1         -27                                   2                       5          -6  -2                  -4                   3   2
  2046           1                  -1                           4                  25  -5              -4  -4              -2   0                       2   0          -1                                  -2                       3         -10   6                  -6                  -4   8
  2047          -1                   5                           3                  16  -5               0  -6              -4   1                       4  -3         -10                                   0                       5          -2   6                 -10                   1  -1
  2048           3                   5                           2                   1  -3             -12  -5               3   2                      -8  -1          -2                                  10                       2         -11  -1                  -3                   6   4
  2049           1                  10                           3                  -8  -4             -12  -8               7   6                      -8  -1           4                                   3                       4         -12  -4                  -1                   5   6
  2050          -6                   9                           5                   6  -6               5  -6               0   6                       1  -1         -15                                  -4                      -4          -6   0                   3                   2   3
  2051          -5                  12                           4                  10  -4               7  -8              -7   5                       1  -2         -23                                   1                       1          -7   1                  -2                   1   5
  2052          -5                  11                          -1                   4   6              16 -11              -8   5                      -1   5         -45                                   2                      -2          -5  -5                   3                  -2  10
  2053           2                  11                           4                  -5   4               5 -13              -7   5                       1   0         -30                                   2                       4          -2  -2                   2                  -5   3
  2054         -13                  16                           0                   1   2              18  -7              -6   3                      -1   2           7                                  -8                       8           7  -3                  -3                  -6  -2
  2055         -11                  14                          -7                   7   0              26  -4              -4   2                       1   2           6                                  -7                      -1          -2   3                  -2                  -3   5
  2056          -1                   9                          -7                  -6   2              20  -7              -1   6                       5  -3         -17                                  -6                       2           0   3                  -4                  -2   0
  2057           3                  10                          -7                  -5   1              25  -5              -9  -1                       9  -3         -23                                   0                       1          -3   6                  -7                   1   1
  2058          -5                   9                          -2                   2  -1              28  -4             -10  -4                      11   2         -33                                  -3                      -5          -3   2                  -3                   3   7
  2059           3                   5                           1                 -10  -5              20  -4              -3   2                       7   0         -49                                  -9   9                  -4           0  -4                  -2                   7   3
  2060          -4                   9                           3                 -11  -4               7   0              -1  -3                       4   2                                              -1  -2                  -3          -1  -4                   2                   6   1
  2061          -4                  12                           3                  -9  -8              -1   1               0  -4                      -2   0                                              -1   7                  -9           2  -4                   1                   8   3
  2062          -4                   6                           3                   4  -3              -5  -2              -1  -2                     -10   2                                               1   9                  -7          -3  -2                   4                   2   7
  2063          -1                  10                           7                   6  -9              -1   0              -9  -2                      -1   1                                               1   2                  -7           2  -1                   8                  -4   2
  2064           2                   6                           1                   7 -12              -5   2               0  -1                       4   2                                              -5   0                  -6           0   0                   0                  -3   9
  2065          -5                   6                          -1                  16  -7              -3  -3               5   3                      -5   2                                              -5   3                  -2           3   1                  -4                   0   4
  2066          -2                   7                          -1                   1  -5               0  -1               2   2                       0  -1                                               1  -2                   0         -10  -1                  -3                   7   7
  2067          -4  33               3                          -1                  11  -7               3  -2               0  -2                       4   2                                              -2  -2                  -2         -14   8                  -6                   7   7
  2068          -6  11               6                          -2                   0  -1               2  -6               7   4                       6   2                                              -3  -9                  -5         -18   4                   0                   4  16
  2069           4  11               8                          -8                 -12   0               9  -9               5   2                       2   0                                              -3  -1                   0          -9   5                  -3                  -1   8
  2070          -1   8              10                          -5                  -7   1              13  -4              -3  -2                       7  -2                                              -1  -2                  -3           5   5                  -1                  -5  -2
  2071          -4  -8               8                          -5                 -11   5              27  -7               1   2                      13  -2                                              -8  -4                  -3           0   6                  -1                  -4   3
  2072          -5 -22               7                          -6                  -3   6              26  -5               1   0                       6   0                                              -9   2                  -8          -2   4                   2                  -6  14
  2073          -2 -18               6                          -8                  -1  -3              25  -3               7   6                       0   0                                              -9   0                 -10          -5   1                   5                   0  10
  2074           0 -15               8                         -10                   8  -4              10  -6               8   5                      -6  -1                                              -9   7                 -18           3   5                   7                 -10  18
  2075           3 -19               9                         -10                   5  -2              11  -3               2   0                      -1   2                                               2  -3                 -11           3   2                   4                  -8  12
  2076          -4 -19               7                          -5                   7   6               9  -5              -1  -3                       6   1                                               2  -4                  -8          -3   7                  -3                  -6  16
  2077           1 -21              11                          -8                  -7   9               1  -7               2   0                      11  -4                                               5  -8                   1          -2   5                  -9                  -7  16
  2078           0 -12               6                          -3                   4   3              -1  -5              -1   1                       6  -4                                              -6   3                   0          -5   5                  -7                  -8  19
  2079          -2 -11               8                          -3                   3   6              -4  -6              -1   4                       2  -2                                              -1  -2                   5          -4   1                  -6                 -10  19
  2080          -4 -16               8                          -9                   5   1               2  -7              11   8                      -8  -3                                               2  -1                  -8          -1   3                   0                  -1  11
  2081          -2  -8               5                           1                  -1   1              -2  -8               6   7                      -3  -5                                             -12   9                  -2          -4   2                   0                  -6  15
  2082          -1  -4               5                           0                   2  -4              -7  -8              10   5                       2   0                                              -5  -3                  -3          -6   5                  -3                   0  11
  2083          -9  -6               1                           4                   5   4              -9  -6               6  -1                       1   1                                              -6   4                   0           1   4                  -9                   1   4
  2084          -6  -4              -1                          -4                  -3   5              -7   0              10   3                       7  -1                                              -5  -2                   1           5   1                  -9                   0   3
  2085           1  -4               1                           0                 -21   2             -25  -6              20   5                      13  -4                                             -10  -3                  -2           2   1                  -7                   2   5
  2086          -6  15               0                          -4                 -13  -1             -14  -3              19   3                      19   0                                             -12  -6                  -5           2   5                  -8                   5   2
  2087          -6  11              -4                          -1                 -19  11             -10  -6              15   8                      13  -3                                             -10  -6                   2           0   3                  -3                  -2   1
  2088          -4  -2              -4                           1                 -11   4               2  -4              13   5                      13  -4                                             -10  -2                  -6           0   7                  -2                   3  -3
  2089           1 -18              -2                           2                 -21   9              18  -7              10   2                      10  -6                                             -11   7                  -8           1   6                   2                   0   0
  2090          -4 -25              -3                           4                  -9  13              11  -6               5   6                       4  -9                                              -3   3                  -3           0   5                   2                  -1  -2
  2091          -3 -15              -2                           5                   5   5               0  -4               1   8                      -1  -7                                              -7   5                   0          -2   3                   2                  -7   7
  2092           2 -30              -5                           6                   5   1              -7  -3               6   8                      -4  -6                                              -5   3                   0           2  -1                   0                  -5   3
  2093           6 -24              -4                           7                   4  -5             -18  -4               9  10                      -2  -6                                              -9   4                  -5          -4   2                   3                  -5  12
  2094           3 -15              -6                           8                   0   0             -18  -4               7   7                       0  -6                                             -12   7                  -4          -5   3                   3                  -5  11
  2095           2  -7              -1                           4                  -1  -1             -26  -1               4   5                       8  -5                                              -2  -3                  -4          -5   2                   3                  -4  11
  2096           3   2               3                           6                  -6  -4             -26  -1               0   7                      11  -5                                              -2  -6                  -1          -7   0                   7                  -4   8
  2097          -1  -6               3                           1                  -1  -3             -18   2               4   4                       3  -7                                               2   0                 -10          -2   0                   6                   4   4
  2098          -2  -6               2                           3                  -7   1             -11  -2               7   4                       1  -4                                               1   0                  -4           0  -1                   3                   4  -4
  2099          -5  10              -3                           2                  -2  -1              -6   0               7   8                       1  -5                                             -14   6                   7          -4   1                  -7                   3   0
  2100           2   3              -2                          -1                   0   2             -19  -1               2   1                       1  -1                                              -1   0                   4           0   1                  -5                  -5   7
  2101           0  11              -1                           0                  15  -6             -43   4              -3  -1                       0  -4                                               1   4                  -2          -6   5                  -4                   1  12
  2102          -3   9              -1                           0                  12  -8             -35   9              -3  -1                       9  -3                                              -4   4                  -7           6  -1                   2                  -3   5
  2103           6   1              -2                           5                   3  -6             -26   2              -3   3                      11  -8                                              -5   4                   0           0   4                  -1                  -5   1
  2104           3   3              -3                           2                 -15   3                   3               0  -4                      25  -5                                             -17  10                   0           3   2                  -4                  -5   4
  2105           5 -13              -3                           5                 -18   2                   2               5  -4                      21  -2                                             -13   6                   0           4  -1                  -4                   1   0
  2106          13 -10              -8                           5                 -14  -3                   5               0  -3                      17  -5                                              -7   6                   4           0   2                  -4                   3  -7
  2107           9   4              -9                           1                 -21  -3                   8               7   2                      25  -6                                             -20   8                   6          -2   1                  -7                   4  -3
  2108           6   2              -8                          -4                 -19   1                   9               9  -1                      27  -9                                             -17  12                  -1           4   2                  -7                   4  -3
  2109           5   5              -9                          -2                  -9  -1                   6               6   3                      18  -9                                              -4   3                   1           2   7                  -5                   5 -17
  2110          -3  -5              -7                           1                  -5   3                   4               8   5                       5  -8                                               0   2                   4           5   3               5  -8                   6 -20
  2111           4 -18              -7                           5                  -8   0                   6               5   8                       4 -12                                               5  -1                   1          -1   1               9   0                   9 -20
  2112           1 -29             -11                           8                  -1   3                   8               5   3                       7 -10                                               1   4                  -3          -3   3               2  -4                  13 -10
  2113           0 -18              -6                           3                  -1   4                   3               7   8                      -3 -10                                             -11  10                  -1          -2  -2              -3  -1                   3   7
  2114           2 -10              -7                           3                  -1  -5                   3              13   9                      -7  -7                                             -15  10                   0           2  -3              -2  -1                   6  -4
  2115          -2 -15              -8                           8                   7  -2                  -1              11   9                      -9 -12                                              -9  12                  -5          -5   4              -7   2                  13  -9
  2116          -6  -9              -3                           3                   0   1                   4               7   9                      10 -12                                             -12   8                  -9          -1   1               5   3                   3   3
  2117           0 -13               2                           2                  -2  -3                   1              10   5                      20  -1                                              -4  -7                  -7          -4   4              -1   0                   2  10
  2118          -1   1               1                          -6                  -2   3                  -4               9   5                          -3                                              -9   4                   3          -2   2              -6  -6                  -3  15
  2119           5  -3              -2                          -4                  -8  -3                   0              15   3                           0                                             -11   4                  -3          -4  -1              -5   0                   4  13
  2120           2   8               5                         -12                  -8   3                  -3               8  -5                           1                                               0   3                   4           8  -3             -11  -6                   3  -1
  2121           0   0               3                          -4                   0  -3                  -4              11  -2                           1                                              -6   5                   2           7   1              -8  -8                   3  -1
  2122          -3   1               2                         -14                   3  -1                   0              17  -4                           5                                              -4   1                  -2           6   0             -13 -11                   7  12
  2123          -4   2               5                         -12                  -5   4                  -2              15  -4                           5                                              -3   1                  -2           4   0              -1 -11                   1  16
  2124          -2   0              -1                         -11                  -1   2                   0              16  -1                           1                                              -9   6                  -3           5   1              -5  -9                   0  15
  2125           0  -8               0                          -4                  -9   3                  -2              22  -2                           3                                             -11   6                  -2           6   0               0 -12                   2  10
  2126           3 -15               0                           1                 -15   3                  -4              23   2                           3                                             -15   5                   4           7  -3               0 -12                  -3  14
  2127           0 -11               3                          -4                 -18   7                   2              16  -3                           2                                             -11   8                   0          -2  -6              -1  -7                   9  18
  2128           2  -5               6                          -7                 -20   4                   1              18  -5                           2                                              -3   5                  -6          -5  -4               1  -1                  14   9
  2129          -1  -9              -1                           5                  -8   4                   1               6  -4                          -3                                              -2   8                  -6          -2   4              10  -6                   8  -4
  2130          -5  -1              -4                           6                  -2   1                   2               5  -3                          -2                                              -8   8                  -8           5   2              16  -2                  -1  -7
  2131          -6  11              -1                           5                  -5   0                   5              -7   0                          -5                                              -6   8                  -3          -4   1              25  -1                  -2  -9
  2132          -2   4              -2                           5                  -1  -2                   4              -7  -2                           1                                              -4   3                   0           3   1              26  -7                 -13   1
  2133         -10  -2               1                           7                   5   4                   9             -19  -4                          -5                                              -2  10                  -2          -4  -1              25  -7                   1   2
  2134           0   2               1                           5                  -4   0                   8             -19  -2                          -7                                              -9  14                  10          -6  -3              21 -11                  -1   2
  2135          -5   5              -1                          12                   2  -9                   3              -2   3                           0                                             -23  10                   2          -8   2              20  -9                  -2   7
  2136          -6   4              -1                          10                 -13  -1                   9              -2  -1                           1                                             -14   8                   7          -5  -4              27 -11                   5  -9
  2137          -2   2              -2                          10                  -5  -7                   9              -5  -1                           0                                             -10   7                   4          -3  -1              27 -10                   1  -9
  2138          -1   5               3                           5                 -16  -9                  10         -15  14  -1                          -2                                             -14  11                   3          -2  -6              29 -11                   6  -7
  2139           1   9               1                          -2                 -16  -6                   7          13   3  -4                           4                                             -16   8                  -1          -1  -3              33 -10                  -2  -3
  2140          -4   2              -4                           3                 -17   4                   9         -10  15   1                           0                                              -6   3                   2          -6  -1              18  -8                   6  -5
  2141          -4  10              -3                          -3                 -13   5                   7         -13   6   2                          -6                                               5   2                  -3          -8   2              20   0                   2  -7
  2142          -1  12              -6                          -4                  -5  -3                   5           0   4   0                          -5                                              -8   9                  -8          -3   3              19   0                   0  -7
  2143           2   8              -4                           3                 -11  -1                   6         -17   7  -3                          -3                                               2   6                  -6          -3   3              23  -1                  -2  -8
  2144          -6  14              -3                          -4                  -5   1                   4          -7   2   0                          -4                                               1   4                  -3          -6   5              18  -2                   1 -10
  2145           2  12              -2                          -5                  -5  -1                   5         -18   0   1                          -8                                               9   3                   1          -1   1              17  -1                  -8  -6
  2146           0   8              -1                         -12                   6  -2                   5          -9  -6  -3                          -7                                              11   3                  -3          -4   5               8  -4                   2  -1
  2147           0  12               0                         -12                  -9  -2                   8          -8   7  -5                           1                                              -5   6                   2          -5  -1              14  -8                   4   4
  2148           5   5              -5                          -1                  -2  -7                   6         -14   7  -2                           2                                              -5   2                   4          -4   4               6  -8                  -3   9
  2149           1  -1              -7                           8                  -9  -1                   6         -14  17   1                          -4                                             -10   8                   3          -4   5              13 -11                   2  -3
  2150           3   1              -4                           6                  -5  -8                   0           1  16   2                           0                                             -16   7                   0          -2   5               6  -6                   4  -5
  2151          -2   5              -1                           3                   2 -13                   5          -2  11   2                          -3                                             -11   6                   1          -5   3               8  -6                  13 -17
  2152          -3  -2              -1                           4                   6  -6                   4         -11   9  -1                          -8                                              -3  10                 -10          -3   6              16  -8                   5   0
  2153          -6 -10               1                           1                  11  -3                   4         -17  17   1                          -5                                               5   2                  -9           5   4              10 -11                  -3  14
  2154          -3  -3               2                          -4                   6  -8                   1           4  13   3                          -6                                               0   4                  -7           5   7              18 -15                  -4   2
  2155           0  -1               4                          -3                   9  -7                  -2           5  -8  -3                          -2                                               9   1                 -10          -2   8              12  -6                  -1   3
  2156          -4   4               4                           2                  10  -4                  -3          -2 -16   1                          -8                                               6   4                  -4          -3   4              13  -2                  -3  -3
  2157           0   7               3                          -5                   7   0                  -3         -14 -12  -1                          -8                                              16   1                  11          -2   6              -4  -6                  -2  -7
  2158           1   5              -2                           3                   5   2                  -1          -3 -28  -5                          -1                                               5   4                  10          -4   4              -4  -2                   1  -9
  2159           3   9              -4                           6                   5  -1                  -4           5 -32  -6                           3                                              -5   5                  14          -7   6             -10  -2                   4 -13
  2160           2   2              -2                          -3                  12  -4                   1          17 -36  -3                           1                                               0   2                   7          -4   2              -4  -2                   5  -7
  2161         -13   9              -2                          -1                  14  -6                   1          -4       0                           0                                              -7   3                   6          -2   4              -6  -6                  16 -21
  2162          -9   8              -3                          -7                   3  -4                   3          20       0                           3                                             -24   8                  -1          -6   2               4  -5                  17 -10
  2163          -3   6              -6                           4                   2  -6                   4           2      -2 -38                      -1                                             -12  13                  -4          -6   1               8  -4                  21 -19
  2164          -4   4              -2                           3                   2  -6                   0          13      -1 -40                      -1                                             -18  15                 -16          -3  -2              19  -2                  13  -4
  2165 -19       4   5              -7                         -12                   2  -1                  -2          34       3 -23                      -2                                             -18  10                  -5           0  -1               9  -4                   7  -5
  2166  -8       9   5              -6                           0                  -5  -6                  -2          22       2 -29                      -1                                             -12   8                  -3           1  -2               9   0                   5 -19
  2167  -4       0   2             -10                           7                   2   2                  -1          11       1 -39                       5                                              -5   2                  -5           2   1              -2   0                   8 -11
  2168   4      -7   7              -3                         -14                   7   4                  -4           5       2 -15                      -6                                               4   5                  -2           2   2              -8   0                   9  -9
  2169   9      -7   8               0                         -16                   2   1                   3          -6       0 -22                      -3                                               8   2                   5          -1   0               0  -7                   7  -1
  2170   5       0   0              -3                          -7                  -2   1                   3           7       3 -39                      -4                                               9   3                  -3          -1   2              11 -10                   6   1
  2171   4      -5   2               0                          -3                   2   3                   1          -8       4 -23                      -1                                              13  -5                   6          -4   4              -1  -7                   2   7
  2172   9      -3   1              -1                          -1                   0   4                  -1          -8       1 -36                      -2                                               0   7                  12          -1   0             -11  -8                  12   2
  2173   2      -2  10              -4                           4                  -2  -2                  -1          -9       6 -58                       0                                              11   0                  13          -1   0               4 -10                   3  -9
  2174  11      -1   0              -2                           2                  -3   2                   0          -7       7 -48                      -6                                              20   0                   4          -1   2               3  -7                   4  -2
  2175   3      -3   4              -1                           8                  -6   5                  -3          -3       6 -34                      -5                                              15  -1                   8           4   0               8  -7                  -5 -15
  2176   6       7   3              -3                          -4                  -8   0                  -3          10       5 -33                      -4                                              14   0                  -3           4   0               9  -2                  -8  -4
  2177   8      -6   3              -5                          -4                  -1   3                   0          12       7 -21                      -2                                               1  -1                  -6           5   0               9  -4                  -9   6
  2178   0       5   6              -4                         -13                  -7   3                  -2          12       7 -34                      -4                                              15  -1                  -3           3  -1              10  -3                  -9   6
  2179   6       3  -2              -7                         -12                  -5   9                   0          11       8 -22                      -5                                              11  -2                  -2          -3   4              -6  -1                   0  14
  2180   1       4  -7              -7                           2                   2   7                   0                   9 -30                      -9                                              17   0                 -14          -1   1               3   3                  -3  17
  2181   2      -4  -6             -10                           6                   8   7                   2                   9 -14                      -7                                               3   0                  -5           1   4              -2  -2                  -3  12
  2182  -6       4  -8              -6                          11                   4   5                   0           2       7 -28                      -6                                              14   0                   0          -3   5              -3  -5                   9  -3
  2183  -5      -4   4              -5                         -10                   7   2                   0           6      10 -34                      -4                                              20  -5                   0          -2   3               3  -6                   6   1
  2184 -16       5   1              -8                         -14                   8   5                  -1           6       8 -39                      -5                                              32  -5                  -3           3   2               0  -5                   1   5
  2185 -15       7  -7              -7                          -1                   1   6                   2          14       5 -41                       0                                              33  -7                 -14           3   3              10  -7                   0   4
  2186  -4      10  -7              -6                         -14                   2   6                  -2          13       7 -39                      -7                                              31   0                  -7           4   3               0  -8                   2  11
  2187   3       1  -9              -8                           2                  -1  12                  -2          11      10 -30                      -8                                              30  -4                  -8           5   4              -3  -2                   1  -3
  2188  -2       2  -2             -10                         -11                  -4  15                   4           0       8 -10                     -11                                               0   6                   2          -1  -2              -2   0                  -6  24
  2189  -4       1  -6              -7                          -2                   0  14                   2          -7       4  -1                      -6                                               4   1                   2          -5   4              -9   1                   1  20
  2190  -3      -2  -3              -6                           1                  -1  10                   1           2      10  -4                      -6                                                  -3                   6          -3   2              -6   1                  -4  15
  2191   6       6  -7              -4                          -5                  -4   4                   6          -5       4   2                      -5                                                   0                   5          -1  -1              -6   2                  -6  20
  2192   1      -3  -1              -1                         -15                  -2   5                   5           3       3   8                      -3                                                  -2                   1          -3  -1               0   1                  -2  13
  2193   7       2   2              -2                         -14                  -8   1                   7           2       1  18                      -3                                                  -3                   5           1  -3               3   4                 -13   0
  2194  -6       1   1              -2                          -8                  -9   6                   6           7       4  12                      -4                                                  -4                   8           0  -3               9   0                 -16   3
  2195  -6       2   2              -3                          -3                 -11   6                   4           8       5   8                      -5                                                  -2                   8          -1  -2              10   0                 -14  -6
  2196  -7      -1   8              -3                           2                 -10   5                   5          -4       3  10                      -5                                                  -1                  17          -1  -4              10   1                 -13 -18
  2197  20      -2  10              -5                          -6                 -16  -2                   6           4       7  -3                      -1                                                  -4                  16           5  -2               6  -3                 -21  -6
  2198           4   3              -4                          -9                  -8   3                   1           8       6   4                      -8                                                   1                  17           3  -1               1  -2                 -11  -9
  2199           2   6              -8                         -22                  -7   5                   0          21      11  -8                      -4                                                  -4                  20           6  -3              -6  -2                  -8  -3
  2200           6   7              -9                         -17                 -15   4                   2          28       7  -2                       1                                                  -7                   7           7  -1               2   1                 -18  -9
  2201          -2   7              -9                          -2                  -4   5                   0           9       7  -2                       1                                                  -8                  17           5   1             -10   2                  -8 -12
  2202          -6  11             -11                          -7                  -6   7                   7          -3       8 -17                       2                                                  -4                  19           4  -6              -2  -1                  -7  -1
  2203          -5   5              -7                           4                  -1   2                   5          -4       7  -7                      -4                                                  -1                  15           1   0               4  -7                  -8  -2
  2204  24       2   4              -7                          -5                  -4  -8                   6         -10       3 -10                      -1                                                   1                  22           6   1              -9  -5                  -7
  2205  21       1   2              -5                         -19                  -4 -11                   8           6       6   0                      -3                                                  -3                  18           4   3              -3  -8                  -8
  2206  15      -2  -5              -8                         -12                   1  -4                  10           3       5  10                      -3                                                  -5                   9           5   4              -6  -3                  -7
  2207  14      -3   7              -7                         -20                  -3  -5                   9          -3       3   7                      -1                                                  -5                  18           6  -3              -2   0                 -17
  2208  16      -4   8              -7                         -13                  -2  -4                  12         -21      -1  -1                       2                                                  -1                  21           1  -1              -5  -1                  -4
  2209  20     -13  12              -4                         -20                   2  -6                   8         -13       0   6                       3                                                  -5                  17           1   2              -4  -2                  -8
  2210  20     -14  10              -6                         -31                   2   0                  11         -14      -1   7                      -1                                                  -1                  15           3  -3              -3  -1                  -5
  2211  27     -15   7              -2                         -25                   8  -7                   8         -18      -2   7                      -5                                                   4                  13           5  -3               1  -6                  -4
  2212  22      -9   3              -5                         -24                  -1  -2                  10          -8       2  -6                      -7                                                   8                   2           1  -4               6  -6                   4
  2213  13      -3   6              -6                         -37                  -6   3                  12          -9       1  -5                      -8                                                   9                  15          -1  -6               6  -5                   3
  2214 -13       8   4              -9                         -38                  -2   5                  13          -4      -1   4                     -10                                                   9                  27          -3  -1               7 -10                  -4
  2215   8       0   9             -10                         -29                   0  -2                  10         -14      -2   8                      -6                                                   4                  14          -3   1               1  -1                  -7
  2216  -1       9   9              -8                         -28                   1 -11                   7           2      -1   3                      -1                                                   1                              -4   1               6   0                  -5
  2217   6       9   6              -7                         -31                  -5  -7                   6           5       0   1                      -7                                                   7                              -1  -1               8  -2                  -7
  2218  -1       3   1              -6                         -33                   1  -4                   4          20       4   8                      -6                                                  -2                               4  -1               3  -1                  -8
  2219  11      -4   2              -1                         -24                  -1  -6                   7           5       2   8                      -2                                                  -3                              -2   2               4  -2                  -3
  2220  12      -2  -3               0                         -18                   3  -6                   5           1       2   2                      -4                                                   1                               1  -2               1  -2                   4
  2221  16      -9   3              -1                         -16                   4  -6                   6          -6       1  -1                      -2                                                   1                              -1   0               2  -3                   6
  2222   3      -6   3              -2                         -10                   0  -3                  10          -4       0  -4                       8                                                  -6                               0  -2               3  -2                   3
  2223   6      -6   2              -4                                              -5  -1                   8           4       3  -7                       6                                                  -5                               4   0               4  -6                  -4
  2224   2      -2   5              -3                                              -1  -3                   2           4       2 -13                       6                                                  -1                               4  -1               3  -6                   2
  2225  -6       3   2              -1                                               1  -5                   1           8       1 -10                       9                                                  -5                               5  -1              -1  -4                   3
  2226  -7       0   5               2                                              -5  -2                   1           9       1 -17                      14                                                  -7                               1  -1               0  -4                  10
  2227   1       0   3              -2                                              -7  -1                   3          10       7 -14                       8                                                  -8                               0   2              -4  -1                   8
  2228   0       1  -1              -2                                             -13   3                   7          11       5 -18                      10                                                  -5                               2   1               0  -6                   8
  2229  10       2   2              -3                                             -16   4                   4           3       2 -16                       6                                                   1                               2   1              -3  -2                   5
  2230  14       2   1              -1                                             -13  -1                   5          -5      -2  -6                       5                                                   0                              -1   4              -3  -1                   1
  2231  24      -6   0              -1                                             -15   0                   7          -5       0  -4                       4                                                  -2                               0   6              -3  -2                  -1
  2232  32       1  -4               2                                             -16 -10                  10         -11      -2  -2                       2                                                   1                              -3   6              -2  -1                  -1
  2233   3      -1  -6               1                                              -6   3                  10          -8      -5  12                       4                                                  -6                              -4   5              -2   4                  -7
  2234   3      -7  -2              -2                                              -9  11                  10          -9      -3  10                       1                                                  -4                              -6   6               1   3                  -7
  2235  -9       3   1              -4                                              -4   8                   1           4      -4  10                       3                                                  -5                               0   6              -5   5                 -11
  2236  -1       3  -1              -1                                              -3   3                  -1           4       0   5                      -1                                                  -2                               1   1              -4   5                  -7
  2237   4      -5   1               0                                               0  -1                   5          -6      -2   1                       4                                                  -3                              -2   3               0  -2                   0
  2238  -3      -1   4              -2                                               7  -4                  -2          -1      -1   6                       0                                                  -2                              -1   2               0   1                  -4
  2239   6       4  -2               1 -33                                           9 -13                  -1           9      -3  11                       0                                                  -4                               6   2              -3  -3                  -3
  2240  -1       5  -3               3 -44                                           7  -5                   0           5      -7  14                       2                                                  -4                               3  -1              -4   1                   2
  2241   4       2   6              -1 -40                                           2  -7                   1           5      -9  16                       4                                                  -5                               4   2              -1  -1                 -12
  2242   7      -8   8               0 -29                                           5  -9                   4           2      -7  15                      10                                                 -12                               3   3              -1  -1                 -11
  2243   1      -2   8               2 -20                                          -6  -5                   6           2      -7   3                      18                                                 -13                               3   2              -3   1                  -6
  2244  -3       2   6              -1 -16                                          -6  -1                   8          -7      -9   1                      19                                                  -9                               3   2              -7   3                  -3
  2245  -5       6   6              -1 -12                                          -2   1                   7         -21     -14   1                      19                                                  -4                               0  -1              -7   7                   2
  2246  -5       5   5              -2  -3                                          -2  -3                   8         -16     -10   6                      17                                                 -10                              -3   3              -8  10                  -6
  2247  -1       2   0               0  -6                                           4  -3                   4         -12     -10  10                      14                                                  -9                               1   5             -13   8                  -2
  2248   3      -1   3              -2 -19                                           1   0                   4          -7      -6   7                       7                                                  -5                               1   0              -7   6                   0
  2249  10       3   1               1 -30                                          -1  -6                   3          -7      -6   7                       7                                                  -5                              -2   3             -10   5                  10
  2250  12      -2   7              -3 -30                                           3 -11                   2           4       0   5                       3                                                  -7                               2   0              -6   2                   4
  2251  13       3  -1               0 -35                                           1  -8                   1           2      -2   9                      -5                                                   0                               0  -1              -4   2                   6
  2252  14      -5  -3              -3 -25                                           2   0                   4           0      -2  10                      -9                                                   2                               4  -1              -1  -2                  -1
  2253  15      -9   0              -3 -18                                           1   5                  -2                   0  15                     -14                                                   1                              -1  -1              -2   6                  -6
  2254  19      -3  -1              -3  -5                                          -5   2                  -5                   1   1                     -12                                                   8                               3   2              -6   1                   1
  2255   9      -1  -1              -1  -6                                           1  -3                  -1                   0   2                       1                                                  -2                               3   1              -9   4                   2
  2256   4       1   0              -4   1                                           0  -2                   1                   0   1                       3                                                  -3                               5   0              -8   5                  -5
  2257   7      -5  -2              -2   7                                          -3   5                  -2                  -3   6                      -2                                                  -1                               5   2              -6   4                 -13
  2258   8      -7  -2               1  12                                          -5   4                  -1                  -1   2                       1                                                  -1                               5   1              -4   1                 -10
  2259  11      -5  -1               1   4                                          -8   1                   1                  -2   7                       0                                                  -3                               4  -2              -1   6                 -18
  2260  12      -7   0               0   5                                          -4   2                  -3                  -4   6                       5                                                  -5                               8   1             -11   7                 -13
  2261  13       1  -1               2  -4                                          -9  -4                   0                  -9   5                      12                                                  -3                              11   0             -10   5                 -15
  2262   9       0   3              -1 -10                                          -5  -5                   3                  -7   5                      14                                                  -6                               8   1              -8   3                 -11
  2263  11      -2   1               4 -23                                          -2  -8                   5                  -7   7                      15                                                  -9                               6   0              -7   2                  -2
  2264   5      -3   2               4 -26                                          -2   0                   4                 -10   8                      14                                                  -5                               5   3              -5  -3                   0
  2265   3      -2   2               1 -16                                          -6   3                   5           1      -5   5                       9                                                  -5                               4   0              -2   1                  -6
  2266   0      -6   3               2 -10                                          -1   6                   4          -9      -9   2                      14                                                  -2                               5  -3               1  -2                  -4
  2267   1      -6   1               4  -8                                          -5   1                   7           1      -5   1                      17                                                  -7                               5   2               0  -5                  -6
  2268   4      -5   0               3  -9                                          -3   2                   4          -6      -6   3                      11                                                  -3                               3   1              -3   0                  -1
  2269   2      -6   3               7  -9                                         -10   3                   2           6      -6   6                      16                                                  -9                               3   2              -1   1                 -11
  2270   3       1   1               5 -16                                          -3  -1                   1           1      -5   6                       8                                                  -5                               0   1              -5   3                   3
  2271   4      -4   5               3 -15                                          -6   4                   2          -3      -6   3                      15                                                  -6                               1   3              -8   2                   4
  2272   3      -3   2               5  -6                                          -9   1                   3           3      -1   1                      12                                                  -7                               0   4              -4   1                  -1
  2273   4      -6   6               5  -1                                          -4  -2                  -8          10       1  -1                      11                                                  -7                               2   1              -9   3                   5
  2274   2      -5   2               8   7                                          -3  -5                  -4           5       3  -3                      16                                                  -9                               1  -1              -4   5                   1
  2275  -2       1   4               6   6                                          -7  -3                   2         -11      -2  -8                      33                                                  -9                               2   1             -11   7                   2
  2276  -4       8   3               3   8                                         -11  -4                   1           0      -5  -3                      29                                                  -8                               5   5             -12   7                 -16
  2277  -2       8   4               6  -2                                         -13  -7                   3           4      -3  -2                      31                                                 -12                               3   7             -13   6                  -9
  2278   1       5   1               3 -13                                          -4  -6                   6          -1      -4  -1                      26                                                  -9                               7   1             -10   3                   1
  2279   4      -8   3               6  -4                                          -3  -1                  -1           1      -5   4                      25                                                 -11                               4   3             -12   5                  -2
  2280  -5      -5   0               7  -4                                          -3   5                  -1          11      -5   7                      22                                                 -12                               7   6             -13   3                  -8
  2281  -4      -5   4               4  -7                                          -5   6                   3           0       0  -1                      22                                                 -10                               1   3             -10   4                   6
  2282  -4       7   2               4 -15                                           1  -6                   4           2      -3   2                      18                                                  -7                               3  -2              -4   1                   4
  2283  -3       8   1               5 -12                                           1  -7                   3          -4     -10   3                      25                                                  -5                               5   1              -5   0                  -1
  2284  -5       8   4               4  -2                                          -2 -10                   2           1      -7   0                      26                                                  -6                               5  -4               1   2                 -13
  2285  -2       2   4               6  -6                                          -8  -1                  -2           9      -2  -3                      23                                                  -6                               7  -4              -4   2                  -3
  2286  -8       1   6               5  -7                                          -4   4                  -1           4       0  -4                      25                                                  -7                               4  -4              -6   3                   7
  2287 -13      -1   5               4   2                                          -1   5                  -4          10       1  -6                      21                                                  -4                               5  -1              -3  -2                   3
  2288  -9      -2   4               7  -4                                          -2   4                   2          -5       0  -9                      34                                                  -7                               3   1              -5  -2                  12
  2289  -7       0   4               6 -10                                          -2   3                   3          -4      -2  -1                      29                                                  -9                               0   1              -7   4                   9
  2290  -5       2   1               2  -1                                          -3   4                   2          -6       1  -3                      14                                                  -4                               1  -2              -5   6                   1
  2291  -4       4   1               3  -3                                          -1   3                  -3          -3      -1  -3                      11                                                  -1                               2  -5              -5   6                   9
  2292  -5       4  -2               2  -8                                           4   1                   2          -1       1   1                      15                                                  -8                               4  -3             -11   7                   9
  2293   3      -2  -5               1  -3                                           1   8                   3         -17      -5   3                      14                                                  -3                               5  -4             -11  10                  -1
  2294   8      -7  -3               4 -11                                          -3   6                   5         -10      -4   3                      17                                                  -5                               6  -4              -9   5                   3
  2295   0      -3  -5               9  -7                                          -1   1                   5          -6      -4   5                      23                                                 -10                               2   1              -6   5                  -2
  2296   6       0  -2               6   0                                          -3  -6                   4         -11      -1  -1                      22                                                  -7                               0   2              -7   6                  -1
  2297   3       1  -3               5  -8                                           3  -3                   3         -14      -6   3                      28                                                  -7                               3  -1             -10   6                   6
  2298  -3      -7  -2               7   1                                           2   4                  -1          -3      -1   1                      24                                                  -9                               2   2              -8   4                   3
  2299   6      -5  -6               0   6                                          -2   6                   6         -22       1  -5                      16                                                  -1                               4   1              -8   4                  -3
  2300   3      -9  -7               0   5                                          -2  11                   8         -17      -1   2                       5                                                  -3                               1   2              -5   5                 -11
  2301  -2      -2  -6              -2   3                                          -5   7                   7           4       0   4                      -2                                                  -4                               7   4              -7   2                 -22
  2302  -1       1  -8               2  -6                                          -2   5                   9          -5      -2   6                       2                                                  -4                               3   2              -4   3                 -11
  2303  -3       6  -5               1  -9                                          -8   8                   5           6      -4   6                      -5                                                  -1                               6   4              -7   1                 -14
  2304  -6       5  -8               1   4                                          -5   7                   5          -2      -1   3                      -8                                                   1                               2   2              -1   3                 -20
  2305  -6       4  -6               0   4                                           0   4                   3          -5      -2  -1                       2                                                   2                               4   1               0  -1                 -12
  2306  -6       0  -3              -1   1                                          -2   8                   6          -8      -5   5                                                                          -1                              -2   1               4   3                 -17
  2307  -8      -4  -5               2  -1                                          -2  12                   5           3      -3   7                                                                          -3                               4   3              -1   1                 -18
  2308  -5      -4  -4               2  -4                                          -4  10                   6           4      -1   5                                                                          -4                               4   3              -3  -1                 -12
  2309   1      -1  -1              -1  -3                                          -2   0                  -1          17      -6   6                                                                           1                               9   0               0  -5                 -15
  2310   1       2  -4               1  -1                                          -3   1                   1           4      -4   5                                                                          -1                               4   1              -4   3                 -12
  2311  -6      11   1              -1   2                                         -10   5                  -5           8      -3  -3                                                                           5                               7   1              -8   4                 -13
  2312   5       7  -4               2   6                                         -12   2                  -2          -7       0  -6                                                                           6                               5   2              -8   5                 -11
  2313   1       3  -2               2   4                                          -6   4                 -10          11      -1   0                                                                           2                               6  -3             -10   8                  -5
  2314   2      -5  -1               1  10                                          -2   3                  -9           8       0   0                                                                           0                               2  -3              -4   7                  -7
  2315  -1      -4  -1               1   8                                          -5   7                  -2          -4       0  -1                                                                           1                              -2   0               1   5                 -11
  2316  -9      -7  -1              -1  10                                          -4  12                   0           3       3   2                                                                          -5                              -1  -2               0   8                 -20
  2317 -12      -5   0               4  11                                          -4   6                  -5          16       7  -1                                                                          -6                              -1  -1               1   5                 -13
  2318 -10       0  -2               6   3                                          -4   4                   1          10       5   2                                                                          -6                              -2   1               1   3                 -12
  2319 -12       3   2               5  -5                                          -4   6                  -3          20      -1   6                                                                          -5                               2  -1              -2   4                  -8
  2320 -13      12  -2               4   3                                          -5  -2                  -1          12       7  -2                                                                          -5                               1  -2              -5   9                 -11
  2321 -13       4   0               1   3                                          -2   2                   0          16       2   2                                                                          -4                               2   4              -4   3                 -16
  2322 -13      -3  -2               3   6                                           2   9                  -5          11       1   1                                                                          -2                               2   4              -4   1                  -7
  2323  -9      -7  -4               2  10                                          -1   9                  -2           6       1   3                                                                          -3                               0   4              -1   3                 -21
  2324  -6      -2  -1              -2   9                                          -1   7                  -2          -3      -3   1                                                                           2                              -2   3               0   3                 -17
  2325  -4      -2   1               1   6                                          -4  13                  -3         -21      -1  -4                                                                           5                              -7   1               2   5                   1
  2326  -4      -1  -4               3   5                                           0   9                  -1         -20      -3   0                                                                           3                              -7   2               3   4                  -4
  2327   4       0  -3               5   1                                          -2   3                  -1         -19       2  -3                                                                           0                              -7   0               0   4                   9
  2328   1      -3  -4               3   7                                           2  -2                   0         -11       3  -1                                                                          -2                              -9   3               3   3                   0
  2329   0      -5  -4               2   3                                           2   4                   0          -3       1   1                                                                          -2                               0   5              -5   0                  -2
  2330  -1       0  -6               1   1                                           7   0                   0          -7      -2   5                                                                          -3                              -3   3              -5   4                   0
  2331  -9       5  -4               6   0                                           8  -1                  -5          -1      -5   7                                                                          -2                              -7   6               0   2                   1
  2332  -7       5  -1               6  -1                                           5  -4                  -8          10       0   2                                                                          -3                              -4   4              -3   0                  10
  2333  -5       1  -2               3   5                                           3  -2                  -7          10       1  -1                                                                           0                               0   5              -3  -1                  -2
  2334   1       1  -2               1   7                                           0  -7                  -3           8       3  -2                                                                          -2                               0   5              -4   1                  -7
  2335  -1      -2  -2               3   2                                           0  -4                  -7          22       4   4                                                                          -8                               3   2             -11   7                  -2
  2336  -2      -1  -4               5   3                                          -2   6                  -7                   3  -2                                                                          -1                               2  -2              -5   5                   0
  2337   0       4  -5               3   1                                          -2   2                  -4                  -3   2                                                                           1                               3  -3              -2   5                  -8
  2338  -3       3  -6               3   8                                           3  -1                 -10                   3  -5                                                                           2                               0  -4               0   4                   2
  2339  -4      -1  -6               7   5                                           3   5                 -12                   6  -4                                                                          -2                               0  -3              -6   6                  11
  2340 -11       3  -2               6   0                                          -1   8                  -4                   4  -2                                                                          -2                               0  -1              -4   4                   1
  2341  -7       4  -2               8   2                                          -1   3                 -10                   4  -5                                                                           0                              -1  -1              -3   3                   6
  2342  -8      -1  -4               5   4                                          -2  11                  -6                   0  -1                                                                           0                               1  -3               0   5                 -10
  2343  -6       1  -9               2   9                                          -2   8                  -5                  -2   1                                                                           1                               6  -2              -4   7                 -25
  2344  -2       3  -4               1   4                                          -3   2                  -4                   1  -4                                                                           3                               5  -2              -3   2                 -10
  2345  -3       9  -4               4   0                                           0  -5                   0                   0  -2                                                                           1                               3   3              -3   0                  -9
  2346  -3      10  -6               5   4                                          -4  -5                  -1                   2  -7                                                                           5                               6   3              -3  -2                 -17
  2347  -1       2  -6               9  -4                                          -2   3                   0                  -4   6                                                                          -1                               0   0               1   1                 -10
  2348   4       2  -6               7   1                                          -6   3                  -4                  -4   0                                                                           4                               4   1              -1  -1                 -14
  2349  -2      -3  -3               4   6                                          -3   8                 -12                  -6   1                                                                           5                              -2   4               3  -2                 -10
  2350   0      -4  -6               3  12                                          -1   4                 -12                  -3  -1                                                                           4                              -4   4               3   1                 -15
  2351  -1      -8  -6               1   8                                           1   7                  -3                   2  -1                                                                          -1                               2  -1               0   2                 -10
  2352  -7      -2  -4               4   6                                          -3   7                  -2                   4  -4                                                                           0                               2  -1               1   1                 -13
  2353  -3       1  -5               2   4                                           2   2                  -4                  -1   2                                                                          -1                               0  -2              -1   5                  -7
  2354  -2      -4  -4              -1  10                                           2   5                 -11                   1  -2                                                                           1                              -2  -4               1   5                  -1
  2355  -4       0  -6              -1  10                                          -1   7                  -9                  -1  -1                                                                           2                               4  -2              -5   7                 -17
  2356  -5       1  -2               0   3                                           3   1                  -3                   2  -1                                                                          -1                               1   1              -3   2
  2357  -4       1   3              -2   3                                           0   3                  -6                  -2  -2                                                                           3                              -1   0               1   0
  2358   0       4  -1              -2   4                                          -1   0                  -8                   0  -3                                                                           4                               1  -6               2   3
  2359   8       0  -4              -2   3                                           1   0                 -12                  -3  -1                                                                           3                               2  -5              -2   3                   9
  2360   2       0  -2               1   0                                          -1   5                  -9                  -5   6                                                                          -1                              -2  -3              -2   7                   2
  2361  -1       4  -1               0   3                                          -2  -1                  -7                  -3   3                                                                           0                              -4   0              -1   7                  -6
  2362  -7       8  -1               0   6                                           0  -1                  -9                  -3   1                                                                           3                              -5   1               1   5                 -11
  2363  -8      15  -1              -1  -2                                           6  -3                 -13                 -12   7                                                                           5                              -4   0               0   5                  -2
  2364  -3      11   0               1  -2                                           2  -3                 -14                  -5   2                                                                           4                              -1  -1              -3   3                   6
  2365  -3       8   1               8  -8                                           2  -4                  -9                  -1   4                                                                          -3                              -4   3              -5   3                  12
  2366  -1       5   1               4  -1                                          -3  -5                  -1                   4  -4                                                                           0                               1   1              -2   0                  -1
  2367  -6       9   0               7  -1                                           1  -8                  -4                   6  -5                                                                          -2                              -1   4              -4   1                   1
  2368 -10       6   2               5   3                                          -1   2                 -16                   2  -5                                                                           4                              -3   2               0   1                   0
  2369  -4      14   1               4  -3                                           3 -11                  -9                   3  -4                                                                           2                              -1   0              -1   0                  10
  2370  -4      14   2              -4  -2                                          -1  -7                   4                  -1  -4                                                                           6                               5  -4               1   1                  -7
  2371   0      19   2              -4  -7                                           2 -11                  -2                  -5   1                                                                           6                               4  -3              -4   2                   5
  2372  -1      11   0              -6  -3                                           4  -6                   5                  -4   0                                                                           4                               5  -2              -2   1                  -2
  2373  -2       4  -1              -7   1                                           4  -1                   6                  -3  -1                                                                           6                               6  -2               0  -3                  -5
  2374   0       7   0               0  -5                                           0  -4                   5                   1   1                                                                          -2                               2  -4              -1   3                   1
  2375  -5       7   2              -5  -1                                           3  -2                   2                   3  -5                                                                           3                               8  -5              -5   1                   3
  2376  -1      10   1             -10   0                                           6  -5                  -3                  -4  -3                                                                          10                               7  -3              -3  -3                   7
  2377  -6       6  -1              -5   3                                           5   0                   0                   1   0                                                                          -2                               2  -5              -4   7                  -2
  2378  -3       1   0              -9   6                                           7   2                 -10                   3  -2                                                                          -1                              -1  -8              -2   6                  18
  2379  -2      11   3              -9   6                                          -1  -6                  -5                   0  -7                                                                          10                               2  -4               1   2                  -2
  2380  -1       6  -1             -11  10                                           2  -4                  -3                  -1  -3                                 -18                                       9                               1  -2              -3   5                  -6
  2381   4      -1  -1              -7   6                                          -1  -4                  14                   1  -2                                 -27                                       6                               3   3              -4   0                 -11
  2382   0      -4   1              -8   5                                           2  -5                  29                   7  -4                                 -13                                      -1                               4   1              -2  -1                  -8
  2383  -5       0   3             -10   1                                           1   1                  27                   0  -1                                 -33                                       7                               5  -1              -2   0                 -10
  2384  -6       7   1              -2  -4                                           1  -3                  15                  -1   3                                 -14                                                                       1  -4               1   3                  -6
  2385  -4      11  -2              -3  -1                                           3  -9                  19                  -1   3                                 -18                                                                       0  -2               1   4                 -11
  2386  -1      11   2              -8  -5                                           5  -6                   8                  -6   6                                  -1                                                                      -2  -4               0   5                   6
  2387  -2      10   6              -8  -4                          10               5 -12                  12                   0   0                                  -2                                                                      -3  -3               1   3                   7
  2388   1      18   1              -5  -6                          -1               2 -10                  -2                  -3   1                                  15                                                                       0 -11               4   5                  12
  2389  -3      10   1              -3  -5                           3               3  -2                  -7                  -1   1                                   1                                                                       2 -10              -1   7                  11
  2390  -4       3  -2              -5  -2                           7               5   5                 -11                  -3   3                                  -4                                                                       0 -10               1   7                  12
  2391  -1       3   2              -3  -5                          13               4  -1                  -6                  -4   5                                  -4                                                                      -1  -4              -3   6                   7
  2392  -1       2   0              -2   2                          15               5  -7                 -13                   1   0                                  -9                                                                      -5   1              -4   6                   6
  2393  -2       1   2              -1  -2                          15               0  -1                  -3                  -4   3                                   6                                                                      -4  -1               3   5                  -9
  2394  -1       3   3              -4  -2                          12               6  -8                   5                  -2   1                                   2                                                                      -2   3              -2   1                   1
  2395  -1      -2   4               0   0                           4               2  -5                   8                   0   3                                 -17                                                                      -4   9              -6   2                  -3
  2396  -3      -3   3               0   1                           6               1  -2                   9                   3  -2                                  -4                                                                       0   5              -3   0                  -9
  2397  -2      -3   1               2   4                          17              -1  -7                   3                   0   0                                   0                                                                      -5   7              -1   4                 -24
  2398  -4      -5   0              -1   4                           7               4  -1                   7                   1   3                                 -23                                                                      -1   7              -9   6                 -10
  2399  -3       1  -3               1   0                           6               3  -3                  12                   6   0                                 -31                                                                       4  -3              -7   7                  -6
  2400  -4       8  -3              -4   2                           2               2  -3                  12                  -3   3                                  -4                                                                       2  -2              -3   8                 -16
  2401  -3       2  -5              -5   6                           7               4   0                   4                   1  -2                                   7                                                                       5  -4              -4   6                 -15
  2402  -1       2  -2              -1   1                           4               1  -2                   0                  -3   2                                   5                                                                       3   2              -5   5                 -15
  2403  -4       4  -2              -3   1                           0               3   2                   1                  -2   1                                   3                                                                       4  -3              -3   4                  -7
  2404   0      -2   2              -2   1                           8               0   0                 -12                  -3  -1                                  14                                                                      -1   2              -2   2                  -5
  2405   7       4  -1              -4   0                           2              -1  -2                 -21                  -3  -1                                  20                                                                       1  -3              -2   2                   9
  2406  -1       7  -6              -5   2                          -2               6   2                 -25                 -13   5                                  27                                                                       1  -1              -1   1                  -2
  2407  -4       3   1              -5   0                           6               3   6                 -29                 -10   3                                  25                                                                       2  -2              -4   5                  -3
  2408  -5      -1   2              -3   0                          -3               0  12                 -31                 -10   3                                  23                                                                       4   0              -6   3                  -3
  2409  -5      -3   1              -5   7                          -3               2  10                 -47                  -5  -2                                  29                                                                       1   3              -5   1                   4
  2410  -6      -4   3              -1  10                          -6               0   3                 -31                  10  -6                                  -6                                                                      -3   3              -6   3                   6
  2411  -5       2   3              -1   5                         -18               0   4                  -7                   3   0                                 -12                                                                      -1   4              -5   0                  11
  2412  -2      -4   4               2   8                         -17               0  -1                   2                   7  -3                                 -11                                                                      -3  12              -4  -5                   3
  2413   3      -6   6          -6  -1   4                           2               1  -7                   3                  10  -9                                   7                                                                      -1   8              -3  -7                   9
  2414   2     -11   8           3  -1   3                          -8               1  -1                  12                   5  -3                                  -7                                                                      -2  12              -6  -7                   8
  2415   0      -7   7           5  -1   4                          -9               2  -2                                       7  -3                                  -7                                                                      -1  11              -7  -5                  10
  2416  -2      -5   6           7  -2   3                          -3               2  -1                                      10  -5                                  -9                                                                      -1   4              -3  -2                  10
  2417  -6       1   6          12  -2  -2                           5               8  -9                                       6  -2                                 -12                                                                      -3   6              -5   1                   3
  2418  -5      -2   5           3  -1   1                           3               4  -4                                       8  -2                                 -15                                                                      -4   2              -3   3                   6
  2419  -2       2   1          13   0   2                          -4               2  -5                                       5  -2                                  -9                                                                      -1   3              -3   1                  -4
  2420   0       6   3          14  -1  -3                          -4               1  -7                                       4   0                                 -11                                                                       0   1              -4   3                   5
  2421  -3       6   3           3  -4   0                           6               5 -10                                       4  -2                                  -3                                                                      -3   1              -1   3                   4
  2422   1      -3  -2          20   1  -2                           9               5  -9                                       1   1                                  -7                                                                      -4   6               1   0                 -12
  2423   2       3  -2          17  -5   1                           5               1  -5                                       0   0                                  -1                                                                      -3  -2               1   5                  -7
  2424  -2      10  -1          14  -6  -1                           9               4 -11                                       3  -4                                   8                                                                       0  -5               1   6                  -8
  2425  -2       7  -2           8  -1   0                          -2               3  -5                                       2  -1                                  -1                                                                       1  -3               2   0                   1
  2426  -2       8  -4           3  -8   4                           1               4  -2                                      -8   3                                   9                                                                      -3  -2               2   4                  -2
  2427  -5       7   1          -6  -2  -2                           1               3  -1                                      -9   3                                  11                                                                      -1   0               2   0                  -2
  2428  -3       7  -2          -1  -5  -1                           6               4  -3                                     -15   4                                  17                                                                      -2   2               0   2                 -11
  2429  -2       8  -1           9 -10  -3                          -1               5   1                                     -15   7                                   8                                                                       0  -3              -2   4                   3
  2430  -3      10   3          -1  -5  -2                          -8               3  -1                                     -11   4                                  10                                                                       0   1              -2  -2                   8
  2431  -1       7   2          -1  -6  -1                         -12               1   5                                     -15   5                                  14                                                                       1   1              -1  -4                  14
  2432   2       1  -1           5  -8  -2                          -5               5   4                                     -19   9                                   9                                                                      -2   4              -2  -3                  11
  2433  -1       2   3          12  -7  -6                          -1               8  -1                                      -9   4                                   4                                                                      -1   2               0  -5                  17
  2434   1       5   2          10  -8  -6                           3               6  -4                                      -7   4                                   1                                                                      -1  -2              -2   1                  14
  2435   4       8  -2           5  -7  -4                           8               3  -8                                       1  -1                                   3                                                                      -2  -6               2   3                  11
  2436   1      -2   1          15 -11  -1                           6               6  -1                                       3  -3                                   6                                                                      -1  -3               1  -1                  14
  2437  -2      -9   2           7  -1  -5                           6               0  10                                       7  -3                                  -3                                                                       3  -9               5  -2                   8
  2438  -1     -16  -2           6  -1  -4                          20               6   4                                      17  -6                                 -11                                                                       0  -7               4   2                   3
  2439   4     -17   4          12   0  -5                           8               5   2                                           2                                  -7                                                                      -4  10              -1  -5                   4
  2440   6     -10   1           5   2  -2                           4               0  -1                                           2                                  -5                                                                      -7   8               4  -5                   4
  2441   6     -11  -1           7   1  -1                           4               2  -2                                           1                                  -4                                                                      -5  10               1  -5                   1
  2442   5     -12   1           7   2  -2                           2               3  -1                                           2                                  -7                                                                      -5  10               1  -6                   3
  2443   1           2          -7   2  -1                           4               2  -6                                          -2                                   6                                                                      -2   4               3  -6                   5
  2444   5           0           3   3   0                           0              -2  -6                                          -3                                   8                                                                      -1   6               3  -7                  -5
  2445   0          -2         -13   4   2                           5              -1  -3                                          -4                                  10                                                                      -1   2               5  -5                  -2
  2446   3      -5   0           5  -4   0                           8               3  -4                                          -3                                   9                                                                      -3   5               2  -3                  -1
  2447   7       1  -2          12  -3   3                          -2               0  -8                                           0                                   1                                                                      -4   7               0  -1                  -4
  2448   2      -7  -1           7   0   2                          -3              -2   6                                           0                                   0                                                                       1   2               1  -2                  -4
  2449   2     -15  -1           4  -3   7                           1               0   7                                          -4                                  12                                                                       1   9              -1  -6                  -7
  2450   7      -5   0           8  -5   0                           2               2  -4                                          -3                                   8                                                                       0   7              -1  -7                   7
  2451   3       2   5          12  -9  -1                          -3               5  -9                                          -3                                   8                                                                      -1   7              -2  -6                  14
  2452  -3      -9   2          -2   1   0                           4               3   4                                           0                                   0                                                                       0   5              -1  -2                  -3
  2453  -1      -4   2          -2   3  -2                          -3              -1   5                                           0                                   1                                                                       2  -1               2  -6                   6
  2454  -2      -2   1          10  -1  -3                           0              -3   6                                          -2                                   5                                                                       4  -5               4  -2                  -5
  2455  -1       1   2           2  -5  -1                           0              -3   5                                          -4                                  10                                                                       3  -7               3  -3                   8
  2456   3       2  -1           4   0  -1                          -6               2  -2                                          -1                                   3                                                                       2  -6              -1  -2              12  -3
  2457  -3       1   0          12  -1  -3                          -2              -2   6                                          -1                                   2                                                                       4  -7               4   0               1  -8
  2458  -6       7   3          19  -3  -3                          -1              -5  -1                                          -3                                   7                                                                       5  -5               1   6              -1 -26
  2459  -4      15   3          14  -1  -2                          -2              -1 -14                                       3  -3                                   5                                                                       4   0              -3   6              -1 -25
  2460   2      17   2          11  -5  -4                           1              -2 -15                                      -4   1                                   1                                                                       2   4              -4   7              -8  -9
  2461   4       8   4          10   6  -2                          -6              -5 -12                                       6   2                                  -9                                                                       1   9              -4   4              -7 -11
  2462   0       4   1           7   4   2                          -3              -1  -9                                       4  -1                                  -1                                                                       4   8              -5   3              -3 -18
  2463   2       6   3           9  -7   0                           2              -3  -8                                       1  -4                                   9                                                                       1   2              -2   3               0 -10
  2464   2      11   3           9   0   0                          -5               3 -18                                       9  -4                                   1                                                                      -1   5              -3  -1               5  -8
  2465  -2       9   6           8   3  -2                          -6               4 -16                                      15  -4                                  -4                                                                      -3   1              -1   1               8 -10
  2466   4       6   5           5  -3  -3                          -1               2 -14                                      18  -8                                   2                                                                       0  -4              -3  -1               7   5
  2467   1       9   7          10  -3  -6                          -8               2  -8                                      11  -4                                   1                                                                       3 -12              -3  -1              13   5
  2468   3       9   1           5   1  -9                          -1               4 -10                                       7  -3                                   0                                                                       1 -12               0  -2              13   2
  2469  -1       8  -2           7  -3  -9                           0               4  -1                                      -8   4                                  -2                                                                       2 -12              -1   3               6  -2
  2470  -2      12   4           1   1  -5                          -2              -1  -7                                      -3  -1                                   4                                                                       2  -8               0   1               3  -1
  2471   1       6   1          -7   3 -11                           8               4  -6                                      -2   1                                   0                                                                      -2 -11               2   1               7   7
  2472   2      11  -2           8  -4  -9                          -3               2  -3                                      -2   6                                 -11                                                                      -4 -15               1   6               7   5
  2473   3      10  -1          11  -6 -15                           1               5  -4                                       1  10                                 -20                                                                      -5 -14               0  10               2  11
  2474   1       2   3           5  -4 -13                           8               3  -3                                       2   2                                  -5                                                                       1  -7               0   3              -2   6
  2475   0       5   4          15  -8 -10                           6              -1  -6                                      11  -3                                  -2                                                                      -1 -10               1   8               2 -11
  2476   2       5   4          13  -2 -12                           2               0  -6                                       0   1                                  -2                                                                       1  -4               1   2               2  -5
  2477  -1       7   3           6  -1  -7                           2               0  -7                                       8   0                                  -5                                                                      -1  -3               2   3              -2  -1
  2478   1       6   2           4  -4  -7                           7               3 -12                                      -3   2                                  -2                                                                      -3  11               1   1              -9   1
  2479   2       9  -2           1  -5  -7                           7               4 -10                                       2   3                                  -6                                                                       1   2              -1   2              -9  11
  2480   3       1   0           6   5  -8                           2               3  -7                                     -10  -2                                  -6                  31                                                   2   6               3  -3              -7  -2
  2481   3       8   0          -2  11  -6                          -2               0  -8                                     -20   0                                  -4                  32                                                   3   5               2  -3              -8   4
  2482   1       5  -3          -4   7  -1                          -2               5  -7                                     -21   0                                  -8                  39                                                   1  11               2  -3             -12   8
  2483   3       3   0          -1   0  -2                          -2               1  -3                                     -24  -4                                  -4                  46                                                   1   6               2  -3             -10  13
  2484   0       1  -2           5   0  -2                          -3               4  -2                                      -6  -7                                  -6                  40                                                   7   2               3  -6             -10  11
  2485   0       2   0           4  -8  -2                          -1               0   4                                      -9  -4                                   1                  22                                                   6  -4               2  -6              -8  19
  2486   3       2   1           1  -3  -2                          -4               2  -3                                          -3                                  -2                  14                                                   2  -2              -1  -5               0  17
  2487   4      -4  -1           5  -6   4                          -8               3   0                                          -9                                   3                  21                                                   2  -5              -4  -5              11   3
  2488   6       1   1           5  -8   5                         -12               4  -6                                          -9                                   4                  18                                                   0  -4              -7  -5              14   7
  2489   7      -1   2          11  -9  -1                          -8               1  -4                                          -9                                   3                  20                                                  -1  -6              -3  -4              13   1
  2490   4      -3   2           5   1   1                         -10               1   1                                          -5                                  -6                  23                                                  -3  -6              -2   0               9   3
  2491   3      -8   0           3   3   2                         -10               3   5                                           2                                  -9                  12                                                  -1  -1              -3  -2               6   6
  2492   6     -13   3           0  -2   5                          -6               2   3                                          -2                                   2                   3                                                   1   9              -9  -2               6   1
  2493   5      -7   2          -5  -5   5                          -2               1   1                                          -3                                   0                   8                                                  -2   5              -6  -1               2  14
  2494   3      -5   3           0  -8   6                          -2               0  -3                                          -3                                   1                   7                                                  -3  11              -6   2               0   2
  2495   5      -4   6          -2   1   2                           0               0  -9                                          -7                                   0                  16                                                  -1  14              -6   3              -2  -4
  2496   5       0   2          -1   0   2                           0               2 -11                                         -12                                   1                  25                                                   1  12              -3  -2              -3   2
  2497   1      -5   1           3   7   6                          -7               6  -6                                         -10                                  -6                  30                                                   2  19               0  -7              -6   3
  2498   2      -8   3           2   8   1                          -5               6  -4                                          -6                                  -4                  19                                                  -1  13              -1  -7               2   1
  2499   1      -6   5           5  13   1                          -9              -1  -2                                          -1                                  -9                  17                                                   4  13              -3   0              -7  -5
  2500   3      -7  -2           1   9   6                          -7              -1   3                                          -3                                  -5                  13                                                   1   6              -1  -2              -1  -1
  2501   1      -5  -1           1   6   3                          -2               3  -3                                          -6                                  -7                  22                                                   0  12               0   1              -5  -5
  2502   1      -5  -2           2  10   8                          -5              -3   0                                          -6                                  -5                  20                                                   2  12              -1   3              -7 -12
  2503   2      -4   3           4   6   1                          -4              -1  -4                                          -1                                  -6                  10                                                   3  16              -2   1              -8  -4
  2504   5      -7  -4           7  -8   1                           0              -1   3                                          -2                                  -7                  14                                                   2  11              -2   4              -7  -5
  2505   4      -9  -1          -5 -10   4                           5               2   2                                          -3                                   2                   2                                                  -4  11              -4   0              -1   7
  2506   6      -5  -3          -2  -9   6                          -1               0   2                                          -3                                   3                   1                                                  -1  11              -2  -9               0  18
  2507  -1       5  -1          -1 -10   5                          -2               2  -3                                           0                                  -1                   1                                                  -1   1              -3   3              -1   4
  2508   1      10  -2           3  -8   5                          -3              -3  -7                                          -1                                  -3                   5                                                  -4   5               2   4              -4   0
  2509   2       7  -5           5  -4   2                          -3              -1  -5                                          -3                                  -2                   8                                                   1   4               2  -1              -4   1
  2510   3       4  -6           2  -4   1                           3              -2  -2                                          -3                                  -3                  10                                                   0   3               2   4              -6  -3
  2511   4       5   0          -1       0                          -2               2  -8                                           2                                  -4                   2                                                  -6   3              -2   3               3   3
  2512   8      -6   3          -5       1                           0              -1  -1                                          -2                                   1                   2                                                  -7   2              -4   1               7   6
  2513   5     -10  -1          -1       3                           1               0   2                                           3                                  -3                   0                                                  -1  15              -4   3              -3  -4
  2514   7       5  -2           1       5                          -6               1 -11                                           7                                  -9                   2                                                  -6  16              -4   6              -3  -1
  2515   3      -4  -8           3       5                          -5               3   4                                           4                                  -7                   3                                                  -1   8               0   1              -1  -5
  2516   6      -3  -6           5       2                          -7              -2   4                                           0                                  -8                  11                                                  -2   0               0   1               1   1
  2517   1      -3  -5           2       7                          -5               1   1                                         -10                                   0                  13                                                  -4   1              -2   0               8  -8
  2518   2      -3  -4           0       3                          -2               2   3                                          -4                                  -2                   7                                                   2  -3              -4   1               3  -3
  2519   1      -1   3           4       6                         -15               0   2                                          -1                                  -7                  10                                                   0 -12              -7   5               7   1
  2520  -1       0  -2           6       4                         -12               1   4                                          -2                                  -2                   6                                                   6 -15              -5   0               7  -3
  2521   5       2  -2           1      -2                          -6               3  -1                                           0                                  -5                   6                                                   4 -10              -6   1               3   7
  2522   1      -6  -1          -1       3                          -4              -1  10                                          -1                                  -3                   4                                                   5 -20              -8   8               4  -5
  2523  -1      -9   3          -2       5                          -3              -6  13                                          -8                                   6                   2                                                   5 -19              -5  -1               6   3
  2524  -1      -1  -2           0       4                          -3              -4   7                                          -3                                   4                  -1                                                   8 -16              -4   0               2   0
  2525  -5      -7  -1           2       6                          -3              -2  10                                           3                                   4                  -8                                                   8  -6              -3   1               0  -8
  2526  -7      10  -1          -1       6                          -4              -3   1                                          14                                  -4                 -10                                                   5 -15               1   8              -9  -1
  2527  -7      10   2          -1       6                          -4              -7   2                                           7                                   1                  -8                                                   5 -24              -1  11              -4  -6
  2528  -3      12  -4           2       3                          -2             -10   2                                          -3                                   2                   1                                                  13 -25              -1   6              -8  -2
  2529  -2      16  -6           5       1                          -7              -5  -3                                          -3                                  -1                   4                                                   8 -28              -2   6               0  -4
  2530  -6      12  -5           5       2                          -4              -3  -2                                           2                                   0                  -2                                                   5 -17               2   5              -2 -11
  2531  -2      11  -1           5       2                          -7               1  -8                                           3                                  -4                   2                                                   8                  -2   3              -8  -2
  2532  -3      13  10           9       2                         -12              -6 -13                                          -4                                   0                   4                                                   6                  -3   2              -5   2
  2533   1      10   4           7      -1                          -8              -5  -8                                           4                                  -4                   1                                                   6                  -2   4              -8   0
  2534   2       2   0           2       1                          -4              -2  -2                                          -6                                  -3                   9                                                   2                  -2   2              -3   2
  2535  -1       2  -1          -1       1                          -3              -1   3                                          -1                                   0                   1                                                   0                  -1   5               0   9 -24
  2536  -2      -4   2          -1       2                           1              -5   8                                           0                                   6                  -6                                                   3                  -1   1               0   3 -16
  2537   1      -3  -1          -1      -2                           4              -1   2                                           4                                   7                 -12                                                   6                  -5   0               4  -3 -11
  2538   2      -6  -1           0      -3                           4              -3   8                                          -2                                   2                   0                                                   0                   1   1               1  -1  -7
  2539   2      -2   0           0      -6                           5               2   0                                          -6                                   4                   1                                                   3                  -1  -6               4   2   1
  2540   1      -1   0          -1      -5                           4               2   0                                          -4                                   0                   3                                                   6                   0  -5              -5   9  -1
  2541   2      -5  -2          -9      -1                          10               0   5                                           2                                   3                  -4                                                   4                   1  -2              -7   6   1
  2542  -2       1  -5          -5       0                           7              -1   5                                          -3                                   3                  -1                                                   5                   2   3              -5   4 -17
  2543   3       6  -7          -4       0                           3               1  -3                                           3                                  -1                  -1                                                   0                   1  -2              -2   5  -1
  2544  -3      -3  -1          -3       1                           7     -11       3   3                                         -10                                   5                   2                                                  -2                  -1  -5               7   1   1
  2545  -5     -25  -7           1       1                           6     -13      -1  35                                          -3                                  -3                   6                                                  -1                   7  -6               1   6  -7
  2546  -6       2   1          -1      -1                           4      -9       6  -4                                          -9                                   6                   0                                                   3                  -4  -3               6  -3  -4
  2547  -2       8   1          -4      -1                          -2       6       5  -8                                          -8                                   4                   1                                                   1                  -2  -3               2  12 -13
  2548   1       9  -2          -5      -1                           3      -3      -1  -3                                           0                                   0                   0                                                   1                  -1  10              -3   3 -22
  2549   1       5  -3          -6      -2                           0      15       2  -1                                          -6                                   3                   1                                                   4                   0   1              -2  10 -21
  2550   0       2   1          -6      -6                          -2      37       5  -3                                         -12                                   4                   4                                                   3                   3  -1              -2   7 -18
  2551   1       1  -2          -5      -4                           1      30       3  -3                                          -6                                   4                   1                                                   0                   5  -4              -1   0  -1
  2552  -2       2   1          -5       0                          -2      29       5  -6                                           0                                   5                  -6                                                   2                   4  -5              -2   3  -2
  2553   1       3   8          -1      -7                          -3      24       0  -9                                           4                                   2                  -4                                                   0                   4   1              -4   2  -3
  2554   3       0   0           0      -6                          -1      12      -2   2                                          -2                                  -1                   2                                                  -1                   4  -5              -2  10  -5
  2555   2       9   1           1      -2                          -3      -1      -4  -4                                          -7                                  -2                   6                                                   0                   0   1              -3  13 -13
  2556   3       9   1           5      -5                           2     -13      -4  -8                                          -6                                  -1                   5                                                  -1                  -3   3               2  -2   0
  2557   2       5   1           4      -4                           1     -10      -4  -2                                         -10                                  -2                   8                                                   1                  -2   1              -1   2  -1
  2558   2       1   5          -1      -6                           7       1      -2  -5                                           1                                   3                  -4                                                   7                   0  -3              -7   1   6
  2559   5      -2   5           1      -5                          -3      15       2  -7                                           9                                   0                  -5                                                   6                  -2   0              -5  -4   7
  2560   4       0  -1           5      -9                           2      12       0  -5                                           0                                   1                  -1                                                   4                   1  -7              -1 -10  18
  2561   5      -4  -5           2      -8                           4      15      -1   4                                          -7                                   2                   3                                                   5                   2 -10              -1   0   6
  2562   5       9  -4           2      -8                           0      17      -1  -8                                          -9                                  -1                   7                                                  -2                   4  -4               0  -2   9
  2563   3       7  -2           0      -7                           3      21      -1 -10                                         -13                                   3                   6                                                   1                   4 -11              -3  -2  19
  2564   3       8  -2          -6      -5                           2      17       1  -7                                          -6                                   1                   3                                                  -2                   4  -2              -2   6  -4
  2565   2       6  -2          -5      -3                           3      16       0  -8                                           2                                   2                  -3                                                  -3                   5   6              -2 -10   2
  2566   1       5  -3          -1      -7                           5       4       2  -4                                          -2                                   2                   0                                                   2                   1   3               0  -4  -7
  2567   0      12   1           1     -11                           3      -3       5 -11                                           2                                  -3                   2                                                   1                   1   3              -1   0  -7
  2568  -1       4  -1           1      -7                           1       7       6  -6                                          -1                                   0                   0                                                   6                   0  -2              -2  -3  -1
  2569   2       2   2           1     -10                          -4      25       4  -6                                          -2                                   3                  -2                                                   6                   0   3              -1  -5 -10
  2570  -3       4   1          -1      -5                           4       0       4  -4                                           1                                   2                  -3                                                   3                   2  -7              -1   3  -1
  2571  -2       5   0          -4      -2                           3       6       5  -7                                          -8 -22                               0                   8                                                   1                   0  -3              -3   3   5
  2572  -2       7  -1          -1      -6                           0       0       9  -7                                          -4 -12                              -1                   4                                                   1                  -3   0               4   4 -10
  2573  -2       9  -1           4      -4                          -5       7       3  -6                                         -12  27                               2                   2                                                   3                   1   0               2  -5  -6
  2574  -1       6   2           2      -1                          -9      12       4  -6                                           8  13                               3                  -9                                                   2                   1  -5               3  11 -19
  2575  -2       4   1           1      -9                          -3      10       9  -6                                          12   1                               1                  -9                                                   3                   3 -10               3   8 -12
  2576  -2       8  -1          -1      -4                          -6      11      10  -9                                           0  31                               0                  -4                                                  -3                   5 -11               4   2   1
  2577  -1       8  -5           0      -1                          -6       4       9  -6                                           9   8                              -2                  -4                                                   1                   2  -9               2   9  -8
  2578  -3       7   1           1       3                          -1     -12       1  -6                           8               4 -11                              -2                   1                                                   0                   0  -7              -2  10   3
  2579  -2       7   4          -1      -3                           0     -12       4  -9                          14               8 -23                              -1                   0                                                   4                  -2  -5              -3  12  -8
  2580  -2       7   0          -1       1                           1     -11       0  -6                          19               6 -30                               0                   1                                                  -2                  -1   5               2   1  -6
  2581   1       0   0           0       0                          -2       3       1  -3                          11               6 -31                              -1                   2                                                   0                  -1  -2              -1   2   4
  2582   2       0   1          -2      -5                           0       1       0   0                          12              13 -20                               1                  -5                                                   1                   1   1               1   5 -15
  2583   4       3   4          -1       1                           2     -15      -1  -8                          11              14   1                              -4                  -4                                                   0                   2  -1              -6   2   8
  2584   1       6  -1          -1       1                           6     -18      -3  -5                           9               7 -14                              -3                   0                                                   6                   1  -4             -10   9   0
  2585   0      -1  -2          -2       0                           6     -21       1   2                          14               3   2                              -3                   1                                                   6                   0  -3              -5  -2   4
  2586   3       4   1           1      -3                           5     -10      -1  -6                           1               5  -2                              -5                   2                                                   1                   0   7              -5  -7   8
  2587  -1       1   3           2      -5                          -1      -4       0   0                          12               6 -14                              -5                   4                                                   1                   3   3              -4  -2  -1
  2588   0       2   4           3      -5                           0      -3      -2  -5                          13              -2 -12                              -1                   3                                                   0                  -1   4               1  -6   5
  2589  -1       2  -1           1       1                          -1      -6       3  -4                           7              -2  -4                               1                   1                                                   5                  -4   8               1  -6  -4
  2590   0       1  -1           3       0                          -6       0       3  -2                          11             -10  -6                              -1                   7                                                   5                  -6  -6               2   0   5
  2591  -3      -2   0           6       0                           0     -12      -2   5                           4              -2  -7                              -3                   4                                                   6                  -2  -9              -4   9   0
  2592  -4      -1   7           0      -4                           4     -17       2  -2                          20              -1  -2                              -2                   2                                                   4                   2 -11              -4   2   8
  2593  -5       1   1          -3       1                          -5      -5       4   2                          22              -7 -12                              -2                   7                                                  -2                   1  -9               3   5  -1
  2594  -4      -2   2          -4      -2                           2      -4       4   4                          15              -4 -11                              -4                   8                                                  -6                   5 -11               1  -1  15
  2595  -5       0   3          -3       3                          -1      -5       3  -1                          15              -6  21                               1                  -1                                                  -5                   6 -16               2   0  13
  2596  -5       1   0          -2       1                           5     -19       3   0                          15               2  -9                               1                  -1                                                   0                   0  -6               3   0   2
  2597   2      -6   2          -4       2                           4      -9       2   2                           1               9   2                               0                  -4                                                  -2                   1   1               1  -4   5
  2598  -3      -4   2          -1      -2                           4      -2      -1   4                           9               2  -5                               3                  -4                                                  -2                   3  -9               3  -1   4
  2599  -2       2   1           0      -5                           2       5      -1  -3                          16               1 -12                               6                  -5                                                  -2                   3  -2               6  -8   0
  2600  -1      -5  -1          -4      -6                           8       3       5   2                           5               1  -8                               4                  -4                                                   5                   4   5              -1 -16   0
  2601  -1       2  -4          -5      -4                           2       0      12  -6                           7               4  -2                               3                  -5                                                   8                   0  -4               2  -5  -7
  2602   1       5 -10          -4      -2                           5      10       9  -8                          -2               5 -13                               4                  -5                                                   4                   2  -6               1  -9   7
  2603   2       7 -10          -5      -2                           0      20       9  -4                         -15              -8  28                               0                   0                                                  -1                   3 -10               1  -3   6
  2604  -1       3   3          -1       0                          -1       9       3  -6                         -10              -2  27                               2                  -4                                                  -4                   5   0               0  -4   4
  2605   2      -8   4          -2       1                          -6      12       5  -1                          -4               1  26                               1                  -5                                                  -2                   3  -6               2  -2   4
  2606  -2      -9   6          -6      -1                          -5      22      10  -1                          -7             -16  29                               6                  -2                                                   2                   3  -8               0  -5   4
  2607  -1      -2   3          -1      -3                          -7      12       7  -1                          -2             -10  19                              -1                   4                                                   1                   2   6               0  -6  -3
  2608   2      -2  -1          -5      -4                          -2       9      12  -1                          -5              -7  48                               0                  -3                                                   4                   4  -2               1 -10  -1
  2609  -2      -2  -7          -4      -3                           4       5       4   7                           5              -9                                   1                   4                                                   1                   2 -17               3  -4  11
  2610  -2       0  -5          -4      -1                          -2      11       7   2                           4              -7                                   1                   3                                                   1                   2 -19               2   0   8
  2611  -4      -6 -10           3      -2                          -2       4       2  15                           9               2                                  -4                   3                                                   6                   4 -25              -2   3   4
  2612   6      -8  -9           1       2                           0       8      -1   7                          -3              16                                  -5                  -3                                                   4                   5 -13              -8  -2  12
  2613   4     -11 -11           1      -2                          -3      12       8   9                          -2              23                                  -4                  -7                                                   5                   4 -14               0  -5   2
  2614   4     -12   3           0      -1                         -10       9       9  -1                           9              19                                  -5                  -4                                                   3                   6 -14              -4  -5  11
  2615   5     -15   2          -1      -4                          -7      15       4   8                           4              19                                  -4                  -5                                                  -2                   7 -19               0  -1   7
  2616   1      -4  -5           5      -1                          -4      -2       9   0                           2              24                                  -5                  -6                                                   2                   2 -14               1  -3   6
  2617   6      -7  -5           2       2                          -5       2       5   1                           5              20                                  -5                  -5                                                   6                   1 -26              -4   5   8
  2618   5      -7  -3           4      -3                          -2      -3       5   2                           3              13                                  -8                   1                                                   7                   0 -16              -5  -2  14
  2619   3      -3   0           6      -1                           4     -19       3  -4                          -1              17                                  -8                   0                                                   6                  -2 -16              -7   4  13
  2620   0      -1  -1           4       1                          -5      -1      10 -11                           6               7                                   1                  -4                                                  10                  -4 -16              -2  -1   7
  2621   0      -6  -4           4       4                          -1     -11       5   3                           1               7                                  -5                   2                                                   7                  -4 -12              -4   2   6
  2622   0      -9  -6           5       2                           0      -1       7   5                         -13              13                                  -4                  -2                                                   7                  -3 -11              -4   3   2
  2623   3      -7  -3           4      -4                           4       7       3   1                          -6              22                                   2                 -12                                                   4                   3 -20               0   1   1
  2624   7      -4  -5           4      -4                          -5      17       8  -6                          -8              27                                  -2                 -11                                                   3                   3 -19               0  -1   6
  2625   7       0  -3           1      -6                          -8      15      11  -8                           0              26                                  -4                  -8                                                   4                   5 -15              -1  -2  -2
  2626   1      -3  -7           3       1                          -3       9       3   2                          -1              26                                  -2                  -9                                                  -2                   8  -8               0  -6   3
  2627   5      -9   4           6      -3                          -3       8       3  -5                          -2              30                                  -1                 -13                                                   0                   6 -10              -3  -3   4
  2628   2      -1   3           7      -7                          -5       3       1  -5                           8              27                                  -3                  -9                                                   0                   5 -20               0   1   2
  2629   0       0  -1           3      -6                          -5       6       2  -2                          11              16                                   0                  -7                                                   3                   7 -16              -1  -4   0
  2630  -1      -3   4           0      -4                           1      -1       6  -7                           6              13                                   3                  -9                                                   4                   6 -16              -2  -3   1
  2631  -1      -4   6          -3      -2                           3      -2      -1  -1                           8               7                                   5                  -8                                                   1                   7 -10              -2  -1  -3
  2632   1      -9   9           2      -2                          -1     -13      -1   0                          12               8                                   0                  -4                                                   1                   0  -6               1  -2   3
  2633   1      -4   5           2      -3                          -8      -5       0   2                          15              18                                  -2                  -6                                                  -1                   5   3               3  -2 -10
  2634   4      -7   3           2      -6                          -2     -14       2   7                           7              31                                  -7                  -6                                                   1                   4  -2               2   1 -14
  2635   2      -4   2           0      -6                          -3     -14       6   2                          13              13                                  -3                  -3                                                  10                   3   6               0  -6 -14
  2636   1      -3   7          -1      -7                           1      -9       6  -3                           6              -1                                   2                  -2                                                  11                  -1   5              -1  -2 -16
  2637   0      -4   5          -6      -3                          -5      -5      13  -2                           6              -7                                   2                   1                                                  10                  -3   3               3  -1 -19
  2638   0      -5   6          -3      -7                          -3      -5       9   4                           3                                                  -1                   1                                                   8                   3  15               0  -4 -19
  2639  -1      -2   0          -6      -1                           0      -6       9   0                           6                                                   2                  -2                                                   5                   0  -8               3  -1 -10
  2640  -2      -2  -2          -6       4                           1      -9       8   2                           2                                                   0                   0                                                   4                   0 -16               0   5  -7
  2641  -2      -3  -4          -8       0                           8      -6       3   7                           4                                                   1                  -1                                                  -1                   5 -27               3  -1   4
  2642  -4      -4  -1          -2      -1                           7      -5       0   5                           4                                                   3                  -3                                                   0                   1 -30               2   2   5
  2643  -5      -6   3          -2       1                          -5       4       7  -1                           8                                                   4                  -4                                                  -2                   0 -38               5   4   5
  2644   0      -6  -4          -7       1                          -9      23       5   5                           6                                                   6                  -6                                                  -2                   2 -44               6   6  -2
  2645   1      -3  -2          -9      -1                           2       5       1   4                           7                                                   5                  -5                                                   2                   4 -40               1   3   0
  2646  -1      -1  -4          -9       2                           3       3       6   3                           1                                                   4                  -4                                                   2                   2 -36               2   8  -8
  2647  -2       2 -10          -3      -1                          -3      20       5   5                          -2                                                   4                  -4                                                   5                   4 -30               0   4  -9
  2648  -4      -2 -11          -3       2                           6      15      -3  15                          -9                                                   5                  -5                                                  -3                   4 -18               2   3  -4
  2649  -2       4  -6          -5       2                           0      10       3   4                          -5                                                   2                  -2                                                  -5                   2                   6   1  -7
  2650  -2       8 -10          -5       5                           5      -8       2   2                          -4                                                  -1                   1                                                  -1                  -3                   3   3  -6
  2651  -3      10  -7          -5       7                          -5      -4      11  -7                           4                                                   3                  -3                                                   0                  -3                   7   3 -12
  2652   2       6  -7          -4       3                          -4       4      11  -5                          -1                                                   1                  -1                                                   2                  -4                   6  -1  -6
  2653   1       5  -1          -6      -2                           1     -10      15  -3                          -2                                                  -1                   1                                                   5                  -4                   6   3 -17
  2654  -4       5   2          -2       2                           3     -12       5  -3                          -2                                                  -1                   1                                                  -2                  -4                   4   8  -9
  2655  -5       8  -4          -4       5                           3     -11       9  -5                           1                                                   0                   0                                                  -7                  -1                   9  -4   6
  2656   0       6  -3          -5       5                          -4      -7       3  -5                           9                                                  -1                   1                                                  -2                  -1                   4  -2   2
  2657   1       4  -2          -4       2                           3      -7      -3  -1                           3                                                   1                  -1                                                  -3                  -1                   3   1   0
  2658  -3       6  -4          -4       3                           2      -7       4   2                          -1                                                  -5                   5                                                  -7                   1                   4  -1   6
  2659   2       8  -8          -2       5                           6       6       9  -9                         -14                                                   0                   0                                                  -4                  -1                   2   0   6
  2660   3       4  -4          -1       2                           5      -4       0  -2                          -7                                                  -3                   3                                                   0                  -5                  -1   4   3
  2661   1       2  -3           0       3                           8      -5       1  -3                          -8                                                   0                   0                                                  -3                  -4                   1   3   5
  2662   4       3   2      -1  -3      -1                           9      -8      -9  -1                          -2                                                   1                  -1                                                   0                  -3                  -1   5  -3
  2663   1       5   4      -6  -1       0                          12     -13      -3  -9                          -4                                                  -1                   1                                                   0                  -2                  -3   3   6
  2664   3       4   6      -8  -3       2                          10      -5      -2  -9                          -7                                                  -1                   1                                                  -2                   1                  -5   4   3
  2665   3       4   8      -3  -5      -3                           5       6       3  -8                          -8                                                   3                  -3                                                  -2                   4                  -1   3  -8
  2666   2       8  -1     -10  -6       2                          12      -2      -2  -3                          -8                                                  -3                   3                                                  -4                   2                  -2   0   5
  2667   5       4   2       3  -1      -1                           1      -4      -5  -9                           3                                                   2  -3               2                                                   0                   1                  -5   1   5
  2668   1       1   2      -7  -4       1                          10     -14      -2  -2                           3                                                   6  -7               2                                                  -1                  -1                   0   3  -2
  2669   2       5   1      -4   0      -4                           7       0      -6  -2                          -4                                                  -2   2               0                                                   1                  -1                  -1   0   3
  2670  -1       8  -7      -1  -2       1                           6     -16       0   0                           5                                                  -1  -4               5                                                   3                  -2                  -2   0   1
  2671   1       3   2      -5  -4      -2                           2      -4       7  -2                          -1                                                  -6   2               3                                                  -2                   3                   3 -10   9
  2672   3       3   3     -11  -4      -5                          12      -4       4  -5                          -3                                                   4  -2              -2                                                   1                   2                   3  -6   2
  2673  -2      -4   9      -8  -3      -1                          -1      -1       0  -2                           8                                                   7  -5              -2                                                  -3                   6                   1  -5   1
  2674  -1       3   8      -3  -7      -1                          -2      -4      -6   0                           8                                                   0  -1               0                                                  -4                   7                   1  -1  -5
  2675   0       2   1      -3  -2      -4                          -3      -2      -2   1                           8                                                   0  -4               4                                                   0                   2                  -1  -3   1
  2676   1      -2   6      -7  -2       0                          12      -7      -3  -1                          -4                                                   1   1              -2                                                  -2                   1                   2  -2   4
  2677  -3       2   0      -3  -2      -2                           5       3      -4  10                          -6                                                  -6   4               2                                                  -3                   3                   1  -2   0
  2678   0       3   4      -6  -1      -4                          -1      10       0  -2                          -2                                                  -1   1               0                                                  -1                   5                  -1  -5   2
  2679   0      -4   7      -2  -1       1                          -6       7       4  -1                           0               6                                  -1   0              -1                                                  -5                   8                   0  -5   3
  2680  -4       2  -1      -4   1       3                         -10       7       7  -4                           5              22                                   3  -4              -7                                                  -6                   7                   2   1  -9
  2681  -3       5  -6      -6   3       3                           5     -12       7  -7                           4              23                                   3  -7              -5                                                  -7                   1                   5  -2   4
  2682   0       2  -6      -2   8      -1                          -7     -11      -4  -3                          12              34                                  -5  -7              -1                                                  -5                   0                   0   0   9
  2683   3       5  -6       3   4       1                          -4     -14      -5  -6                           8              39                                  -6  -7              -2                                                  -9                   1                   1   6   3
  2684   2       1  -9      11   1       7                          -2     -22      -5  -7                          11              26                                   0  -3              -7                                                  -4                  -1                   1   5  -1
  2685   1       5  -7      12   1       5                           3     -19      -5  -9                           4              17                                  -4  -1              -2                                                  -9                   0                   1   0  13
  2686  -1      10 -10      14  -1       0                           6     -14     -10  -3                           2               9                                   2  -8               2                                                 -13                   0                   4   4  10
  2687  -3      -1  -3      16  -2       2                          -6       4       2   1                           0              -9                                   3  -1               5 -20                                              -2                  -2                  -2   5   0
  2688  -3       3  -1      18  -2       1                          -3       4      -4   1                          -5             -14                                  -1   2               6  -5                                              -8                   1                  -1   4   5
  2689   1       5  -1      18  -3      -1                           2       9      -9  -5                          -6             -13                                   5   3              -1 -11                                              -4                  -3                   0   8  -1
  2690   2       4  -9      18   1       0                         -10       7       1 -10                           4               6                                   2  -1               1 -21                                              -5                  -3                   1  -1  12
  2691  -2       2  -8      17  -2      -3                           0      -5      -3   3                           3              -2                                   0  -2               6 -17                                              -7                   0                   4  -7  17
  2692  -2       7  -7       8  -1       2                          -2     -10       8  -5                           2               4                                   0  -6               2  11                                             -11                   3                   4  -3  10
  2693   0      -4  -7      15   1       7                         -10              21  -6                          -3               1                                   1  -3               3  -8                                              -7                   1                   1  -1  10
  2694  -3       0   2      11  -1       3                          -2      -5       6  -5                          -1              -3                                   1   0               1  -1                                             -13                   1                   5  -2  14
  2695   2       2  -9       6   1       2                          -1      -8       4   1                          -1               5                                  -2  -7               6   3                                              -8                   0                   1  -2  14
  2696  -4       0   0       3   1       0                           0      -4      -1   3                           2              -5                                  -1   0               1   8                                              -7                   3                   3  -7  13
  2697  -4       0   4       0  -1      -2                           2       7       8   3                          -6               4                                  -2  -1               8 -26                                              -7                   2                   3  -5  11
  2698  -4      -1          12  -2      -5                           0      -2      11   8                          -5               8                                  -2  -2               5 -19                                              -9                   3                   7  -4   4
  2699  -6       2          13  -5       0                           1      10       5   5                          -9              -3                                  -2   6               3 -24                                             -12                   2                   8  -5  10
  2700  -4      -1          12  -1       2                          -2       9       0   1                          -6              -1                                   0   4              -1 -13                                              -8                   2                   2   2   4
  2701  -3      -4  16       7  -6      -3                          10     -11      -1   7                          -7               0                                  -2   1               8 -23                                              -7                   5                   2  -1   0
  2702  -1       1  10       1  -3      -4                          12     -11       4   1                          -6               6                                   0  -5               7 -16                                              -8                   3                   5  -2   5
  2703  -2      -1  12       5  -3      -8                           5      -9      -2   4                           0              -2                                  -1   0               5 -12                                              -3                   2                   4  -5   4
  2704   2      -2   3       2  -4      -2                           7     -10     -22   3                           6               9                                   2  -3              -1  -3                                              -7                   1                   4  -2   7
  2705  -1      -2 -10       9   0       2                           3     -14       2   1                           5               8                                   5  -4              -3  -3                                              -4                  -3                   4   2   3
  2706  -1      -5  -5       9   1       1                           2      -9      13  -1                           1               8                                   2  -1 -45          -2  12                                              -8                   0                  -1   6   3
  2707  -5      -3  -5      -2   3      -4                           8      -5       4  15                          -4               8                                  -1  -4 -36           3  17                                              -7                   3                   2   0   3
  2708  -5      -5 -13      -5   5      -5                           9      -3      -7  18                           3              16                                   2  -7 -46           0  22                                              -6                   4                  -1  -2   7
  2709  -3     -13   5      -1   2      -6                           4     -16       5  14                           8              13                                  -3  -2 -46           3  13                                              -5                   0                   2  -3  10
  2710  -2      -1 -10      -5   2      -7                           8     -11       8   7                           8              34                                  -1  -6 -31           1  -7                                               1                  -1                   3  -3   0
  2711  -2      -4 -11      -1   3      -4                           4      -5       6   7                           6              28                                  -3  -2 -30           3 -11                                               2                  -1                  -2  -2   5
  2712   0      -2 -11       8   0     -10                           0       2       3   5                           8              29                                   0  -2 -37           3 -16                                               1                   3                  -3  -4   4
  2713   0      -6  -6       5  -2      -7                           2       0      -2   9                           7              14                                   4  -2 -41           1  -1                                              -1                   1                  -1   1   0
  2714   6      -3 -11       3  -2      -4                           3       1     -10   8                           1               8                                   4  -1 -31          -4  12                                               3                   2                  -2   1  -8
  2715   0      -7 -10       6   3      -1                           8     -13       2   8                          -1               0                                   1   0 -15          -2  10                                               3                   0                  -4   0   0
  2716   4     -14  -8      -4   3       3                           2      -6     -18  12                           7               3                                   3  -4  -8          -1   6                                               5                   0                  -6  -2   5
  2717   3      -7 -15      11   1       0                           4      -7      -1   4                           2              -1                                  11  -5 -14          -4   4                                               2                   4                  -5   0  -2
  2718   4      -1 -25       1   4       3                           1      -1     -13   4                           2              12                                   1  -3  -1          -5   6                                               7                   2                  -6  -1  -2
  2719   5      -6 -11      -2  -1       5                           4       2       1   4                          -3              11                                   5  -4 -13          -1  -4                                              -3                   6                   0  -4   1
  2720   2      -4  -3       3  -2       0                           0       1      17  -7                           5              25                                   5  -2 -26          -3 -11                                              -3                   3                  -1   5  -5
  2721   5       2  -5      -3  -6       4                          -1      -6      14  -7                           7              22                                  -1   0 -34          -3  10                                               0                   3                  -3   7 -12
  2722   7      -5   7      -3  -2       0                          -1      -4       5  -4                           4              13                                   0   0 -22          -2   9                                              -3                   6                  -1  -1  -1
  2723   5       3   4     -11  -1       2                           6     -12      -1  -4                           2               9                                   0  -5 -13          -3  22                                              -1                   6                   1  -1  -7
  2724   3       2  10      -2  -1       0                           6     -18      -8  -2                           1              13                                  -4  -1  -9          -4  18                                              -1                   7                  -3   8 -17
  2725   7       2   1       0   3      -8                          -7      -5      -9   2                           3              27                                  -7  -4 -12          -1  15                                               1                   8                  -4   1 -10
  2726  10      -4   9      -1   2      -9                          -8      -4     -21   2                           7              18                                   0  -9  -2           1   5                                               0                   5                  -1  -2  -4
  2727   0      -5  16      -1   1      -6                          -1       1     -21   3                           4              22                                   3  -5  -2          -4  -4                                              -4                   8                   0   3 -12
  2728   0      -4  19      -5   0      -3                          -1       0     -25   7                           2               3                                   0  -1   2          -4   8                                               0                   6                   0   3 -14
  2729  -1       0  15      -5  -2      -4                           5      10     -44   3                           0              -5                                   0   3   7           1  -9                                               3                   1                   0  -2  -1
  2730  -2      -2  18      -6   2      -8                           9       0     -28   6                           1              -3                                   3   3   2           0 -13                                               2                  -1       1           0  -4  -6      17
  2731   5      -4  19       2  -2      -6                           9     -10      -5  -4                          -2               8                                   2   3  -7          -3  -8                                              -1                  -1       2           2   4 -13       9
  2732   8       0  14       4  -2     -11                          -2      -6     -12   1                          -1              18                                  -1  -2  -3           1 -12                                              -3                   1      -4           3   3 -15      17
  2733   8       0  16      -5   2      -6                          -6      -4     -27  -2                           5              27                                  -4  -5   3           3 -10                                              -1                   2       2           0   0  -7       8
  2734   0       2   6      -4   2      -2                           1      -3     -15   0                           2              15                                  -2  -5   3          -3   7                                              -6                   4      -2           3   0          -2
  2735  -2       1   6       3   1      -4                           0      -9     -15   6                           0              10                                  -3  -2   6           0  -3                                              -5                   1       6           6  -4          -2
  2736  -4       2   9       1  -2      -3                           2       4     -19   3                           0              13                                  -3   2   4           2 -14                                              -4                  -1       0           4   1           0
  2737   1       3   0       0  -2      -4                          -3       2     -36  10                           0               8                                  -4  -4  -8           5   7                                              -5                  -1       2           1   4          -2
  2738   1      -4  12       6  -3      -3                          -5       3     -12   3                          -2              13                                  -6   3  -8           4  -6                                              -2                   1      10           1   1         -12
  2739   1      -4  15       5   1      -4                          -4       4          -1                          -3               2                                  -3   6  -3          -1  -3                                              -4                  -1       6           1   1           0
  2740   0       2  14       7   1     -10                         -11      -7           7                           0               0                                  -6  -3   6           4   5                                              -6                   2      -6           1   1           8
  2741   7      -3   6       3  -1      -5                          -6     -13           0                           6               8                                  -2   2  -2          -3   0                                              -3                   2       3           2  -8          11
  2742   9      -4  -2       2  -1      -5                          -5      -5           2                           5               5                                   4  -3 -13          -2  10                                              -4                   2      -1           1  -1           3
  2743   1      -3  -5       4   3       0                          -1     -14           4                           2              14                                  -4  -6   1          -1   9                                              -1                   4       2          -1   2         -11
  2744  -5      -1 -12       5   0       0                         -12       8          15                           1              -6                                   6  -6  -1          -1   7                                               2                   4      10           1  -1  -8     -12
  2745  -5       1 -19       8   0      -3                          -6       9          10                           1              -5                                   2  -4  -1          -1  10                                               2                   3      -1          -1   1   4     -15
  2746  -5       7  -9       3   0      -6                           3      -6           7                           1             -12                                  -5   2   5          -1  12                                               9                  -2       0           1  -5   3      -9
  2747  -3       5 -14       0   1      -1                           1     -13          19                          -3              -3                                  -4  -7   1           2  17                                               4                  -1       1           4   1  -9      -8
  2748  -9       8 -12      -2  -1       2                           5       2           8                          -2               2                                  -1  -3  -7           1  10                                               0                   2      12           5  -5   3     -19
  2749  -1       4  -7      -1  -4       4                           8      -6          -2                          -1               7                                  -1  -4  -3           4   0                                               2                   7      -2           2  -6   4     -14
  2750  -1      -4 -13       5  -5       8                           3       1           6                          -3              -1                                   2  -1   0           1  -4                                               3                   7      -1           1  -3   1     -16
  2751   7      -1 -18      10  -4       9                          -1     -16           6                         -10             -23                                   2  -7   4           7   9                                              -2                   3      -5           1  -1  10     -10
  2752   6      -1  -2      -2  -6      12                          -3      -6          -1                          -5             -24                                   3  -2   1           0  14                                               7                   5       4           2  -2  -8     -17
  2753   9      -3   4      -1  -4      12                          -7     -16           2                          -5             -13                                  -3  -2   9           7  -4                                               5                   4       0           0  -6  -6       0
  2754   6      -3   2       4  -3      10                           0     -13          -2                          -8               0                                  -1   1  -2           5  -7                                              -5                   5       4          -3   2  -7       6
  2755   9     -11           2  -4      14                           2     -19          -1                          -2               5                                   3  -1  -3           5 -12                                              -4                   7       1          -4  -2  -3       6
  2756   4      -8          -3  -2      12                           1     -10           1                           0              -5                                  -1   2   2           3  -6                                              -1                   3       0          -1  -6   7       1
  2757   9       1          -6  -4       5                           0       4          -1                          -6              -2                                   0   2 -10           7  -6                                              -3                   5      -8           0  -5  -1      13
  2758   2      -2          -5  -4       9                          -5       6           3                          -1             -12                                  -1   3  -3           7  -5                                              -4                   3      -5          -1  -4   8       8
  2759  -1      -6          -4  -1      10                          -9       9          12                          -3              -4                                  -5   5   7           2  -7                                               0                   2      -6           0  -2   0       5
  2760  -4      -9          -6  -1      13                          -6      16          20                          -8              -7                                 -13  12   5           0   2                                               2                   2     -11          -3   4  -4       4
  2761  -5       1           0  -5       9                          -6       8           6                          -3             -12                                  -7  10  -1           0   3                                               4                   1       4          -5   3  -8       0
  2762  -2      -3           3  -3       3                          -6      10           7                          -3             -13                                  -5   4   4          -1   6                                               0                   0      -7           1   2   6      -6
  2763  -7      -1          -3   0       0             -22          -8      23          23                          -5              -7                                  -9   6  -1           1   9                                              -2                   2      -6          -1   3   1       2
  2764 -11       4           1  -6       4              -7          -8       7          20                          -1             -11                                 -12   8  -5           2  16                                              -4                   6      -3          -2   0   5      -3
  2765  -7       3          -5  -4       0              -3          -9      10          22                           1              -7                                 -10   3 -10           4  20                                              -1                   3      -5           2   0   5      -8
  2766  -5      -1           0  -2       0             -18          -2       7          16                          -1              -9                                  -6   5  -3          -2  13                                              -3                   2      -1           1  -2   8      -4
  2767  -4       3           1  -2      -2             -23           2      11          11                          -5             -11                                   3  -3   4           1   1                                              -4                   0      -6           6   1   1      -2
  2768   6      -2          -2  -3       2              -8          -5      -1           8                          -1               2                                  -2  -5   4           8  -8                                               5                   3     -13           1   1  -6       4
  2769   4      -5          -5  -4      11              -3           3       8          -3                          -4              11                                   0   1   2           0 -12                                               1                   6     -10           1   4 -14       4
  2770  12      -6          -4   0       2               5          -5      13          -4                          -3               0                                   6   3   1           2 -18                                               3                   2      -9           2  -5  -5      12
  2771   8       5          -5  -2      -3              -7          -1      14          -9                           0               4                                   3   1   3          -6  -3                                               2                   1     -10           6  -3  -8       7
  2772  -3      -1           0   2      -6              -6          -1       8           5                           2              -4                                   2   0   3          -4   2                                               4                  -2       0           0   0  -2       0
  2773  -8       0           3   1      -6              -2           3       9           2                           4               9                                   1   0   4          -8   1                                              -5                  -1      -4           2   4   3       1
  2774  -4       4           3  -1      -7             -22          -6      16           7                           1              -2                                   1   2   7          -9   2                                             -11                  -3      -1           5  -2   9       8
  2775  -8      -4           6   1      -6             -28          -5      21          20                          -2               0                                   7  -2   0          -1  -6                                              -5                  -1       7           3   0  -3      -2
  2776  -6      -3          -3   2      -4              -4          -5      23           7                           2              -2                                   7  -2   2           0  -9                                              -7                  -4      -3           4   0   8       5
  2777   4       2          -1  -1      -4             -39           4      14          -5                           4               1                                   8   1  -5          -2  -3                                             -12                  -4      10           1  -2   9       7
  2778  -2       3           3  -1      -8             -26           2      13           3                           2               8                                   9   1  -8          -3  -3                                             -14                  -3      11           1   1           9
  2779  -3       4           5  -1      -7             -19          -3      13           4                           1              -8                                  10   1  -9          -1   3                                             -10                   1       8          -3   2           6
  2780  -3       6           1  -4      -2             -14           2      19          -9                           0              -3                                   7   3   0          -7  -1                                             -10                  -1       0           1   4           6
  2781  -1       7           0  -4       4             -29           4      13          -7                          -4              -1                                   2   3   1          -2  -5                                             -16                   4      -2          -2   3          14
  2782  -3       4           4  -5       3             -29           2      22          -4                          -5              -4  34                               0   8   3          -7 -14                                             -13                   3       1           3   0           7
  2783  -5       3           4  -2       2             -11           2      13          -6                          -5               1  27                              -2   9   3          -7 -13                                             -13                   1       2          -3   3          12
  2784  -3       1           2   1      10             -11          -3       2           3                         -10              -2  29                              -8   4   8          -5  -6                                              -9                   3       1           1   3  -8       5
  2785  -2       1           1  -2      10              -1           3      -6           3                          -9              -1   8                              -6   6   6          -1 -11                                              -7                   3      -3           1  -2  -5      11
  2786 -10      -7           1  -3      13               3          -1       1          13                          -5             -12   0                               3   6   9          -6  -9                                              -3                   5      -1          -1   0 -12       8
  2787 -17      -2           0  -2       6              -6          16      14           8                          -8             -18  10                               0   7   5          -7   0                                               1                   2      -4           3   2   2      -8
  2788 -10      -1           6  -4      -1               8           9      -2           1                          -1              -5  11                               8   3  -5          -4  -3                                              -4                   9      -2          -2   2  -7       0
  2789  -6      -7           2   0      -1              16          12      -3           8                          -4               8   0                               8   3  -6           0 -10                                              -5                   7      -7           1   3 -12       7
  2790  -5      -8           0   0       4               3          -1      19           9                          -5             -13   5                              22   2  -9           2 -13                                             -10                   7       4           0   1 -10       3
  2791  -6      -3          -4   1       3              14           5       2          -3                           1              -8  30                              13   3  -3          -7  -9                                              -7                  -2       8           4   0  -9       3
  2792  -8      -1          -1   0      -2               0          13      -3           3                           2              -4  31                               5   5  -1          -6 -10                                              -7                   3       0           1  -3  -1       6
  2793 -16      -5          -6   4       7               6          12       5          -6                           2              -1  36                              -5   4   3          -2 -11                                              -4                   8      -4          -4  -2  13      -3
  2794 -10      -4          -3   2       9               0          10     -11           4                          -1              -1  14                              -5  -1   1           2  -3                                              -2                   5       1          -2  -1   3      -5
  2795  -5      -6          -6   2       5               6           7                   8                          -1               6   2                              -7   1  -1           2   0                                               3                   0      -4           2   1   1      -5
  2796  -9      -7         -12   4       8              -2           2                  19                           3              -1   8                              -7   3  -1           2   1                                              -5                  -2       2           1  -3  11       2
  2797 -12      -5          -8   5       3               4          12                   1                           5               8 -26                              -9   8   3          -6   6                                              -2                  -4       4          -6  -6  20       6
  2798 -10      -5          -3   6      -2              -8          12                   4                           4               8 -35                             -11   4  10          -2   0                                               9                  -8       4          -8  -7  19       5
  2799 -12      -8           4   2       1             -14          14                  -1                           4              12 -28                             -16   6   9          -3   2                                               8                  -4       8          -8  -8  27      -7
  2800  -7      -6          -2   4       1              -1           7                                               4               9 -13                             -18   5  10          -4   2                                               9                  -9       5          -5  -6  21      -3
  2801   2      -9          -5   6       2               1           3                                               3              12 -11                             -14   2   1          -3   9                                               3                  -3       3          -4  -2  18      -7
  2802  -2       1          -6   3       2               7           1                                              -2              10 -30                             -15   7  -3          -2  15                                              -1                  -6       6          -3  -2  12       1
  2803   1       2           1   0       1              -6          -3                                              -2              -1 -19                              -4   2  -2           1   9                                              -2                 -14      17           1  -2  13      -5
  2804   4       1           4   0      -2              -3          -9                                               1               3 -18                              -3   0  -2           2   5                                               2                  -7      11           0  -4   9      -5
  2805   5      -1          -3   0      -3               2           7                                               1               4 -31                               7  -3  -3           5   2                                               0                  -3      -6           5  -1   9       1
  2806   3      -2           1   1      -3              -2           0                                               2               8  -9                              12  -7   3           1  -7                                               7                  -2       1           5  -1 -14      -3
  2807 -10       1          -1   1      -4              12           0                                               3               7   6                               8  -5  -4           1  -3                                               3                   4      -2           6  -3  -5      -8
  2808  -4      -3          -5   3      -1               9          -1                                               5              12  20                               6  -5  -3          -3  -4                                               2                   5       0           8  -4  -8      -9
  2809  -3      -1          -2   4      -3               8          -5                                               2              13  15                               9  -7  -6           0  -4                                              -5                  -2       7           7   0  -6      -6
  2810  -8       0          -2  -1       5               5           6                                              -4               9  15                               8  -3  -3           1  -9                                              -3                  -2       5           9   3 -19      -5
  2811   0      -7          -2   2       6               0           7                                              -1               2  -3                               7   0  -2          -1  -3                                               2                   5       1           1   1 -13      -4
  2812  -2      -2          -2  -1       7              13          -5                                              -4               9 -10                             -10   4   0           3  -3                                              11                   0       2           2  -3 -13      -3
  2813   1      -5          -4   1      11             -10           2                                              -1              -3   2                               4   0  -1           5  -7                                               4                   5       6           2  -7  -8      -6
  2814   2       1           1  -3      11              -5          -7                                              -4             -11  -5                               0   1   2           5  -4                                               1                   4       1           2  -5  -2      -2
  2815   9      -6          -6   0      17              -9          -4                                              -2               1 -17                              -3   1   3           3  -3                                               1                  12      -5          -3  -3 -11       3
  2816  16      -1          -6   0      12             -23          -4                                               1               1 -25                               2   0   3           5  -5                                              -3                   7       0           1 -10   1       6
  2817   6       2          -7  -1      15             -17           1                                              -2              -1  -7                              -3   1  -1           9  -7                                               2                   4       3           3  -7 -11       1
  2818   6      -1          -8   4      10             -10          -1                                              -2               1 -10                              -5   1   2           2   0                                             -13                   6      -4          -1  -4  13       8
  2819   2       5          -6   0      12             -18           6                                              -5               5  -6                             -13  -1   4          -2   8                                              -6                   5      -3           1   3  -9       3
  2820  -4      -1          -6  -3      15              -8           7                                              -3               2 -42                              -7   4   4          -4  12                                             -10                   4      -4          -1   0  11       5
  2821 -14       3          -7  -1      15              -3          -3                                              -3               0 -34                              -2   2   4          -4  11                                              -8                   6       1          -1  -4  -1       4
  2822 -18      11          -7  -3      10               1          -8                                              -2             -11  -8                               3   4  -3          -1   7                                             -10                   9      -2          -2  -1 -10      10
  2823 -19       2          -5  -2      11               8          -5                                              -2              -4 -12                               7   2  -4          -2   6                                              -6                   7       2          -4   4 -18       4
  2824 -19       4          -4   1       7               3           2                                              -5              -9  -7                              11   0  -1           1   1                                             -14                   1      -1          -1   5           8
  2825 -29       1          -4   2       8               2           4                                              -1              -5 -16                               5  -1   1           4   1                                              -1                  -2       6          -6   1           2
  2826 -27      -1          -6  -2      11               1          12                                               1             -11  -3                              10   2  -1           6  -7                                              -2                  -4       6          -2   0           1
  2827 -16       2          -4  -2       2              -7           4                                               8              -5   5                               9  -2   0           1  -4                                               2                  -3       9          -2  -4          -2
  2828 -12       0           1   0      -1              -5           5                                               4               0   6                               8  -4  -1           1  -1                                               2                   0       4           2  -1          -8
  2829  -6      -1          -1   3      -5              -6           6                                               5              -5  10                              15  -7   3          -1  -3                                               4                  -5       7           1  -1          -6
  2830  -5      -3          -2   1      -2               1           9                                               4             -12  21                              16  -2   2          -7  -2                                              -1                  -4       5           2   1          -5
  2831   3      -3          -5   3       1              -2           4                                               4             -18  26                              17  -5   3          -2  -3                                              -4                  -2      -1          -1   7          -1
  2832   5      -8          -5   2       4               6          -9                                               6             -16  19                              20  -4   4          -5  -1                                              -5                   3       1          -1   3          -3
  2833   9       0          -4  -4       4               5          -3                                               1             -10   2                              17  -3   5          -5  -1                                              -9                  -9       0           6   5           3
  2834  -1      -3          -3   1       2              -1           4                                               3               8   4                              13 -10   6          -2  -5                                              -8                  -5      -1           7   5          -1
  2835 -14      -3          -4  -1       1               1           6                                               7              11  -7                               8  -8   1           7  -9                                               0                  -2      -5           4   3          -1
  2836 -21      -2          -1  -1      -1              10           6                                               1               6   7                              -5   1   0          -2  -2                                              -2                  -2      -1          -2   4           2
  2837 -27      -7          -2   0       7               8           9                                              -1              -2  10                              -3   4   1          -4  -3                                              -2                   1       7          -3  -1          -2
  2838 -14      -4           0   0       2               5           3                                               0              -2  31                               0   1  -2          -4  -4                                             -10                   5       1           0   4          -3
  2839 -16       0           3   0       2              -2          -3                                               0              -6                                  13  -4   5          -4   1                                              -4                   6       1          -3   1          -1
  2840  -8       1           2   3      -4               2          -2                                              -2              -8                                  18   0   0          -4   3                                              -5                   1       4          -2   0           1
  2841 -13       3           0  -1       5              -5           0                                              -2             -16                                  19  -1   3           3  -5                                              -7                   4      -2          -1   2           4
  2842 -18       1          -3   0       8              -5           5                                              -2             -13                                   8  -1   6          -3   2                                              -6                   7      -4          -3   3           2
  2843   6      -5          -7   4      10               0         -10                                               1             -18                                  15   0  -1           3   3                                              -5                   8       0          -4   3          -1
  2844  -1      -6          -3  -1       5               6           0                                               1             -12                                   9  -2   5          -6   8                                               3                   1      -2          -1   4          -5
  2845   1      -2           1   1      -4               5           0                                               0              -1                                  10  -5   3          -8   9                                               2                  -5       3           1   4          -5
  2846   2      -6           6   1      -3               8         -10                                              -2              -6                                  10  -3   0           6  -5                                               8                   1      -3          -3   3          -4
  2847         -14          -2   1       7               8          -7      10                                       1             -12                                   8   3   0          -1   2                                              10                   2       4          -4   0         -10
  2848          -8          -4  -3      15               7           1     -20                                       1             -10                                  -1   2   3          -5   6                                              -1                   2       6          -2  -2          -3
  2849          -6           0  -1       7               9          -7     -12                                       0              -6                                   8  -1   5          -5   3                                              -1                   2       4           0  -2          -2
  2850          -2           3   0      -4               6           1      -2                                      -2              -7                                   9  -1   5          -7   5                                               6                  -3       1          -2   1          -2
  2851          -2           1  -2      -3               7                   3                                      -1              -7                                  15   2  -3          -1   2                                               5                  -7       3           4   0          -5
  2852          -2          -2  -1       0              -2                  15                                       1              13                                 -25   0   0           1  -1                                               4                  -5       1           1   0          -2
  2853          -3           0  -3       2              -1                  25                                      -2               9                                 -23   3   1          -8   7                                               2                   2      -3           3   3          -5
  2854          -2           2  -1       0               3                   5                                      -1               2                                       1   4          -5  -1                                               2                   1      -1           3  -3          -1
  2855          -1          -1   0      -2              -2          -2      11                                       2              -1                                      -1   4          -2  -2                                               4                   4      -4           0  -1           1
  2856          -3           1  -2      10              -1           3     -20                                       0               0                                      -3   2           0   2                                              -6                   8       0           1   0          -2
  2857           4           0   0       4              -6          -6      15                                      -4             -14                                       1   6          -4   5                                               2                   3      -2          -2   1          -1
  2858          -4           4  -1       6               2         -14       8                                      -4              -4                                       4  -1          -1  -1                                              -8                  11       0          -6   3           2
  2859          -5          -2   0       7              10          -4      -6                                      -4              -9                                       0   5          -3   3                                              -3                   3      -6          -3   6           3
  2860           2          -2   3       7               0          -1      -5                                      -6              -7                                       1   3          -2   1                                              -9                   5      -3           0   1           5
  2861           3          -1  -3       4               5          -4       8                                      -7              -3                                       2   1          -4   4                                              -7                  -8      -3           5   6           2
  2862           7           1   0      -6               6          -6       4                                      -6               0                                      -1  -4          -3  10                                               2                 -11      -2           8   4          -4
  2863           7           3  -4      -3               5           3     -10                                      -4              -7                                       4   0         -12  12                                               3                   3      -6           8  -3          -3
  2864           9           5  -2      -6              -1          -2      -1                                      -5             -21                                       7  -4           3   7                                              12                  -2      -4          -1   0          -3
  2865           9           3   1      -3              -5           0       9                                      -7             -26                                       5   4          -6  15                                              10                   1      -1          -6   3          -3
  2866           2           0   0       1               6           4     -16                                      -4              -4                                       2  -3          -8  12                                              -4                   3      -2           3   2          -2
  2867          -5           0   1       4               9           8     -24                                      -4              -2                                       3  -4          -1   4                                              -5                   1       1          -1   2           1
  2868           0          -4   7       5               1           9      -9                                      -8              -1                                       2  -2          -5   7                                             -18                   5       0          -1   6           5
  2869           2          -3   1      -4               1          15       7                                      -4              -1                                       8  -7          -5   6                                              -9                  -4       0          -2   7           4
  2870           1           0   2       3              -6          12                                              -3              -5                                       5  -6          -5  11                                             -11                  11       0          -2   7          -2
  2871          -2          -1   6       8              -9           2                                              -3              -5                                       2  -1           2   1                                              -9                  16       3          -4   0          -1
  2872          -5           1   5       8              -6          -4                                              -3             -22                                       4   0          11   0                                               4                  19      -3         -10   3          -3
  2873          -4           3   3      -2               4          -4                                              -4              -1                                       2   1           0  -3                                              -3                   7      -1          -6   1           4
  2874           3           4   0      -7              -1           5                                              -1              -4                                       4   2          -1  -4                                               3                   1       1          -9  -1           7
  2875           3           8   3     -18              -3          10                                               1              -2                                       2   0           2  -3                                              15                   7      -7          -5  -3           0
  2876          -3           9   4     -17               4           0                                              -1               3                                       1  -1           5  -7                                              16                   5      -6          -2  -4          -2
  2877           1           6   0     -16               6           0                                               1             -10                                       7   1           5  -8                                              23                   5     -12          -2  -6           2
  2878           1           7  -2      -8               9         -10                                              -6             -20                                       6   6           5  -6                                              23                   2     -10          -5  -4           2
  2879           1           3  -1       0               7          -5                                              -8             -24                                       9   5           2  -2                                              15                   1      -6          -5  -3           3
  2880          -1           0   2      -2               9          -8                                              -7             -23                                       9   3           0   3                                              14                   3      -5          -6  -2           2
  bako G01 G02 G03 G04 G05 G06 G07 G08 G09 G10 G12 G13 G14 G15 G16 G17 G18 G19 G20 G21 G22 G23 G24 G25 G26 G27 G29 G30 G31 G32 R01 R02 R03 R04 R05 R06 R07 R08 R09 R10 R12 R13 R14 R15 R16 R17 R18 R19 R20 R21 R22 R23 R24 E01 E02 E03 E04 E05 E07 E08 E09 E11 E12 E13 E15 E21 E24 E25 E26 E27 E30 E31 E33 E36 C01 C02 C03 C04 C05 C06 C07 C08 C09 C10 C11 C12 C13 C14 C16 C19 C20 C21 C22 C23 C24 C25 C26 C27 C28 C29 C30 J01 J02
-TIME SERIES OF RESIDUALS---PHASE(MM)
