bako                                                        STATION
Kinematic   10.000000 10.000000 10.000000                   POS MODE/PRIORI (meter)
YES                                                         OBS STRICT EDITING
2021  8  8  0  0  0.00                                      OBS FIRST EPOCH
2021  8  8 23 59 30.00                                      OBS LAST EPOCH
   30.00                                                    OBS INTERVAL (sec)
    7.00                                                    OBS MASK ANGLE (deg)
    0.30                                                    MEASUREMENT NOISE PSEUDORANGE (1-SIGMA, meter)
    0.01                                                    MEASUREMENT NOISE CARRIER PHASE (1-SIGMA, cycle)
WUM0MGXRAP_20212200000_01D_05M_ORB.SP3                      SAT ORBIT
WUM0MGXRAP_20212200000_01D_30S_CLK.CLK                      SAT CLOCK
WUM0MGXRAP_20212200000_01D_30S_ATT.OBX                      SAT ATTITUDE
WUM0MGXRAP_20212200000_01D_01D_OSB.BIA                      SAT BIAS
WUM0MGXRAP_20212200000_01D_01D_ERP.ERP                      EARTH ROTATION PARAMETERS
LEICA GR50                                                  SITE RECEIVER TYPE
LEIAR20         LEIM                                        SITE ANTENNA TYPE
        0.0000        0.0000        1.6480                  SITE ANTENNA E/N/H (meter)
G  L1   1       0.08      0.66    124.58                    SITE ANTENNA PCO E/N/H (millimeter)
G  L2   2      -0.11      0.45    131.37                    SITE ANTENNA PCO E/N/H (millimeter)
R  G1   1       0.08      0.66    124.58                    SITE ANTENNA PCO E/N/H (millimeter)
R  G2   2      -0.11      0.45    131.37                    SITE ANTENNA PCO E/N/H (millimeter)
E  E1   1       0.08      0.66    124.58                    SITE ANTENNA PCO E/N/H (millimeter)
E  E5a  5      -0.11      0.45    131.37                    SITE ANTENNA PCO E/N/H (millimeter)
C  B1I  2       0.08      0.66    124.58                    SITE ANTENNA PCO E/N/H (millimeter)
C  B3I  6      -0.11      0.45    131.37                    SITE ANTENNA PCO E/N/H (millimeter)
J  L1   1       0.08      0.66    124.58                    SITE ANTENNA PCO E/N/H (millimeter)
J  L2   2      -0.11      0.45    131.37                    SITE ANTENNA PCO E/N/H (millimeter)
IGS14_2247                                                  TABLE ANTEX
WNO                                                         RECEIVER CLOCK
STO                                                         TROP ZENITH
NON                                                         TROP GRADIENT
NO                                                          IONO 2ND
SOLID  POLE OCEAN(Scherneck)                                TIDES
NON                                                         MULTIPATH MODEL
YES  GPS    63  GAL    29  BDS2    0  BDS3    0  QZSS    0  AMB FIXING
  600.00                                                    AMB DURATION (sec)
   15.00                                                    AMB CUTOFF (deg)
    0.20    0.15 1000.00                                    AMB WIDELANE
    0.15    0.15 1000.00                                    AMB NARROWLANE
    3       4       1.80    3.00                            AMB SEARCH
DEFAULT                                                     AMB AT DAY-BOUNDARY
Start Field Description                                     COMMENT
Year                                                        YEAR (GPS TIME)
Mon                                                         MONTH (GPS TIME)
Day                                                         DAY (GPS TIME)
Hour                                                        HOUR (GPS TIME)
Min                                                         MINUTE (GPS TIME)
Sec                                                         SECOND (GPS TIME)
ZDD                                                         ZENITH DRY DELAY (meter)
ZWDini                                                      INITIAL ZENITH WET DELAY (meter)
ZWDcor                                                      ZENITH WET DELAY CORRECTION (meter)
End Field Description                                       COMMENT
                                                            END OF HEADER
* Year   Mon   Day  Hour   Min       Sec        ZDD     ZWDini     ZWDcor
  2021     8     8     0     0  0.000000   2.270393   0.239138   0.079563
  2021     8     8     0     0 30.000000   2.270392   0.239137   0.079561
  2021     8     8     0     1  0.000000   2.270395   0.239139   0.079557
  2021     8     8     0     1 30.000000   2.270394   0.239138   0.079551
  2021     8     8     0     2  0.000000   2.270394   0.239138   0.079540
  2021     8     8     0     2 30.000000   2.270395   0.239138   0.079528
  2021     8     8     0     3  0.000000   2.270395   0.239138   0.079513
  2021     8     8     0     3 30.000000   2.270393   0.239138   0.079497
  2021     8     8     0     4  0.000000   2.270393   0.239137   0.079480
  2021     8     8     0     4 30.000000   2.270395   0.239138   0.079462
  2021     8     8     0     5  0.000000   2.270392   0.239137   0.079441
  2021     8     8     0     5 30.000000   2.270392   0.239137   0.079420
  2021     8     8     0     6  0.000000   2.270395   0.239138   0.079399
  2021     8     8     0     6 30.000000   2.270393   0.239137   0.079375
  2021     8     8     0     7  0.000000   2.270394   0.239137   0.079349
  2021     8     8     0     7 30.000000   2.270395   0.239138   0.079323
  2021     8     8     0     8  0.000000   2.270397   0.239139   0.079296
  2021     8     8     0     8 30.000000   2.270394   0.239137   0.079269
  2021     8     8     0     9  0.000000   2.270394   0.239137   0.079242
  2021     8     8     0     9 30.000000   2.270397   0.239139   0.079215
  2021     8     8     0    10  0.000000   2.270396   0.239138   0.079187
  2021     8     8     0    10 30.000000   2.270396   0.239138   0.079161
  2021     8     8     0    11  0.000000   2.270394   0.239137   0.079132
  2021     8     8     0    11 30.000000   2.270395   0.239137   0.079104
  2021     8     8     0    12  0.000000   2.270393   0.239136   0.079074
  2021     8     8     0    12 30.000000   2.270395   0.239137   0.079042
  2021     8     8     0    13  0.000000   2.270395   0.239137   0.079010
  2021     8     8     0    13 30.000000   2.270396   0.239137   0.078979
  2021     8     8     0    14  0.000000   2.270394   0.239136   0.078950
  2021     8     8     0    14 30.000000   2.270398   0.239138   0.078922
  2021     8     8     0    15  0.000000   2.270396   0.239137   0.078896
  2021     8     8     0    15 30.000000   2.270396   0.239137   0.078871
  2021     8     8     0    16  0.000000   2.270397   0.239138   0.078845
  2021     8     8     0    16 30.000000   2.270398   0.239138   0.078821
  2021     8     8     0    17  0.000000   2.270397   0.239137   0.078798
  2021     8     8     0    17 30.000000   2.270395   0.239137   0.078776
  2021     8     8     0    18  0.000000   2.270396   0.239137   0.078755
  2021     8     8     0    18 30.000000   2.270394   0.239136   0.078734
  2021     8     8     0    19  0.000000   2.270394   0.239136   0.078713
  2021     8     8     0    19 30.000000   2.270395   0.239136   0.078693
  2021     8     8     0    20  0.000000   2.270396   0.239137   0.078672
  2021     8     8     0    20 30.000000   2.270396   0.239137   0.078652
  2021     8     8     0    21  0.000000   2.270398   0.239137   0.078633
  2021     8     8     0    21 30.000000   2.270397   0.239137   0.078614
  2021     8     8     0    22  0.000000   2.270396   0.239136   0.078596
  2021     8     8     0    22 30.000000   2.270398   0.239137   0.078579
  2021     8     8     0    23  0.000000   2.270396   0.239136   0.078561
  2021     8     8     0    23 30.000000   2.270395   0.239136   0.078544
  2021     8     8     0    24  0.000000   2.270396   0.239136   0.078528
  2021     8     8     0    24 30.000000   2.270395   0.239135   0.078511
  2021     8     8     0    25  0.000000   2.270396   0.239136   0.078495
  2021     8     8     0    25 30.000000   2.270395   0.239135   0.078479
  2021     8     8     0    26  0.000000   2.270394   0.239135   0.078465
  2021     8     8     0    26 30.000000   2.270394   0.239135   0.078451
  2021     8     8     0    27  0.000000   2.270395   0.239135   0.078437
  2021     8     8     0    27 30.000000   2.270395   0.239135   0.078424
  2021     8     8     0    28  0.000000   2.270394   0.239135   0.078413
  2021     8     8     0    28 30.000000   2.270392   0.239134   0.078402
  2021     8     8     0    29  0.000000   2.270395   0.239135   0.078392
  2021     8     8     0    29 30.000000   2.270392   0.239134   0.078382
  2021     8     8     0    30  0.000000   2.270393   0.239134   0.078374
  2021     8     8     0    30 30.000000   2.270392   0.239133   0.078367
  2021     8     8     0    31  0.000000   2.270394   0.239134   0.078359
  2021     8     8     0    31 30.000000   2.270393   0.239134   0.078350
  2021     8     8     0    32  0.000000   2.270395   0.239135   0.078341
  2021     8     8     0    32 30.000000   2.270394   0.239134   0.078332
  2021     8     8     0    33  0.000000   2.270394   0.239134   0.078323
  2021     8     8     0    33 30.000000   2.270393   0.239133   0.078314
  2021     8     8     0    34  0.000000   2.270394   0.239134   0.078305
  2021     8     8     0    34 30.000000   2.270393   0.239134   0.078296
  2021     8     8     0    35  0.000000   2.270393   0.239133   0.078288
  2021     8     8     0    35 30.000000   2.270394   0.239134   0.078279
  2021     8     8     0    36  0.000000   2.270393   0.239133   0.078272
  2021     8     8     0    36 30.000000   2.270393   0.239133   0.078264
  2021     8     8     0    37  0.000000   2.270391   0.239132   0.078258
  2021     8     8     0    37 30.000000   2.270393   0.239133   0.078252
  2021     8     8     0    38  0.000000   2.270391   0.239132   0.078244
  2021     8     8     0    38 30.000000   2.270391   0.239132   0.078236
  2021     8     8     0    39  0.000000   2.270390   0.239132   0.078227
  2021     8     8     0    39 30.000000   2.270392   0.239132   0.078216
  2021     8     8     0    40  0.000000   2.270394   0.239133   0.078204
  2021     8     8     0    40 30.000000   2.270392   0.239132   0.078192
  2021     8     8     0    41  0.000000   2.270393   0.239132   0.078181
  2021     8     8     0    41 30.000000   2.270394   0.239133   0.078169
  2021     8     8     0    42  0.000000   2.270392   0.239132   0.078155
  2021     8     8     0    42 30.000000   2.270391   0.239131   0.078142
  2021     8     8     0    43  0.000000   2.270392   0.239132   0.078128
  2021     8     8     0    43 30.000000   2.270392   0.239132   0.078114
  2021     8     8     0    44  0.000000   2.270393   0.239132   0.078097
  2021     8     8     0    44 30.000000   2.270393   0.239132   0.078081
  2021     8     8     0    45  0.000000   2.270392   0.239132   0.078064
  2021     8     8     0    45 30.000000   2.270392   0.239131   0.078046
  2021     8     8     0    46  0.000000   2.270392   0.239131   0.078027
  2021     8     8     0    46 30.000000   2.270391   0.239131   0.078006
  2021     8     8     0    47  0.000000   2.270391   0.239131   0.077984
  2021     8     8     0    47 30.000000   2.270391   0.239131   0.077961
  2021     8     8     0    48  0.000000   2.270391   0.239131   0.077937
  2021     8     8     0    48 30.000000   2.270390   0.239130   0.077912
  2021     8     8     0    49  0.000000   2.270392   0.239131   0.077886
  2021     8     8     0    49 30.000000   2.270391   0.239131   0.077858
  2021     8     8     0    50  0.000000   2.270392   0.239131   0.077830
  2021     8     8     0    50 30.000000   2.270392   0.239131   0.077801
  2021     8     8     0    51  0.000000   2.270391   0.239130   0.077772
  2021     8     8     0    51 30.000000   2.270391   0.239130   0.077742
  2021     8     8     0    52  0.000000   2.270391   0.239130   0.077712
  2021     8     8     0    52 30.000000   2.270391   0.239130   0.077683
  2021     8     8     0    53  0.000000   2.270391   0.239130   0.077653
  2021     8     8     0    53 30.000000   2.270390   0.239129   0.077625
  2021     8     8     0    54  0.000000   2.270391   0.239130   0.077596
  2021     8     8     0    54 30.000000   2.270391   0.239130   0.077568
  2021     8     8     0    55  0.000000   2.270392   0.239130   0.077542
  2021     8     8     0    55 30.000000   2.270394   0.239131   0.077516
  2021     8     8     0    56  0.000000   2.270393   0.239131   0.077490
  2021     8     8     0    56 30.000000   2.270393   0.239130   0.077465
  2021     8     8     0    57  0.000000   2.270394   0.239131   0.077442
  2021     8     8     0    57 30.000000   2.270394   0.239131   0.077419
  2021     8     8     0    58  0.000000   2.270392   0.239130   0.077400
  2021     8     8     0    58 30.000000   2.270392   0.239130   0.077382
  2021     8     8     0    59  0.000000   2.270390   0.239129   0.077365
  2021     8     8     0    59 30.000000   2.270391   0.239129   0.077347
  2021     8     8     1     0  0.000000   2.270391   0.239129   0.077329
  2021     8     8     1     0 30.000000   2.270391   0.239129   0.077310
  2021     8     8     1     1  0.000000   2.270389   0.239128   0.077292
  2021     8     8     1     1 30.000000   2.270393   0.239130   0.077273
  2021     8     8     1     2  0.000000   2.270393   0.239130   0.077255
  2021     8     8     1     2 30.000000   2.270392   0.239129   0.077237
  2021     8     8     1     3  0.000000   2.270392   0.239129   0.077219
  2021     8     8     1     3 30.000000   2.270393   0.239130   0.077201
  2021     8     8     1     4  0.000000   2.270394   0.239130   0.077184
  2021     8     8     1     4 30.000000   2.270394   0.239130   0.077168
  2021     8     8     1     5  0.000000   2.270394   0.239130   0.077150
  2021     8     8     1     5 30.000000   2.270395   0.239130   0.077131
  2021     8     8     1     6  0.000000   2.270396   0.239130   0.077114
  2021     8     8     1     6 30.000000   2.270391   0.239129   0.077096
  2021     8     8     1     7  0.000000   2.270393   0.239129   0.077077
  2021     8     8     1     7 30.000000   2.270391   0.239128   0.077058
  2021     8     8     1     8  0.000000   2.270390   0.239128   0.077039
  2021     8     8     1     8 30.000000   2.270391   0.239128   0.077018
  2021     8     8     1     9  0.000000   2.270392   0.239128   0.076998
  2021     8     8     1     9 30.000000   2.270392   0.239128   0.076976
  2021     8     8     1    10  0.000000   2.270393   0.239129   0.076954
  2021     8     8     1    10 30.000000   2.270394   0.239129   0.076931
  2021     8     8     1    11  0.000000   2.270394   0.239129   0.076906
  2021     8     8     1    11 30.000000   2.270393   0.239129   0.076881
  2021     8     8     1    12  0.000000   2.270394   0.239129   0.076856
  2021     8     8     1    12 30.000000   2.270392   0.239128   0.076833
  2021     8     8     1    13  0.000000   2.270394   0.239129   0.076809
  2021     8     8     1    13 30.000000   2.270395   0.239129   0.076785
  2021     8     8     1    14  0.000000   2.270397   0.239130   0.076762
  2021     8     8     1    14 30.000000   2.270395   0.239129   0.076740
  2021     8     8     1    15  0.000000   2.270394   0.239129   0.076718
  2021     8     8     1    15 30.000000   2.270395   0.239129   0.076695
  2021     8     8     1    16  0.000000   2.270395   0.239129   0.076673
  2021     8     8     1    16 30.000000   2.270393   0.239128   0.076651
  2021     8     8     1    17  0.000000   2.270393   0.239128   0.076629
  2021     8     8     1    17 30.000000   2.270393   0.239128   0.076606
  2021     8     8     1    18  0.000000   2.270392   0.239127   0.076583
  2021     8     8     1    18 30.000000   2.270392   0.239127   0.076560
  2021     8     8     1    19  0.000000   2.270391   0.239126   0.076538
  2021     8     8     1    19 30.000000   2.270390   0.239126   0.076517
  2021     8     8     1    20  0.000000   2.270393   0.239128   0.076495
  2021     8     8     1    20 30.000000   2.270391   0.239126   0.076474
  2021     8     8     1    21  0.000000   2.270390   0.239126   0.076453
  2021     8     8     1    21 30.000000   2.270392   0.239127   0.076431
  2021     8     8     1    22  0.000000   2.270392   0.239127   0.076410
  2021     8     8     1    22 30.000000   2.270394   0.239127   0.076389
  2021     8     8     1    23  0.000000   2.270392   0.239127   0.076371
  2021     8     8     1    23 30.000000   2.270393   0.239127   0.076355
  2021     8     8     1    24  0.000000   2.270390   0.239126   0.076339
  2021     8     8     1    24 30.000000   2.270392   0.239127   0.076322
  2021     8     8     1    25  0.000000   2.270392   0.239126   0.076306
  2021     8     8     1    25 30.000000   2.270390   0.239126   0.076289
  2021     8     8     1    26  0.000000   2.270392   0.239126   0.076271
  2021     8     8     1    26 30.000000   2.270392   0.239126   0.076253
  2021     8     8     1    27  0.000000   2.270390   0.239125   0.076233
  2021     8     8     1    27 30.000000   2.270389   0.239125   0.076214
  2021     8     8     1    28  0.000000   2.270391   0.239126   0.076194
  2021     8     8     1    28 30.000000   2.270390   0.239125   0.076172
  2021     8     8     1    29  0.000000   2.270389   0.239124   0.076148
  2021     8     8     1    29 30.000000   2.270388   0.239124   0.076123
  2021     8     8     1    30  0.000000   2.270388   0.239124   0.076096
  2021     8     8     1    30 30.000000   2.270390   0.239125   0.076068
  2021     8     8     1    31  0.000000   2.270387   0.239123   0.076039
  2021     8     8     1    31 30.000000   2.270388   0.239124   0.076007
  2021     8     8     1    32  0.000000   2.270387   0.239123   0.075975
  2021     8     8     1    32 30.000000   2.270387   0.239123   0.075942
  2021     8     8     1    33  0.000000   2.270389   0.239124   0.075910
  2021     8     8     1    33 30.000000   2.270390   0.239124   0.075878
  2021     8     8     1    34  0.000000   2.270389   0.239124   0.075846
  2021     8     8     1    34 30.000000   2.270391   0.239124   0.075815
  2021     8     8     1    35  0.000000   2.270395   0.239126   0.075784
  2021     8     8     1    35 30.000000   2.270393   0.239125   0.075755
  2021     8     8     1    36  0.000000   2.270396   0.239127   0.075725
  2021     8     8     1    36 30.000000   2.270393   0.239125   0.075696
  2021     8     8     1    37  0.000000   2.270397   0.239127   0.075667
  2021     8     8     1    37 30.000000   2.270397   0.239127   0.075638
  2021     8     8     1    38  0.000000   2.270392   0.239125   0.075609
  2021     8     8     1    38 30.000000   2.270390   0.239124   0.075579
  2021     8     8     1    39  0.000000   2.270394   0.239125   0.075547
  2021     8     8     1    39 30.000000   2.270393   0.239125   0.075512
  2021     8     8     1    40  0.000000   2.270393   0.239125   0.075476
  2021     8     8     1    40 30.000000   2.270393   0.239125   0.075442
  2021     8     8     1    41  0.000000   2.270394   0.239125   0.075407
  2021     8     8     1    41 30.000000   2.270391   0.239124   0.075372
  2021     8     8     1    42  0.000000   2.270393   0.239124   0.075338
  2021     8     8     1    42 30.000000   2.270391   0.239124   0.075306
  2021     8     8     1    43  0.000000   2.270392   0.239124   0.075275
  2021     8     8     1    43 30.000000   2.270393   0.239124   0.075246
  2021     8     8     1    44  0.000000   2.270395   0.239125   0.075218
  2021     8     8     1    44 30.000000   2.270393   0.239124   0.075192
  2021     8     8     1    45  0.000000   2.270393   0.239124   0.075165
  2021     8     8     1    45 30.000000   2.270390   0.239123   0.075138
  2021     8     8     1    46  0.000000   2.270390   0.239123   0.075110
  2021     8     8     1    46 30.000000   2.270390   0.239123   0.075082
  2021     8     8     1    47  0.000000   2.270390   0.239122   0.075052
  2021     8     8     1    47 30.000000   2.270390   0.239122   0.075021
  2021     8     8     1    48  0.000000   2.270388   0.239122   0.074989
  2021     8     8     1    48 30.000000   2.270388   0.239122   0.074954
  2021     8     8     1    49  0.000000   2.270391   0.239123   0.074919
  2021     8     8     1    49 30.000000   2.270392   0.239123   0.074883
  2021     8     8     1    50  0.000000   2.270392   0.239123   0.074847
  2021     8     8     1    50 30.000000   2.270393   0.239124   0.074811
  2021     8     8     1    51  0.000000   2.270392   0.239123   0.074774
  2021     8     8     1    51 30.000000   2.270390   0.239122   0.074737
  2021     8     8     1    52  0.000000   2.270391   0.239122   0.074699
  2021     8     8     1    52 30.000000   2.270392   0.239123   0.074662
  2021     8     8     1    53  0.000000   2.270395   0.239124   0.074624
  2021     8     8     1    53 30.000000   2.270398   0.239125   0.074587
  2021     8     8     1    54  0.000000   2.270394   0.239123   0.074552
  2021     8     8     1    54 30.000000   2.270393   0.239123   0.074518
  2021     8     8     1    55  0.000000   2.270394   0.239123   0.074485
  2021     8     8     1    55 30.000000   2.270393   0.239123   0.074452
  2021     8     8     1    56  0.000000   2.270394   0.239123   0.074419
  2021     8     8     1    56 30.000000   2.270393   0.239123   0.074387
  2021     8     8     1    57  0.000000   2.270394   0.239123   0.074356
  2021     8     8     1    57 30.000000   2.270391   0.239122   0.074325
  2021     8     8     1    58  0.000000   2.270391   0.239121   0.074293
  2021     8     8     1    58 30.000000   2.270389   0.239121   0.074261
  2021     8     8     1    59  0.000000   2.270390   0.239121   0.074229
  2021     8     8     1    59 30.000000   2.270392   0.239122   0.074197
  2021     8     8     2     0  0.000000   2.270391   0.239121   0.074165
  2021     8     8     2     0 30.000000   2.270392   0.239122   0.074132
  2021     8     8     2     1  0.000000   2.270392   0.239122   0.074100
  2021     8     8     2     1 30.000000   2.270389   0.239120   0.074070
  2021     8     8     2     2  0.000000   2.270391   0.239121   0.074038
  2021     8     8     2     2 30.000000   2.270393   0.239122   0.074006
  2021     8     8     2     3  0.000000   2.270391   0.239121   0.073976
  2021     8     8     2     3 30.000000   2.270389   0.239120   0.073945
  2021     8     8     2     4  0.000000   2.270389   0.239120   0.073914
  2021     8     8     2     4 30.000000   2.270390   0.239120   0.073884
  2021     8     8     2     5  0.000000   2.270390   0.239120   0.073852
  2021     8     8     2     5 30.000000   2.270390   0.239120   0.073821
  2021     8     8     2     6  0.000000   2.270390   0.239120   0.073792
  2021     8     8     2     6 30.000000   2.270393   0.239121   0.073763
  2021     8     8     2     7  0.000000   2.270391   0.239120   0.073736
  2021     8     8     2     7 30.000000   2.270393   0.239121   0.073709
  2021     8     8     2     8  0.000000   2.270393   0.239121   0.073683
  2021     8     8     2     8 30.000000   2.270390   0.239120   0.073658
  2021     8     8     2     9  0.000000   2.270390   0.239120   0.073632
  2021     8     8     2     9 30.000000   2.270391   0.239120   0.073607
  2021     8     8     2    10  0.000000   2.270392   0.239120   0.073581
  2021     8     8     2    10 30.000000   2.270392   0.239120   0.073554
  2021     8     8     2    11  0.000000   2.270391   0.239120   0.073527
  2021     8     8     2    11 30.000000   2.270391   0.239120   0.073500
  2021     8     8     2    12  0.000000   2.270389   0.239119   0.073474
  2021     8     8     2    12 30.000000   2.270389   0.239119   0.073449
  2021     8     8     2    13  0.000000   2.270390   0.239119   0.073424
  2021     8     8     2    13 30.000000   2.270390   0.239119   0.073398
  2021     8     8     2    14  0.000000   2.270393   0.239120   0.073372
  2021     8     8     2    14 30.000000   2.270391   0.239119   0.073345
  2021     8     8     2    15  0.000000   2.270392   0.239120   0.073317
  2021     8     8     2    15 30.000000   2.270393   0.239120   0.073289
  2021     8     8     2    16  0.000000   2.270393   0.239120   0.073260
  2021     8     8     2    16 30.000000   2.270393   0.239120   0.073231
  2021     8     8     2    17  0.000000   2.270392   0.239120   0.073202
  2021     8     8     2    17 30.000000   2.270392   0.239120   0.073173
  2021     8     8     2    18  0.000000   2.270393   0.239120   0.073144
  2021     8     8     2    18 30.000000   2.270393   0.239120   0.073115
  2021     8     8     2    19  0.000000   2.270394   0.239120   0.073084
  2021     8     8     2    19 30.000000   2.270393   0.239120   0.073054
  2021     8     8     2    20  0.000000   2.270393   0.239120   0.073023
  2021     8     8     2    20 30.000000   2.270393   0.239120   0.072991
  2021     8     8     2    21  0.000000   2.270394   0.239120   0.072957
  2021     8     8     2    21 30.000000   2.270394   0.239120   0.072924
  2021     8     8     2    22  0.000000   2.270393   0.239119   0.072889
  2021     8     8     2    22 30.000000   2.270391   0.239119   0.072853
  2021     8     8     2    23  0.000000   2.270391   0.239119   0.072817
  2021     8     8     2    23 30.000000   2.270393   0.239119   0.072780
  2021     8     8     2    24  0.000000   2.270391   0.239118   0.072743
  2021     8     8     2    24 30.000000   2.270393   0.239119   0.072705
  2021     8     8     2    25  0.000000   2.270391   0.239118   0.072666
  2021     8     8     2    25 30.000000   2.270393   0.239119   0.072628
  2021     8     8     2    26  0.000000   2.270392   0.239118   0.072590
  2021     8     8     2    26 30.000000   2.270391   0.239118   0.072551
  2021     8     8     2    27  0.000000   2.270393   0.239119   0.072511
  2021     8     8     2    27 30.000000   2.270395   0.239120   0.072471
  2021     8     8     2    28  0.000000   2.270393   0.239118   0.072430
  2021     8     8     2    28 30.000000   2.270393   0.239119   0.072390
  2021     8     8     2    29  0.000000   2.270395   0.239119   0.072349
  2021     8     8     2    29 30.000000   2.270395   0.239119   0.072309
  2021     8     8     2    30  0.000000   2.270394   0.239119   0.072267
  2021     8     8     2    30 30.000000   2.270394   0.239119   0.072224
  2021     8     8     2    31  0.000000   2.270394   0.239119   0.072182
  2021     8     8     2    31 30.000000   2.270393   0.239118   0.072138
  2021     8     8     2    32  0.000000   2.270394   0.239119   0.072093
  2021     8     8     2    32 30.000000   2.270394   0.239118   0.072047
  2021     8     8     2    33  0.000000   2.270395   0.239119   0.072002
  2021     8     8     2    33 30.000000   2.270394   0.239118   0.071957
  2021     8     8     2    34  0.000000   2.270394   0.239118   0.071911
  2021     8     8     2    34 30.000000   2.270392   0.239117   0.071865
  2021     8     8     2    35  0.000000   2.270392   0.239117   0.071819
  2021     8     8     2    35 30.000000   2.270392   0.239117   0.071773
  2021     8     8     2    36  0.000000   2.270393   0.239117   0.071727
  2021     8     8     2    36 30.000000   2.270392   0.239117   0.071682
  2021     8     8     2    37  0.000000   2.270391   0.239116   0.071637
  2021     8     8     2    37 30.000000   2.270390   0.239116   0.071591
  2021     8     8     2    38  0.000000   2.270392   0.239117   0.071545
  2021     8     8     2    38 30.000000   2.270392   0.239117   0.071499
  2021     8     8     2    39  0.000000   2.270391   0.239116   0.071451
  2021     8     8     2    39 30.000000   2.270391   0.239116   0.071403
  2021     8     8     2    40  0.000000   2.270391   0.239116   0.071355
  2021     8     8     2    40 30.000000   2.270392   0.239116   0.071306
  2021     8     8     2    41  0.000000   2.270393   0.239117   0.071255
  2021     8     8     2    41 30.000000   2.270392   0.239116   0.071204
  2021     8     8     2    42  0.000000   2.270392   0.239116   0.071153
  2021     8     8     2    42 30.000000   2.270392   0.239116   0.071101
  2021     8     8     2    43  0.000000   2.270392   0.239116   0.071050
  2021     8     8     2    43 30.000000   2.270393   0.239117   0.070998
  2021     8     8     2    44  0.000000   2.270391   0.239116   0.070947
  2021     8     8     2    44 30.000000   2.270393   0.239116   0.070896
  2021     8     8     2    45  0.000000   2.270394   0.239117   0.070845
  2021     8     8     2    45 30.000000   2.270395   0.239117   0.070796
  2021     8     8     2    46  0.000000   2.270393   0.239116   0.070748
  2021     8     8     2    46 30.000000   2.270395   0.239117   0.070702
  2021     8     8     2    47  0.000000   2.270390   0.239115   0.070657
  2021     8     8     2    47 30.000000   2.270392   0.239115   0.070611
  2021     8     8     2    48  0.000000   2.270390   0.239115   0.070566
  2021     8     8     2    48 30.000000   2.270391   0.239115   0.070521
  2021     8     8     2    49  0.000000   2.270393   0.239116   0.070476
  2021     8     8     2    49 30.000000   2.270391   0.239115   0.070431
  2021     8     8     2    50  0.000000   2.270391   0.239115   0.070386
  2021     8     8     2    50 30.000000   2.270391   0.239115   0.070342
  2021     8     8     2    51  0.000000   2.270393   0.239115   0.070297
  2021     8     8     2    51 30.000000   2.270391   0.239115   0.070252
  2021     8     8     2    52  0.000000   2.270393   0.239115   0.070207
  2021     8     8     2    52 30.000000   2.270395   0.239116   0.070160
  2021     8     8     2    53  0.000000   2.270393   0.239115   0.070113
  2021     8     8     2    53 30.000000   2.270393   0.239115   0.070066
  2021     8     8     2    54  0.000000   2.270391   0.239114   0.070018
  2021     8     8     2    54 30.000000   2.270392   0.239115   0.069969
  2021     8     8     2    55  0.000000   2.270394   0.239115   0.069920
  2021     8     8     2    55 30.000000   2.270398   0.239117   0.069872
  2021     8     8     2    56  0.000000   2.270395   0.239116   0.069827
  2021     8     8     2    56 30.000000   2.270397   0.239117   0.069786
  2021     8     8     2    57  0.000000   2.270394   0.239115   0.069747
  2021     8     8     2    57 30.000000   2.270391   0.239114   0.069711
  2021     8     8     2    58  0.000000   2.270389   0.239113   0.069677
  2021     8     8     2    58 30.000000   2.270388   0.239113   0.069642
  2021     8     8     2    59  0.000000   2.270387   0.239112   0.069606
  2021     8     8     2    59 30.000000   2.270388   0.239112   0.069571
  2021     8     8     3     0  0.000000   2.270388   0.239112   0.069535
  2021     8     8     3     0 30.000000   2.270388   0.239112   0.069499
  2021     8     8     3     1  0.000000   2.270388   0.239112   0.069462
  2021     8     8     3     1 30.000000   2.270389   0.239113   0.069426
  2021     8     8     3     2  0.000000   2.270391   0.239113   0.069389
  2021     8     8     3     2 30.000000   2.270394   0.239114   0.069352
  2021     8     8     3     3  0.000000   2.270393   0.239114   0.069313
  2021     8     8     3     3 30.000000   2.270395   0.239115   0.069275
  2021     8     8     3     4  0.000000   2.270394   0.239114   0.069237
  2021     8     8     3     4 30.000000   2.270395   0.239115   0.069200
  2021     8     8     3     5  0.000000   2.270397   0.239115   0.069163
  2021     8     8     3     5 30.000000   2.270393   0.239114   0.069127
  2021     8     8     3     6  0.000000   2.270393   0.239114   0.069092
  2021     8     8     3     6 30.000000   2.270392   0.239113   0.069057
  2021     8     8     3     7  0.000000   2.270391   0.239113   0.069021
  2021     8     8     3     7 30.000000   2.270393   0.239113   0.068986
  2021     8     8     3     8  0.000000   2.270391   0.239113   0.068951
  2021     8     8     3     8 30.000000   2.270393   0.239113   0.068915
  2021     8     8     3     9  0.000000   2.270394   0.239114   0.068881
  2021     8     8     3     9 30.000000   2.270393   0.239113   0.068847
  2021     8     8     3    10  0.000000   2.270391   0.239112   0.068814
  2021     8     8     3    10 30.000000   2.270390   0.239112   0.068779
  2021     8     8     3    11  0.000000   2.270392   0.239112   0.068744
  2021     8     8     3    11 30.000000   2.270394   0.239113   0.068710
  2021     8     8     3    12  0.000000   2.270394   0.239113   0.068679
  2021     8     8     3    12 30.000000   2.270393   0.239113   0.068651
  2021     8     8     3    13  0.000000   2.270396   0.239114   0.068624
  2021     8     8     3    13 30.000000   2.270396   0.239114   0.068600
  2021     8     8     3    14  0.000000   2.270395   0.239113   0.068578
  2021     8     8     3    14 30.000000   2.270393   0.239113   0.068558
  2021     8     8     3    15  0.000000   2.270394   0.239113   0.068539
  2021     8     8     3    15 30.000000   2.270393   0.239113   0.068522
  2021     8     8     3    16  0.000000   2.270392   0.239112   0.068507
  2021     8     8     3    16 30.000000   2.270391   0.239111   0.068492
  2021     8     8     3    17  0.000000   2.270391   0.239111   0.068476
  2021     8     8     3    17 30.000000   2.270394   0.239113   0.068460
  2021     8     8     3    18  0.000000   2.270391   0.239111   0.068444
  2021     8     8     3    18 30.000000   2.270395   0.239113   0.068429
  2021     8     8     3    19  0.000000   2.270390   0.239111   0.068418
  2021     8     8     3    19 30.000000   2.270390   0.239111   0.068407
  2021     8     8     3    20  0.000000   2.270389   0.239110   0.068395
  2021     8     8     3    20 30.000000   2.270390   0.239110   0.068383
  2021     8     8     3    21  0.000000   2.270390   0.239111   0.068370
  2021     8     8     3    21 30.000000   2.270390   0.239110   0.068357
  2021     8     8     3    22  0.000000   2.270391   0.239111   0.068343
  2021     8     8     3    22 30.000000   2.270392   0.239111   0.068327
  2021     8     8     3    23  0.000000   2.270390   0.239110   0.068311
  2021     8     8     3    23 30.000000   2.270391   0.239110   0.068295
  2021     8     8     3    24  0.000000   2.270389   0.239110   0.068278
  2021     8     8     3    24 30.000000   2.270390   0.239110   0.068260
  2021     8     8     3    25  0.000000   2.270393   0.239111   0.068242
  2021     8     8     3    25 30.000000   2.270392   0.239111   0.068224
  2021     8     8     3    26  0.000000   2.270392   0.239111   0.068206
  2021     8     8     3    26 30.000000   2.270392   0.239111   0.068190
  2021     8     8     3    27  0.000000   2.270393   0.239111   0.068175
  2021     8     8     3    27 30.000000   2.270393   0.239111   0.068161
  2021     8     8     3    28  0.000000   2.270393   0.239111   0.068146
  2021     8     8     3    28 30.000000   2.270393   0.239111   0.068133
  2021     8     8     3    29  0.000000   2.270393   0.239111   0.068120
  2021     8     8     3    29 30.000000   2.270394   0.239111   0.068106
  2021     8     8     3    30  0.000000   2.270393   0.239110   0.068093
  2021     8     8     3    30 30.000000   2.270393   0.239111   0.068080
  2021     8     8     3    31  0.000000   2.270391   0.239110   0.068068
  2021     8     8     3    31 30.000000   2.270391   0.239110   0.068056
  2021     8     8     3    32  0.000000   2.270393   0.239110   0.068044
  2021     8     8     3    32 30.000000   2.270392   0.239110   0.068032
  2021     8     8     3    33  0.000000   2.270392   0.239110   0.068021
  2021     8     8     3    33 30.000000   2.270393   0.239110   0.068010
  2021     8     8     3    34  0.000000   2.270394   0.239110   0.068000
  2021     8     8     3    34 30.000000   2.270395   0.239111   0.067991
  2021     8     8     3    35  0.000000   2.270394   0.239111   0.067983
  2021     8     8     3    35 30.000000   2.270395   0.239111   0.067976
  2021     8     8     3    36  0.000000   2.270394   0.239110   0.067971
  2021     8     8     3    36 30.000000   2.270393   0.239110   0.067965
  2021     8     8     3    37  0.000000   2.270393   0.239109   0.067961
  2021     8     8     3    37 30.000000   2.270392   0.239109   0.067955
  2021     8     8     3    38  0.000000   2.270389   0.239108   0.067949
  2021     8     8     3    38 30.000000   2.270392   0.239109   0.067943
  2021     8     8     3    39  0.000000   2.270390   0.239108   0.067936
  2021     8     8     3    39 30.000000   2.270392   0.239109   0.067930
  2021     8     8     3    40  0.000000   2.270394   0.239110   0.067925
  2021     8     8     3    40 30.000000   2.270391   0.239108   0.067920
  2021     8     8     3    41  0.000000   2.270391   0.239108   0.067915
  2021     8     8     3    41 30.000000   2.270390   0.239108   0.067909
  2021     8     8     3    42  0.000000   2.270390   0.239108   0.067902
  2021     8     8     3    42 30.000000   2.270391   0.239108   0.067893
  2021     8     8     3    43  0.000000   2.270390   0.239107   0.067883
  2021     8     8     3    43 30.000000   2.270391   0.239108   0.067872
  2021     8     8     3    44  0.000000   2.270395   0.239110   0.067861
  2021     8     8     3    44 30.000000   2.270392   0.239108   0.067851
  2021     8     8     3    45  0.000000   2.270391   0.239108   0.067840
  2021     8     8     3    45 30.000000   2.270396   0.239110   0.067829
  2021     8     8     3    46  0.000000   2.270396   0.239110   0.067818
  2021     8     8     3    46 30.000000   2.270397   0.239110   0.067808
  2021     8     8     3    47  0.000000   2.270396   0.239110   0.067801
  2021     8     8     3    47 30.000000   2.270397   0.239110   0.067798
  2021     8     8     3    48  0.000000   2.270398   0.239110   0.067797
  2021     8     8     3    48 30.000000   2.270396   0.239109   0.067797
  2021     8     8     3    49  0.000000   2.270395   0.239109   0.067798
  2021     8     8     3    49 30.000000   2.270395   0.239109   0.067799
  2021     8     8     3    50  0.000000   2.270395   0.239109   0.067801
  2021     8     8     3    50 30.000000   2.270395   0.239109   0.067802
  2021     8     8     3    51  0.000000   2.270393   0.239108   0.067803
  2021     8     8     3    51 30.000000   2.270392   0.239107   0.067803
  2021     8     8     3    52  0.000000   2.270393   0.239108   0.067802
  2021     8     8     3    52 30.000000   2.270391   0.239107   0.067800
  2021     8     8     3    53  0.000000   2.270391   0.239107   0.067798
  2021     8     8     3    53 30.000000   2.270390   0.239106   0.067795
  2021     8     8     3    54  0.000000   2.270391   0.239107   0.067790
  2021     8     8     3    54 30.000000   2.270391   0.239107   0.067783
  2021     8     8     3    55  0.000000   2.270390   0.239106   0.067775
  2021     8     8     3    55 30.000000   2.270391   0.239106   0.067766
  2021     8     8     3    56  0.000000   2.270391   0.239106   0.067755
  2021     8     8     3    56 30.000000   2.270394   0.239108   0.067743
  2021     8     8     3    57  0.000000   2.270395   0.239108   0.067728
  2021     8     8     3    57 30.000000   2.270396   0.239108   0.067713
  2021     8     8     3    58  0.000000   2.270392   0.239106   0.067699
  2021     8     8     3    58 30.000000   2.270393   0.239107   0.067684
  2021     8     8     3    59  0.000000   2.270391   0.239106   0.067669
  2021     8     8     3    59 30.000000   2.270391   0.239106   0.067652
  2021     8     8     4     0  0.000000   2.270391   0.239106   0.067636
  2021     8     8     4     0 30.000000   2.270390   0.239105   0.067619
  2021     8     8     4     1  0.000000   2.270392   0.239106   0.067601
  2021     8     8     4     1 30.000000   2.270391   0.239106   0.067583
  2021     8     8     4     2  0.000000   2.270392   0.239106   0.067565
  2021     8     8     4     2 30.000000   2.270392   0.239106   0.067547
  2021     8     8     4     3  0.000000   2.270394   0.239107   0.067528
  2021     8     8     4     3 30.000000   2.270393   0.239106   0.067507
  2021     8     8     4     4  0.000000   2.270395   0.239107   0.067486
  2021     8     8     4     4 30.000000   2.270397   0.239108   0.067466
  2021     8     8     4     5  0.000000   2.270394   0.239106   0.067446
  2021     8     8     4     5 30.000000   2.270392   0.239106   0.067425
  2021     8     8     4     6  0.000000   2.270391   0.239105   0.067404
  2021     8     8     4     6 30.000000   2.270392   0.239105   0.067381
  2021     8     8     4     7  0.000000   2.270391   0.239105   0.067356
  2021     8     8     4     7 30.000000   2.270392   0.239105   0.067331
  2021     8     8     4     8  0.000000   2.270393   0.239105   0.067307
  2021     8     8     4     8 30.000000   2.270391   0.239105   0.067282
  2021     8     8     4     9  0.000000   2.270391   0.239104   0.067256
  2021     8     8     4     9 30.000000   2.270392   0.239105   0.067231
  2021     8     8     4    10  0.000000   2.270390   0.239104   0.067204
  2021     8     8     4    10 30.000000   2.270392   0.239105   0.067177
  2021     8     8     4    11  0.000000   2.270389   0.239103   0.067152
  2021     8     8     4    11 30.000000   2.270392   0.239105   0.067126
  2021     8     8     4    12  0.000000   2.270391   0.239104   0.067100
  2021     8     8     4    12 30.000000   2.270391   0.239104   0.067074
  2021     8     8     4    13  0.000000   2.270393   0.239105   0.067050
  2021     8     8     4    13 30.000000   2.270394   0.239105   0.067026
  2021     8     8     4    14  0.000000   2.270394   0.239105   0.067002
  2021     8     8     4    14 30.000000   2.270395   0.239106   0.066979
  2021     8     8     4    15  0.000000   2.270395   0.239106   0.066957
  2021     8     8     4    15 30.000000   2.270394   0.239105   0.066936
  2021     8     8     4    16  0.000000   2.270394   0.239105   0.066915
  2021     8     8     4    16 30.000000   2.270396   0.239106   0.066896
  2021     8     8     4    17  0.000000   2.270396   0.239106   0.066877
  2021     8     8     4    17 30.000000   2.270396   0.239106   0.066858
  2021     8     8     4    18  0.000000   2.270394   0.239105   0.066840
  2021     8     8     4    18 30.000000   2.270393   0.239104   0.066823
  2021     8     8     4    19  0.000000   2.270393   0.239104   0.066805
  2021     8     8     4    19 30.000000   2.270397   0.239106   0.066788
  2021     8     8     4    20  0.000000   2.270397   0.239106   0.066771
  2021     8     8     4    20 30.000000   2.270399   0.239107   0.066755
  2021     8     8     4    21  0.000000   2.270399   0.239106   0.066740
  2021     8     8     4    21 30.000000   2.270396   0.239105   0.066727
  2021     8     8     4    22  0.000000   2.270395   0.239105   0.066715
  2021     8     8     4    22 30.000000   2.270397   0.239105   0.066702
  2021     8     8     4    23  0.000000   2.270395   0.239105   0.066690
  2021     8     8     4    23 30.000000   2.270394   0.239104   0.066679
  2021     8     8     4    24  0.000000   2.270396   0.239105   0.066670
  2021     8     8     4    24 30.000000   2.270396   0.239105   0.066661
  2021     8     8     4    25  0.000000   2.270396   0.239105   0.066652
  2021     8     8     4    25 30.000000   2.270393   0.239104   0.066642
  2021     8     8     4    26  0.000000   2.270394   0.239104   0.066632
  2021     8     8     4    26 30.000000   2.270392   0.239103   0.066623
  2021     8     8     4    27  0.000000   2.270392   0.239103   0.066613
  2021     8     8     4    27 30.000000   2.270391   0.239102   0.066604
  2021     8     8     4    28  0.000000   2.270392   0.239103   0.066594
  2021     8     8     4    28 30.000000   2.270391   0.239102   0.066584
  2021     8     8     4    29  0.000000   2.270391   0.239102   0.066573
  2021     8     8     4    29 30.000000   2.270392   0.239102   0.066562
  2021     8     8     4    30  0.000000   2.270391   0.239102   0.066550
  2021     8     8     4    30 30.000000   2.270392   0.239102   0.066537
  2021     8     8     4    31  0.000000   2.270394   0.239103   0.066524
  2021     8     8     4    31 30.000000   2.270394   0.239103   0.066512
  2021     8     8     4    32  0.000000   2.270396   0.239104   0.066499
  2021     8     8     4    32 30.000000   2.270397   0.239104   0.066485
  2021     8     8     4    33  0.000000   2.270397   0.239104   0.066470
  2021     8     8     4    33 30.000000   2.270399   0.239105   0.066453
  2021     8     8     4    34  0.000000   2.270399   0.239105   0.066436
  2021     8     8     4    34 30.000000   2.270396   0.239104   0.066419
  2021     8     8     4    35  0.000000   2.270399   0.239105   0.066402
  2021     8     8     4    35 30.000000   2.270400   0.239105   0.066385
  2021     8     8     4    36  0.000000   2.270396   0.239103   0.066369
  2021     8     8     4    36 30.000000   2.270395   0.239103   0.066355
  2021     8     8     4    37  0.000000   2.270394   0.239102   0.066342
  2021     8     8     4    37 30.000000   2.270394   0.239102   0.066329
  2021     8     8     4    38  0.000000   2.270400   0.239105   0.066317
  2021     8     8     4    38 30.000000   2.270402   0.239105   0.066306
  2021     8     8     4    39  0.000000   2.270399   0.239104   0.066296
  2021     8     8     4    39 30.000000   2.270398   0.239104   0.066288
  2021     8     8     4    40  0.000000   2.270398   0.239104   0.066280
  2021     8     8     4    40 30.000000   2.270393   0.239101   0.066275
  2021     8     8     4    41  0.000000   2.270393   0.239101   0.066270
  2021     8     8     4    41 30.000000   2.270391   0.239100   0.066265
  2021     8     8     4    42  0.000000   2.270393   0.239101   0.066260
  2021     8     8     4    42 30.000000   2.270394   0.239102   0.066255
  2021     8     8     4    43  0.000000   2.270394   0.239102   0.066252
  2021     8     8     4    43 30.000000   2.270396   0.239102   0.066250
  2021     8     8     4    44  0.000000   2.270395   0.239102   0.066250
  2021     8     8     4    44 30.000000   2.270395   0.239102   0.066251
  2021     8     8     4    45  0.000000   2.270398   0.239103   0.066253
  2021     8     8     4    45 30.000000   2.270395   0.239102   0.066256
  2021     8     8     4    46  0.000000   2.270393   0.239101   0.066259
  2021     8     8     4    46 30.000000   2.270394   0.239101   0.066263
  2021     8     8     4    47  0.000000   2.270393   0.239101   0.066267
  2021     8     8     4    47 30.000000   2.270392   0.239100   0.066271
  2021     8     8     4    48  0.000000   2.270393   0.239101   0.066273
  2021     8     8     4    48 30.000000   2.270393   0.239101   0.066274
  2021     8     8     4    49  0.000000   2.270393   0.239100   0.066275
  2021     8     8     4    49 30.000000   2.270393   0.239100   0.066275
  2021     8     8     4    50  0.000000   2.270392   0.239100   0.066274
  2021     8     8     4    50 30.000000   2.270390   0.239099   0.066273
  2021     8     8     4    51  0.000000   2.270390   0.239099   0.066272
  2021     8     8     4    51 30.000000   2.270392   0.239100   0.066270
  2021     8     8     4    52  0.000000   2.270394   0.239100   0.066269
  2021     8     8     4    52 30.000000   2.270394   0.239100   0.066267
  2021     8     8     4    53  0.000000   2.270395   0.239101   0.066266
  2021     8     8     4    53 30.000000   2.270394   0.239100   0.066264
  2021     8     8     4    54  0.000000   2.270393   0.239100   0.066262
  2021     8     8     4    54 30.000000   2.270393   0.239099   0.066259
  2021     8     8     4    55  0.000000   2.270393   0.239099   0.066254
  2021     8     8     4    55 30.000000   2.270392   0.239099   0.066249
  2021     8     8     4    56  0.000000   2.270391   0.239098   0.066241
  2021     8     8     4    56 30.000000   2.270389   0.239098   0.066232
  2021     8     8     4    57  0.000000   2.270390   0.239098   0.066223
  2021     8     8     4    57 30.000000   2.270391   0.239098   0.066213
  2021     8     8     4    58  0.000000   2.270392   0.239099   0.066202
  2021     8     8     4    58 30.000000   2.270391   0.239098   0.066191
  2021     8     8     4    59  0.000000   2.270390   0.239098   0.066180
  2021     8     8     4    59 30.000000   2.270389   0.239097   0.066167
  2021     8     8     5     0  0.000000   2.270393   0.239099   0.066153
  2021     8     8     5     0 30.000000   2.270394   0.239099   0.066139
  2021     8     8     5     1  0.000000   2.270396   0.239100   0.066126
  2021     8     8     5     1 30.000000   2.270395   0.239100   0.066116
  2021     8     8     5     2  0.000000   2.270394   0.239099   0.066108
  2021     8     8     5     2 30.000000   2.270391   0.239098   0.066102
  2021     8     8     5     3  0.000000   2.270393   0.239098   0.066097
  2021     8     8     5     3 30.000000   2.270394   0.239099   0.066094
  2021     8     8     5     4  0.000000   2.270396   0.239100   0.066094
  2021     8     8     5     4 30.000000   2.270396   0.239100   0.066098
  2021     8     8     5     5  0.000000   2.270395   0.239099   0.066107
  2021     8     8     5     5 30.000000   2.270395   0.239099   0.066120
  2021     8     8     5     6  0.000000   2.270392   0.239098   0.066135
  2021     8     8     5     6 30.000000   2.270393   0.239098   0.066150
  2021     8     8     5     7  0.000000   2.270391   0.239097   0.066169
  2021     8     8     5     7 30.000000   2.270390   0.239097   0.066189
  2021     8     8     5     8  0.000000   2.270389   0.239096   0.066209
  2021     8     8     5     8 30.000000   2.270391   0.239097   0.066227
  2021     8     8     5     9  0.000000   2.270394   0.239098   0.066245
  2021     8     8     5     9 30.000000   2.270391   0.239097   0.066262
  2021     8     8     5    10  0.000000   2.270391   0.239097   0.066277
  2021     8     8     5    10 30.000000   2.270391   0.239097   0.066292
  2021     8     8     5    11  0.000000   2.270390   0.239096   0.066304
  2021     8     8     5    11 30.000000   2.270390   0.239096   0.066312
  2021     8     8     5    12  0.000000   2.270389   0.239096   0.066317
  2021     8     8     5    12 30.000000   2.270391   0.239096   0.066319
  2021     8     8     5    13  0.000000   2.270390   0.239096   0.066320
  2021     8     8     5    13 30.000000   2.270389   0.239095   0.066320
  2021     8     8     5    14  0.000000   2.270391   0.239096   0.066317
  2021     8     8     5    14 30.000000   2.270391   0.239096   0.066313
  2021     8     8     5    15  0.000000   2.270391   0.239096   0.066309
  2021     8     8     5    15 30.000000   2.270393   0.239097   0.066305
  2021     8     8     5    16  0.000000   2.270395   0.239098   0.066301
  2021     8     8     5    16 30.000000   2.270394   0.239097   0.066297
  2021     8     8     5    17  0.000000   2.270394   0.239097   0.066292
  2021     8     8     5    17 30.000000   2.270394   0.239097   0.066285
  2021     8     8     5    18  0.000000   2.270394   0.239097   0.066276
  2021     8     8     5    18 30.000000   2.270395   0.239097   0.066266
  2021     8     8     5    19  0.000000   2.270394   0.239097   0.066254
  2021     8     8     5    19 30.000000   2.270396   0.239098   0.066241
  2021     8     8     5    20  0.000000   2.270396   0.239098   0.066228
  2021     8     8     5    20 30.000000   2.270397   0.239098   0.066217
  2021     8     8     5    21  0.000000   2.270395   0.239097   0.066207
  2021     8     8     5    21 30.000000   2.270393   0.239096   0.066198
  2021     8     8     5    22  0.000000   2.270394   0.239097   0.066189
  2021     8     8     5    22 30.000000   2.270394   0.239096   0.066181
  2021     8     8     5    23  0.000000   2.270392   0.239096   0.066173
  2021     8     8     5    23 30.000000   2.270390   0.239095   0.066164
  2021     8     8     5    24  0.000000   2.270389   0.239094   0.066152
  2021     8     8     5    24 30.000000   2.270391   0.239095   0.066138
  2021     8     8     5    25  0.000000   2.270391   0.239095   0.066123
  2021     8     8     5    25 30.000000   2.270394   0.239096   0.066108
  2021     8     8     5    26  0.000000   2.270392   0.239095   0.066093
  2021     8     8     5    26 30.000000   2.270390   0.239094   0.066077
  2021     8     8     5    27  0.000000   2.270391   0.239095   0.066061
  2021     8     8     5    27 30.000000   2.270392   0.239095   0.066045
  2021     8     8     5    28  0.000000   2.270391   0.239095   0.066031
  2021     8     8     5    28 30.000000   2.270392   0.239095   0.066018
  2021     8     8     5    29  0.000000   2.270391   0.239094   0.066006
  2021     8     8     5    29 30.000000   2.270388   0.239093   0.065994
  2021     8     8     5    30  0.000000   2.270392   0.239095   0.065980
  2021     8     8     5    30 30.000000   2.270391   0.239094   0.065968
  2021     8     8     5    31  0.000000   2.270391   0.239094   0.065955
  2021     8     8     5    31 30.000000   2.270391   0.239094   0.065942
  2021     8     8     5    32  0.000000   2.270390   0.239094   0.065927
  2021     8     8     5    32 30.000000   2.270391   0.239094   0.065911
  2021     8     8     5    33  0.000000   2.270388   0.239093   0.065893
  2021     8     8     5    33 30.000000   2.270387   0.239092   0.065873
  2021     8     8     5    34  0.000000   2.270390   0.239093   0.065852
  2021     8     8     5    34 30.000000   2.270388   0.239093   0.065829
  2021     8     8     5    35  0.000000   2.270389   0.239093   0.065806
  2021     8     8     5    35 30.000000   2.270389   0.239093   0.065783
  2021     8     8     5    36  0.000000   2.270391   0.239093   0.065760
  2021     8     8     5    36 30.000000   2.270391   0.239093   0.065736
  2021     8     8     5    37  0.000000   2.270393   0.239094   0.065713
  2021     8     8     5    37 30.000000   2.270395   0.239095   0.065690
  2021     8     8     5    38  0.000000   2.270393   0.239094   0.065669
  2021     8     8     5    38 30.000000   2.270392   0.239093   0.065649
  2021     8     8     5    39  0.000000   2.270392   0.239093   0.065628
  2021     8     8     5    39 30.000000   2.270391   0.239093   0.065607
  2021     8     8     5    40  0.000000   2.270389   0.239092   0.065586
  2021     8     8     5    40 30.000000   2.270390   0.239093   0.065565
  2021     8     8     5    41  0.000000   2.270391   0.239093   0.065544
  2021     8     8     5    41 30.000000   2.270389   0.239092   0.065525
  2021     8     8     5    42  0.000000   2.270391   0.239093   0.065507
  2021     8     8     5    42 30.000000   2.270390   0.239092   0.065490
  2021     8     8     5    43  0.000000   2.270391   0.239093   0.065474
  2021     8     8     5    43 30.000000   2.270393   0.239093   0.065461
  2021     8     8     5    44  0.000000   2.270392   0.239093   0.065449
  2021     8     8     5    44 30.000000   2.270394   0.239094   0.065439
  2021     8     8     5    45  0.000000   2.270391   0.239092   0.065432
  2021     8     8     5    45 30.000000   2.270392   0.239093   0.065426
  2021     8     8     5    46  0.000000   2.270392   0.239093   0.065421
  2021     8     8     5    46 30.000000   2.270390   0.239092   0.065417
  2021     8     8     5    47  0.000000   2.270391   0.239092   0.065415
  2021     8     8     5    47 30.000000   2.270388   0.239091   0.065414
  2021     8     8     5    48  0.000000   2.270391   0.239092   0.065414
  2021     8     8     5    48 30.000000   2.270392   0.239092   0.065414
  2021     8     8     5    49  0.000000   2.270394   0.239093   0.065415
  2021     8     8     5    49 30.000000   2.270394   0.239093   0.065416
  2021     8     8     5    50  0.000000   2.270394   0.239093   0.065419
  2021     8     8     5    50 30.000000   2.270394   0.239093   0.065424
  2021     8     8     5    51  0.000000   2.270390   0.239091   0.065432
  2021     8     8     5    51 30.000000   2.270390   0.239091   0.065441
  2021     8     8     5    52  0.000000   2.270391   0.239091   0.065453
  2021     8     8     5    52 30.000000   2.270388   0.239090   0.065465
  2021     8     8     5    53  0.000000   2.270388   0.239090   0.065477
  2021     8     8     5    53 30.000000   2.270390   0.239091   0.065491
  2021     8     8     5    54  0.000000   2.270393   0.239092   0.065506
  2021     8     8     5    54 30.000000   2.270390   0.239091   0.065523
  2021     8     8     5    55  0.000000   2.270390   0.239091   0.065542
  2021     8     8     5    55 30.000000   2.270388   0.239090   0.065561
  2021     8     8     5    56  0.000000   2.270389   0.239090   0.065582
  2021     8     8     5    56 30.000000   2.270392   0.239091   0.065603
  2021     8     8     5    57  0.000000   2.270390   0.239090   0.065625
  2021     8     8     5    57 30.000000   2.270392   0.239091   0.065646
  2021     8     8     5    58  0.000000   2.270393   0.239091   0.065668
  2021     8     8     5    58 30.000000   2.270391   0.239091   0.065690
  2021     8     8     5    59  0.000000   2.270392   0.239091   0.065711
  2021     8     8     5    59 30.000000   2.270392   0.239091   0.065733
  2021     8     8     6     0  0.000000   2.270394   0.239092   0.065757
  2021     8     8     6     0 30.000000   2.270395   0.239092   0.065783
  2021     8     8     6     1  0.000000   2.270395   0.239092   0.065811
  2021     8     8     6     1 30.000000   2.270395   0.239092   0.065841
  2021     8     8     6     2  0.000000   2.270395   0.239092   0.065874
  2021     8     8     6     2 30.000000   2.270395   0.239092   0.065910
  2021     8     8     6     3  0.000000   2.270395   0.239092   0.065947
  2021     8     8     6     3 30.000000   2.270395   0.239092   0.065986
  2021     8     8     6     4  0.000000   2.270395   0.239092   0.066025
  2021     8     8     6     4 30.000000   2.270396   0.239092   0.066068
  2021     8     8     6     5  0.000000   2.270396   0.239092   0.066114
  2021     8     8     6     5 30.000000   2.270393   0.239091   0.066166
  2021     8     8     6     6  0.000000   2.270393   0.239091   0.066222
  2021     8     8     6     6 30.000000   2.270394   0.239091   0.066282
  2021     8     8     6     7  0.000000   2.270396   0.239092   0.066346
  2021     8     8     6     7 30.000000   2.270397   0.239092   0.066414
  2021     8     8     6     8  0.000000   2.270395   0.239091   0.066485
  2021     8     8     6     8 30.000000   2.270399   0.239093   0.066557
  2021     8     8     6     9  0.000000   2.270397   0.239092   0.066631
  2021     8     8     6     9 30.000000   2.270396   0.239091   0.066709
  2021     8     8     6    10  0.000000   2.270396   0.239091   0.066789
  2021     8     8     6    10 30.000000   2.270394   0.239090   0.066872
  2021     8     8     6    11  0.000000   2.270394   0.239090   0.066956
  2021     8     8     6    11 30.000000   2.270396   0.239091   0.067040
  2021     8     8     6    12  0.000000   2.270395   0.239090   0.067124
  2021     8     8     6    12 30.000000   2.270394   0.239090   0.067209
  2021     8     8     6    13  0.000000   2.270397   0.239091   0.067295
  2021     8     8     6    13 30.000000   2.270397   0.239091   0.067381
  2021     8     8     6    14  0.000000   2.270396   0.239091   0.067467
  2021     8     8     6    14 30.000000   2.270396   0.239091   0.067554
  2021     8     8     6    15  0.000000   2.270395   0.239090   0.067641
  2021     8     8     6    15 30.000000   2.270394   0.239090   0.067730
  2021     8     8     6    16  0.000000   2.270392   0.239089   0.067820
  2021     8     8     6    16 30.000000   2.270392   0.239089   0.067910
  2021     8     8     6    17  0.000000   2.270396   0.239091   0.068004
  2021     8     8     6    17 30.000000   2.270397   0.239091   0.068101
  2021     8     8     6    18  0.000000   2.270398   0.239091   0.068202
  2021     8     8     6    18 30.000000   2.270398   0.239091   0.068305
  2021     8     8     6    19  0.000000   2.270398   0.239091   0.068410
  2021     8     8     6    19 30.000000   2.270398   0.239091   0.068517
  2021     8     8     6    20  0.000000   2.270397   0.239090   0.068625
  2021     8     8     6    20 30.000000   2.270397   0.239091   0.068733
  2021     8     8     6    21  0.000000   2.270397   0.239090   0.068843
  2021     8     8     6    21 30.000000   2.270394   0.239089   0.068954
  2021     8     8     6    22  0.000000   2.270397   0.239090   0.069064
  2021     8     8     6    22 30.000000   2.270398   0.239091   0.069173
  2021     8     8     6    23  0.000000   2.270400   0.239091   0.069281
  2021     8     8     6    23 30.000000   2.270400   0.239091   0.069389
  2021     8     8     6    24  0.000000   2.270400   0.239091   0.069497
  2021     8     8     6    24 30.000000   2.270400   0.239091   0.069605
  2021     8     8     6    25  0.000000   2.270398   0.239090   0.069713
  2021     8     8     6    25 30.000000   2.270398   0.239090   0.069820
  2021     8     8     6    26  0.000000   2.270398   0.239090   0.069927
  2021     8     8     6    26 30.000000   2.270399   0.239090   0.070034
  2021     8     8     6    27  0.000000   2.270399   0.239090   0.070141
  2021     8     8     6    27 30.000000   2.270398   0.239090   0.070247
  2021     8     8     6    28  0.000000   2.270399   0.239090   0.070354
  2021     8     8     6    28 30.000000   2.270397   0.239090   0.070460
  2021     8     8     6    29  0.000000   2.270396   0.239089   0.070565
  2021     8     8     6    29 30.000000   2.270392   0.239087   0.070669
  2021     8     8     6    30  0.000000   2.270395   0.239088   0.070772
  2021     8     8     6    30 30.000000   2.270396   0.239089   0.070872
  2021     8     8     6    31  0.000000   2.270395   0.239088   0.070968
  2021     8     8     6    31 30.000000   2.270395   0.239088   0.071060
  2021     8     8     6    32  0.000000   2.270395   0.239088   0.071148
  2021     8     8     6    32 30.000000   2.270394   0.239088   0.071229
  2021     8     8     6    33  0.000000   2.270394   0.239087   0.071305
  2021     8     8     6    33 30.000000   2.270395   0.239088   0.071376
  2021     8     8     6    34  0.000000   2.270394   0.239088   0.071441
  2021     8     8     6    34 30.000000   2.270393   0.239087   0.071500
  2021     8     8     6    35  0.000000   2.270393   0.239087   0.071552
  2021     8     8     6    35 30.000000   2.270395   0.239088   0.071597
  2021     8     8     6    36  0.000000   2.270396   0.239088   0.071638
  2021     8     8     6    36 30.000000   2.270398   0.239089   0.071674
  2021     8     8     6    37  0.000000   2.270397   0.239088   0.071706
  2021     8     8     6    37 30.000000   2.270397   0.239088   0.071735
  2021     8     8     6    38  0.000000   2.270400   0.239089   0.071760
  2021     8     8     6    38 30.000000   2.270400   0.239089   0.071782
  2021     8     8     6    39  0.000000   2.270400   0.239089   0.071800
  2021     8     8     6    39 30.000000   2.270401   0.239090   0.071815
  2021     8     8     6    40  0.000000   2.270401   0.239090   0.071826
  2021     8     8     6    40 30.000000   2.270400   0.239089   0.071835
  2021     8     8     6    41  0.000000   2.270398   0.239088   0.071840
  2021     8     8     6    41 30.000000   2.270397   0.239088   0.071840
  2021     8     8     6    42  0.000000   2.270400   0.239089   0.071837
  2021     8     8     6    42 30.000000   2.270399   0.239088   0.071830
  2021     8     8     6    43  0.000000   2.270399   0.239088   0.071818
  2021     8     8     6    43 30.000000   2.270400   0.239089   0.071803
  2021     8     8     6    44  0.000000   2.270400   0.239089   0.071785
  2021     8     8     6    44 30.000000   2.270400   0.239089   0.071764
  2021     8     8     6    45  0.000000   2.270398   0.239088   0.071739
  2021     8     8     6    45 30.000000   2.270394   0.239086   0.071710
  2021     8     8     6    46  0.000000   2.270392   0.239085   0.071677
  2021     8     8     6    46 30.000000   2.270391   0.239085   0.071639
  2021     8     8     6    47  0.000000   2.270393   0.239085   0.071597
  2021     8     8     6    47 30.000000   2.270394   0.239086   0.071551
  2021     8     8     6    48  0.000000   2.270395   0.239086   0.071501
  2021     8     8     6    48 30.000000   2.270394   0.239085   0.071448
  2021     8     8     6    49  0.000000   2.270395   0.239086   0.071389
  2021     8     8     6    49 30.000000   2.270397   0.239087   0.071326
  2021     8     8     6    50  0.000000   2.270397   0.239087   0.071259
  2021     8     8     6    50 30.000000   2.270398   0.239087   0.071187
  2021     8     8     6    51  0.000000   2.270398   0.239087   0.071111
  2021     8     8     6    51 30.000000   2.270398   0.239087   0.071032
  2021     8     8     6    52  0.000000   2.270399   0.239087   0.070951
  2021     8     8     6    52 30.000000   2.270398   0.239087   0.070867
  2021     8     8     6    53  0.000000   2.270399   0.239087   0.070780
  2021     8     8     6    53 30.000000   2.270399   0.239087   0.070688
  2021     8     8     6    54  0.000000   2.270400   0.239088   0.070593
  2021     8     8     6    54 30.000000   2.270402   0.239088   0.070495
  2021     8     8     6    55  0.000000   2.270402   0.239088   0.070394
  2021     8     8     6    55 30.000000   2.270400   0.239087   0.070294
  2021     8     8     6    56  0.000000   2.270396   0.239086   0.070193
  2021     8     8     6    56 30.000000   2.270397   0.239086   0.070089
  2021     8     8     6    57  0.000000   2.270396   0.239085   0.069982
  2021     8     8     6    57 30.000000   2.270396   0.239085   0.069873
  2021     8     8     6    58  0.000000   2.270397   0.239086   0.069760
  2021     8     8     6    58 30.000000   2.270398   0.239086   0.069646
  2021     8     8     6    59  0.000000   2.270397   0.239085   0.069532
  2021     8     8     6    59 30.000000   2.270399   0.239086   0.069417
  2021     8     8     7     0  0.000000   2.270400   0.239087   0.069301
  2021     8     8     7     0 30.000000   2.270397   0.239085   0.069184
  2021     8     8     7     1  0.000000   2.270397   0.239085   0.069066
  2021     8     8     7     1 30.000000   2.270397   0.239085   0.068949
  2021     8     8     7     2  0.000000   2.270397   0.239085   0.068833
  2021     8     8     7     2 30.000000   2.270394   0.239084   0.068717
  2021     8     8     7     3  0.000000   2.270392   0.239083   0.068603
  2021     8     8     7     3 30.000000   2.270394   0.239084   0.068489
  2021     8     8     7     4  0.000000   2.270396   0.239085   0.068377
  2021     8     8     7     4 30.000000   2.270393   0.239083   0.068265
  2021     8     8     7     5  0.000000   2.270392   0.239083   0.068154
  2021     8     8     7     5 30.000000   2.270393   0.239083   0.068043
  2021     8     8     7     6  0.000000   2.270392   0.239082   0.067935
  2021     8     8     7     6 30.000000   2.270390   0.239081   0.067828
  2021     8     8     7     7  0.000000   2.270391   0.239082   0.067724
  2021     8     8     7     7 30.000000   2.270391   0.239082   0.067622
  2021     8     8     7     8  0.000000   2.270394   0.239083   0.067521
  2021     8     8     7     8 30.000000   2.270393   0.239082   0.067421
  2021     8     8     7     9  0.000000   2.270395   0.239084   0.067321
  2021     8     8     7     9 30.000000   2.270392   0.239082   0.067221
  2021     8     8     7    10  0.000000   2.270393   0.239082   0.067121
  2021     8     8     7    10 30.000000   2.270394   0.239083   0.067021
  2021     8     8     7    11  0.000000   2.270392   0.239082   0.066922
  2021     8     8     7    11 30.000000   2.270394   0.239083   0.066823
  2021     8     8     7    12  0.000000   2.270397   0.239084   0.066725
  2021     8     8     7    12 30.000000   2.270396   0.239083   0.066629
  2021     8     8     7    13  0.000000   2.270396   0.239083   0.066535
  2021     8     8     7    13 30.000000   2.270397   0.239084   0.066444
  2021     8     8     7    14  0.000000   2.270397   0.239084   0.066356
  2021     8     8     7    14 30.000000   2.270396   0.239083   0.066272
  2021     8     8     7    15  0.000000   2.270396   0.239083   0.066190
  2021     8     8     7    15 30.000000   2.270394   0.239082   0.066111
  2021     8     8     7    16  0.000000   2.270393   0.239082   0.066035
  2021     8     8     7    16 30.000000   2.270394   0.239082   0.065962
  2021     8     8     7    17  0.000000   2.270395   0.239082   0.065890
  2021     8     8     7    17 30.000000   2.270399   0.239084   0.065821
  2021     8     8     7    18  0.000000   2.270400   0.239084   0.065753
  2021     8     8     7    18 30.000000   2.270400   0.239084   0.065688
  2021     8     8     7    19  0.000000   2.270402   0.239085   0.065624
  2021     8     8     7    19 30.000000   2.270403   0.239086   0.065562
  2021     8     8     7    20  0.000000   2.270403   0.239085   0.065501
  2021     8     8     7    20 30.000000   2.270403   0.239086   0.065442
  2021     8     8     7    21  0.000000   2.270405   0.239086   0.065383
  2021     8     8     7    21 30.000000   2.270406   0.239086   0.065325
  2021     8     8     7    22  0.000000   2.270406   0.239086   0.065267
  2021     8     8     7    22 30.000000   2.270405   0.239086   0.065210
  2021     8     8     7    23  0.000000   2.270406   0.239086   0.065153
  2021     8     8     7    23 30.000000   2.270406   0.239086   0.065097
  2021     8     8     7    24  0.000000   2.270406   0.239086   0.065041
  2021     8     8     7    24 30.000000   2.270404   0.239085   0.064985
  2021     8     8     7    25  0.000000   2.270402   0.239084   0.064930
  2021     8     8     7    25 30.000000   2.270405   0.239085   0.064875
  2021     8     8     7    26  0.000000   2.270406   0.239086   0.064821
  2021     8     8     7    26 30.000000   2.270405   0.239086   0.064767
  2021     8     8     7    27  0.000000   2.270407   0.239086   0.064715
  2021     8     8     7    27 30.000000   2.270408   0.239087   0.064665
  2021     8     8     7    28  0.000000   2.270406   0.239086   0.064618
  2021     8     8     7    28 30.000000   2.270402   0.239084   0.064573
  2021     8     8     7    29  0.000000   2.270401   0.239083   0.064530
  2021     8     8     7    29 30.000000   2.270402   0.239084   0.064488
  2021     8     8     7    30  0.000000   2.270403   0.239084   0.064447
  2021     8     8     7    30 30.000000   2.270403   0.239084   0.064406
  2021     8     8     7    31  0.000000   2.270404   0.239085   0.064366
  2021     8     8     7    31 30.000000   2.270402   0.239084   0.064327
  2021     8     8     7    32  0.000000   2.270397   0.239081   0.064290
  2021     8     8     7    32 30.000000   2.270400   0.239083   0.064254
  2021     8     8     7    33  0.000000   2.270401   0.239083   0.064218
  2021     8     8     7    33 30.000000   2.270400   0.239082   0.064182
  2021     8     8     7    34  0.000000   2.270400   0.239083   0.064146
  2021     8     8     7    34 30.000000   2.270400   0.239082   0.064110
  2021     8     8     7    35  0.000000   2.270403   0.239084   0.064077
  2021     8     8     7    35 30.000000   2.270401   0.239083   0.064047
  2021     8     8     7    36  0.000000   2.270402   0.239083   0.064020
  2021     8     8     7    36 30.000000   2.270402   0.239083   0.063997
  2021     8     8     7    37  0.000000   2.270403   0.239083   0.063979
  2021     8     8     7    37 30.000000   2.270400   0.239082   0.063966
  2021     8     8     7    38  0.000000   2.270401   0.239082   0.063956
  2021     8     8     7    38 30.000000   2.270400   0.239082   0.063947
  2021     8     8     7    39  0.000000   2.270399   0.239081   0.063939
  2021     8     8     7    39 30.000000   2.270397   0.239080   0.063931
  2021     8     8     7    40  0.000000   2.270400   0.239082   0.063924
  2021     8     8     7    40 30.000000   2.270404   0.239083   0.063918
  2021     8     8     7    41  0.000000   2.270403   0.239083   0.063913
  2021     8     8     7    41 30.000000   2.270405   0.239084   0.063909
  2021     8     8     7    42  0.000000   2.270403   0.239083   0.063905
  2021     8     8     7    42 30.000000   2.270404   0.239083   0.063900
  2021     8     8     7    43  0.000000   2.270405   0.239084   0.063894
  2021     8     8     7    43 30.000000   2.270411   0.239086   0.063887
  2021     8     8     7    44  0.000000   2.270410   0.239085   0.063881
  2021     8     8     7    44 30.000000   2.270412   0.239086   0.063876
  2021     8     8     7    45  0.000000   2.270403   0.239082   0.063870
  2021     8     8     7    45 30.000000   2.270399   0.239080   0.063865
  2021     8     8     7    46  0.000000   2.270399   0.239080   0.063860
  2021     8     8     7    46 30.000000   2.270401   0.239081   0.063857
  2021     8     8     7    47  0.000000   2.270397   0.239080   0.063856
  2021     8     8     7    47 30.000000   2.270397   0.239079   0.063856
  2021     8     8     7    48  0.000000   2.270398   0.239080   0.063856
  2021     8     8     7    48 30.000000   2.270400   0.239080   0.063858
  2021     8     8     7    49  0.000000   2.270400   0.239080   0.063859
  2021     8     8     7    49 30.000000   2.270400   0.239081   0.063860
  2021     8     8     7    50  0.000000   2.270398   0.239079   0.063861
  2021     8     8     7    50 30.000000   2.270394   0.239077   0.063862
  2021     8     8     7    51  0.000000   2.270397   0.239079   0.063865
  2021     8     8     7    51 30.000000   2.270399   0.239080   0.063869
  2021     8     8     7    52  0.000000   2.270397   0.239079   0.063873
  2021     8     8     7    52 30.000000   2.270398   0.239079   0.063877
  2021     8     8     7    53  0.000000   2.270398   0.239079   0.063882
  2021     8     8     7    53 30.000000   2.270397   0.239079   0.063888
  2021     8     8     7    54  0.000000   2.270397   0.239078   0.063896
  2021     8     8     7    54 30.000000   2.270400   0.239080   0.063903
  2021     8     8     7    55  0.000000   2.270403   0.239081   0.063912
  2021     8     8     7    55 30.000000   2.270401   0.239080   0.063923
  2021     8     8     7    56  0.000000   2.270399   0.239079   0.063936
  2021     8     8     7    56 30.000000   2.270401   0.239080   0.063951
  2021     8     8     7    57  0.000000   2.270405   0.239082   0.063969
  2021     8     8     7    57 30.000000   2.270400   0.239079   0.063987
  2021     8     8     7    58  0.000000   2.270400   0.239079   0.064006
  2021     8     8     7    58 30.000000   2.270400   0.239079   0.064027
  2021     8     8     7    59  0.000000   2.270402   0.239080   0.064049
  2021     8     8     7    59 30.000000   2.270398   0.239078   0.064071
  2021     8     8     8     0  0.000000   2.270401   0.239079   0.064094
  2021     8     8     8     0 30.000000   2.270401   0.239080   0.064116
  2021     8     8     8     1  0.000000   2.270405   0.239081   0.064139
  2021     8     8     8     1 30.000000   2.270404   0.239080   0.064161
  2021     8     8     8     2  0.000000   2.270402   0.239080   0.064182
  2021     8     8     8     2 30.000000   2.270403   0.239080   0.064203
  2021     8     8     8     3  0.000000   2.270399   0.239078   0.064223
  2021     8     8     8     3 30.000000   2.270400   0.239079   0.064242
  2021     8     8     8     4  0.000000   2.270399   0.239078   0.064260
  2021     8     8     8     4 30.000000   2.270402   0.239079   0.064277
  2021     8     8     8     5  0.000000   2.270403   0.239080   0.064293
  2021     8     8     8     5 30.000000   2.270402   0.239079   0.064308
  2021     8     8     8     6  0.000000   2.270403   0.239080   0.064322
  2021     8     8     8     6 30.000000   2.270402   0.239079   0.064338
  2021     8     8     8     7  0.000000   2.270402   0.239079   0.064354
  2021     8     8     8     7 30.000000   2.270404   0.239080   0.064371
  2021     8     8     8     8  0.000000   2.270401   0.239078   0.064388
  2021     8     8     8     8 30.000000   2.270401   0.239079   0.064406
  2021     8     8     8     9  0.000000   2.270402   0.239079   0.064425
  2021     8     8     8     9 30.000000   2.270403   0.239079   0.064446
  2021     8     8     8    10  0.000000   2.270403   0.239079   0.064469
  2021     8     8     8    10 30.000000   2.270399   0.239077   0.064493
  2021     8     8     8    11  0.000000   2.270397   0.239076   0.064518
  2021     8     8     8    11 30.000000   2.270396   0.239076   0.064542
  2021     8     8     8    12  0.000000   2.270397   0.239076   0.064566
  2021     8     8     8    12 30.000000   2.270399   0.239077   0.064590
  2021     8     8     8    13  0.000000   2.270400   0.239078   0.064613
  2021     8     8     8    13 30.000000   2.270402   0.239078   0.064638
  2021     8     8     8    14  0.000000   2.270403   0.239079   0.064663
  2021     8     8     8    14 30.000000   2.270403   0.239079   0.064688
  2021     8     8     8    15  0.000000   2.270406   0.239080   0.064716
  2021     8     8     8    15 30.000000   2.270404   0.239079   0.064744
  2021     8     8     8    16  0.000000   2.270406   0.239080   0.064773
  2021     8     8     8    16 30.000000   2.270406   0.239080   0.064806
  2021     8     8     8    17  0.000000   2.270401   0.239077   0.064842
  2021     8     8     8    17 30.000000   2.270402   0.239078   0.064879
  2021     8     8     8    18  0.000000   2.270400   0.239077   0.064917
  2021     8     8     8    18 30.000000   2.270401   0.239077   0.064956
  2021     8     8     8    19  0.000000   2.270401   0.239077   0.064996
  2021     8     8     8    19 30.000000   2.270402   0.239077   0.065037
  2021     8     8     8    20  0.000000   2.270403   0.239078   0.065079
  2021     8     8     8    20 30.000000   2.270404   0.239078   0.065122
  2021     8     8     8    21  0.000000   2.270403   0.239078   0.065167
  2021     8     8     8    21 30.000000   2.270402   0.239077   0.065212
  2021     8     8     8    22  0.000000   2.270406   0.239079   0.065258
  2021     8     8     8    22 30.000000   2.270403   0.239078   0.065304
  2021     8     8     8    23  0.000000   2.270400   0.239076   0.065352
  2021     8     8     8    23 30.000000   2.270401   0.239077   0.065399
  2021     8     8     8    24  0.000000   2.270400   0.239076   0.065448
  2021     8     8     8    24 30.000000   2.270400   0.239076   0.065497
  2021     8     8     8    25  0.000000   2.270399   0.239076   0.065547
  2021     8     8     8    25 30.000000   2.270398   0.239075   0.065599
  2021     8     8     8    26  0.000000   2.270400   0.239076   0.065652
  2021     8     8     8    26 30.000000   2.270400   0.239076   0.065705
  2021     8     8     8    27  0.000000   2.270401   0.239076   0.065759
  2021     8     8     8    27 30.000000   2.270400   0.239076   0.065814
  2021     8     8     8    28  0.000000   2.270400   0.239076   0.065871
  2021     8     8     8    28 30.000000   2.270399   0.239075   0.065929
  2021     8     8     8    29  0.000000   2.270399   0.239075   0.065988
  2021     8     8     8    29 30.000000   2.270399   0.239075   0.066047
  2021     8     8     8    30  0.000000   2.270398   0.239075   0.066108
  2021     8     8     8    30 30.000000   2.270401   0.239076   0.066169
  2021     8     8     8    31  0.000000   2.270401   0.239076   0.066231
  2021     8     8     8    31 30.000000   2.270400   0.239075   0.066294
  2021     8     8     8    32  0.000000   2.270401   0.239076   0.066357
  2021     8     8     8    32 30.000000   2.270402   0.239076   0.066420
  2021     8     8     8    33  0.000000   2.270399   0.239075   0.066485
  2021     8     8     8    33 30.000000   2.270398   0.239074   0.066551
  2021     8     8     8    34  0.000000   2.270396   0.239073   0.066619
  2021     8     8     8    34 30.000000   2.270395   0.239073   0.066690
  2021     8     8     8    35  0.000000   2.270397   0.239073   0.066762
  2021     8     8     8    35 30.000000   2.270396   0.239073   0.066833
  2021     8     8     8    36  0.000000   2.270396   0.239073   0.066904
  2021     8     8     8    36 30.000000   2.270394   0.239072   0.066976
  2021     8     8     8    37  0.000000   2.270397   0.239073   0.067050
  2021     8     8     8    37 30.000000   2.270397   0.239073   0.067127
  2021     8     8     8    38  0.000000   2.270397   0.239073   0.067206
  2021     8     8     8    38 30.000000   2.270395   0.239072   0.067289
  2021     8     8     8    39  0.000000   2.270397   0.239073   0.067373
  2021     8     8     8    39 30.000000   2.270396   0.239072   0.067459
  2021     8     8     8    40  0.000000   2.270398   0.239073   0.067547
  2021     8     8     8    40 30.000000   2.270399   0.239074   0.067636
  2021     8     8     8    41  0.000000   2.270397   0.239073   0.067726
  2021     8     8     8    41 30.000000   2.270397   0.239072   0.067816
  2021     8     8     8    42  0.000000   2.270397   0.239073   0.067909
  2021     8     8     8    42 30.000000   2.270397   0.239072   0.068002
  2021     8     8     8    43  0.000000   2.270395   0.239072   0.068097
  2021     8     8     8    43 30.000000   2.270397   0.239072   0.068193
  2021     8     8     8    44  0.000000   2.270398   0.239073   0.068289
  2021     8     8     8    44 30.000000   2.270397   0.239072   0.068386
  2021     8     8     8    45  0.000000   2.270396   0.239072   0.068484
  2021     8     8     8    45 30.000000   2.270398   0.239072   0.068583
  2021     8     8     8    46  0.000000   2.270399   0.239073   0.068682
  2021     8     8     8    46 30.000000   2.270399   0.239073   0.068782
  2021     8     8     8    47  0.000000   2.270396   0.239072   0.068883
  2021     8     8     8    47 30.000000   2.270398   0.239072   0.068983
  2021     8     8     8    48  0.000000   2.270395   0.239071   0.069084
  2021     8     8     8    48 30.000000   2.270395   0.239071   0.069185
  2021     8     8     8    49  0.000000   2.270394   0.239070   0.069286
  2021     8     8     8    49 30.000000   2.270393   0.239070   0.069388
  2021     8     8     8    50  0.000000   2.270395   0.239071   0.069489
  2021     8     8     8    50 30.000000   2.270396   0.239071   0.069589
  2021     8     8     8    51  0.000000   2.270395   0.239070   0.069688
  2021     8     8     8    51 30.000000   2.270395   0.239070   0.069786
  2021     8     8     8    52  0.000000   2.270396   0.239071   0.069884
  2021     8     8     8    52 30.000000   2.270395   0.239070   0.069981
  2021     8     8     8    53  0.000000   2.270394   0.239070   0.070079
  2021     8     8     8    53 30.000000   2.270393   0.239070   0.070177
  2021     8     8     8    54  0.000000   2.270393   0.239069   0.070275
  2021     8     8     8    54 30.000000   2.270394   0.239070   0.070372
  2021     8     8     8    55  0.000000   2.270396   0.239070   0.070468
  2021     8     8     8    55 30.000000   2.270395   0.239070   0.070562
  2021     8     8     8    56  0.000000   2.270395   0.239070   0.070655
  2021     8     8     8    56 30.000000   2.270394   0.239069   0.070749
  2021     8     8     8    57  0.000000   2.270394   0.239069   0.070844
  2021     8     8     8    57 30.000000   2.270394   0.239069   0.070940
  2021     8     8     8    58  0.000000   2.270395   0.239069   0.071036
  2021     8     8     8    58 30.000000   2.270396   0.239070   0.071133
  2021     8     8     8    59  0.000000   2.270396   0.239070   0.071231
  2021     8     8     8    59 30.000000   2.270397   0.239070   0.071329
  2021     8     8     9     0  0.000000   2.270396   0.239070   0.071427
  2021     8     8     9     0 30.000000   2.270396   0.239070   0.071524
  2021     8     8     9     1  0.000000   2.270398   0.239070   0.071620
  2021     8     8     9     1 30.000000   2.270398   0.239071   0.071716
  2021     8     8     9     2  0.000000   2.270400   0.239071   0.071811
  2021     8     8     9     2 30.000000   2.270397   0.239070   0.071906
  2021     8     8     9     3  0.000000   2.270395   0.239069   0.072002
  2021     8     8     9     3 30.000000   2.270395   0.239069   0.072096
  2021     8     8     9     4  0.000000   2.270397   0.239070   0.072190
  2021     8     8     9     4 30.000000   2.270395   0.239069   0.072283
  2021     8     8     9     5  0.000000   2.270396   0.239069   0.072376
  2021     8     8     9     5 30.000000   2.270396   0.239069   0.072470
  2021     8     8     9     6  0.000000   2.270394   0.239068   0.072567
  2021     8     8     9     6 30.000000   2.270395   0.239069   0.072665
  2021     8     8     9     7  0.000000   2.270395   0.239068   0.072764
  2021     8     8     9     7 30.000000   2.270396   0.239069   0.072865
  2021     8     8     9     8  0.000000   2.270396   0.239069   0.072969
  2021     8     8     9     8 30.000000   2.270397   0.239069   0.073075
  2021     8     8     9     9  0.000000   2.270394   0.239068   0.073182
  2021     8     8     9     9 30.000000   2.270395   0.239068   0.073291
  2021     8     8     9    10  0.000000   2.270393   0.239067   0.073402
  2021     8     8     9    10 30.000000   2.270392   0.239067   0.073512
  2021     8     8     9    11  0.000000   2.270392   0.239067   0.073623
  2021     8     8     9    11 30.000000   2.270391   0.239066   0.073732
  2021     8     8     9    12  0.000000   2.270391   0.239066   0.073841
  2021     8     8     9    12 30.000000   2.270394   0.239067   0.073948
  2021     8     8     9    13  0.000000   2.270392   0.239066   0.074056
  2021     8     8     9    13 30.000000   2.270392   0.239066   0.074164
  2021     8     8     9    14  0.000000   2.270394   0.239067   0.074273
  2021     8     8     9    14 30.000000   2.270391   0.239066   0.074383
  2021     8     8     9    15  0.000000   2.270391   0.239066   0.074493
  2021     8     8     9    15 30.000000   2.270393   0.239066   0.074601
  2021     8     8     9    16  0.000000   2.270393   0.239067   0.074710
  2021     8     8     9    16 30.000000   2.270392   0.239066   0.074817
  2021     8     8     9    17  0.000000   2.270396   0.239068   0.074924
  2021     8     8     9    17 30.000000   2.270395   0.239067   0.075033
  2021     8     8     9    18  0.000000   2.270394   0.239067   0.075143
  2021     8     8     9    18 30.000000   2.270394   0.239067   0.075254
  2021     8     8     9    19  0.000000   2.270393   0.239066   0.075367
  2021     8     8     9    19 30.000000   2.270395   0.239067   0.075481
  2021     8     8     9    20  0.000000   2.270393   0.239066   0.075594
  2021     8     8     9    20 30.000000   2.270393   0.239066   0.075708
  2021     8     8     9    21  0.000000   2.270394   0.239066   0.075819
  2021     8     8     9    21 30.000000   2.270394   0.239066   0.075929
  2021     8     8     9    22  0.000000   2.270395   0.239067   0.076036
  2021     8     8     9    22 30.000000   2.270392   0.239065   0.076141
  2021     8     8     9    23  0.000000   2.270393   0.239066   0.076245
  2021     8     8     9    23 30.000000   2.270395   0.239067   0.076347
  2021     8     8     9    24  0.000000   2.270394   0.239066   0.076448
  2021     8     8     9    24 30.000000   2.270394   0.239066   0.076549
  2021     8     8     9    25  0.000000   2.270395   0.239066   0.076648
  2021     8     8     9    25 30.000000   2.270397   0.239067   0.076745
  2021     8     8     9    26  0.000000   2.270396   0.239066   0.076840
  2021     8     8     9    26 30.000000   2.270397   0.239067   0.076933
  2021     8     8     9    27  0.000000   2.270399   0.239068   0.077026
  2021     8     8     9    27 30.000000   2.270402   0.239069   0.077119
  2021     8     8     9    28  0.000000   2.270398   0.239067   0.077213
  2021     8     8     9    28 30.000000   2.270393   0.239065   0.077304
  2021     8     8     9    29  0.000000   2.270395   0.239066   0.077388
  2021     8     8     9    29 30.000000   2.270394   0.239065   0.077467
  2021     8     8     9    30  0.000000   2.270394   0.239065   0.077543
  2021     8     8     9    30 30.000000   2.270396   0.239066   0.077615
  2021     8     8     9    31  0.000000   2.270397   0.239066   0.077685
  2021     8     8     9    31 30.000000   2.270397   0.239066   0.077754
  2021     8     8     9    32  0.000000   2.270396   0.239066   0.077821
  2021     8     8     9    32 30.000000   2.270394   0.239065   0.077887
  2021     8     8     9    33  0.000000   2.270394   0.239065   0.077951
  2021     8     8     9    33 30.000000   2.270395   0.239065   0.078012
  2021     8     8     9    34  0.000000   2.270397   0.239066   0.078072
  2021     8     8     9    34 30.000000   2.270395   0.239065   0.078131
  2021     8     8     9    35  0.000000   2.270396   0.239065   0.078190
  2021     8     8     9    35 30.000000   2.270395   0.239065   0.078249
  2021     8     8     9    36  0.000000   2.270394   0.239065   0.078309
  2021     8     8     9    36 30.000000   2.270395   0.239065   0.078367
  2021     8     8     9    37  0.000000   2.270396   0.239065   0.078425
  2021     8     8     9    37 30.000000   2.270393   0.239064   0.078481
  2021     8     8     9    38  0.000000   2.270391   0.239063   0.078535
  2021     8     8     9    38 30.000000   2.270393   0.239064   0.078589
  2021     8     8     9    39  0.000000   2.270391   0.239063   0.078641
  2021     8     8     9    39 30.000000   2.270393   0.239064   0.078692
  2021     8     8     9    40  0.000000   2.270396   0.239065   0.078741
  2021     8     8     9    40 30.000000   2.270398   0.239066   0.078790
  2021     8     8     9    41  0.000000   2.270395   0.239064   0.078838
  2021     8     8     9    41 30.000000   2.270396   0.239065   0.078885
  2021     8     8     9    42  0.000000   2.270398   0.239066   0.078931
  2021     8     8     9    42 30.000000   2.270397   0.239065   0.078975
  2021     8     8     9    43  0.000000   2.270395   0.239064   0.079018
  2021     8     8     9    43 30.000000   2.270394   0.239064   0.079059
  2021     8     8     9    44  0.000000   2.270392   0.239062   0.079098
  2021     8     8     9    44 30.000000   2.270392   0.239063   0.079135
  2021     8     8     9    45  0.000000   2.270393   0.239063   0.079171
  2021     8     8     9    45 30.000000   2.270391   0.239062   0.079205
  2021     8     8     9    46  0.000000   2.270391   0.239062   0.079237
  2021     8     8     9    46 30.000000   2.270391   0.239062   0.079268
  2021     8     8     9    47  0.000000   2.270392   0.239062   0.079297
  2021     8     8     9    47 30.000000   2.270393   0.239063   0.079325
  2021     8     8     9    48  0.000000   2.270395   0.239063   0.079354
  2021     8     8     9    48 30.000000   2.270392   0.239062   0.079382
  2021     8     8     9    49  0.000000   2.270397   0.239064   0.079409
  2021     8     8     9    49 30.000000   2.270397   0.239064   0.079438
  2021     8     8     9    50  0.000000   2.270399   0.239065   0.079468
  2021     8     8     9    50 30.000000   2.270397   0.239064   0.079497
  2021     8     8     9    51  0.000000   2.270395   0.239063   0.079527
  2021     8     8     9    51 30.000000   2.270398   0.239064   0.079557
  2021     8     8     9    52  0.000000   2.270396   0.239063   0.079585
  2021     8     8     9    52 30.000000   2.270395   0.239063   0.079615
  2021     8     8     9    53  0.000000   2.270398   0.239064   0.079646
  2021     8     8     9    53 30.000000   2.270397   0.239064   0.079677
  2021     8     8     9    54  0.000000   2.270395   0.239062   0.079710
  2021     8     8     9    54 30.000000   2.270394   0.239062   0.079743
  2021     8     8     9    55  0.000000   2.270394   0.239062   0.079778
  2021     8     8     9    55 30.000000   2.270395   0.239062   0.079813
  2021     8     8     9    56  0.000000   2.270399   0.239064   0.079849
  2021     8     8     9    56 30.000000   2.270398   0.239064   0.079884
  2021     8     8     9    57  0.000000   2.270397   0.239063   0.079920
  2021     8     8     9    57 30.000000   2.270398   0.239064   0.079956
  2021     8     8     9    58  0.000000   2.270400   0.239064   0.079991
  2021     8     8     9    58 30.000000   2.270403   0.239066   0.080026
  2021     8     8     9    59  0.000000   2.270402   0.239065   0.080060
  2021     8     8     9    59 30.000000   2.270399   0.239064   0.080094
  2021     8     8    10     0  0.000000   2.270396   0.239062   0.080127
  2021     8     8    10     0 30.000000   2.270396   0.239062   0.080160
  2021     8     8    10     1  0.000000   2.270397   0.239062   0.080192
  2021     8     8    10     1 30.000000   2.270402   0.239065   0.080224
  2021     8     8    10     2  0.000000   2.270397   0.239062   0.080256
  2021     8     8    10     2 30.000000   2.270396   0.239062   0.080287
  2021     8     8    10     3  0.000000   2.270395   0.239062   0.080317
  2021     8     8    10     3 30.000000   2.270398   0.239063   0.080348
  2021     8     8    10     4  0.000000   2.270395   0.239061   0.080380
  2021     8     8    10     4 30.000000   2.270389   0.239059   0.080411
  2021     8     8    10     5  0.000000   2.270389   0.239059   0.080442
  2021     8     8    10     5 30.000000   2.270390   0.239059   0.080472
  2021     8     8    10     6  0.000000   2.270391   0.239060   0.080498
  2021     8     8    10     6 30.000000   2.270392   0.239060   0.080521
  2021     8     8    10     7  0.000000   2.270394   0.239060   0.080541
  2021     8     8    10     7 30.000000   2.270393   0.239060   0.080559
  2021     8     8    10     8  0.000000   2.270394   0.239061   0.080575
  2021     8     8    10     8 30.000000   2.270401   0.239063   0.080590
  2021     8     8    10     9  0.000000   2.270395   0.239061   0.080601
  2021     8     8    10     9 30.000000   2.270395   0.239061   0.080611
  2021     8     8    10    10  0.000000   2.270398   0.239062   0.080620
  2021     8     8    10    10 30.000000   2.270397   0.239061   0.080626
  2021     8     8    10    11  0.000000   2.270397   0.239062   0.080630
  2021     8     8    10    11 30.000000   2.270397   0.239061   0.080632
  2021     8     8    10    12  0.000000   2.270397   0.239061   0.080631
  2021     8     8    10    12 30.000000   2.270395   0.239060   0.080629
  2021     8     8    10    13  0.000000   2.270395   0.239060   0.080624
  2021     8     8    10    13 30.000000   2.270396   0.239061   0.080617
  2021     8     8    10    14  0.000000   2.270395   0.239060   0.080609
  2021     8     8    10    14 30.000000   2.270395   0.239060   0.080601
  2021     8     8    10    15  0.000000   2.270395   0.239060   0.080591
  2021     8     8    10    15 30.000000   2.270396   0.239060   0.080578
  2021     8     8    10    16  0.000000   2.270396   0.239060   0.080562
  2021     8     8    10    16 30.000000   2.270397   0.239060   0.080544
  2021     8     8    10    17  0.000000   2.270397   0.239061   0.080525
  2021     8     8    10    17 30.000000   2.270398   0.239061   0.080504
  2021     8     8    10    18  0.000000   2.270399   0.239061   0.080482
  2021     8     8    10    18 30.000000   2.270398   0.239061   0.080460
  2021     8     8    10    19  0.000000   2.270401   0.239062   0.080437
  2021     8     8    10    19 30.000000   2.270402   0.239062   0.080414
  2021     8     8    10    20  0.000000   2.270400   0.239062   0.080391
  2021     8     8    10    20 30.000000   2.270401   0.239062   0.080367
  2021     8     8    10    21  0.000000   2.270401   0.239062   0.080343
  2021     8     8    10    21 30.000000   2.270401   0.239062   0.080317
  2021     8     8    10    22  0.000000   2.270403   0.239063   0.080290
  2021     8     8    10    22 30.000000   2.270402   0.239062   0.080263
  2021     8     8    10    23  0.000000   2.270398   0.239060   0.080235
  2021     8     8    10    23 30.000000   2.270394   0.239059   0.080208
  2021     8     8    10    24  0.000000   2.270393   0.239058   0.080181
  2021     8     8    10    24 30.000000   2.270396   0.239059   0.080152
  2021     8     8    10    25  0.000000   2.270397   0.239060   0.080122
  2021     8     8    10    25 30.000000   2.270396   0.239059   0.080093
  2021     8     8    10    26  0.000000   2.270397   0.239059   0.080061
  2021     8     8    10    26 30.000000   2.270398   0.239060   0.080030
  2021     8     8    10    27  0.000000   2.270396   0.239059   0.079997
  2021     8     8    10    27 30.000000   2.270399   0.239060   0.079964
  2021     8     8    10    28  0.000000   2.270400   0.239061   0.079930
  2021     8     8    10    28 30.000000   2.270400   0.239060   0.079895
  2021     8     8    10    29  0.000000   2.270400   0.239060   0.079858
  2021     8     8    10    29 30.000000   2.270397   0.239059   0.079819
  2021     8     8    10    30  0.000000   2.270396   0.239059   0.079777
  2021     8     8    10    30 30.000000   2.270399   0.239060   0.079732
  2021     8     8    10    31  0.000000   2.270397   0.239059   0.079685
  2021     8     8    10    31 30.000000   2.270399   0.239060   0.079635
  2021     8     8    10    32  0.000000   2.270401   0.239061   0.079581
  2021     8     8    10    32 30.000000   2.270402   0.239061   0.079525
  2021     8     8    10    33  0.000000   2.270403   0.239061   0.079467
  2021     8     8    10    33 30.000000   2.270404   0.239062   0.079406
  2021     8     8    10    34  0.000000   2.270404   0.239061   0.079344
  2021     8     8    10    34 30.000000   2.270407   0.239063   0.079280
  2021     8     8    10    35  0.000000   2.270404   0.239061   0.079216
  2021     8     8    10    35 30.000000   2.270403   0.239061   0.079151
  2021     8     8    10    36  0.000000   2.270404   0.239061   0.079087
  2021     8     8    10    36 30.000000   2.270400   0.239060   0.079024
  2021     8     8    10    37  0.000000   2.270401   0.239060   0.078960
  2021     8     8    10    37 30.000000   2.270398   0.239059   0.078898
  2021     8     8    10    38  0.000000   2.270397   0.239058   0.078837
  2021     8     8    10    38 30.000000   2.270401   0.239060   0.078778
  2021     8     8    10    39  0.000000   2.270401   0.239059   0.078720
  2021     8     8    10    39 30.000000   2.270403   0.239060   0.078663
  2021     8     8    10    40  0.000000   2.270405   0.239061   0.078608
  2021     8     8    10    40 30.000000   2.270404   0.239061   0.078555
  2021     8     8    10    41  0.000000   2.270403   0.239060   0.078503
  2021     8     8    10    41 30.000000   2.270402   0.239060   0.078452
  2021     8     8    10    42  0.000000   2.270400   0.239059   0.078403
  2021     8     8    10    42 30.000000   2.270401   0.239059   0.078353
  2021     8     8    10    43  0.000000   2.270398   0.239058   0.078304
  2021     8     8    10    43 30.000000   2.270400   0.239059   0.078255
  2021     8     8    10    44  0.000000   2.270400   0.239059   0.078206
  2021     8     8    10    44 30.000000   2.270402   0.239059   0.078157
  2021     8     8    10    45  0.000000   2.270403   0.239060   0.078109
  2021     8     8    10    45 30.000000   2.270402   0.239059   0.078060
  2021     8     8    10    46  0.000000   2.270403   0.239060   0.078012
  2021     8     8    10    46 30.000000   2.270404   0.239060   0.077964
  2021     8     8    10    47  0.000000   2.270403   0.239059   0.077916
  2021     8     8    10    47 30.000000   2.270403   0.239059   0.077869
  2021     8     8    10    48  0.000000   2.270402   0.239059   0.077821
  2021     8     8    10    48 30.000000   2.270403   0.239059   0.077774
  2021     8     8    10    49  0.000000   2.270403   0.239059   0.077727
  2021     8     8    10    49 30.000000   2.270403   0.239059   0.077681
  2021     8     8    10    50  0.000000   2.270402   0.239059   0.077635
  2021     8     8    10    50 30.000000   2.270403   0.239059   0.077590
  2021     8     8    10    51  0.000000   2.270402   0.239058   0.077544
  2021     8     8    10    51 30.000000   2.270404   0.239059   0.077499
  2021     8     8    10    52  0.000000   2.270403   0.239059   0.077455
  2021     8     8    10    52 30.000000   2.270401   0.239058   0.077412
  2021     8     8    10    53  0.000000   2.270402   0.239058   0.077369
  2021     8     8    10    53 30.000000   2.270401   0.239058   0.077327
  2021     8     8    10    54  0.000000   2.270404   0.239059   0.077285
  2021     8     8    10    54 30.000000   2.270404   0.239059   0.077244
  2021     8     8    10    55  0.000000   2.270403   0.239058   0.077202
  2021     8     8    10    55 30.000000   2.270400   0.239057   0.077160
  2021     8     8    10    56  0.000000   2.270398   0.239056   0.077115
  2021     8     8    10    56 30.000000   2.270400   0.239057   0.077068
  2021     8     8    10    57  0.000000   2.270401   0.239057   0.077020
  2021     8     8    10    57 30.000000   2.270401   0.239057   0.076970
  2021     8     8    10    58  0.000000   2.270402   0.239058   0.076919
  2021     8     8    10    58 30.000000   2.270401   0.239057   0.076867
  2021     8     8    10    59  0.000000   2.270401   0.239057   0.076814
  2021     8     8    10    59 30.000000   2.270403   0.239058   0.076759
  2021     8     8    11     0  0.000000   2.270401   0.239057   0.076704
  2021     8     8    11     0 30.000000   2.270399   0.239056   0.076648
  2021     8     8    11     1  0.000000   2.270398   0.239055   0.076592
  2021     8     8    11     1 30.000000   2.270398   0.239055   0.076535
  2021     8     8    11     2  0.000000   2.270398   0.239055   0.076478
  2021     8     8    11     2 30.000000   2.270399   0.239056   0.076421
  2021     8     8    11     3  0.000000   2.270401   0.239057   0.076363
  2021     8     8    11     3 30.000000   2.270398   0.239055   0.076306
  2021     8     8    11     4  0.000000   2.270400   0.239056   0.076248
  2021     8     8    11     4 30.000000   2.270401   0.239056   0.076190
  2021     8     8    11     5  0.000000   2.270403   0.239057   0.076132
  2021     8     8    11     5 30.000000   2.270402   0.239057   0.076074
  2021     8     8    11     6  0.000000   2.270401   0.239056   0.076016
  2021     8     8    11     6 30.000000   2.270401   0.239056   0.075960
  2021     8     8    11     7  0.000000   2.270400   0.239056   0.075905
  2021     8     8    11     7 30.000000   2.270397   0.239054   0.075851
  2021     8     8    11     8  0.000000   2.270397   0.239054   0.075799
  2021     8     8    11     8 30.000000   2.270401   0.239056   0.075749
  2021     8     8    11     9  0.000000   2.270400   0.239056   0.075701
  2021     8     8    11     9 30.000000   2.270402   0.239056   0.075654
  2021     8     8    11    10  0.000000   2.270404   0.239057   0.075608
  2021     8     8    11    10 30.000000   2.270405   0.239057   0.075564
  2021     8     8    11    11  0.000000   2.270404   0.239057   0.075521
  2021     8     8    11    11 30.000000   2.270403   0.239057   0.075480
  2021     8     8    11    12  0.000000   2.270404   0.239057   0.075440
  2021     8     8    11    12 30.000000   2.270405   0.239057   0.075402
  2021     8     8    11    13  0.000000   2.270405   0.239057   0.075365
  2021     8     8    11    13 30.000000   2.270402   0.239056   0.075331
  2021     8     8    11    14  0.000000   2.270402   0.239056   0.075298
  2021     8     8    11    14 30.000000   2.270403   0.239056   0.075265
  2021     8     8    11    15  0.000000   2.270402   0.239056   0.075233
  2021     8     8    11    15 30.000000   2.270402   0.239056   0.075201
  2021     8     8    11    16  0.000000   2.270402   0.239055   0.075171
  2021     8     8    11    16 30.000000   2.270403   0.239056   0.075141
  2021     8     8    11    17  0.000000   2.270406   0.239057   0.075113
  2021     8     8    11    17 30.000000   2.270404   0.239056   0.075086
  2021     8     8    11    18  0.000000   2.270403   0.239056   0.075060
  2021     8     8    11    18 30.000000   2.270403   0.239056   0.075034
  2021     8     8    11    19  0.000000   2.270401   0.239055   0.075010
  2021     8     8    11    19 30.000000   2.270402   0.239055   0.074988
  2021     8     8    11    20  0.000000   2.270401   0.239055   0.074968
  2021     8     8    11    20 30.000000   2.270398   0.239053   0.074951
  2021     8     8    11    21  0.000000   2.270399   0.239054   0.074934
  2021     8     8    11    21 30.000000   2.270399   0.239053   0.074920
  2021     8     8    11    22  0.000000   2.270402   0.239055   0.074907
  2021     8     8    11    22 30.000000   2.270397   0.239052   0.074896
  2021     8     8    11    23  0.000000   2.270398   0.239053   0.074887
  2021     8     8    11    23 30.000000   2.270399   0.239053   0.074878
  2021     8     8    11    24  0.000000   2.270400   0.239054   0.074871
  2021     8     8    11    24 30.000000   2.270400   0.239054   0.074864
  2021     8     8    11    25  0.000000   2.270400   0.239054   0.074858
  2021     8     8    11    25 30.000000   2.270403   0.239055   0.074854
  2021     8     8    11    26  0.000000   2.270403   0.239055   0.074852
  2021     8     8    11    26 30.000000   2.270401   0.239054   0.074850
  2021     8     8    11    27  0.000000   2.270399   0.239053   0.074849
  2021     8     8    11    27 30.000000   2.270399   0.239053   0.074847
  2021     8     8    11    28  0.000000   2.270398   0.239052   0.074844
  2021     8     8    11    28 30.000000   2.270397   0.239052   0.074842
  2021     8     8    11    29  0.000000   2.270399   0.239053   0.074840
  2021     8     8    11    29 30.000000   2.270397   0.239051   0.074838
  2021     8     8    11    30  0.000000   2.270398   0.239052   0.074836
  2021     8     8    11    30 30.000000   2.270398   0.239052   0.074834
  2021     8     8    11    31  0.000000   2.270400   0.239053   0.074833
  2021     8     8    11    31 30.000000   2.270400   0.239053   0.074834
  2021     8     8    11    32  0.000000   2.270400   0.239053   0.074835
  2021     8     8    11    32 30.000000   2.270401   0.239053   0.074836
  2021     8     8    11    33  0.000000   2.270398   0.239052   0.074838
  2021     8     8    11    33 30.000000   2.270398   0.239052   0.074841
  2021     8     8    11    34  0.000000   2.270398   0.239051   0.074844
  2021     8     8    11    34 30.000000   2.270399   0.239052   0.074847
  2021     8     8    11    35  0.000000   2.270400   0.239052   0.074852
  2021     8     8    11    35 30.000000   2.270400   0.239052   0.074857
  2021     8     8    11    36  0.000000   2.270400   0.239052   0.074865
  2021     8     8    11    36 30.000000   2.270398   0.239051   0.074874
  2021     8     8    11    37  0.000000   2.270398   0.239051   0.074883
  2021     8     8    11    37 30.000000   2.270398   0.239051   0.074893
  2021     8     8    11    38  0.000000   2.270397   0.239050   0.074903
  2021     8     8    11    38 30.000000   2.270398   0.239051   0.074912
  2021     8     8    11    39  0.000000   2.270400   0.239052   0.074922
  2021     8     8    11    39 30.000000   2.270399   0.239051   0.074931
  2021     8     8    11    40  0.000000   2.270402   0.239053   0.074940
  2021     8     8    11    40 30.000000   2.270401   0.239052   0.074952
  2021     8     8    11    41  0.000000   2.270399   0.239051   0.074965
  2021     8     8    11    41 30.000000   2.270401   0.239052   0.074978
  2021     8     8    11    42  0.000000   2.270401   0.239052   0.074993
  2021     8     8    11    42 30.000000   2.270403   0.239052   0.075009
  2021     8     8    11    43  0.000000   2.270403   0.239052   0.075026
  2021     8     8    11    43 30.000000   2.270404   0.239053   0.075044
  2021     8     8    11    44  0.000000   2.270401   0.239052   0.075061
  2021     8     8    11    44 30.000000   2.270401   0.239052   0.075080
  2021     8     8    11    45  0.000000   2.270402   0.239052   0.075099
  2021     8     8    11    45 30.000000   2.270403   0.239052   0.075117
  2021     8     8    11    46  0.000000   2.270405   0.239053   0.075134
  2021     8     8    11    46 30.000000   2.270402   0.239052   0.075151
  2021     8     8    11    47  0.000000   2.270401   0.239051   0.075167
  2021     8     8    11    47 30.000000   2.270399   0.239050   0.075183
  2021     8     8    11    48  0.000000   2.270398   0.239050   0.075197
  2021     8     8    11    48 30.000000   2.270398   0.239050   0.075209
  2021     8     8    11    49  0.000000   2.270400   0.239050   0.075221
  2021     8     8    11    49 30.000000   2.270398   0.239049   0.075232
  2021     8     8    11    50  0.000000   2.270396   0.239048   0.075244
  2021     8     8    11    50 30.000000   2.270398   0.239050   0.075255
  2021     8     8    11    51  0.000000   2.270397   0.239049   0.075268
  2021     8     8    11    51 30.000000   2.270396   0.239049   0.075282
  2021     8     8    11    52  0.000000   2.270393   0.239047   0.075297
  2021     8     8    11    52 30.000000   2.270395   0.239048   0.075312
  2021     8     8    11    53  0.000000   2.270395   0.239048   0.075327
  2021     8     8    11    53 30.000000   2.270398   0.239049   0.075341
  2021     8     8    11    54  0.000000   2.270397   0.239049   0.075356
  2021     8     8    11    54 30.000000   2.270397   0.239049   0.075372
  2021     8     8    11    55  0.000000   2.270397   0.239049   0.075389
  2021     8     8    11    55 30.000000   2.270402   0.239051   0.075406
  2021     8     8    11    56  0.000000   2.270403   0.239051   0.075425
  2021     8     8    11    56 30.000000   2.270402   0.239051   0.075445
  2021     8     8    11    57  0.000000   2.270402   0.239050   0.075468
  2021     8     8    11    57 30.000000   2.270402   0.239050   0.075492
  2021     8     8    11    58  0.000000   2.270402   0.239050   0.075518
  2021     8     8    11    58 30.000000   2.270404   0.239051   0.075545
  2021     8     8    11    59  0.000000   2.270403   0.239050   0.075574
  2021     8     8    11    59 30.000000   2.270405   0.239051   0.075604
  2021     8     8    12     0  0.000000   2.270403   0.239050   0.075637
  2021     8     8    12     0 30.000000   2.270403   0.239050   0.075669
  2021     8     8    12     1  0.000000   2.270404   0.239051   0.075703
  2021     8     8    12     1 30.000000   2.270402   0.239050   0.075738
  2021     8     8    12     2  0.000000   2.270403   0.239050   0.075772
  2021     8     8    12     2 30.000000   2.270403   0.239050   0.075807
  2021     8     8    12     3  0.000000   2.270403   0.239050   0.075843
  2021     8     8    12     3 30.000000   2.270402   0.239049   0.075879
  2021     8     8    12     4  0.000000   2.270400   0.239049   0.075916
  2021     8     8    12     4 30.000000   2.270399   0.239048   0.075954
  2021     8     8    12     5  0.000000   2.270401   0.239049   0.075994
  2021     8     8    12     5 30.000000   2.270401   0.239049   0.076035
  2021     8     8    12     6  0.000000   2.270402   0.239049   0.076077
  2021     8     8    12     6 30.000000   2.270402   0.239049   0.076120
  2021     8     8    12     7  0.000000   2.270401   0.239049   0.076163
  2021     8     8    12     7 30.000000   2.270404   0.239050   0.076206
  2021     8     8    12     8  0.000000   2.270401   0.239049   0.076249
  2021     8     8    12     8 30.000000   2.270399   0.239048   0.076292
  2021     8     8    12     9  0.000000   2.270400   0.239048   0.076335
  2021     8     8    12     9 30.000000   2.270401   0.239048   0.076378
  2021     8     8    12    10  0.000000   2.270402   0.239049   0.076420
  2021     8     8    12    10 30.000000   2.270401   0.239048   0.076463
  2021     8     8    12    11  0.000000   2.270403   0.239049   0.076506
  2021     8     8    12    11 30.000000   2.270404   0.239050   0.076549
  2021     8     8    12    12  0.000000   2.270406   0.239050   0.076592
  2021     8     8    12    12 30.000000   2.270404   0.239049   0.076633
  2021     8     8    12    13  0.000000   2.270404   0.239049   0.076673
  2021     8     8    12    13 30.000000   2.270404   0.239049   0.076711
  2021     8     8    12    14  0.000000   2.270402   0.239049   0.076750
  2021     8     8    12    14 30.000000   2.270406   0.239050   0.076786
  2021     8     8    12    15  0.000000   2.270404   0.239049   0.076822
  2021     8     8    12    15 30.000000   2.270404   0.239049   0.076860
  2021     8     8    12    16  0.000000   2.270404   0.239049   0.076899
  2021     8     8    12    16 30.000000   2.270407   0.239050   0.076938
  2021     8     8    12    17  0.000000   2.270405   0.239049   0.076977
  2021     8     8    12    17 30.000000   2.270405   0.239049   0.077015
  2021     8     8    12    18  0.000000   2.270405   0.239049   0.077054
  2021     8     8    12    18 30.000000   2.270407   0.239050   0.077092
  2021     8     8    12    19  0.000000   2.270407   0.239050   0.077131
  2021     8     8    12    19 30.000000   2.270405   0.239049   0.077170
  2021     8     8    12    20  0.000000   2.270405   0.239049   0.077210
  2021     8     8    12    20 30.000000   2.270404   0.239049   0.077250
  2021     8     8    12    21  0.000000   2.270405   0.239049   0.077291
  2021     8     8    12    21 30.000000   2.270405   0.239048   0.077333
  2021     8     8    12    22  0.000000   2.270403   0.239048   0.077375
  2021     8     8    12    22 30.000000   2.270400   0.239046   0.077418
  2021     8     8    12    23  0.000000   2.270399   0.239046   0.077460
  2021     8     8    12    23 30.000000   2.270400   0.239046   0.077503
  2021     8     8    12    24  0.000000   2.270401   0.239047   0.077546
  2021     8     8    12    24 30.000000   2.270400   0.239046   0.077590
  2021     8     8    12    25  0.000000   2.270400   0.239046   0.077635
  2021     8     8    12    25 30.000000   2.270398   0.239045   0.077680
  2021     8     8    12    26  0.000000   2.270399   0.239045   0.077725
  2021     8     8    12    26 30.000000   2.270399   0.239045   0.077769
  2021     8     8    12    27  0.000000   2.270400   0.239046   0.077813
  2021     8     8    12    27 30.000000   2.270402   0.239047   0.077856
  2021     8     8    12    28  0.000000   2.270402   0.239047   0.077896
  2021     8     8    12    28 30.000000   2.270405   0.239048   0.077935
  2021     8     8    12    29  0.000000   2.270404   0.239047   0.077973
  2021     8     8    12    29 30.000000   2.270409   0.239049   0.078011
  2021     8     8    12    30  0.000000   2.270407   0.239048   0.078050
  2021     8     8    12    30 30.000000   2.270407   0.239048   0.078090
  2021     8     8    12    31  0.000000   2.270406   0.239048   0.078131
  2021     8     8    12    31 30.000000   2.270407   0.239048   0.078175
  2021     8     8    12    32  0.000000   2.270406   0.239048   0.078222
  2021     8     8    12    32 30.000000   2.270407   0.239048   0.078272
  2021     8     8    12    33  0.000000   2.270406   0.239048   0.078325
  2021     8     8    12    33 30.000000   2.270405   0.239047   0.078380
  2021     8     8    12    34  0.000000   2.270405   0.239047   0.078438
  2021     8     8    12    34 30.000000   2.270405   0.239047   0.078499
  2021     8     8    12    35  0.000000   2.270404   0.239046   0.078563
  2021     8     8    12    35 30.000000   2.270405   0.239047   0.078628
  2021     8     8    12    36  0.000000   2.270402   0.239046   0.078695
  2021     8     8    12    36 30.000000   2.270402   0.239046   0.078763
  2021     8     8    12    37  0.000000   2.270402   0.239046   0.078831
  2021     8     8    12    37 30.000000   2.270404   0.239046   0.078901
  2021     8     8    12    38  0.000000   2.270405   0.239046   0.078971
  2021     8     8    12    38 30.000000   2.270405   0.239046   0.079042
  2021     8     8    12    39  0.000000   2.270404   0.239046   0.079114
  2021     8     8    12    39 30.000000   2.270403   0.239046   0.079187
  2021     8     8    12    40  0.000000   2.270403   0.239046   0.079259
  2021     8     8    12    40 30.000000   2.270401   0.239045   0.079331
  2021     8     8    12    41  0.000000   2.270401   0.239044   0.079404
  2021     8     8    12    41 30.000000   2.270402   0.239045   0.079476
  2021     8     8    12    42  0.000000   2.270405   0.239046   0.079549
  2021     8     8    12    42 30.000000   2.270407   0.239047   0.079624
  2021     8     8    12    43  0.000000   2.270404   0.239045   0.079699
  2021     8     8    12    43 30.000000   2.270405   0.239046   0.079775
  2021     8     8    12    44  0.000000   2.270403   0.239045   0.079852
  2021     8     8    12    44 30.000000   2.270400   0.239044   0.079929
  2021     8     8    12    45  0.000000   2.270402   0.239045   0.080007
  2021     8     8    12    45 30.000000   2.270403   0.239045   0.080086
  2021     8     8    12    46  0.000000   2.270405   0.239046   0.080164
  2021     8     8    12    46 30.000000   2.270407   0.239046   0.080243
  2021     8     8    12    47  0.000000   2.270405   0.239046   0.080322
  2021     8     8    12    47 30.000000   2.270406   0.239046   0.080401
  2021     8     8    12    48  0.000000   2.270405   0.239045   0.080480
  2021     8     8    12    48 30.000000   2.270403   0.239045   0.080559
  2021     8     8    12    49  0.000000   2.270404   0.239045   0.080638
  2021     8     8    12    49 30.000000   2.270401   0.239043   0.080717
  2021     8     8    12    50  0.000000   2.270401   0.239044   0.080797
  2021     8     8    12    50 30.000000   2.270405   0.239045   0.080876
  2021     8     8    12    51  0.000000   2.270406   0.239045   0.080956
  2021     8     8    12    51 30.000000   2.270404   0.239045   0.081036
  2021     8     8    12    52  0.000000   2.270404   0.239045   0.081116
  2021     8     8    12    52 30.000000   2.270405   0.239045   0.081195
  2021     8     8    12    53  0.000000   2.270404   0.239045   0.081275
  2021     8     8    12    53 30.000000   2.270403   0.239044   0.081355
  2021     8     8    12    54  0.000000   2.270406   0.239045   0.081435
  2021     8     8    12    54 30.000000   2.270404   0.239044   0.081514
  2021     8     8    12    55  0.000000   2.270403   0.239044   0.081594
  2021     8     8    12    55 30.000000   2.270402   0.239043   0.081675
  2021     8     8    12    56  0.000000   2.270401   0.239043   0.081756
  2021     8     8    12    56 30.000000   2.270400   0.239042   0.081837
  2021     8     8    12    57  0.000000   2.270400   0.239042   0.081919
  2021     8     8    12    57 30.000000   2.270401   0.239043   0.082000
  2021     8     8    12    58  0.000000   2.270399   0.239042   0.082080
  2021     8     8    12    58 30.000000   2.270399   0.239041   0.082160
  2021     8     8    12    59  0.000000   2.270399   0.239042   0.082238
  2021     8     8    12    59 30.000000   2.270400   0.239042   0.082315
  2021     8     8    13     0  0.000000   2.270399   0.239041   0.082392
  2021     8     8    13     0 30.000000   2.270403   0.239043   0.082466
  2021     8     8    13     1  0.000000   2.270403   0.239043   0.082540
  2021     8     8    13     1 30.000000   2.270402   0.239043   0.082612
  2021     8     8    13     2  0.000000   2.270402   0.239042   0.082682
  2021     8     8    13     2 30.000000   2.270405   0.239044   0.082751
  2021     8     8    13     3  0.000000   2.270409   0.239045   0.082818
  2021     8     8    13     3 30.000000   2.270406   0.239044   0.082884
  2021     8     8    13     4  0.000000   2.270406   0.239044   0.082950
  2021     8     8    13     4 30.000000   2.270405   0.239043   0.083015
  2021     8     8    13     5  0.000000   2.270406   0.239044   0.083080
  2021     8     8    13     5 30.000000   2.270403   0.239042   0.083144
  2021     8     8    13     6  0.000000   2.270402   0.239042   0.083207
  2021     8     8    13     6 30.000000   2.270404   0.239043   0.083270
  2021     8     8    13     7  0.000000   2.270404   0.239043   0.083333
  2021     8     8    13     7 30.000000   2.270402   0.239042   0.083395
  2021     8     8    13     8  0.000000   2.270401   0.239041   0.083455
  2021     8     8    13     8 30.000000   2.270402   0.239042   0.083513
  2021     8     8    13     9  0.000000   2.270400   0.239041   0.083567
  2021     8     8    13     9 30.000000   2.270401   0.239041   0.083620
  2021     8     8    13    10  0.000000   2.270405   0.239043   0.083671
  2021     8     8    13    10 30.000000   2.270409   0.239044   0.083720
  2021     8     8    13    11  0.000000   2.270410   0.239045   0.083767
  2021     8     8    13    11 30.000000   2.270407   0.239044   0.083813
  2021     8     8    13    12  0.000000   2.270408   0.239044   0.083857
  2021     8     8    13    12 30.000000   2.270406   0.239043   0.083899
  2021     8     8    13    13  0.000000   2.270404   0.239042   0.083941
  2021     8     8    13    13 30.000000   2.270406   0.239043   0.083981
  2021     8     8    13    14  0.000000   2.270407   0.239043   0.084019
  2021     8     8    13    14 30.000000   2.270405   0.239042   0.084056
  2021     8     8    13    15  0.000000   2.270407   0.239043   0.084093
  2021     8     8    13    15 30.000000   2.270405   0.239042   0.084129
  2021     8     8    13    16  0.000000   2.270403   0.239041   0.084166
  2021     8     8    13    16 30.000000   2.270404   0.239042   0.084202
  2021     8     8    13    17  0.000000   2.270406   0.239042   0.084239
  2021     8     8    13    17 30.000000   2.270407   0.239043   0.084276
  2021     8     8    13    18  0.000000   2.270407   0.239042   0.084315
  2021     8     8    13    18 30.000000   2.270404   0.239041   0.084353
  2021     8     8    13    19  0.000000   2.270403   0.239041   0.084392
  2021     8     8    13    19 30.000000   2.270406   0.239042   0.084430
  2021     8     8    13    20  0.000000   2.270403   0.239041   0.084466
  2021     8     8    13    20 30.000000   2.270404   0.239041   0.084502
  2021     8     8    13    21  0.000000   2.270404   0.239041   0.084536
  2021     8     8    13    21 30.000000   2.270404   0.239041   0.084568
  2021     8     8    13    22  0.000000   2.270405   0.239041   0.084599
  2021     8     8    13    22 30.000000   2.270403   0.239040   0.084627
  2021     8     8    13    23  0.000000   2.270404   0.239041   0.084655
  2021     8     8    13    23 30.000000   2.270406   0.239042   0.084680
  2021     8     8    13    24  0.000000   2.270406   0.239042   0.084703
  2021     8     8    13    24 30.000000   2.270408   0.239042   0.084726
  2021     8     8    13    25  0.000000   2.270407   0.239042   0.084748
  2021     8     8    13    25 30.000000   2.270407   0.239042   0.084770
  2021     8     8    13    26  0.000000   2.270406   0.239041   0.084793
  2021     8     8    13    26 30.000000   2.270404   0.239040   0.084816
  2021     8     8    13    27  0.000000   2.270405   0.239041   0.084840
  2021     8     8    13    27 30.000000   2.270401   0.239039   0.084865
  2021     8     8    13    28  0.000000   2.270403   0.239040   0.084889
  2021     8     8    13    28 30.000000   2.270405   0.239040   0.084912
  2021     8     8    13    29  0.000000   2.270404   0.239040   0.084935
  2021     8     8    13    29 30.000000   2.270404   0.239040   0.084957
  2021     8     8    13    30  0.000000   2.270405   0.239040   0.084978
  2021     8     8    13    30 30.000000   2.270403   0.239039   0.084997
  2021     8     8    13    31  0.000000   2.270407   0.239041   0.085016
  2021     8     8    13    31 30.000000   2.270406   0.239041   0.085035
  2021     8     8    13    32  0.000000   2.270405   0.239040   0.085053
  2021     8     8    13    32 30.000000   2.270404   0.239040   0.085070
  2021     8     8    13    33  0.000000   2.270407   0.239041   0.085086
  2021     8     8    13    33 30.000000   2.270406   0.239040   0.085102
  2021     8     8    13    34  0.000000   2.270402   0.239038   0.085119
  2021     8     8    13    34 30.000000   2.270404   0.239039   0.085135
  2021     8     8    13    35  0.000000   2.270404   0.239039   0.085152
  2021     8     8    13    35 30.000000   2.270404   0.239039   0.085169
  2021     8     8    13    36  0.000000   2.270403   0.239038   0.085187
  2021     8     8    13    36 30.000000   2.270402   0.239038   0.085205
  2021     8     8    13    37  0.000000   2.270400   0.239037   0.085223
  2021     8     8    13    37 30.000000   2.270401   0.239038   0.085240
  2021     8     8    13    38  0.000000   2.270402   0.239038   0.085256
  2021     8     8    13    38 30.000000   2.270401   0.239037   0.085273
  2021     8     8    13    39  0.000000   2.270402   0.239038   0.085289
  2021     8     8    13    39 30.000000   2.270403   0.239038   0.085305
  2021     8     8    13    40  0.000000   2.270402   0.239038   0.085322
  2021     8     8    13    40 30.000000   2.270401   0.239037   0.085339
  2021     8     8    13    41  0.000000   2.270403   0.239038   0.085356
  2021     8     8    13    41 30.000000   2.270403   0.239038   0.085374
  2021     8     8    13    42  0.000000   2.270404   0.239038   0.085393
  2021     8     8    13    42 30.000000   2.270405   0.239039   0.085411
  2021     8     8    13    43  0.000000   2.270407   0.239039   0.085430
  2021     8     8    13    43 30.000000   2.270405   0.239039   0.085450
  2021     8     8    13    44  0.000000   2.270404   0.239038   0.085471
  2021     8     8    13    44 30.000000   2.270406   0.239039   0.085492
  2021     8     8    13    45  0.000000   2.270405   0.239038   0.085515
  2021     8     8    13    45 30.000000   2.270405   0.239038   0.085538
  2021     8     8    13    46  0.000000   2.270405   0.239039   0.085561
  2021     8     8    13    46 30.000000   2.270404   0.239038   0.085584
  2021     8     8    13    47  0.000000   2.270403   0.239037   0.085607
  2021     8     8    13    47 30.000000   2.270406   0.239038   0.085630
  2021     8     8    13    48  0.000000   2.270405   0.239038   0.085653
  2021     8     8    13    48 30.000000   2.270403   0.239037   0.085676
  2021     8     8    13    49  0.000000   2.270403   0.239037   0.085700
  2021     8     8    13    49 30.000000   2.270403   0.239037   0.085724
  2021     8     8    13    50  0.000000   2.270403   0.239037   0.085747
  2021     8     8    13    50 30.000000   2.270403   0.239037   0.085769
  2021     8     8    13    51  0.000000   2.270405   0.239038   0.085791
  2021     8     8    13    51 30.000000   2.270402   0.239036   0.085811
  2021     8     8    13    52  0.000000   2.270401   0.239036   0.085831
  2021     8     8    13    52 30.000000   2.270404   0.239037   0.085850
  2021     8     8    13    53  0.000000   2.270408   0.239039   0.085868
  2021     8     8    13    53 30.000000   2.270406   0.239038   0.085887
  2021     8     8    13    54  0.000000   2.270406   0.239038   0.085906
  2021     8     8    13    54 30.000000   2.270406   0.239038   0.085925
  2021     8     8    13    55  0.000000   2.270408   0.239039   0.085943
  2021     8     8    13    55 30.000000   2.270407   0.239038   0.085961
  2021     8     8    13    56  0.000000   2.270406   0.239038   0.085979
  2021     8     8    13    56 30.000000   2.270404   0.239037   0.085996
  2021     8     8    13    57  0.000000   2.270405   0.239037   0.086016
  2021     8     8    13    57 30.000000   2.270407   0.239038   0.086036
  2021     8     8    13    58  0.000000   2.270406   0.239037   0.086057
  2021     8     8    13    58 30.000000   2.270408   0.239038   0.086079
  2021     8     8    13    59  0.000000   2.270407   0.239037   0.086103
  2021     8     8    13    59 30.000000   2.270409   0.239038   0.086129
  2021     8     8    14     0  0.000000   2.270405   0.239037   0.086155
  2021     8     8    14     0 30.000000   2.270406   0.239037   0.086183
  2021     8     8    14     1  0.000000   2.270406   0.239037   0.086211
  2021     8     8    14     1 30.000000   2.270405   0.239036   0.086240
  2021     8     8    14     2  0.000000   2.270403   0.239036   0.086268
  2021     8     8    14     2 30.000000   2.270403   0.239035   0.086296
  2021     8     8    14     3  0.000000   2.270404   0.239036   0.086324
  2021     8     8    14     3 30.000000   2.270406   0.239037   0.086353
  2021     8     8    14     4  0.000000   2.270407   0.239037   0.086383
  2021     8     8    14     4 30.000000   2.270406   0.239037   0.086415
  2021     8     8    14     5  0.000000   2.270407   0.239037   0.086449
  2021     8     8    14     5 30.000000   2.270405   0.239036   0.086483
  2021     8     8    14     6  0.000000   2.270405   0.239036   0.086518
  2021     8     8    14     6 30.000000   2.270409   0.239037   0.086551
  2021     8     8    14     7  0.000000   2.270410   0.239038   0.086586
  2021     8     8    14     7 30.000000   2.270408   0.239037   0.086622
  2021     8     8    14     8  0.000000   2.270407   0.239037   0.086661
  2021     8     8    14     8 30.000000   2.270410   0.239038   0.086703
  2021     8     8    14     9  0.000000   2.270407   0.239036   0.086747
  2021     8     8    14     9 30.000000   2.270406   0.239036   0.086794
  2021     8     8    14    10  0.000000   2.270405   0.239036   0.086840
  2021     8     8    14    10 30.000000   2.270403   0.239034   0.086887
  2021     8     8    14    11  0.000000   2.270402   0.239034   0.086933
  2021     8     8    14    11 30.000000   2.270404   0.239035   0.086980
  2021     8     8    14    12  0.000000   2.270405   0.239035   0.087027
  2021     8     8    14    12 30.000000   2.270404   0.239034   0.087076
  2021     8     8    14    13  0.000000   2.270404   0.239035   0.087128
  2021     8     8    14    13 30.000000   2.270405   0.239035   0.087181
  2021     8     8    14    14  0.000000   2.270405   0.239035   0.087236
  2021     8     8    14    14 30.000000   2.270406   0.239035   0.087293
  2021     8     8    14    15  0.000000   2.270407   0.239035   0.087352
  2021     8     8    14    15 30.000000   2.270406   0.239035   0.087412
  2021     8     8    14    16  0.000000   2.270407   0.239036   0.087475
  2021     8     8    14    16 30.000000   2.270406   0.239035   0.087538
  2021     8     8    14    17  0.000000   2.270406   0.239035   0.087601
  2021     8     8    14    17 30.000000   2.270406   0.239035   0.087665
  2021     8     8    14    18  0.000000   2.270407   0.239035   0.087729
  2021     8     8    14    18 30.000000   2.270406   0.239035   0.087793
  2021     8     8    14    19  0.000000   2.270409   0.239036   0.087858
  2021     8     8    14    19 30.000000   2.270411   0.239037   0.087922
  2021     8     8    14    20  0.000000   2.270411   0.239037   0.087987
  2021     8     8    14    20 30.000000   2.270410   0.239036   0.088053
  2021     8     8    14    21  0.000000   2.270407   0.239035   0.088119
  2021     8     8    14    21 30.000000   2.270410   0.239036   0.088186
  2021     8     8    14    22  0.000000   2.270411   0.239036   0.088254
  2021     8     8    14    22 30.000000   2.270406   0.239034   0.088323
  2021     8     8    14    23  0.000000   2.270403   0.239033   0.088389
  2021     8     8    14    23 30.000000   2.270402   0.239033   0.088451
  2021     8     8    14    24  0.000000   2.270402   0.239033   0.088508
  2021     8     8    14    24 30.000000   2.270403   0.239033   0.088563
  2021     8     8    14    25  0.000000   2.270402   0.239032   0.088614
  2021     8     8    14    25 30.000000   2.270400   0.239031   0.088663
  2021     8     8    14    26  0.000000   2.270402   0.239032   0.088709
  2021     8     8    14    26 30.000000   2.270401   0.239032   0.088753
  2021     8     8    14    27  0.000000   2.270400   0.239031   0.088793
  2021     8     8    14    27 30.000000   2.270401   0.239031   0.088829
  2021     8     8    14    28  0.000000   2.270402   0.239032   0.088861
  2021     8     8    14    28 30.000000   2.270405   0.239033   0.088889
  2021     8     8    14    29  0.000000   2.270406   0.239034   0.088913
  2021     8     8    14    29 30.000000   2.270404   0.239033   0.088932
  2021     8     8    14    30  0.000000   2.270405   0.239033   0.088947
  2021     8     8    14    30 30.000000   2.270406   0.239033   0.088956
  2021     8     8    14    31  0.000000   2.270405   0.239033   0.088960
  2021     8     8    14    31 30.000000   2.270403   0.239032   0.088959
  2021     8     8    14    32  0.000000   2.270403   0.239032   0.088954
  2021     8     8    14    32 30.000000   2.270401   0.239031   0.088944
  2021     8     8    14    33  0.000000   2.270399   0.239030   0.088929
  2021     8     8    14    33 30.000000   2.270399   0.239030   0.088910
  2021     8     8    14    34  0.000000   2.270397   0.239029   0.088886
  2021     8     8    14    34 30.000000   2.270397   0.239029   0.088858
  2021     8     8    14    35  0.000000   2.270398   0.239029   0.088828
  2021     8     8    14    35 30.000000   2.270396   0.239028   0.088795
  2021     8     8    14    36  0.000000   2.270397   0.239029   0.088759
  2021     8     8    14    36 30.000000   2.270398   0.239029   0.088722
  2021     8     8    14    37  0.000000   2.270399   0.239029   0.088682
  2021     8     8    14    37 30.000000   2.270401   0.239030   0.088639
  2021     8     8    14    38  0.000000   2.270401   0.239030   0.088594
  2021     8     8    14    38 30.000000   2.270401   0.239030   0.088547
  2021     8     8    14    39  0.000000   2.270399   0.239029   0.088497
  2021     8     8    14    39 30.000000   2.270400   0.239030   0.088444
  2021     8     8    14    40  0.000000   2.270399   0.239029   0.088388
  2021     8     8    14    40 30.000000   2.270399   0.239029   0.088328
  2021     8     8    14    41  0.000000   2.270399   0.239029   0.088265
  2021     8     8    14    41 30.000000   2.270399   0.239029   0.088198
  2021     8     8    14    42  0.000000   2.270398   0.239029   0.088127
  2021     8     8    14    42 30.000000   2.270397   0.239028   0.088052
  2021     8     8    14    43  0.000000   2.270398   0.239028   0.087974
  2021     8     8    14    43 30.000000   2.270397   0.239028   0.087892
  2021     8     8    14    44  0.000000   2.270399   0.239028   0.087806
  2021     8     8    14    44 30.000000   2.270401   0.239029   0.087719
  2021     8     8    14    45  0.000000   2.270401   0.239030   0.087632
  2021     8     8    14    45 30.000000   2.270401   0.239029   0.087544
  2021     8     8    14    46  0.000000   2.270401   0.239029   0.087457
  2021     8     8    14    46 30.000000   2.270402   0.239030   0.087369
  2021     8     8    14    47  0.000000   2.270402   0.239030   0.087282
  2021     8     8    14    47 30.000000   2.270401   0.239029   0.087195
  2021     8     8    14    48  0.000000   2.270399   0.239028   0.087109
  2021     8     8    14    48 30.000000   2.270401   0.239029   0.087023
  2021     8     8    14    49  0.000000   2.270400   0.239028   0.086936
  2021     8     8    14    49 30.000000   2.270400   0.239028   0.086848
  2021     8     8    14    50  0.000000   2.270401   0.239029   0.086760
  2021     8     8    14    50 30.000000   2.270402   0.239029   0.086672
  2021     8     8    14    51  0.000000   2.270402   0.239029   0.086584
  2021     8     8    14    51 30.000000   2.270401   0.239029   0.086496
  2021     8     8    14    52  0.000000   2.270403   0.239029   0.086410
  2021     8     8    14    52 30.000000   2.270403   0.239029   0.086324
  2021     8     8    14    53  0.000000   2.270403   0.239029   0.086240
  2021     8     8    14    53 30.000000   2.270401   0.239028   0.086156
  2021     8     8    14    54  0.000000   2.270402   0.239029   0.086073
  2021     8     8    14    54 30.000000   2.270402   0.239029   0.085989
  2021     8     8    14    55  0.000000   2.270402   0.239029   0.085906
  2021     8     8    14    55 30.000000   2.270404   0.239030   0.085824
  2021     8     8    14    56  0.000000   2.270405   0.239030   0.085742
  2021     8     8    14    56 30.000000   2.270403   0.239029   0.085660
  2021     8     8    14    57  0.000000   2.270403   0.239029   0.085578
  2021     8     8    14    57 30.000000   2.270403   0.239029   0.085495
  2021     8     8    14    58  0.000000   2.270404   0.239029   0.085412
  2021     8     8    14    58 30.000000   2.270404   0.239029   0.085329
  2021     8     8    14    59  0.000000   2.270404   0.239029   0.085247
  2021     8     8    14    59 30.000000   2.270404   0.239029   0.085165
  2021     8     8    15     0  0.000000   2.270400   0.239027   0.085084
  2021     8     8    15     0 30.000000   2.270398   0.239026   0.085004
  2021     8     8    15     1  0.000000   2.270399   0.239027   0.084924
  2021     8     8    15     1 30.000000   2.270399   0.239026   0.084845
  2021     8     8    15     2  0.000000   2.270397   0.239025   0.084768
  2021     8     8    15     2 30.000000   2.270399   0.239027   0.084693
  2021     8     8    15     3  0.000000   2.270401   0.239027   0.084619
  2021     8     8    15     3 30.000000   2.270399   0.239026   0.084547
  2021     8     8    15     4  0.000000   2.270400   0.239027   0.084476
  2021     8     8    15     4 30.000000   2.270400   0.239027   0.084407
  2021     8     8    15     5  0.000000   2.270400   0.239026   0.084340
  2021     8     8    15     5 30.000000   2.270400   0.239027   0.084276
  2021     8     8    15     6  0.000000   2.270403   0.239028   0.084213
  2021     8     8    15     6 30.000000   2.270403   0.239028   0.084152
  2021     8     8    15     7  0.000000   2.270403   0.239028   0.084093
  2021     8     8    15     7 30.000000   2.270405   0.239029   0.084035
  2021     8     8    15     8  0.000000   2.270406   0.239029   0.083977
  2021     8     8    15     8 30.000000   2.270404   0.239028   0.083918
  2021     8     8    15     9  0.000000   2.270404   0.239028   0.083857
  2021     8     8    15     9 30.000000   2.270405   0.239028   0.083795
  2021     8     8    15    10  0.000000   2.270408   0.239029   0.083733
  2021     8     8    15    10 30.000000   2.270406   0.239029   0.083669
  2021     8     8    15    11  0.000000   2.270406   0.239028   0.083607
  2021     8     8    15    11 30.000000   2.270406   0.239028   0.083545
  2021     8     8    15    12  0.000000   2.270406   0.239028   0.083485
  2021     8     8    15    12 30.000000   2.270402   0.239027   0.083426
  2021     8     8    15    13  0.000000   2.270401   0.239026   0.083368
  2021     8     8    15    13 30.000000   2.270402   0.239026   0.083311
  2021     8     8    15    14  0.000000   2.270402   0.239026   0.083256
  2021     8     8    15    14 30.000000   2.270402   0.239026   0.083202
  2021     8     8    15    15  0.000000   2.270402   0.239026   0.083150
  2021     8     8    15    15 30.000000   2.270400   0.239025   0.083099
  2021     8     8    15    16  0.000000   2.270400   0.239025   0.083049
  2021     8     8    15    16 30.000000   2.270401   0.239025   0.082999
  2021     8     8    15    17  0.000000   2.270399   0.239025   0.082948
  2021     8     8    15    17 30.000000   2.270399   0.239025   0.082897
  2021     8     8    15    18  0.000000   2.270399   0.239024   0.082845
  2021     8     8    15    18 30.000000   2.270402   0.239026   0.082794
  2021     8     8    15    19  0.000000   2.270403   0.239026   0.082742
  2021     8     8    15    19 30.000000   2.270404   0.239027   0.082691
  2021     8     8    15    20  0.000000   2.270403   0.239026   0.082640
  2021     8     8    15    20 30.000000   2.270404   0.239026   0.082588
  2021     8     8    15    21  0.000000   2.270406   0.239027   0.082535
  2021     8     8    15    21 30.000000   2.270407   0.239028   0.082484
  2021     8     8    15    22  0.000000   2.270406   0.239027   0.082434
  2021     8     8    15    22 30.000000   2.270406   0.239027   0.082386
  2021     8     8    15    23  0.000000   2.270407   0.239027   0.082340
  2021     8     8    15    23 30.000000   2.270404   0.239026   0.082295
  2021     8     8    15    24  0.000000   2.270404   0.239026   0.082250
  2021     8     8    15    24 30.000000   2.270403   0.239026   0.082205
  2021     8     8    15    25  0.000000   2.270404   0.239026   0.082161
  2021     8     8    15    25 30.000000   2.270404   0.239026   0.082116
  2021     8     8    15    26  0.000000   2.270403   0.239025   0.082070
  2021     8     8    15    26 30.000000   2.270401   0.239024   0.082023
  2021     8     8    15    27  0.000000   2.270401   0.239024   0.081975
  2021     8     8    15    27 30.000000   2.270401   0.239024   0.081926
  2021     8     8    15    28  0.000000   2.270400   0.239024   0.081876
  2021     8     8    15    28 30.000000   2.270403   0.239025   0.081825
  2021     8     8    15    29  0.000000   2.270402   0.239025   0.081774
  2021     8     8    15    29 30.000000   2.270403   0.239025   0.081724
  2021     8     8    15    30  0.000000   2.270402   0.239024   0.081674
  2021     8     8    15    30 30.000000   2.270401   0.239024   0.081623
  2021     8     8    15    31  0.000000   2.270403   0.239025   0.081573
  2021     8     8    15    31 30.000000   2.270405   0.239025   0.081523
  2021     8     8    15    32  0.000000   2.270402   0.239024   0.081472
  2021     8     8    15    32 30.000000   2.270403   0.239025   0.081420
  2021     8     8    15    33  0.000000   2.270405   0.239025   0.081368
  2021     8     8    15    33 30.000000   2.270403   0.239024   0.081316
  2021     8     8    15    34  0.000000   2.270405   0.239025   0.081263
  2021     8     8    15    34 30.000000   2.270408   0.239026   0.081211
  2021     8     8    15    35  0.000000   2.270406   0.239026   0.081161
  2021     8     8    15    35 30.000000   2.270403   0.239024   0.081110
  2021     8     8    15    36  0.000000   2.270403   0.239024   0.081060
  2021     8     8    15    36 30.000000   2.270403   0.239024   0.081010
  2021     8     8    15    37  0.000000   2.270400   0.239023   0.080960
  2021     8     8    15    37 30.000000   2.270401   0.239023   0.080910
  2021     8     8    15    38  0.000000   2.270403   0.239024   0.080860
  2021     8     8    15    38 30.000000   2.270406   0.239025   0.080810
  2021     8     8    15    39  0.000000   2.270400   0.239023   0.080763
  2021     8     8    15    39 30.000000   2.270401   0.239023   0.080714
  2021     8     8    15    40  0.000000   2.270400   0.239022   0.080665
  2021     8     8    15    40 30.000000   2.270400   0.239022   0.080614
  2021     8     8    15    41  0.000000   2.270402   0.239023   0.080562
  2021     8     8    15    41 30.000000   2.270401   0.239023   0.080510
  2021     8     8    15    42  0.000000   2.270402   0.239023   0.080458
  2021     8     8    15    42 30.000000   2.270404   0.239024   0.080407
  2021     8     8    15    43  0.000000   2.270405   0.239024   0.080355
  2021     8     8    15    43 30.000000   2.270407   0.239025   0.080304
  2021     8     8    15    44  0.000000   2.270405   0.239024   0.080254
  2021     8     8    15    44 30.000000   2.270404   0.239024   0.080204
  2021     8     8    15    45  0.000000   2.270405   0.239024   0.080155
  2021     8     8    15    45 30.000000   2.270402   0.239022   0.080105
  2021     8     8    15    46  0.000000   2.270402   0.239022   0.080055
  2021     8     8    15    46 30.000000   2.270402   0.239022   0.080005
  2021     8     8    15    47  0.000000   2.270401   0.239022   0.079954
  2021     8     8    15    47 30.000000   2.270405   0.239023   0.079903
  2021     8     8    15    48  0.000000   2.270405   0.239024   0.079853
  2021     8     8    15    48 30.000000   2.270401   0.239022   0.079804
  2021     8     8    15    49  0.000000   2.270399   0.239021   0.079757
  2021     8     8    15    49 30.000000   2.270401   0.239022   0.079711
  2021     8     8    15    50  0.000000   2.270399   0.239021   0.079667
  2021     8     8    15    50 30.000000   2.270400   0.239021   0.079622
  2021     8     8    15    51  0.000000   2.270399   0.239021   0.079579
  2021     8     8    15    51 30.000000   2.270401   0.239022   0.079535
  2021     8     8    15    52  0.000000   2.270400   0.239021   0.079492
  2021     8     8    15    52 30.000000   2.270399   0.239021   0.079447
  2021     8     8    15    53  0.000000   2.270401   0.239021   0.079402
  2021     8     8    15    53 30.000000   2.270402   0.239021   0.079357
  2021     8     8    15    54  0.000000   2.270402   0.239022   0.079313
  2021     8     8    15    54 30.000000   2.270400   0.239020   0.079269
  2021     8     8    15    55  0.000000   2.270400   0.239021   0.079225
  2021     8     8    15    55 30.000000   2.270397   0.239019   0.079180
  2021     8     8    15    56  0.000000   2.270401   0.239021   0.079136
  2021     8     8    15    56 30.000000   2.270400   0.239020   0.079092
  2021     8     8    15    57  0.000000   2.270401   0.239021   0.079048
  2021     8     8    15    57 30.000000   2.270402   0.239021   0.079007
  2021     8     8    15    58  0.000000   2.270399   0.239019   0.078969
  2021     8     8    15    58 30.000000   2.270401   0.239020   0.078934
  2021     8     8    15    59  0.000000   2.270398   0.239019   0.078900
  2021     8     8    15    59 30.000000   2.270400   0.239020   0.078867
  2021     8     8    16     0  0.000000   2.270401   0.239020   0.078836
  2021     8     8    16     0 30.000000   2.270399   0.239019   0.078806
  2021     8     8    16     1  0.000000   2.270404   0.239021   0.078777
  2021     8     8    16     1 30.000000   2.270406   0.239022   0.078751
  2021     8     8    16     2  0.000000   2.270404   0.239022   0.078728
  2021     8     8    16     2 30.000000   2.270404   0.239021   0.078704
  2021     8     8    16     3  0.000000   2.270401   0.239020   0.078681
  2021     8     8    16     3 30.000000   2.270401   0.239020   0.078657
  2021     8     8    16     4  0.000000   2.270400   0.239020   0.078634
  2021     8     8    16     4 30.000000   2.270401   0.239020   0.078611
  2021     8     8    16     5  0.000000   2.270402   0.239020   0.078587
  2021     8     8    16     5 30.000000   2.270398   0.239018   0.078563
  2021     8     8    16     6  0.000000   2.270400   0.239019   0.078538
  2021     8     8    16     6 30.000000   2.270403   0.239021   0.078512
  2021     8     8    16     7  0.000000   2.270402   0.239020   0.078485
  2021     8     8    16     7 30.000000   2.270399   0.239019   0.078458
  2021     8     8    16     8  0.000000   2.270396   0.239017   0.078432
  2021     8     8    16     8 30.000000   2.270400   0.239019   0.078407
  2021     8     8    16     9  0.000000   2.270402   0.239020   0.078379
  2021     8     8    16     9 30.000000   2.270402   0.239019   0.078351
  2021     8     8    16    10  0.000000   2.270400   0.239019   0.078321
  2021     8     8    16    10 30.000000   2.270400   0.239019   0.078290
  2021     8     8    16    11  0.000000   2.270397   0.239017   0.078257
  2021     8     8    16    11 30.000000   2.270396   0.239017   0.078223
  2021     8     8    16    12  0.000000   2.270397   0.239017   0.078188
  2021     8     8    16    12 30.000000   2.270396   0.239017   0.078153
  2021     8     8    16    13  0.000000   2.270396   0.239016   0.078117
  2021     8     8    16    13 30.000000   2.270397   0.239017   0.078080
  2021     8     8    16    14  0.000000   2.270394   0.239016   0.078043
  2021     8     8    16    14 30.000000   2.270393   0.239015   0.078007
  2021     8     8    16    15  0.000000   2.270394   0.239016   0.077970
  2021     8     8    16    15 30.000000   2.270397   0.239017   0.077933
  2021     8     8    16    16  0.000000   2.270399   0.239017   0.077896
  2021     8     8    16    16 30.000000   2.270398   0.239017   0.077859
  2021     8     8    16    17  0.000000   2.270399   0.239017   0.077823
  2021     8     8    16    17 30.000000   2.270399   0.239017   0.077786
  2021     8     8    16    18  0.000000   2.270400   0.239018   0.077747
  2021     8     8    16    18 30.000000   2.270395   0.239015   0.077707
  2021     8     8    16    19  0.000000   2.270397   0.239016   0.077664
  2021     8     8    16    19 30.000000   2.270397   0.239016   0.077619
  2021     8     8    16    20  0.000000   2.270399   0.239017   0.077571
  2021     8     8    16    20 30.000000   2.270396   0.239016   0.077521
  2021     8     8    16    21  0.000000   2.270396   0.239016   0.077471
  2021     8     8    16    21 30.000000   2.270397   0.239016   0.077420
  2021     8     8    16    22  0.000000   2.270395   0.239015   0.077369
  2021     8     8    16    22 30.000000   2.270398   0.239016   0.077317
  2021     8     8    16    23  0.000000   2.270396   0.239015   0.077265
  2021     8     8    16    23 30.000000   2.270399   0.239016   0.077211
  2021     8     8    16    24  0.000000   2.270397   0.239016   0.077158
  2021     8     8    16    24 30.000000   2.270400   0.239017   0.077104
  2021     8     8    16    25  0.000000   2.270404   0.239019   0.077049
  2021     8     8    16    25 30.000000   2.270405   0.239019   0.076994
  2021     8     8    16    26  0.000000   2.270407   0.239020   0.076939
  2021     8     8    16    26 30.000000   2.270406   0.239019   0.076886
  2021     8     8    16    27  0.000000   2.270405   0.239019   0.076833
  2021     8     8    16    27 30.000000   2.270406   0.239019   0.076781
  2021     8     8    16    28  0.000000   2.270403   0.239018   0.076728
  2021     8     8    16    28 30.000000   2.270404   0.239018   0.076677
  2021     8     8    16    29  0.000000   2.270404   0.239018   0.076628
  2021     8     8    16    29 30.000000   2.270405   0.239018   0.076581
  2021     8     8    16    30  0.000000   2.270406   0.239019   0.076535
  2021     8     8    16    30 30.000000   2.270404   0.239018   0.076490
  2021     8     8    16    31  0.000000   2.270407   0.239019   0.076443
  2021     8     8    16    31 30.000000   2.270407   0.239019   0.076397
  2021     8     8    16    32  0.000000   2.270407   0.239019   0.076349
  2021     8     8    16    32 30.000000   2.270405   0.239018   0.076301
  2021     8     8    16    33  0.000000   2.270405   0.239018   0.076253
  2021     8     8    16    33 30.000000   2.270404   0.239018   0.076206
  2021     8     8    16    34  0.000000   2.270400   0.239016   0.076158
  2021     8     8    16    34 30.000000   2.270400   0.239016   0.076110
  2021     8     8    16    35  0.000000   2.270400   0.239016   0.076062
  2021     8     8    16    35 30.000000   2.270403   0.239017   0.076013
  2021     8     8    16    36  0.000000   2.270405   0.239018   0.075963
  2021     8     8    16    36 30.000000   2.270402   0.239016   0.075913
  2021     8     8    16    37  0.000000   2.270401   0.239016   0.075864
  2021     8     8    16    37 30.000000   2.270404   0.239017   0.075815
  2021     8     8    16    38  0.000000   2.270401   0.239016   0.075766
  2021     8     8    16    38 30.000000   2.270408   0.239019   0.075716
  2021     8     8    16    39  0.000000   2.270404   0.239017   0.075664
  2021     8     8    16    39 30.000000   2.270404   0.239017   0.075612
  2021     8     8    16    40  0.000000   2.270404   0.239017   0.075558
  2021     8     8    16    40 30.000000   2.270404   0.239017   0.075503
  2021     8     8    16    41  0.000000   2.270406   0.239017   0.075447
  2021     8     8    16    41 30.000000   2.270408   0.239018   0.075389
  2021     8     8    16    42  0.000000   2.270405   0.239017   0.075330
  2021     8     8    16    42 30.000000   2.270404   0.239017   0.075271
  2021     8     8    16    43  0.000000   2.270401   0.239015   0.075211
  2021     8     8    16    43 30.000000   2.270402   0.239015   0.075149
  2021     8     8    16    44  0.000000   2.270401   0.239015   0.075087
  2021     8     8    16    44 30.000000   2.270401   0.239015   0.075023
  2021     8     8    16    45  0.000000   2.270404   0.239016   0.074958
  2021     8     8    16    45 30.000000   2.270405   0.239016   0.074891
  2021     8     8    16    46  0.000000   2.270404   0.239016   0.074823
  2021     8     8    16    46 30.000000   2.270405   0.239017   0.074755
  2021     8     8    16    47  0.000000   2.270403   0.239015   0.074687
  2021     8     8    16    47 30.000000   2.270401   0.239015   0.074619
  2021     8     8    16    48  0.000000   2.270405   0.239016   0.074550
  2021     8     8    16    48 30.000000   2.270406   0.239017   0.074481
  2021     8     8    16    49  0.000000   2.270407   0.239017   0.074411
  2021     8     8    16    49 30.000000   2.270403   0.239015   0.074343
  2021     8     8    16    50  0.000000   2.270400   0.239014   0.074275
  2021     8     8    16    50 30.000000   2.270402   0.239015   0.074207
  2021     8     8    16    51  0.000000   2.270403   0.239015   0.074139
  2021     8     8    16    51 30.000000   2.270401   0.239014   0.074070
  2021     8     8    16    52  0.000000   2.270402   0.239014   0.074000
  2021     8     8    16    52 30.000000   2.270402   0.239014   0.073930
  2021     8     8    16    53  0.000000   2.270402   0.239015   0.073857
  2021     8     8    16    53 30.000000   2.270404   0.239015   0.073781
  2021     8     8    16    54  0.000000   2.270405   0.239016   0.073704
  2021     8     8    16    54 30.000000   2.270406   0.239016   0.073625
  2021     8     8    16    55  0.000000   2.270407   0.239016   0.073545
  2021     8     8    16    55 30.000000   2.270409   0.239017   0.073463
  2021     8     8    16    56  0.000000   2.270406   0.239016   0.073383
  2021     8     8    16    56 30.000000   2.270405   0.239015   0.073302
  2021     8     8    16    57  0.000000   2.270405   0.239015   0.073221
  2021     8     8    16    57 30.000000   2.270406   0.239016   0.073139
  2021     8     8    16    58  0.000000   2.270407   0.239016   0.073056
  2021     8     8    16    58 30.000000   2.270404   0.239015   0.072973
  2021     8     8    16    59  0.000000   2.270404   0.239015   0.072889
  2021     8     8    16    59 30.000000   2.270405   0.239015   0.072805
  2021     8     8    17     0  0.000000   2.270406   0.239015   0.072720
  2021     8     8    17     0 30.000000   2.270406   0.239015   0.072636
  2021     8     8    17     1  0.000000   2.270406   0.239015   0.072551
  2021     8     8    17     1 30.000000   2.270404   0.239014   0.072468
  2021     8     8    17     2  0.000000   2.270407   0.239015   0.072385
  2021     8     8    17     2 30.000000   2.270405   0.239014   0.072304
  2021     8     8    17     3  0.000000   2.270406   0.239015   0.072221
  2021     8     8    17     3 30.000000   2.270405   0.239014   0.072139
  2021     8     8    17     4  0.000000   2.270408   0.239016   0.072058
  2021     8     8    17     4 30.000000   2.270410   0.239016   0.071978
  2021     8     8    17     5  0.000000   2.270409   0.239016   0.071900
  2021     8     8    17     5 30.000000   2.270408   0.239016   0.071823
  2021     8     8    17     6  0.000000   2.270406   0.239015   0.071748
  2021     8     8    17     6 30.000000   2.270406   0.239015   0.071676
  2021     8     8    17     7  0.000000   2.270404   0.239013   0.071604
  2021     8     8    17     7 30.000000   2.270406   0.239014   0.071529
  2021     8     8    17     8  0.000000   2.270406   0.239014   0.071455
  2021     8     8    17     8 30.000000   2.270406   0.239014   0.071381
  2021     8     8    17     9  0.000000   2.270406   0.239014   0.071308
  2021     8     8    17     9 30.000000   2.270407   0.239014   0.071238
  2021     8     8    17    10  0.000000   2.270405   0.239014   0.071168
  2021     8     8    17    10 30.000000   2.270407   0.239014   0.071099
  2021     8     8    17    11  0.000000   2.270407   0.239014   0.071030
  2021     8     8    17    11 30.000000   2.270406   0.239014   0.070961
  2021     8     8    17    12  0.000000   2.270406   0.239014   0.070893
  2021     8     8    17    12 30.000000   2.270408   0.239015   0.070823
  2021     8     8    17    13  0.000000   2.270407   0.239014   0.070754
  2021     8     8    17    13 30.000000   2.270406   0.239014   0.070681
  2021     8     8    17    14  0.000000   2.270408   0.239014   0.070607
  2021     8     8    17    14 30.000000   2.270406   0.239014   0.070532
  2021     8     8    17    15  0.000000   2.270406   0.239013   0.070456
  2021     8     8    17    15 30.000000   2.270406   0.239014   0.070379
  2021     8     8    17    16  0.000000   2.270407   0.239014   0.070301
  2021     8     8    17    16 30.000000   2.270408   0.239014   0.070223
  2021     8     8    17    17  0.000000   2.270408   0.239014   0.070144
  2021     8     8    17    17 30.000000   2.270406   0.239013   0.070065
  2021     8     8    17    18  0.000000   2.270407   0.239013   0.069985
  2021     8     8    17    18 30.000000   2.270407   0.239013   0.069907
  2021     8     8    17    19  0.000000   2.270409   0.239014   0.069828
  2021     8     8    17    19 30.000000   2.270408   0.239014   0.069749
  2021     8     8    17    20  0.000000   2.270408   0.239014   0.069672
  2021     8     8    17    20 30.000000   2.270409   0.239014   0.069595
  2021     8     8    17    21  0.000000   2.270408   0.239014   0.069519
  2021     8     8    17    21 30.000000   2.270408   0.239014   0.069443
  2021     8     8    17    22  0.000000   2.270408   0.239014   0.069367
  2021     8     8    17    22 30.000000   2.270406   0.239012   0.069294
  2021     8     8    17    23  0.000000   2.270408   0.239013   0.069221
  2021     8     8    17    23 30.000000   2.270406   0.239013   0.069148
  2021     8     8    17    24  0.000000   2.270409   0.239014   0.069075
  2021     8     8    17    24 30.000000   2.270408   0.239013   0.069003
  2021     8     8    17    25  0.000000   2.270408   0.239013   0.068932
  2021     8     8    17    25 30.000000   2.270408   0.239013   0.068863
  2021     8     8    17    26  0.000000   2.270407   0.239013   0.068796
  2021     8     8    17    26 30.000000   2.270407   0.239013   0.068732
  2021     8     8    17    27  0.000000   2.270407   0.239012   0.068670
  2021     8     8    17    27 30.000000   2.270406   0.239012   0.068610
  2021     8     8    17    28  0.000000   2.270407   0.239012   0.068551
  2021     8     8    17    28 30.000000   2.270407   0.239012   0.068493
  2021     8     8    17    29  0.000000   2.270407   0.239012   0.068436
  2021     8     8    17    29 30.000000   2.270408   0.239013   0.068379
  2021     8     8    17    30  0.000000   2.270406   0.239012   0.068323
  2021     8     8    17    30 30.000000   2.270408   0.239013   0.068268
  2021     8     8    17    31  0.000000   2.270410   0.239013   0.068213
  2021     8     8    17    31 30.000000   2.270411   0.239013   0.068159
  2021     8     8    17    32  0.000000   2.270409   0.239013   0.068104
  2021     8     8    17    32 30.000000   2.270411   0.239014   0.068050
  2021     8     8    17    33  0.000000   2.270410   0.239013   0.067997
  2021     8     8    17    33 30.000000   2.270410   0.239013   0.067943
  2021     8     8    17    34  0.000000   2.270408   0.239012   0.067888
  2021     8     8    17    34 30.000000   2.270410   0.239013   0.067833
  2021     8     8    17    35  0.000000   2.270410   0.239013   0.067778
  2021     8     8    17    35 30.000000   2.270410   0.239013   0.067723
  2021     8     8    17    36  0.000000   2.270410   0.239013   0.067669
  2021     8     8    17    36 30.000000   2.270412   0.239013   0.067616
  2021     8     8    17    37  0.000000   2.270410   0.239013   0.067564
  2021     8     8    17    37 30.000000   2.270408   0.239012   0.067514
  2021     8     8    17    38  0.000000   2.270405   0.239010   0.067464
  2021     8     8    17    38 30.000000   2.270407   0.239011   0.067411
  2021     8     8    17    39  0.000000   2.270408   0.239011   0.067358
  2021     8     8    17    39 30.000000   2.270407   0.239011   0.067305
  2021     8     8    17    40  0.000000   2.270408   0.239011   0.067253
  2021     8     8    17    40 30.000000   2.270407   0.239011   0.067200
  2021     8     8    17    41  0.000000   2.270407   0.239011   0.067148
  2021     8     8    17    41 30.000000   2.270407   0.239011   0.067094
  2021     8     8    17    42  0.000000   2.270407   0.239011   0.067039
  2021     8     8    17    42 30.000000   2.270407   0.239011   0.066985
  2021     8     8    17    43  0.000000   2.270408   0.239011   0.066931
  2021     8     8    17    43 30.000000   2.270406   0.239010   0.066877
  2021     8     8    17    44  0.000000   2.270404   0.239009   0.066823
  2021     8     8    17    44 30.000000   2.270408   0.239011   0.066768
  2021     8     8    17    45  0.000000   2.270408   0.239011   0.066713
  2021     8     8    17    45 30.000000   2.270408   0.239010   0.066658
  2021     8     8    17    46  0.000000   2.270406   0.239010   0.066601
  2021     8     8    17    46 30.000000   2.270408   0.239011   0.066543
  2021     8     8    17    47  0.000000   2.270405   0.239009   0.066485
  2021     8     8    17    47 30.000000   2.270406   0.239010   0.066426
  2021     8     8    17    48  0.000000   2.270407   0.239010   0.066366
  2021     8     8    17    48 30.000000   2.270410   0.239011   0.066306
  2021     8     8    17    49  0.000000   2.270408   0.239010   0.066245
  2021     8     8    17    49 30.000000   2.270408   0.239010   0.066183
  2021     8     8    17    50  0.000000   2.270407   0.239010   0.066121
  2021     8     8    17    50 30.000000   2.270408   0.239010   0.066059
  2021     8     8    17    51  0.000000   2.270407   0.239010   0.065997
  2021     8     8    17    51 30.000000   2.270407   0.239009   0.065935
  2021     8     8    17    52  0.000000   2.270403   0.239008   0.065874
  2021     8     8    17    52 30.000000   2.270403   0.239007   0.065813
  2021     8     8    17    53  0.000000   2.270406   0.239009   0.065753
  2021     8     8    17    53 30.000000   2.270403   0.239008   0.065692
  2021     8     8    17    54  0.000000   2.270404   0.239008   0.065632
  2021     8     8    17    54 30.000000   2.270404   0.239008   0.065571
  2021     8     8    17    55  0.000000   2.270404   0.239008   0.065511
  2021     8     8    17    55 30.000000   2.270402   0.239007   0.065451
  2021     8     8    17    56  0.000000   2.270406   0.239009   0.065390
  2021     8     8    17    56 30.000000   2.270406   0.239008   0.065329
  2021     8     8    17    57  0.000000   2.270408   0.239009   0.065265
  2021     8     8    17    57 30.000000   2.270409   0.239010   0.065202
  2021     8     8    17    58  0.000000   2.270409   0.239009   0.065138
  2021     8     8    17    58 30.000000   2.270412   0.239011   0.065076
  2021     8     8    17    59  0.000000   2.270410   0.239010   0.065015
  2021     8     8    17    59 30.000000   2.270409   0.239009   0.064958
  2021     8     8    18     0  0.000000   2.270409   0.239009   0.064902
  2021     8     8    18     0 30.000000   2.270410   0.239010   0.064848
  2021     8     8    18     1  0.000000   2.270410   0.239010   0.064794
  2021     8     8    18     1 30.000000   2.270410   0.239010   0.064743
  2021     8     8    18     2  0.000000   2.270411   0.239010   0.064695
  2021     8     8    18     2 30.000000   2.270410   0.239010   0.064649
  2021     8     8    18     3  0.000000   2.270411   0.239010   0.064606
  2021     8     8    18     3 30.000000   2.270410   0.239010   0.064567
  2021     8     8    18     4  0.000000   2.270410   0.239009   0.064529
  2021     8     8    18     4 30.000000   2.270410   0.239009   0.064492
  2021     8     8    18     5  0.000000   2.270408   0.239009   0.064457
  2021     8     8    18     5 30.000000   2.270411   0.239010   0.064421
  2021     8     8    18     6  0.000000   2.270413   0.239011   0.064388
  2021     8     8    18     6 30.000000   2.270412   0.239010   0.064358
  2021     8     8    18     7  0.000000   2.270411   0.239010   0.064329
  2021     8     8    18     7 30.000000   2.270411   0.239010   0.064302
  2021     8     8    18     8  0.000000   2.270412   0.239010   0.064277
  2021     8     8    18     8 30.000000   2.270413   0.239010   0.064252
  2021     8     8    18     9  0.000000   2.270412   0.239010   0.064229
  2021     8     8    18     9 30.000000   2.270415   0.239011   0.064206
  2021     8     8    18    10  0.000000   2.270414   0.239010   0.064183
  2021     8     8    18    10 30.000000   2.270411   0.239009   0.064160
  2021     8     8    18    11  0.000000   2.270410   0.239009   0.064138
  2021     8     8    18    11 30.000000   2.270412   0.239009   0.064117
  2021     8     8    18    12  0.000000   2.270412   0.239009   0.064098
  2021     8     8    18    12 30.000000   2.270410   0.239008   0.064080
  2021     8     8    18    13  0.000000   2.270411   0.239009   0.064063
  2021     8     8    18    13 30.000000   2.270413   0.239009   0.064045
  2021     8     8    18    14  0.000000   2.270410   0.239008   0.064028
  2021     8     8    18    14 30.000000   2.270413   0.239009   0.064011
  2021     8     8    18    15  0.000000   2.270413   0.239009   0.063993
  2021     8     8    18    15 30.000000   2.270412   0.239009   0.063974
  2021     8     8    18    16  0.000000   2.270412   0.239009   0.063955
  2021     8     8    18    16 30.000000   2.270414   0.239010   0.063935
  2021     8     8    18    17  0.000000   2.270413   0.239009   0.063916
  2021     8     8    18    17 30.000000   2.270414   0.239009   0.063896
  2021     8     8    18    18  0.000000   2.270415   0.239010   0.063877
  2021     8     8    18    18 30.000000   2.270414   0.239009   0.063858
  2021     8     8    18    19  0.000000   2.270415   0.239010   0.063840
  2021     8     8    18    19 30.000000   2.270416   0.239010   0.063822
  2021     8     8    18    20  0.000000   2.270415   0.239010   0.063805
  2021     8     8    18    20 30.000000   2.270416   0.239010   0.063789
  2021     8     8    18    21  0.000000   2.270415   0.239010   0.063775
  2021     8     8    18    21 30.000000   2.270412   0.239008   0.063761
  2021     8     8    18    22  0.000000   2.270411   0.239008   0.063748
  2021     8     8    18    22 30.000000   2.270411   0.239008   0.063733
  2021     8     8    18    23  0.000000   2.270413   0.239009   0.063717
  2021     8     8    18    23 30.000000   2.270411   0.239008   0.063702
  2021     8     8    18    24  0.000000   2.270410   0.239007   0.063688
  2021     8     8    18    24 30.000000   2.270410   0.239007   0.063674
  2021     8     8    18    25  0.000000   2.270410   0.239007   0.063662
  2021     8     8    18    25 30.000000   2.270409   0.239006   0.063650
  2021     8     8    18    26  0.000000   2.270410   0.239007   0.063640
  2021     8     8    18    26 30.000000   2.270412   0.239008   0.063631
  2021     8     8    18    27  0.000000   2.270411   0.239007   0.063625
  2021     8     8    18    27 30.000000   2.270411   0.239007   0.063621
  2021     8     8    18    28  0.000000   2.270409   0.239006   0.063619
  2021     8     8    18    28 30.000000   2.270410   0.239006   0.063620
  2021     8     8    18    29  0.000000   2.270407   0.239005   0.063622
  2021     8     8    18    29 30.000000   2.270409   0.239006   0.063624
  2021     8     8    18    30  0.000000   2.270409   0.239006   0.063628
  2021     8     8    18    30 30.000000   2.270409   0.239006   0.063632
  2021     8     8    18    31  0.000000   2.270407   0.239005   0.063637
  2021     8     8    18    31 30.000000   2.270408   0.239005   0.063642
  2021     8     8    18    32  0.000000   2.270405   0.239004   0.063648
  2021     8     8    18    32 30.000000   2.270407   0.239005   0.063654
  2021     8     8    18    33  0.000000   2.270410   0.239006   0.063660
  2021     8     8    18    33 30.000000   2.270408   0.239005   0.063666
  2021     8     8    18    34  0.000000   2.270407   0.239004   0.063671
  2021     8     8    18    34 30.000000   2.270406   0.239004   0.063677
  2021     8     8    18    35  0.000000   2.270409   0.239005   0.063683
  2021     8     8    18    35 30.000000   2.270406   0.239004   0.063688
  2021     8     8    18    36  0.000000   2.270409   0.239005   0.063693
  2021     8     8    18    36 30.000000   2.270410   0.239006   0.063698
  2021     8     8    18    37  0.000000   2.270411   0.239006   0.063703
  2021     8     8    18    37 30.000000   2.270410   0.239006   0.063709
  2021     8     8    18    38  0.000000   2.270411   0.239006   0.063715
  2021     8     8    18    38 30.000000   2.270409   0.239005   0.063721
  2021     8     8    18    39  0.000000   2.270409   0.239005   0.063728
  2021     8     8    18    39 30.000000   2.270409   0.239005   0.063736
  2021     8     8    18    40  0.000000   2.270412   0.239006   0.063746
  2021     8     8    18    40 30.000000   2.270413   0.239006   0.063758
  2021     8     8    18    41  0.000000   2.270410   0.239005   0.063771
  2021     8     8    18    41 30.000000   2.270413   0.239006   0.063786
  2021     8     8    18    42  0.000000   2.270416   0.239007   0.063802
  2021     8     8    18    42 30.000000   2.270415   0.239007   0.063820
  2021     8     8    18    43  0.000000   2.270414   0.239006   0.063839
  2021     8     8    18    43 30.000000   2.270414   0.239006   0.063859
  2021     8     8    18    44  0.000000   2.270412   0.239006   0.063880
  2021     8     8    18    44 30.000000   2.270414   0.239006   0.063903
  2021     8     8    18    45  0.000000   2.270410   0.239004   0.063927
  2021     8     8    18    45 30.000000   2.270410   0.239005   0.063952
  2021     8     8    18    46  0.000000   2.270410   0.239004   0.063978
  2021     8     8    18    46 30.000000   2.270408   0.239003   0.064006
  2021     8     8    18    47  0.000000   2.270408   0.239003   0.064034
  2021     8     8    18    47 30.000000   2.270407   0.239003   0.064063
  2021     8     8    18    48  0.000000   2.270408   0.239003   0.064091
  2021     8     8    18    48 30.000000   2.270406   0.239002   0.064119
  2021     8     8    18    49  0.000000   2.270408   0.239003   0.064148
  2021     8     8    18    49 30.000000   2.270410   0.239004   0.064176
  2021     8     8    18    50  0.000000   2.270407   0.239003   0.064204
  2021     8     8    18    50 30.000000   2.270407   0.239002   0.064233
  2021     8     8    18    51  0.000000   2.270407   0.239003   0.064262
  2021     8     8    18    51 30.000000   2.270409   0.239003   0.064292
  2021     8     8    18    52  0.000000   2.270409   0.239003   0.064322
  2021     8     8    18    52 30.000000   2.270410   0.239003   0.064353
  2021     8     8    18    53  0.000000   2.270410   0.239003   0.064386
  2021     8     8    18    53 30.000000   2.270410   0.239003   0.064418
  2021     8     8    18    54  0.000000   2.270407   0.239002   0.064451
  2021     8     8    18    54 30.000000   2.270409   0.239003   0.064484
  2021     8     8    18    55  0.000000   2.270411   0.239004   0.064517
  2021     8     8    18    55 30.000000   2.270409   0.239003   0.064550
  2021     8     8    18    56  0.000000   2.270409   0.239003   0.064583
  2021     8     8    18    56 30.000000   2.270410   0.239003   0.064614
  2021     8     8    18    57  0.000000   2.270410   0.239003   0.064644
  2021     8     8    18    57 30.000000   2.270408   0.239002   0.064672
  2021     8     8    18    58  0.000000   2.270408   0.239002   0.064700
  2021     8     8    18    58 30.000000   2.270411   0.239003   0.064726
  2021     8     8    18    59  0.000000   2.270407   0.239001   0.064751
  2021     8     8    18    59 30.000000   2.270406   0.239001   0.064775
  2021     8     8    19     0  0.000000   2.270408   0.239002   0.064798
  2021     8     8    19     0 30.000000   2.270408   0.239002   0.064820
  2021     8     8    19     1  0.000000   2.270407   0.239001   0.064841
  2021     8     8    19     1 30.000000   2.270403   0.239000   0.064861
  2021     8     8    19     2  0.000000   2.270404   0.239000   0.064881
  2021     8     8    19     2 30.000000   2.270405   0.239000   0.064900
  2021     8     8    19     3  0.000000   2.270403   0.238999   0.064917
  2021     8     8    19     3 30.000000   2.270404   0.238999   0.064932
  2021     8     8    19     4  0.000000   2.270405   0.239000   0.064945
  2021     8     8    19     4 30.000000   2.270406   0.239001   0.064956
  2021     8     8    19     5  0.000000   2.270407   0.239001   0.064967
  2021     8     8    19     5 30.000000   2.270408   0.239001   0.064977
  2021     8     8    19     6  0.000000   2.270408   0.239001   0.064986
  2021     8     8    19     6 30.000000   2.270409   0.239001   0.064996
  2021     8     8    19     7  0.000000   2.270404   0.238999   0.065005
  2021     8     8    19     7 30.000000   2.270405   0.239000   0.065013
  2021     8     8    19     8  0.000000   2.270407   0.239000   0.065021
  2021     8     8    19     8 30.000000   2.270405   0.238999   0.065027
  2021     8     8    19     9  0.000000   2.270408   0.239001   0.065032
  2021     8     8    19     9 30.000000   2.270407   0.239000   0.065037
  2021     8     8    19    10  0.000000   2.270408   0.239001   0.065044
  2021     8     8    19    10 30.000000   2.270407   0.239000   0.065052
  2021     8     8    19    11  0.000000   2.270409   0.239001   0.065061
  2021     8     8    19    11 30.000000   2.270411   0.239002   0.065071
  2021     8     8    19    12  0.000000   2.270412   0.239002   0.065083
  2021     8     8    19    12 30.000000   2.270413   0.239003   0.065096
  2021     8     8    19    13  0.000000   2.270409   0.239001   0.065111
  2021     8     8    19    13 30.000000   2.270411   0.239002   0.065127
  2021     8     8    19    14  0.000000   2.270409   0.239001   0.065143
  2021     8     8    19    14 30.000000   2.270412   0.239002   0.065160
  2021     8     8    19    15  0.000000   2.270409   0.239001   0.065178
  2021     8     8    19    15 30.000000   2.270413   0.239002   0.065196
  2021     8     8    19    16  0.000000   2.270409   0.239000   0.065216
  2021     8     8    19    16 30.000000   2.270411   0.239001   0.065235
  2021     8     8    19    17  0.000000   2.270409   0.239000   0.065254
  2021     8     8    19    17 30.000000   2.270408   0.239000   0.065274
  2021     8     8    19    18  0.000000   2.270406   0.238999   0.065296
  2021     8     8    19    18 30.000000   2.270406   0.238999   0.065317
  2021     8     8    19    19  0.000000   2.270404   0.238998   0.065338
  2021     8     8    19    19 30.000000   2.270406   0.238999   0.065359
  2021     8     8    19    20  0.000000   2.270406   0.238999   0.065380
  2021     8     8    19    20 30.000000   2.270409   0.239000   0.065402
  2021     8     8    19    21  0.000000   2.270412   0.239001   0.065423
  2021     8     8    19    21 30.000000   2.270410   0.239000   0.065445
  2021     8     8    19    22  0.000000   2.270410   0.239000   0.065468
  2021     8     8    19    22 30.000000   2.270414   0.239002   0.065493
  2021     8     8    19    23  0.000000   2.270415   0.239002   0.065520
  2021     8     8    19    23 30.000000   2.270414   0.239002   0.065547
  2021     8     8    19    24  0.000000   2.270411   0.239000   0.065576
  2021     8     8    19    24 30.000000   2.270410   0.239000   0.065605
  2021     8     8    19    25  0.000000   2.270411   0.239000   0.065635
  2021     8     8    19    25 30.000000   2.270410   0.239000   0.065666
  2021     8     8    19    26  0.000000   2.270411   0.239000   0.065695
  2021     8     8    19    26 30.000000   2.270413   0.239001   0.065725
  2021     8     8    19    27  0.000000   2.270411   0.239000   0.065754
  2021     8     8    19    27 30.000000   2.270415   0.239002   0.065783
  2021     8     8    19    28  0.000000   2.270411   0.239000   0.065812
  2021     8     8    19    28 30.000000   2.270414   0.239001   0.065842
  2021     8     8    19    29  0.000000   2.270417   0.239002   0.065872
  2021     8     8    19    29 30.000000   2.270413   0.239000   0.065902
  2021     8     8    19    30  0.000000   2.270413   0.239000   0.065932
  2021     8     8    19    30 30.000000   2.270413   0.239001   0.065962
  2021     8     8    19    31  0.000000   2.270413   0.239001   0.065992
  2021     8     8    19    31 30.000000   2.270413   0.239000   0.066025
  2021     8     8    19    32  0.000000   2.270414   0.239001   0.066058
  2021     8     8    19    32 30.000000   2.270414   0.239001   0.066092
  2021     8     8    19    33  0.000000   2.270413   0.239000   0.066127
  2021     8     8    19    33 30.000000   2.270411   0.238999   0.066163
  2021     8     8    19    34  0.000000   2.270411   0.238999   0.066201
  2021     8     8    19    34 30.000000   2.270412   0.238999   0.066239
  2021     8     8    19    35  0.000000   2.270410   0.238999   0.066280
  2021     8     8    19    35 30.000000   2.270411   0.238999   0.066321
  2021     8     8    19    36  0.000000   2.270412   0.238999   0.066364
  2021     8     8    19    36 30.000000   2.270410   0.238999   0.066407
  2021     8     8    19    37  0.000000   2.270414   0.239000   0.066451
  2021     8     8    19    37 30.000000   2.270410   0.238998   0.066496
  2021     8     8    19    38  0.000000   2.270410   0.238998   0.066541
  2021     8     8    19    38 30.000000   2.270410   0.238998   0.066587
  2021     8     8    19    39  0.000000   2.270411   0.238998   0.066632
  2021     8     8    19    39 30.000000   2.270405   0.238996   0.066677
  2021     8     8    19    40  0.000000   2.270409   0.238997   0.066723
  2021     8     8    19    40 30.000000   2.270408   0.238997   0.066769
  2021     8     8    19    41  0.000000   2.270406   0.238996   0.066816
  2021     8     8    19    41 30.000000   2.270411   0.238998   0.066864
  2021     8     8    19    42  0.000000   2.270408   0.238997   0.066912
  2021     8     8    19    42 30.000000   2.270404   0.238995   0.066959
  2021     8     8    19    43  0.000000   2.270405   0.238995   0.067006
  2021     8     8    19    43 30.000000   2.270406   0.238996   0.067054
  2021     8     8    19    44  0.000000   2.270406   0.238996   0.067101
  2021     8     8    19    44 30.000000   2.270405   0.238995   0.067149
  2021     8     8    19    45  0.000000   2.270403   0.238994   0.067196
  2021     8     8    19    45 30.000000   2.270405   0.238995   0.067242
  2021     8     8    19    46  0.000000   2.270409   0.238997   0.067287
  2021     8     8    19    46 30.000000   2.270409   0.238997   0.067332
  2021     8     8    19    47  0.000000   2.270407   0.238996   0.067376
  2021     8     8    19    47 30.000000   2.270407   0.238996   0.067419
  2021     8     8    19    48  0.000000   2.270408   0.238996   0.067461
  2021     8     8    19    48 30.000000   2.270407   0.238996   0.067502
  2021     8     8    19    49  0.000000   2.270406   0.238995   0.067543
  2021     8     8    19    49 30.000000   2.270404   0.238994   0.067583
  2021     8     8    19    50  0.000000   2.270407   0.238995   0.067624
  2021     8     8    19    50 30.000000   2.270404   0.238994   0.067667
  2021     8     8    19    51  0.000000   2.270403   0.238994   0.067709
  2021     8     8    19    51 30.000000   2.270402   0.238993   0.067751
  2021     8     8    19    52  0.000000   2.270404   0.238994   0.067793
  2021     8     8    19    52 30.000000   2.270402   0.238993   0.067835
  2021     8     8    19    53  0.000000   2.270403   0.238993   0.067876
  2021     8     8    19    53 30.000000   2.270404   0.238994   0.067915
  2021     8     8    19    54  0.000000   2.270407   0.238995   0.067951
  2021     8     8    19    54 30.000000   2.270408   0.238995   0.067986
  2021     8     8    19    55  0.000000   2.270409   0.238996   0.068019
  2021     8     8    19    55 30.000000   2.270409   0.238996   0.068052
  2021     8     8    19    56  0.000000   2.270409   0.238995   0.068085
  2021     8     8    19    56 30.000000   2.270409   0.238995   0.068116
  2021     8     8    19    57  0.000000   2.270409   0.238996   0.068146
  2021     8     8    19    57 30.000000   2.270407   0.238995   0.068176
  2021     8     8    19    58  0.000000   2.270410   0.238996   0.068205
  2021     8     8    19    58 30.000000   2.270409   0.238995   0.068235
  2021     8     8    19    59  0.000000   2.270409   0.238995   0.068265
  2021     8     8    19    59 30.000000   2.270408   0.238995   0.068297
  2021     8     8    20     0  0.000000   2.270408   0.238995   0.068329
  2021     8     8    20     0 30.000000   2.270411   0.238996   0.068360
  2021     8     8    20     1  0.000000   2.270411   0.238996   0.068391
  2021     8     8    20     1 30.000000   2.270412   0.238996   0.068422
  2021     8     8    20     2  0.000000   2.270412   0.238996   0.068452
  2021     8     8    20     2 30.000000   2.270413   0.238996   0.068481
  2021     8     8    20     3  0.000000   2.270412   0.238996   0.068510
  2021     8     8    20     3 30.000000   2.270412   0.238996   0.068539
  2021     8     8    20     4  0.000000   2.270410   0.238995   0.068568
  2021     8     8    20     4 30.000000   2.270412   0.238996   0.068598
  2021     8     8    20     5  0.000000   2.270412   0.238996   0.068629
  2021     8     8    20     5 30.000000   2.270411   0.238996   0.068662
  2021     8     8    20     6  0.000000   2.270411   0.238995   0.068696
  2021     8     8    20     6 30.000000   2.270410   0.238995   0.068728
  2021     8     8    20     7  0.000000   2.270411   0.238995   0.068758
  2021     8     8    20     7 30.000000   2.270408   0.238994   0.068788
  2021     8     8    20     8  0.000000   2.270405   0.238992   0.068817
  2021     8     8    20     8 30.000000   2.270409   0.238994   0.068846
  2021     8     8    20     9  0.000000   2.270413   0.238996   0.068873
  2021     8     8    20     9 30.000000   2.270411   0.238995   0.068901
  2021     8     8    20    10  0.000000   2.270410   0.238994   0.068928
  2021     8     8    20    10 30.000000   2.270412   0.238995   0.068953
  2021     8     8    20    11  0.000000   2.270412   0.238995   0.068979
  2021     8     8    20    11 30.000000   2.270411   0.238995   0.069002
  2021     8     8    20    12  0.000000   2.270411   0.238994   0.069025
  2021     8     8    20    12 30.000000   2.270411   0.238994   0.069046
  2021     8     8    20    13  0.000000   2.270407   0.238993   0.069066
  2021     8     8    20    13 30.000000   2.270406   0.238992   0.069087
  2021     8     8    20    14  0.000000   2.270405   0.238992   0.069106
  2021     8     8    20    14 30.000000   2.270404   0.238991   0.069125
  2021     8     8    20    15  0.000000   2.270404   0.238991   0.069143
  2021     8     8    20    15 30.000000   2.270406   0.238992   0.069160
  2021     8     8    20    16  0.000000   2.270406   0.238992   0.069176
  2021     8     8    20    16 30.000000   2.270409   0.238993   0.069190
  2021     8     8    20    17  0.000000   2.270411   0.238994   0.069202
  2021     8     8    20    17 30.000000   2.270410   0.238994   0.069212
  2021     8     8    20    18  0.000000   2.270408   0.238993   0.069219
  2021     8     8    20    18 30.000000   2.270409   0.238993   0.069224
  2021     8     8    20    19  0.000000   2.270411   0.238994   0.069228
  2021     8     8    20    19 30.000000   2.270413   0.238995   0.069230
  2021     8     8    20    20  0.000000   2.270412   0.238994   0.069232
  2021     8     8    20    20 30.000000   2.270414   0.238995   0.069233
  2021     8     8    20    21  0.000000   2.270409   0.238993   0.069233
  2021     8     8    20    21 30.000000   2.270411   0.238993   0.069232
  2021     8     8    20    22  0.000000   2.270410   0.238993   0.069231
  2021     8     8    20    22 30.000000   2.270413   0.238994   0.069229
  2021     8     8    20    23  0.000000   2.270415   0.238995   0.069226
  2021     8     8    20    23 30.000000   2.270415   0.238995   0.069223
  2021     8     8    20    24  0.000000   2.270414   0.238994   0.069219
  2021     8     8    20    24 30.000000   2.270413   0.238994   0.069214
  2021     8     8    20    25  0.000000   2.270412   0.238993   0.069208
  2021     8     8    20    25 30.000000   2.270413   0.238994   0.069199
  2021     8     8    20    26  0.000000   2.270408   0.238992   0.069190
  2021     8     8    20    26 30.000000   2.270410   0.238992   0.069181
  2021     8     8    20    27  0.000000   2.270410   0.238992   0.069171
  2021     8     8    20    27 30.000000   2.270409   0.238992   0.069160
  2021     8     8    20    28  0.000000   2.270407   0.238991   0.069148
  2021     8     8    20    28 30.000000   2.270409   0.238992   0.069136
  2021     8     8    20    29  0.000000   2.270411   0.238993   0.069124
  2021     8     8    20    29 30.000000   2.270412   0.238993   0.069113
  2021     8     8    20    30  0.000000   2.270412   0.238993   0.069102
  2021     8     8    20    30 30.000000   2.270411   0.238993   0.069091
  2021     8     8    20    31  0.000000   2.270412   0.238993   0.069082
  2021     8     8    20    31 30.000000   2.270413   0.238993   0.069071
  2021     8     8    20    32  0.000000   2.270411   0.238992   0.069061
  2021     8     8    20    32 30.000000   2.270412   0.238993   0.069049
  2021     8     8    20    33  0.000000   2.270411   0.238992   0.069035
  2021     8     8    20    33 30.000000   2.270409   0.238991   0.069021
  2021     8     8    20    34  0.000000   2.270410   0.238991   0.069004
  2021     8     8    20    34 30.000000   2.270412   0.238992   0.068989
  2021     8     8    20    35  0.000000   2.270411   0.238992   0.068973
  2021     8     8    20    35 30.000000   2.270411   0.238992   0.068957
  2021     8     8    20    36  0.000000   2.270410   0.238991   0.068942
  2021     8     8    20    36 30.000000   2.270408   0.238990   0.068926
  2021     8     8    20    37  0.000000   2.270412   0.238992   0.068910
  2021     8     8    20    37 30.000000   2.270411   0.238992   0.068894
  2021     8     8    20    38  0.000000   2.270411   0.238992   0.068878
  2021     8     8    20    38 30.000000   2.270412   0.238992   0.068861
  2021     8     8    20    39  0.000000   2.270412   0.238992   0.068844
  2021     8     8    20    39 30.000000   2.270414   0.238993   0.068827
  2021     8     8    20    40  0.000000   2.270414   0.238992   0.068808
  2021     8     8    20    40 30.000000   2.270414   0.238992   0.068787
  2021     8     8    20    41  0.000000   2.270413   0.238992   0.068765
  2021     8     8    20    41 30.000000   2.270412   0.238992   0.068741
  2021     8     8    20    42  0.000000   2.270413   0.238992   0.068714
  2021     8     8    20    42 30.000000   2.270413   0.238992   0.068685
  2021     8     8    20    43  0.000000   2.270415   0.238993   0.068655
  2021     8     8    20    43 30.000000   2.270416   0.238993   0.068624
  2021     8     8    20    44  0.000000   2.270415   0.238993   0.068592
  2021     8     8    20    44 30.000000   2.270413   0.238992   0.068558
  2021     8     8    20    45  0.000000   2.270415   0.238992   0.068523
  2021     8     8    20    45 30.000000   2.270414   0.238992   0.068488
  2021     8     8    20    46  0.000000   2.270415   0.238992   0.068452
  2021     8     8    20    46 30.000000   2.270415   0.238992   0.068415
  2021     8     8    20    47  0.000000   2.270413   0.238991   0.068379
  2021     8     8    20    47 30.000000   2.270411   0.238991   0.068341
  2021     8     8    20    48  0.000000   2.270412   0.238991   0.068302
  2021     8     8    20    48 30.000000   2.270410   0.238990   0.068260
  2021     8     8    20    49  0.000000   2.270411   0.238990   0.068216
  2021     8     8    20    49 30.000000   2.270410   0.238990   0.068171
  2021     8     8    20    50  0.000000   2.270410   0.238990   0.068124
  2021     8     8    20    50 30.000000   2.270409   0.238989   0.068077
  2021     8     8    20    51  0.000000   2.270412   0.238991   0.068029
  2021     8     8    20    51 30.000000   2.270413   0.238991   0.067979
  2021     8     8    20    52  0.000000   2.270414   0.238991   0.067930
  2021     8     8    20    52 30.000000   2.270412   0.238990   0.067881
  2021     8     8    20    53  0.000000   2.270412   0.238990   0.067830
  2021     8     8    20    53 30.000000   2.270414   0.238991   0.067780
  2021     8     8    20    54  0.000000   2.270414   0.238991   0.067730
  2021     8     8    20    54 30.000000   2.270414   0.238991   0.067680
  2021     8     8    20    55  0.000000   2.270415   0.238991   0.067630
  2021     8     8    20    55 30.000000   2.270414   0.238991   0.067580
  2021     8     8    20    56  0.000000   2.270413   0.238990   0.067529
  2021     8     8    20    56 30.000000   2.270417   0.238992   0.067478
  2021     8     8    20    57  0.000000   2.270412   0.238990   0.067426
  2021     8     8    20    57 30.000000   2.270412   0.238990   0.067374
  2021     8     8    20    58  0.000000   2.270411   0.238989   0.067321
  2021     8     8    20    58 30.000000   2.270413   0.238990   0.067269
  2021     8     8    20    59  0.000000   2.270413   0.238990   0.067217
  2021     8     8    20    59 30.000000   2.270416   0.238991   0.067166
  2021     8     8    21     0  0.000000   2.270414   0.238990   0.067117
  2021     8     8    21     0 30.000000   2.270416   0.238991   0.067067
  2021     8     8    21     1  0.000000   2.270417   0.238991   0.067020
  2021     8     8    21     1 30.000000   2.270418   0.238992   0.066974
  2021     8     8    21     2  0.000000   2.270418   0.238992   0.066928
  2021     8     8    21     2 30.000000   2.270417   0.238991   0.066885
  2021     8     8    21     3  0.000000   2.270419   0.238992   0.066842
  2021     8     8    21     3 30.000000   2.270416   0.238991   0.066801
  2021     8     8    21     4  0.000000   2.270416   0.238991   0.066762
  2021     8     8    21     4 30.000000   2.270418   0.238991   0.066726
  2021     8     8    21     5  0.000000   2.270416   0.238990   0.066691
  2021     8     8    21     5 30.000000   2.270419   0.238992   0.066655
  2021     8     8    21     6  0.000000   2.270415   0.238990   0.066621
  2021     8     8    21     6 30.000000   2.270415   0.238990   0.066585
  2021     8     8    21     7  0.000000   2.270417   0.238991   0.066550
  2021     8     8    21     7 30.000000   2.270415   0.238990   0.066516
  2021     8     8    21     8  0.000000   2.270416   0.238990   0.066483
  2021     8     8    21     8 30.000000   2.270412   0.238988   0.066451
  2021     8     8    21     9  0.000000   2.270414   0.238989   0.066419
  2021     8     8    21     9 30.000000   2.270415   0.238990   0.066388
  2021     8     8    21    10  0.000000   2.270414   0.238989   0.066357
  2021     8     8    21    10 30.000000   2.270415   0.238989   0.066325
  2021     8     8    21    11  0.000000   2.270413   0.238989   0.066294
  2021     8     8    21    11 30.000000   2.270414   0.238989   0.066263
  2021     8     8    21    12  0.000000   2.270411   0.238987   0.066232
  2021     8     8    21    12 30.000000   2.270418   0.238991   0.066203
  2021     8     8    21    13  0.000000   2.270416   0.238990   0.066174
  2021     8     8    21    13 30.000000   2.270415   0.238989   0.066146
  2021     8     8    21    14  0.000000   2.270412   0.238988   0.066119
  2021     8     8    21    14 30.000000   2.270414   0.238988   0.066092
  2021     8     8    21    15  0.000000   2.270414   0.238989   0.066063
  2021     8     8    21    15 30.000000   2.270416   0.238989   0.066032
  2021     8     8    21    16  0.000000   2.270416   0.238989   0.065999
  2021     8     8    21    16 30.000000   2.270415   0.238989   0.065964
  2021     8     8    21    17  0.000000   2.270413   0.238988   0.065928
  2021     8     8    21    17 30.000000   2.270415   0.238989   0.065892
  2021     8     8    21    18  0.000000   2.270417   0.238989   0.065858
  2021     8     8    21    18 30.000000   2.270415   0.238989   0.065823
  2021     8     8    21    19  0.000000   2.270416   0.238989   0.065789
  2021     8     8    21    19 30.000000   2.270414   0.238988   0.065753
  2021     8     8    21    20  0.000000   2.270412   0.238987   0.065715
  2021     8     8    21    20 30.000000   2.270415   0.238988   0.065676
  2021     8     8    21    21  0.000000   2.270416   0.238989   0.065636
  2021     8     8    21    21 30.000000   2.270417   0.238989   0.065593
  2021     8     8    21    22  0.000000   2.270415   0.238988   0.065549
  2021     8     8    21    22 30.000000   2.270416   0.238989   0.065504
  2021     8     8    21    23  0.000000   2.270416   0.238989   0.065459
  2021     8     8    21    23 30.000000   2.270416   0.238988   0.065415
  2021     8     8    21    24  0.000000   2.270417   0.238989   0.065370
  2021     8     8    21    24 30.000000   2.270418   0.238989   0.065324
  2021     8     8    21    25  0.000000   2.270419   0.238989   0.065278
  2021     8     8    21    25 30.000000   2.270419   0.238990   0.065233
  2021     8     8    21    26  0.000000   2.270417   0.238988   0.065190
  2021     8     8    21    26 30.000000   2.270417   0.238988   0.065146
  2021     8     8    21    27  0.000000   2.270418   0.238989   0.065100
  2021     8     8    21    27 30.000000   2.270418   0.238989   0.065054
  2021     8     8    21    28  0.000000   2.270415   0.238988   0.065005
  2021     8     8    21    28 30.000000   2.270417   0.238988   0.064954
  2021     8     8    21    29  0.000000   2.270419   0.238989   0.064905
  2021     8     8    21    29 30.000000   2.270418   0.238988   0.064856
  2021     8     8    21    30  0.000000   2.270415   0.238987   0.064808
  2021     8     8    21    30 30.000000   2.270416   0.238988   0.064761
  2021     8     8    21    31  0.000000   2.270414   0.238987   0.064715
  2021     8     8    21    31 30.000000   2.270413   0.238986   0.064666
  2021     8     8    21    32  0.000000   2.270413   0.238986   0.064619
  2021     8     8    21    32 30.000000   2.270413   0.238986   0.064571
  2021     8     8    21    33  0.000000   2.270415   0.238987   0.064522
  2021     8     8    21    33 30.000000   2.270415   0.238987   0.064474
  2021     8     8    21    34  0.000000   2.270416   0.238987   0.064425
  2021     8     8    21    34 30.000000   2.270417   0.238987   0.064377
  2021     8     8    21    35  0.000000   2.270416   0.238987   0.064329
  2021     8     8    21    35 30.000000   2.270416   0.238987   0.064282
  2021     8     8    21    36  0.000000   2.270417   0.238987   0.064234
  2021     8     8    21    36 30.000000   2.270416   0.238987   0.064187
  2021     8     8    21    37  0.000000   2.270417   0.238987   0.064139
  2021     8     8    21    37 30.000000   2.270419   0.238988   0.064089
  2021     8     8    21    38  0.000000   2.270417   0.238987   0.064040
  2021     8     8    21    38 30.000000   2.270417   0.238987   0.063990
  2021     8     8    21    39  0.000000   2.270418   0.238987   0.063939
  2021     8     8    21    39 30.000000   2.270418   0.238987   0.063889
  2021     8     8    21    40  0.000000   2.270419   0.238988   0.063837
  2021     8     8    21    40 30.000000   2.270418   0.238987   0.063786
  2021     8     8    21    41  0.000000   2.270417   0.238987   0.063736
  2021     8     8    21    41 30.000000   2.270416   0.238986   0.063683
  2021     8     8    21    42  0.000000   2.270416   0.238986   0.063628
  2021     8     8    21    42 30.000000   2.270417   0.238987   0.063570
  2021     8     8    21    43  0.000000   2.270417   0.238987   0.063511
  2021     8     8    21    43 30.000000   2.270416   0.238986   0.063450
  2021     8     8    21    44  0.000000   2.270415   0.238986   0.063386
  2021     8     8    21    44 30.000000   2.270414   0.238985   0.063322
  2021     8     8    21    45  0.000000   2.270414   0.238985   0.063258
  2021     8     8    21    45 30.000000   2.270411   0.238983   0.063194
  2021     8     8    21    46  0.000000   2.270410   0.238983   0.063128
  2021     8     8    21    46 30.000000   2.270411   0.238983   0.063060
  2021     8     8    21    47  0.000000   2.270410   0.238983   0.062990
  2021     8     8    21    47 30.000000   2.270413   0.238984   0.062918
  2021     8     8    21    48  0.000000   2.270412   0.238984   0.062846
  2021     8     8    21    48 30.000000   2.270413   0.238984   0.062772
  2021     8     8    21    49  0.000000   2.270415   0.238985   0.062697
  2021     8     8    21    49 30.000000   2.270418   0.238986   0.062623
  2021     8     8    21    50  0.000000   2.270416   0.238985   0.062548
  2021     8     8    21    50 30.000000   2.270414   0.238984   0.062474
  2021     8     8    21    51  0.000000   2.270413   0.238984   0.062400
  2021     8     8    21    51 30.000000   2.270413   0.238984   0.062326
  2021     8     8    21    52  0.000000   2.270412   0.238983   0.062250
  2021     8     8    21    52 30.000000   2.270412   0.238983   0.062172
  2021     8     8    21    53  0.000000   2.270413   0.238984   0.062093
  2021     8     8    21    53 30.000000   2.270414   0.238984   0.062011
  2021     8     8    21    54  0.000000   2.270415   0.238985   0.061928
  2021     8     8    21    54 30.000000   2.270415   0.238984   0.061844
  2021     8     8    21    55  0.000000   2.270418   0.238985   0.061760
  2021     8     8    21    55 30.000000   2.270418   0.238986   0.061675
  2021     8     8    21    56  0.000000   2.270416   0.238984   0.061590
  2021     8     8    21    56 30.000000   2.270414   0.238984   0.061503
  2021     8     8    21    57  0.000000   2.270415   0.238984   0.061415
  2021     8     8    21    57 30.000000   2.270419   0.238986   0.061327
  2021     8     8    21    58  0.000000   2.270418   0.238985   0.061238
  2021     8     8    21    58 30.000000   2.270417   0.238985   0.061151
  2021     8     8    21    59  0.000000   2.270419   0.238985   0.061064
  2021     8     8    21    59 30.000000   2.270418   0.238985   0.060977
  2021     8     8    22     0  0.000000   2.270417   0.238985   0.060892
  2021     8     8    22     0 30.000000   2.270418   0.238985   0.060808
  2021     8     8    22     1  0.000000   2.270419   0.238985   0.060726
  2021     8     8    22     1 30.000000   2.270422   0.238987   0.060645
  2021     8     8    22     2  0.000000   2.270421   0.238986   0.060566
  2021     8     8    22     2 30.000000   2.270421   0.238986   0.060489
  2021     8     8    22     3  0.000000   2.270420   0.238986   0.060414
  2021     8     8    22     3 30.000000   2.270419   0.238985   0.060340
  2021     8     8    22     4  0.000000   2.270418   0.238984   0.060267
  2021     8     8    22     4 30.000000   2.270417   0.238984   0.060194
  2021     8     8    22     5  0.000000   2.270419   0.238985   0.060122
  2021     8     8    22     5 30.000000   2.270416   0.238984   0.060051
  2021     8     8    22     6  0.000000   2.270418   0.238984   0.059980
  2021     8     8    22     6 30.000000   2.270418   0.238984   0.059910
  2021     8     8    22     7  0.000000   2.270419   0.238984   0.059841
  2021     8     8    22     7 30.000000   2.270419   0.238984   0.059772
  2021     8     8    22     8  0.000000   2.270419   0.238984   0.059704
  2021     8     8    22     8 30.000000   2.270418   0.238984   0.059637
  2021     8     8    22     9  0.000000   2.270417   0.238983   0.059569
  2021     8     8    22     9 30.000000   2.270419   0.238984   0.059502
  2021     8     8    22    10  0.000000   2.270419   0.238984   0.059435
  2021     8     8    22    10 30.000000   2.270419   0.238984   0.059368
  2021     8     8    22    11  0.000000   2.270418   0.238984   0.059302
  2021     8     8    22    11 30.000000   2.270417   0.238983   0.059238
  2021     8     8    22    12  0.000000   2.270418   0.238983   0.059174
  2021     8     8    22    12 30.000000   2.270415   0.238982   0.059111
  2021     8     8    22    13  0.000000   2.270415   0.238982   0.059049
  2021     8     8    22    13 30.000000   2.270417   0.238983   0.058987
  2021     8     8    22    14  0.000000   2.270415   0.238982   0.058927
  2021     8     8    22    14 30.000000   2.270416   0.238982   0.058867
  2021     8     8    22    15  0.000000   2.270418   0.238983   0.058808
  2021     8     8    22    15 30.000000   2.270414   0.238982   0.058749
  2021     8     8    22    16  0.000000   2.270414   0.238982   0.058691
  2021     8     8    22    16 30.000000   2.270418   0.238983   0.058633
  2021     8     8    22    17  0.000000   2.270417   0.238983   0.058576
  2021     8     8    22    17 30.000000   2.270416   0.238982   0.058520
  2021     8     8    22    18  0.000000   2.270416   0.238982   0.058464
  2021     8     8    22    18 30.000000   2.270418   0.238983   0.058408
  2021     8     8    22    19  0.000000   2.270416   0.238982   0.058353
  2021     8     8    22    19 30.000000   2.270416   0.238982   0.058297
  2021     8     8    22    20  0.000000   2.270416   0.238982   0.058239
  2021     8     8    22    20 30.000000   2.270417   0.238982   0.058182
  2021     8     8    22    21  0.000000   2.270416   0.238982   0.058122
  2021     8     8    22    21 30.000000   2.270418   0.238983   0.058062
  2021     8     8    22    22  0.000000   2.270418   0.238983   0.058001
  2021     8     8    22    22 30.000000   2.270420   0.238983   0.057940
  2021     8     8    22    23  0.000000   2.270421   0.238984   0.057879
  2021     8     8    22    23 30.000000   2.270419   0.238983   0.057820
  2021     8     8    22    24  0.000000   2.270420   0.238983   0.057761
  2021     8     8    22    24 30.000000   2.270417   0.238982   0.057703
  2021     8     8    22    25  0.000000   2.270416   0.238981   0.057646
  2021     8     8    22    25 30.000000   2.270417   0.238982   0.057589
  2021     8     8    22    26  0.000000   2.270415   0.238981   0.057531
  2021     8     8    22    26 30.000000   2.270416   0.238981   0.057472
  2021     8     8    22    27  0.000000   2.270416   0.238981   0.057413
  2021     8     8    22    27 30.000000   2.270416   0.238981   0.057353
  2021     8     8    22    28  0.000000   2.270415   0.238981   0.057292
  2021     8     8    22    28 30.000000   2.270417   0.238981   0.057232
  2021     8     8    22    29  0.000000   2.270418   0.238981   0.057171
  2021     8     8    22    29 30.000000   2.270417   0.238981   0.057110
  2021     8     8    22    30  0.000000   2.270417   0.238981   0.057050
  2021     8     8    22    30 30.000000   2.270416   0.238980   0.056991
  2021     8     8    22    31  0.000000   2.270415   0.238980   0.056932
  2021     8     8    22    31 30.000000   2.270416   0.238980   0.056874
  2021     8     8    22    32  0.000000   2.270412   0.238979   0.056818
  2021     8     8    22    32 30.000000   2.270414   0.238979   0.056762
  2021     8     8    22    33  0.000000   2.270414   0.238979   0.056706
  2021     8     8    22    33 30.000000   2.270414   0.238979   0.056651
  2021     8     8    22    34  0.000000   2.270414   0.238980   0.056597
  2021     8     8    22    34 30.000000   2.270415   0.238980   0.056544
  2021     8     8    22    35  0.000000   2.270416   0.238980   0.056490
  2021     8     8    22    35 30.000000   2.270418   0.238981   0.056438
  2021     8     8    22    36  0.000000   2.270419   0.238981   0.056387
  2021     8     8    22    36 30.000000   2.270420   0.238981   0.056338
  2021     8     8    22    37  0.000000   2.270419   0.238981   0.056291
  2021     8     8    22    37 30.000000   2.270418   0.238981   0.056245
  2021     8     8    22    38  0.000000   2.270419   0.238981   0.056200
  2021     8     8    22    38 30.000000   2.270418   0.238980   0.056156
  2021     8     8    22    39  0.000000   2.270415   0.238979   0.056113
  2021     8     8    22    39 30.000000   2.270417   0.238980   0.056071
  2021     8     8    22    40  0.000000   2.270418   0.238980   0.056029
  2021     8     8    22    40 30.000000   2.270418   0.238980   0.055988
  2021     8     8    22    41  0.000000   2.270419   0.238981   0.055947
  2021     8     8    22    41 30.000000   2.270416   0.238979   0.055907
  2021     8     8    22    42  0.000000   2.270415   0.238979   0.055867
  2021     8     8    22    42 30.000000   2.270415   0.238979   0.055826
  2021     8     8    22    43  0.000000   2.270416   0.238979   0.055786
  2021     8     8    22    43 30.000000   2.270416   0.238979   0.055746
  2021     8     8    22    44  0.000000   2.270416   0.238979   0.055707
  2021     8     8    22    44 30.000000   2.270415   0.238979   0.055669
  2021     8     8    22    45  0.000000   2.270416   0.238979   0.055632
  2021     8     8    22    45 30.000000   2.270418   0.238980   0.055594
  2021     8     8    22    46  0.000000   2.270415   0.238978   0.055556
  2021     8     8    22    46 30.000000   2.270415   0.238978   0.055517
  2021     8     8    22    47  0.000000   2.270416   0.238979   0.055478
  2021     8     8    22    47 30.000000   2.270418   0.238979   0.055438
  2021     8     8    22    48  0.000000   2.270417   0.238979   0.055398
  2021     8     8    22    48 30.000000   2.270417   0.238979   0.055360
  2021     8     8    22    49  0.000000   2.270413   0.238977   0.055321
  2021     8     8    22    49 30.000000   2.270413   0.238977   0.055281
  2021     8     8    22    50  0.000000   2.270416   0.238978   0.055239
  2021     8     8    22    50 30.000000   2.270413   0.238977   0.055197
  2021     8     8    22    51  0.000000   2.270413   0.238977   0.055155
  2021     8     8    22    51 30.000000   2.270415   0.238978   0.055112
  2021     8     8    22    52  0.000000   2.270414   0.238977   0.055070
  2021     8     8    22    52 30.000000   2.270414   0.238977   0.055029
  2021     8     8    22    53  0.000000   2.270413   0.238977   0.054988
  2021     8     8    22    53 30.000000   2.270412   0.238976   0.054948
  2021     8     8    22    54  0.000000   2.270413   0.238977   0.054908
  2021     8     8    22    54 30.000000   2.270413   0.238976   0.054869
  2021     8     8    22    55  0.000000   2.270413   0.238976   0.054831
  2021     8     8    22    55 30.000000   2.270416   0.238978   0.054797
  2021     8     8    22    56  0.000000   2.270414   0.238977   0.054764
  2021     8     8    22    56 30.000000   2.270415   0.238977   0.054734
  2021     8     8    22    57  0.000000   2.270413   0.238976   0.054704
  2021     8     8    22    57 30.000000   2.270413   0.238976   0.054676
  2021     8     8    22    58  0.000000   2.270413   0.238976   0.054649
  2021     8     8    22    58 30.000000   2.270413   0.238976   0.054623
  2021     8     8    22    59  0.000000   2.270412   0.238975   0.054598
  2021     8     8    22    59 30.000000   2.270410   0.238975   0.054572
  2021     8     8    23     0  0.000000   2.270412   0.238975   0.054546
  2021     8     8    23     0 30.000000   2.270413   0.238976   0.054521
  2021     8     8    23     1  0.000000   2.270412   0.238975   0.054496
  2021     8     8    23     1 30.000000   2.270416   0.238977   0.054472
  2021     8     8    23     2  0.000000   2.270415   0.238976   0.054448
  2021     8     8    23     2 30.000000   2.270413   0.238976   0.054423
  2021     8     8    23     3  0.000000   2.270412   0.238975   0.054400
  2021     8     8    23     3 30.000000   2.270415   0.238976   0.054377
  2021     8     8    23     4  0.000000   2.270414   0.238976   0.054357
  2021     8     8    23     4 30.000000   2.270412   0.238975   0.054336
  2021     8     8    23     5  0.000000   2.270413   0.238975   0.054316
  2021     8     8    23     5 30.000000   2.270415   0.238976   0.054296
  2021     8     8    23     6  0.000000   2.270416   0.238976   0.054276
  2021     8     8    23     6 30.000000   2.270413   0.238975   0.054255
  2021     8     8    23     7  0.000000   2.270411   0.238974   0.054235
  2021     8     8    23     7 30.000000   2.270412   0.238975   0.054215
  2021     8     8    23     8  0.000000   2.270412   0.238974   0.054195
  2021     8     8    23     8 30.000000   2.270414   0.238975   0.054176
  2021     8     8    23     9  0.000000   2.270415   0.238976   0.054157
  2021     8     8    23     9 30.000000   2.270414   0.238975   0.054139
  2021     8     8    23    10  0.000000   2.270416   0.238976   0.054122
  2021     8     8    23    10 30.000000   2.270416   0.238976   0.054107
  2021     8     8    23    11  0.000000   2.270414   0.238975   0.054091
  2021     8     8    23    11 30.000000   2.270415   0.238975   0.054074
  2021     8     8    23    12  0.000000   2.270415   0.238975   0.054056
  2021     8     8    23    12 30.000000   2.270417   0.238976   0.054037
  2021     8     8    23    13  0.000000   2.270414   0.238975   0.054020
  2021     8     8    23    13 30.000000   2.270418   0.238976   0.054001
  2021     8     8    23    14  0.000000   2.270415   0.238975   0.053983
  2021     8     8    23    14 30.000000   2.270413   0.238974   0.053963
  2021     8     8    23    15  0.000000   2.270412   0.238974   0.053943
  2021     8     8    23    15 30.000000   2.270411   0.238973   0.053920
  2021     8     8    23    16  0.000000   2.270410   0.238973   0.053894
  2021     8     8    23    16 30.000000   2.270414   0.238974   0.053866
  2021     8     8    23    17  0.000000   2.270413   0.238974   0.053838
  2021     8     8    23    17 30.000000   2.270411   0.238973   0.053808
  2021     8     8    23    18  0.000000   2.270411   0.238973   0.053777
  2021     8     8    23    18 30.000000   2.270413   0.238974   0.053745
  2021     8     8    23    19  0.000000   2.270412   0.238973   0.053713
  2021     8     8    23    19 30.000000   2.270411   0.238973   0.053683
  2021     8     8    23    20  0.000000   2.270412   0.238973   0.053652
  2021     8     8    23    20 30.000000   2.270414   0.238974   0.053619
  2021     8     8    23    21  0.000000   2.270411   0.238973   0.053586
  2021     8     8    23    21 30.000000   2.270411   0.238973   0.053554
  2021     8     8    23    22  0.000000   2.270411   0.238973   0.053523
  2021     8     8    23    22 30.000000   2.270411   0.238972   0.053492
  2021     8     8    23    23  0.000000   2.270411   0.238972   0.053461
  2021     8     8    23    23 30.000000   2.270411   0.238972   0.053430
  2021     8     8    23    24  0.000000   2.270410   0.238972   0.053397
  2021     8     8    23    24 30.000000   2.270412   0.238973   0.053362
  2021     8     8    23    25  0.000000   2.270410   0.238972   0.053327
  2021     8     8    23    25 30.000000   2.270411   0.238972   0.053291
  2021     8     8    23    26  0.000000   2.270411   0.238972   0.053256
  2021     8     8    23    26 30.000000   2.270411   0.238972   0.053222
  2021     8     8    23    27  0.000000   2.270410   0.238971   0.053189
  2021     8     8    23    27 30.000000   2.270409   0.238971   0.053158
  2021     8     8    23    28  0.000000   2.270408   0.238970   0.053128
  2021     8     8    23    28 30.000000   2.270408   0.238970   0.053101
  2021     8     8    23    29  0.000000   2.270408   0.238970   0.053073
  2021     8     8    23    29 30.000000   2.270410   0.238971   0.053047
  2021     8     8    23    30  0.000000   2.270410   0.238971   0.053023
  2021     8     8    23    30 30.000000   2.270410   0.238971   0.053003
  2021     8     8    23    31  0.000000   2.270411   0.238971   0.052985
  2021     8     8    23    31 30.000000   2.270410   0.238971   0.052969
  2021     8     8    23    32  0.000000   2.270410   0.238971   0.052955
  2021     8     8    23    32 30.000000   2.270409   0.238970   0.052944
  2021     8     8    23    33  0.000000   2.270409   0.238970   0.052935
  2021     8     8    23    33 30.000000   2.270407   0.238970   0.052926
  2021     8     8    23    34  0.000000   2.270409   0.238970   0.052918
  2021     8     8    23    34 30.000000   2.270409   0.238970   0.052910
  2021     8     8    23    35  0.000000   2.270407   0.238969   0.052899
  2021     8     8    23    35 30.000000   2.270408   0.238970   0.052888
  2021     8     8    23    36  0.000000   2.270409   0.238970   0.052875
  2021     8     8    23    36 30.000000   2.270410   0.238970   0.052861
  2021     8     8    23    37  0.000000   2.270410   0.238970   0.052846
  2021     8     8    23    37 30.000000   2.270411   0.238970   0.052833
  2021     8     8    23    38  0.000000   2.270414   0.238972   0.052819
  2021     8     8    23    38 30.000000   2.270414   0.238972   0.052806
  2021     8     8    23    39  0.000000   2.270415   0.238972   0.052792
  2021     8     8    23    39 30.000000   2.270413   0.238971   0.052779
  2021     8     8    23    40  0.000000   2.270413   0.238971   0.052767
  2021     8     8    23    40 30.000000   2.270412   0.238971   0.052755
  2021     8     8    23    41  0.000000   2.270413   0.238971   0.052744
  2021     8     8    23    41 30.000000   2.270414   0.238971   0.052733
  2021     8     8    23    42  0.000000   2.270412   0.238971   0.052721
  2021     8     8    23    42 30.000000   2.270412   0.238970   0.052709
  2021     8     8    23    43  0.000000   2.270410   0.238970   0.052696
  2021     8     8    23    43 30.000000   2.270412   0.238971   0.052683
  2021     8     8    23    44  0.000000   2.270413   0.238971   0.052671
  2021     8     8    23    44 30.000000   2.270415   0.238972   0.052660
  2021     8     8    23    45  0.000000   2.270414   0.238971   0.052649
  2021     8     8    23    45 30.000000   2.270414   0.238971   0.052637
  2021     8     8    23    46  0.000000   2.270412   0.238970   0.052626
  2021     8     8    23    46 30.000000   2.270412   0.238970   0.052614
  2021     8     8    23    47  0.000000   2.270410   0.238969   0.052602
  2021     8     8    23    47 30.000000   2.270410   0.238969   0.052589
  2021     8     8    23    48  0.000000   2.270410   0.238969   0.052578
  2021     8     8    23    48 30.000000   2.270414   0.238971   0.052567
  2021     8     8    23    49  0.000000   2.270411   0.238969   0.052558
  2021     8     8    23    49 30.000000   2.270413   0.238970   0.052549
  2021     8     8    23    50  0.000000   2.270414   0.238970   0.052541
  2021     8     8    23    50 30.000000   2.270412   0.238970   0.052534
  2021     8     8    23    51  0.000000   2.270413   0.238970   0.052527
  2021     8     8    23    51 30.000000   2.270413   0.238970   0.052521
  2021     8     8    23    52  0.000000   2.270415   0.238971   0.052515
  2021     8     8    23    52 30.000000   2.270414   0.238970   0.052511
  2021     8     8    23    53  0.000000   2.270417   0.238971   0.052507
  2021     8     8    23    53 30.000000   2.270416   0.238971   0.052504
  2021     8     8    23    54  0.000000   2.270414   0.238970   0.052502
  2021     8     8    23    54 30.000000   2.270415   0.238970   0.052499
  2021     8     8    23    55  0.000000   2.270416   0.238971   0.052496
  2021     8     8    23    55 30.000000   2.270415   0.238970   0.052493
  2021     8     8    23    56  0.000000   2.270413   0.238969   0.052490
  2021     8     8    23    56 30.000000   2.270413   0.238969   0.052487
  2021     8     8    23    57  0.000000   2.270412   0.238969   0.052485
  2021     8     8    23    57 30.000000   2.270413   0.238969   0.052482
  2021     8     8    23    58  0.000000   2.270412   0.238969   0.052479
  2021     8     8    23    58 30.000000   2.270415   0.238970   0.052476
  2021     8     8    23    59  0.000000   2.270416   0.238970   0.052474
  2021     8     8    23    59 30.000000   2.270414   0.238969   0.052473
