abmf                                                        STATION
Static      10.000000 10.000000 10.000000                   POS MODE/PRIORI (meter)
YES                                                         OBS STRICT EDITING
2020  1  1  0  0  0.00                                      OBS FIRST EPOCH
2020  1  1 23 59 30.00                                      OBS LAST EPOCH
   30.00                                                    OBS INTERVAL (sec)
    7.00                                                    OBS MASK ANGLE (deg)
    0.30                                                    MEASUREMENT NOISE PSEUDORANGE (1-SIGMA, meter)
    0.01                                                    MEASUREMENT NOISE CARRIER PHASE (1-SIGMA, cycle)
WUM0MGXRAP_20200010000_01D_05M_ORB.SP3                      SAT ORBIT
WUM0MGXRAP_20200010000_01D_30S_CLK.CLK                      SAT CLOCK
WUM0MGXRAP_20200010000_01D_30S_ATT.OBX                      SAT ATTITUDE
WUM0MGXRAP_20200010000_01D_01D_OSB.BIA                      SAT BIAS
WUM0MGXRAP_20200010000_01D_01D_ERP.ERP                      EARTH ROTATION PARAMETERS
SEPT POLARX5                                                SITE RECEIVER TYPE
TRM57971.00     NONE                                        SITE ANTENNA TYPE
        0.0000        0.0000        0.0000                  SITE ANTENNA E/N/H (meter)
G  L1   1      -0.05      1.13     64.91                    SITE ANTENNA PCO E/N/H (millimeter)
G  L2   2       0.72      0.08     57.96                    SITE ANTENNA PCO E/N/H (millimeter)
R  G1   1      -0.05      1.13     64.91                    SITE ANTENNA PCO E/N/H (millimeter)
R  G2   2       0.72      0.08     57.96                    SITE ANTENNA PCO E/N/H (millimeter)
E  E1   1      -0.05      1.13     64.91                    SITE ANTENNA PCO E/N/H (millimeter)
E  E5a  5       0.72      0.08     57.96                    SITE ANTENNA PCO E/N/H (millimeter)
C  B1I  2      -0.05      1.13     64.91                    SITE ANTENNA PCO E/N/H (millimeter)
C  B3I  6       0.72      0.08     57.96                    SITE ANTENNA PCO E/N/H (millimeter)
J  L1   1      -0.05      1.13     64.91                    SITE ANTENNA PCO E/N/H (millimeter)
J  L2   2       0.72      0.08     57.96                    SITE ANTENNA PCO E/N/H (millimeter)
IGS14_2247                                                  TABLE ANTEX
WNO                                                         RECEIVER CLOCK
STO                                                         TROP ZENITH
PWC:720                                                     TROP GRADIENT
NO                                                          IONO 2ND
SOLID  POLE OCEAN(Scherneck)                                TIDES
NON                                                         MULTIPATH MODEL
YES  GPS    40  GAL    24  BDS2    2  BDS3   22  QZSS    0  AMB FIXING
  600.00                                                    AMB DURATION (sec)
   15.00                                                    AMB CUTOFF (deg)
    0.20    0.15 1000.00                                    AMB WIDELANE
    0.15    0.15 1000.00                                    AMB NARROWLANE
    3       4       1.80    3.00                            AMB SEARCH
TRUNCATED                                                   AMB AT DAY-BOUNDARY
Start Field Description                                     COMMENT
Year                                                        YEAR (GPS TIME)
Mon                                                         MONTH (GPS TIME)
Day                                                         DAY (GPS TIME)
Hour                                                        HOUR (GPS TIME)
Min                                                         MINUTE (GPS TIME)
Sec                                                         SECOND (GPS TIME)
RCK(GPS)                                                    GPS RECEIVER CLOCK ERROR (meter)
RCK(GLONASS)                                                GLONASS RECEIVER CLOCK ERROR (meter)
RCK(Galileo)                                                Galileo RECEIVER CLOCK ERROR (meter)
RCK(BDS-2)                                                  BDS-2 RECEIVER CLOCK ERROR (meter)
RCK(BDS-3)                                                  BDS-3 RECEIVER CLOCK ERROR (meter)
RCK(QZSS)                                                   QZSS RECEIVER CLOCK ERROR (meter)
End Field Description                                       COMMENT
                                                            END OF HEADER
* Year   Mon   Day  Hour   Min       Sec         RCK(GPS)     RCK(GLONASS)     RCK(Galileo)       RCK(BDS-2)       RCK(BDS-3)        RCK(QZSS)
  2020     1     1     0     0  0.000000    -13728.278026    -13722.240294    -13726.528559         0.000000    -13725.044783         0.000000
  2020     1     1     0     0 30.000000    -13727.119681    -13721.085338    -13725.374159         0.000000    -13723.892879         0.000000
  2020     1     1     0     1  0.000000    -13727.299430    -13721.269206    -13725.553463         0.000000    -13724.069699         0.000000
  2020     1     1     0     1 30.000000    -13726.989397    -13720.958277    -13725.242443         0.000000    -13723.756250         0.000000
  2020     1     1     0     2  0.000000    -13728.718870    -13722.690561    -13726.972844         0.000000    -13725.489095         0.000000
  2020     1     1     0     2 30.000000    -13728.611966    -13722.579842    -13726.863748         0.000000    -13725.380005         0.000000
  2020     1     1     0     3  0.000000    -13728.055331    -13722.019467    -13726.308337         0.000000    -13724.822798         0.000000
  2020     1     1     0     3 30.000000    -13728.149008    -13722.117936    -13726.400900         0.000000    -13724.914398         0.000000
  2020     1     1     0     4  0.000000    -13728.320158    -13722.294407    -13726.574213         0.000000    -13725.089565         0.000000
  2020     1     1     0     4 30.000000    -13727.270311    -13721.243056    -13725.522988         0.000000    -13724.040179         0.000000
  2020     1     1     0     5  0.000000    -13728.480628    -13722.453547    -13726.732564         0.000000    -13725.250159         0.000000
  2020     1     1     0     5 30.000000    -13728.276812    -13722.250221    -13726.529529         0.000000    -13725.046622         0.000000
  2020     1     1     0     6  0.000000    -13728.332297    -13722.308615    -13726.586298         0.000000    -13725.105332         0.000000
  2020     1     1     0     6 30.000000    -13728.234139    -13722.209487    -13726.487441         0.000000    -13725.005892         0.000000
  2020     1     1     0     7  0.000000    -13727.690085    -13721.661530    -13725.943675         0.000000    -13724.463359         0.000000
  2020     1     1     0     7 30.000000    -13728.450232    -13722.416047    -13726.703280         0.000000    -13725.222501         0.000000
  2020     1     1     0     8  0.000000    -13728.053356    -13722.019555    -13726.305839         0.000000    -13724.822111         0.000000
  2020     1     1     0     8 30.000000    -13728.073626    -13722.040168    -13726.327600         0.000000    -13724.843720         0.000000
  2020     1     1     0     9  0.000000    -13728.094765    -13722.062570    -13726.349573         0.000000    -13724.866798         0.000000
  2020     1     1     0     9 30.000000    -13728.655003    -13722.626790    -13726.907622         0.000000    -13725.426083         0.000000
  2020     1     1     0    10  0.000000    -13728.380456    -13722.352576    -13726.634933         0.000000    -13725.152810         0.000000
  2020     1     1     0    10 30.000000    -13728.037179    -13722.002652    -13726.290896         0.000000    -13724.807214         0.000000
  2020     1     1     0    11  0.000000    -13727.909423    -13721.876880    -13726.164564         0.000000    -13724.680996         0.000000
  2020     1     1     0    11 30.000000    -13727.390353    -13721.357555    -13725.642571         0.000000    -13724.161633         0.000000
  2020     1     1     0    12  0.000000    -13728.088105    -13722.056179    -13726.341538         0.000000    -13724.857828         0.000000
  2020     1     1     0    12 30.000000    -13728.021000    -13721.988467    -13726.272166         0.000000    -13724.790284         0.000000
  2020     1     1     0    13  0.000000    -13728.608049    -13722.573146    -13726.861554         0.000000    -13725.380320         0.000000
  2020     1     1     0    13 30.000000    -13728.335272    -13722.302710    -13726.588631         0.000000    -13725.106288         0.000000
  2020     1     1     0    14  0.000000    -13728.273867    -13722.243030    -13726.528643         0.000000    -13725.046961         0.000000
  2020     1     1     0    14 30.000000    -13727.716960    -13721.686122    -13725.969660         0.000000    -13724.487990         0.000000
  2020     1     1     0    15  0.000000    -13727.576076    -13721.546074    -13725.827904         0.000000    -13724.346290         0.000000
  2020     1     1     0    15 30.000000    -13728.032603    -13722.000897    -13726.282384         0.000000    -13724.802396         0.000000
  2020     1     1     0    16  0.000000    -13728.443665    -13722.408587    -13726.695904         0.000000    -13725.214824         0.000000
  2020     1     1     0    16 30.000000    -13728.083591    -13722.052917    -13726.333796         0.000000    -13724.854097         0.000000
  2020     1     1     0    17  0.000000    -13728.128943    -13722.097243    -13726.381048         0.000000    -13724.899925         0.000000
  2020     1     1     0    17 30.000000    -13727.914163    -13721.877679    -13726.166257         0.000000    -13724.683819         0.000000
  2020     1     1     0    18  0.000000    -13728.030128    -13721.996541    -13726.282048         0.000000    -13724.799110         0.000000
  2020     1     1     0    18 30.000000    -13727.963440    -13721.925739    -13726.217394         0.000000    -13724.733326         0.000000
  2020     1     1     0    19  0.000000    -13728.452883    -13722.416785    -13726.707091         0.000000    -13725.223319         0.000000
  2020     1     1     0    19 30.000000    -13727.891231    -13721.855670    -13726.142966         0.000000    -13724.664328         0.000000
  2020     1     1     0    20  0.000000    -13728.129486    -13722.094348    -13726.381869         0.000000    -13724.903009         0.000000
  2020     1     1     0    20 30.000000    -13728.111630    -13722.076402    -13726.363581         0.000000    -13724.883807         0.000000
  2020     1     1     0    21  0.000000    -13728.160820    -13722.128139    -13726.412132         0.000000    -13724.932077         0.000000
  2020     1     1     0    21 30.000000    -13728.441803    -13722.403427    -13726.695382         0.000000    -13725.213719         0.000000
  2020     1     1     0    22  0.000000    -13727.942154    -13721.907097    -13726.195335         0.000000    -13724.713256         0.000000
  2020     1     1     0    22 30.000000    -13728.097915    -13722.063805    -13726.350761         0.000000    -13724.867061         0.000000
  2020     1     1     0    23  0.000000    -13727.668331    -13721.634331    -13725.921199         0.000000    -13724.436567         0.000000
  2020     1     1     0    23 30.000000    -13727.506902    -13721.471004    -13725.760180         0.000000    -13724.276935         0.000000
  2020     1     1     0    24  0.000000    -13728.076768    -13722.041510    -13726.331134         0.000000    -13724.849800         0.000000
  2020     1     1     0    24 30.000000    -13728.210502    -13722.177307    -13726.466048         0.000000    -13724.984741         0.000000
  2020     1     1     0    25  0.000000    -13728.042504    -13722.010511    -13726.297790         0.000000    -13724.816694         0.000000
  2020     1     1     0    25 30.000000    -13728.273766    -13722.245191    -13726.527370         0.000000    -13725.045968         0.000000
  2020     1     1     0    26  0.000000    -13727.965007    -13721.933089    -13726.218584         0.000000    -13724.735236         0.000000
  2020     1     1     0    26 30.000000    -13728.263588    -13722.232613    -13726.514868         0.000000    -13725.034818         0.000000
  2020     1     1     0    27  0.000000    -13727.737622    -13721.705782    -13725.990452         0.000000    -13724.509916         0.000000
  2020     1     1     0    27 30.000000    -13728.365717    -13722.334502    -13726.619880         0.000000    -13725.135840         0.000000
  2020     1     1     0    28  0.000000    -13727.575618    -13721.541263    -13725.827716         0.000000    -13724.346615         0.000000
  2020     1     1     0    28 30.000000    -13727.498829    -13721.470071    -13725.750554         0.000000    -13724.271684         0.000000
  2020     1     1     0    29  0.000000    -13728.110856    -13722.076867    -13726.362687         0.000000    -13724.886112         0.000000
  2020     1     1     0    29 30.000000    -13727.688158    -13721.657447    -13725.939219         0.000000    -13724.459621         0.000000
  2020     1     1     0    30  0.000000    -13727.711795    -13721.673564    -13725.962849         0.000000    -13724.482077         0.000000
  2020     1     1     0    30 30.000000    -13728.333455    -13722.298268    -13726.584996         0.000000    -13725.105356         0.000000
  2020     1     1     0    31  0.000000    -13728.256054    -13722.221508    -13726.510364         0.000000    -13725.026681         0.000000
  2020     1     1     0    31 30.000000    -13728.588387    -13722.555675    -13726.843224         0.000000    -13725.360100         0.000000
  2020     1     1     0    32  0.000000    -13728.884069    -13722.859715    -13727.137176         0.000000    -13725.656505         0.000000
  2020     1     1     0    32 30.000000    -13728.446256    -13722.417238    -13726.698325         0.000000    -13725.220144         0.000000
  2020     1     1     0    33  0.000000    -13727.795329    -13721.763277    -13726.046849         0.000000    -13724.570411         0.000000
  2020     1     1     0    33 30.000000    -13727.942444    -13721.904785    -13726.193531         0.000000    -13724.712665         0.000000
  2020     1     1     0    34  0.000000    -13728.626503    -13722.596134    -13726.879468         0.000000    -13725.399241         0.000000
  2020     1     1     0    34 30.000000    -13728.024013    -13721.991915    -13726.276331         0.000000    -13724.795817         0.000000
  2020     1     1     0    35  0.000000    -13728.010859    -13721.981458    -13726.262218         0.000000    -13724.782415         0.000000
  2020     1     1     0    35 30.000000    -13727.656727    -13721.625728    -13725.909158         0.000000    -13724.426302         0.000000
  2020     1     1     0    36  0.000000    -13727.920626    -13721.883492    -13726.173330         0.000000    -13724.690684         0.000000
  2020     1     1     0    36 30.000000    -13728.018169    -13721.983868    -13726.268305         0.000000    -13724.788556         0.000000
  2020     1     1     0    37  0.000000    -13727.831718    -13721.797873    -13726.083108         0.000000    -13724.603880         0.000000
  2020     1     1     0    37 30.000000    -13728.105900    -13722.071438    -13726.357355         0.000000    -13724.877365         0.000000
  2020     1     1     0    38  0.000000    -13727.579704    -13721.544409    -13725.830764         0.000000    -13724.352572         0.000000
  2020     1     1     0    38 30.000000    -13727.682688    -13721.648999    -13725.934435         0.000000    -13724.454750         0.000000
  2020     1     1     0    39  0.000000    -13728.069452    -13722.034542    -13726.321395         0.000000    -13724.840435         0.000000
  2020     1     1     0    39 30.000000    -13728.535784    -13722.503043    -13726.788525         0.000000    -13725.305354         0.000000
  2020     1     1     0    40  0.000000    -13727.720120    -13721.687173    -13725.973925         0.000000    -13724.490143         0.000000
  2020     1     1     0    40 30.000000    -13728.136578    -13722.105869    -13726.388348         0.000000    -13724.906887         0.000000
  2020     1     1     0    41  0.000000    -13727.987852    -13721.954679    -13726.238442         0.000000    -13724.758528         0.000000
  2020     1     1     0    41 30.000000    -13727.713344    -13721.679777    -13725.962200         0.000000    -13724.482333         0.000000
  2020     1     1     0    42  0.000000    -13727.871253    -13721.835690    -13726.121281         0.000000    -13724.639397         0.000000
  2020     1     1     0    42 30.000000    -13728.411398    -13722.378124    -13726.661733         0.000000    -13725.181365         0.000000
  2020     1     1     0    43  0.000000    -13728.309311    -13722.276158    -13726.557922         0.000000    -13725.079055         0.000000
  2020     1     1     0    43 30.000000    -13728.674234    -13722.642820    -13726.925456         0.000000    -13725.447259         0.000000
  2020     1     1     0    44  0.000000    -13728.050858    -13722.020436    -13726.306733         0.000000    -13724.824375         0.000000
  2020     1     1     0    44 30.000000    -13727.763617    -13721.731627    -13726.016801         0.000000    -13724.537897         0.000000
  2020     1     1     0    45  0.000000    -13728.414831    -13722.381685    -13726.665668         0.000000    -13725.187262         0.000000
  2020     1     1     0    45 30.000000    -13727.933916    -13721.902509    -13726.186143         0.000000    -13724.706586         0.000000
  2020     1     1     0    46  0.000000    -13727.355388    -13721.322107    -13725.605548         0.000000    -13724.127077         0.000000
  2020     1     1     0    46 30.000000    -13727.631624    -13721.602297    -13725.882779         0.000000    -13724.405025         0.000000
  2020     1     1     0    47  0.000000    -13728.027096    -13721.989966    -13726.275836         0.000000    -13724.799300         0.000000
  2020     1     1     0    47 30.000000    -13727.241759    -13721.205777    -13725.490575         0.000000    -13724.011693         0.000000
  2020     1     1     0    48  0.000000    -13727.169819    -13721.134722    -13725.420973         0.000000    -13723.937873         0.000000
  2020     1     1     0    48 30.000000    -13727.621727    -13721.590675    -13725.873614         0.000000    -13724.394804         0.000000
  2020     1     1     0    49  0.000000    -13727.677636    -13721.650115    -13725.929441         0.000000    -13724.450150         0.000000
  2020     1     1     0    49 30.000000    -13727.311157    -13721.274041    -13725.558697         0.000000    -13724.082590         0.000000
  2020     1     1     0    50  0.000000    -13727.554491    -13721.520315    -13725.803892         0.000000    -13724.325799         0.000000
  2020     1     1     0    50 30.000000    -13727.952904    -13721.911191    -13726.200374         0.000000    -13724.722606         0.000000
  2020     1     1     0    51  0.000000    -13728.621690    -13722.581877    -13726.868050         0.000000    -13725.390940         0.000000
  2020     1     1     0    51 30.000000    -13728.477641    -13722.440505    -13726.727068         0.000000    -13725.248662         0.000000
  2020     1     1     0    52  0.000000    -13728.007764    -13721.974524    -13726.258030         0.000000    -13724.781749         0.000000
  2020     1     1     0    52 30.000000    -13727.491066    -13721.451642    -13725.739138         0.000000    -13724.261583         0.000000
  2020     1     1     0    53  0.000000    -13726.918174    -13720.886021    -13725.167748         0.000000    -13723.688564         0.000000
  2020     1     1     0    53 30.000000    -13727.132587    -13721.103133    -13725.382131         0.000000    -13723.903133         0.000000
  2020     1     1     0    54  0.000000    -13727.667591    -13721.637747    -13725.920129         0.000000    -13724.437181         0.000000
  2020     1     1     0    54 30.000000    -13727.363686    -13721.333105    -13725.616305         0.000000    -13724.133756         0.000000
  2020     1     1     0    55  0.000000    -13728.268153    -13722.232634    -13726.521226         0.000000    -13725.037856         0.000000
  2020     1     1     0    55 30.000000    -13727.826362    -13721.789605    -13726.079771         0.000000    -13724.598054         0.000000
  2020     1     1     0    56  0.000000    -13728.106414    -13722.076549    -13726.358742         0.000000    -13724.878744         0.000000
  2020     1     1     0    56 30.000000    -13727.990370    -13721.965528    -13726.244893         0.000000    -13724.765350         0.000000
  2020     1     1     0    57  0.000000    -13727.598460    -13721.574417    -13725.852873         0.000000    -13724.370663         0.000000
  2020     1     1     0    57 30.000000    -13727.959696    -13721.933913    -13726.210656         0.000000    -13724.730313         0.000000
  2020     1     1     0    58  0.000000    -13727.991160    -13721.959796    -13726.243723         0.000000    -13724.763018         0.000000
  2020     1     1     0    58 30.000000    -13728.015356    -13721.982382    -13726.268836         0.000000    -13724.787349         0.000000
  2020     1     1     0    59  0.000000    -13728.252383    -13722.220686    -13726.505289         0.000000    -13725.024383         0.000000
  2020     1     1     0    59 30.000000    -13728.326872    -13722.300621    -13726.580957         0.000000    -13725.096412         0.000000
  2020     1     1     1     0  0.000000    -13727.831898    -13721.800889    -13726.086393         0.000000    -13724.604054         0.000000
  2020     1     1     1     0 30.000000    -13726.654957    -13720.628237    -13724.907845         0.000000    -13723.427929         0.000000
  2020     1     1     1     1  0.000000    -13727.764278    -13721.734787    -13726.018309         0.000000    -13724.538385         0.000000
  2020     1     1     1     1 30.000000    -13727.553816    -13721.524367    -13725.806595         0.000000    -13724.328611         0.000000
  2020     1     1     1     2  0.000000    -13727.610587    -13721.582880    -13725.864928         0.000000    -13724.384823         0.000000
  2020     1     1     1     2 30.000000    -13728.066455    -13722.035449    -13726.321371         0.000000    -13724.840139         0.000000
  2020     1     1     1     3  0.000000    -13728.468913    -13722.439145    -13726.721814         0.000000    -13725.239875         0.000000
  2020     1     1     1     3 30.000000    -13728.185062    -13722.150333    -13726.436416         0.000000    -13724.952033         0.000000
  2020     1     1     1     4  0.000000    -13727.833597    -13721.802729    -13726.086569         0.000000    -13724.601779         0.000000
  2020     1     1     1     4 30.000000    -13728.313803    -13722.288167    -13726.566939         0.000000    -13725.082449         0.000000
  2020     1     1     1     5  0.000000    -13727.889009    -13721.860160    -13726.142279         0.000000    -13724.659002         0.000000
  2020     1     1     1     5 30.000000    -13727.995590    -13721.966470    -13726.247117         0.000000    -13724.767773         0.000000
  2020     1     1     1     6  0.000000    -13728.139614    -13722.108323    -13726.390423         0.000000    -13724.910769         0.000000
  2020     1     1     1     6 30.000000    -13728.529052    -13722.497082    -13726.781142         0.000000    -13725.298712         0.000000
  2020     1     1     1     7  0.000000    -13728.219374    -13722.185062    -13726.471942         0.000000    -13724.990351         0.000000
  2020     1     1     1     7 30.000000    -13727.579625    -13721.550004    -13725.830426         0.000000    -13724.350740         0.000000
  2020     1     1     1     8  0.000000    -13727.978260    -13721.945730    -13726.231510         0.000000    -13724.750215         0.000000
  2020     1     1     1     8 30.000000    -13727.987969    -13721.956735    -13726.240025         0.000000    -13724.756569         0.000000
  2020     1     1     1     9  0.000000    -13728.249594    -13722.223535    -13726.501244         0.000000    -13725.016804         0.000000
  2020     1     1     1     9 30.000000    -13728.247160    -13722.212115    -13726.496173         0.000000    -13725.011953         0.000000
  2020     1     1     1    10  0.000000    -13728.000321    -13721.962782    -13726.250873         0.000000    -13724.766447         0.000000
  2020     1     1     1    10 30.000000    -13727.591864    -13721.553684    -13725.841919         0.000000    -13724.359186         0.000000
  2020     1     1     1    11  0.000000    -13727.920177    -13721.886454    -13726.170204         0.000000    -13724.690888         0.000000
  2020     1     1     1    11 30.000000    -13727.588343    -13721.550795    -13725.838357         0.000000    -13724.359299         0.000000
  2020     1     1     1    12  0.000000    -13727.694651    -13721.660877    -13725.941732         0.000000    -13724.465021         0.000000
  2020     1     1     1    12 30.000000    -13727.651985    -13721.624705    -13725.904369         0.000000    -13724.422530         0.000000
  2020     1     1     1    13  0.000000    -13727.959182    -13721.931156    -13726.211627         0.000000    -13724.732523         0.000000
  2020     1     1     1    13 30.000000    -13727.245319    -13721.214661    -13725.496892         0.000000    -13724.015618         0.000000
  2020     1     1     1    14  0.000000    -13727.512116    -13721.478708    -13725.762984         0.000000    -13724.280477         0.000000
  2020     1     1     1    14 30.000000    -13727.366610    -13721.332915    -13725.618718         0.000000    -13724.133826         0.000000
  2020     1     1     1    15  0.000000    -13727.363168    -13721.327444    -13725.616111         0.000000    -13724.132790         0.000000
  2020     1     1     1    15 30.000000    -13727.377383    -13721.344853    -13725.629171         0.000000    -13724.144854         0.000000
  2020     1     1     1    16  0.000000    -13727.674230    -13721.637087    -13725.928705         0.000000    -13724.441973         0.000000
  2020     1     1     1    16 30.000000    -13727.972768    -13721.942416    -13726.224978         0.000000    -13724.741588         0.000000
  2020     1     1     1    17  0.000000    -13727.626567    -13721.592801    -13725.878090         0.000000    -13724.394452         0.000000
  2020     1     1     1    17 30.000000    -13727.751359    -13721.719345    -13726.000938         0.000000    -13724.519242         0.000000
  2020     1     1     1    18  0.000000    -13727.232707    -13721.199247    -13725.484235         0.000000    -13724.002513         0.000000
  2020     1     1     1    18 30.000000    -13727.671229    -13721.639619    -13725.924161         0.000000    -13724.439511         0.000000
  2020     1     1     1    19  0.000000    -13727.952484    -13721.921964    -13726.207316         0.000000    -13724.725974         0.000000
  2020     1     1     1    19 30.000000    -13727.662601    -13721.631263    -13725.915521         0.000000    -13724.435628         0.000000
  2020     1     1     1    20  0.000000    -13728.302086    -13722.269913    -13726.554433         0.000000    -13725.076235         0.000000
  2020     1     1     1    20 30.000000    -13728.073538    -13722.038158    -13726.325602         0.000000    -13724.846710         0.000000
  2020     1     1     1    21  0.000000    -13728.003697    -13721.967271    -13726.255940         0.000000    -13724.776114         0.000000
  2020     1     1     1    21 30.000000    -13728.182604    -13722.152497    -13726.436986         0.000000    -13724.955897         0.000000
  2020     1     1     1    22  0.000000    -13727.828631    -13721.791546    -13726.081138         0.000000    -13724.601369         0.000000
  2020     1     1     1    22 30.000000    -13727.518424    -13721.481447    -13725.772158         0.000000    -13724.289498         0.000000
  2020     1     1     1    23  0.000000    -13728.203891    -13722.167075    -13726.456774         0.000000    -13724.973795         0.000000
  2020     1     1     1    23 30.000000    -13727.940771    -13721.902189    -13726.192832         0.000000    -13724.707265         0.000000
  2020     1     1     1    24  0.000000    -13727.694369    -13721.657159    -13725.945178         0.000000    -13724.462085         0.000000
  2020     1     1     1    24 30.000000    -13728.026815    -13721.993229    -13726.280153         0.000000    -13724.797071         0.000000
  2020     1     1     1    25  0.000000    -13728.323852    -13722.287431    -13726.575976         0.000000    -13725.092745         0.000000
  2020     1     1     1    25 30.000000    -13728.461798    -13722.427503    -13726.715323         0.000000    -13725.231664         0.000000
  2020     1     1     1    26  0.000000    -13727.311555    -13721.281184    -13725.564369         0.000000    -13724.082304         0.000000
  2020     1     1     1    26 30.000000    -13728.674249    -13722.643943    -13726.924864         0.000000    -13725.442677         0.000000
  2020     1     1     1    27  0.000000    -13727.695390    -13721.663530    -13725.947851         0.000000    -13724.462204         0.000000
  2020     1     1     1    27 30.000000    -13727.468663    -13721.433063    -13725.722000         0.000000    -13724.236036         0.000000
  2020     1     1     1    28  0.000000    -13727.947209    -13721.910710    -13726.201837         0.000000    -13724.719080         0.000000
  2020     1     1     1    28 30.000000    -13727.254313    -13721.218914    -13725.505962         0.000000    -13724.027300         0.000000
  2020     1     1     1    29  0.000000    -13727.991724    -13721.959340    -13726.242526         0.000000    -13724.762265         0.000000
  2020     1     1     1    29 30.000000    -13727.709690    -13721.673751    -13725.959875         0.000000    -13724.481083         0.000000
  2020     1     1     1    30  0.000000    -13727.735502    -13721.701663    -13725.987865         0.000000    -13724.505181         0.000000
  2020     1     1     1    30 30.000000    -13728.386009    -13722.347852    -13726.638150         0.000000    -13725.157222         0.000000
  2020     1     1     1    31  0.000000    -13727.915684    -13721.875774    -13726.167625         0.000000    -13724.685170         0.000000
  2020     1     1     1    31 30.000000    -13727.477804    -13721.441036    -13725.729035         0.000000    -13724.245475         0.000000
  2020     1     1     1    32  0.000000    -13727.389256    -13721.353246    -13725.639240         0.000000    -13724.155381         0.000000
  2020     1     1     1    32 30.000000    -13727.893760    -13721.857724    -13726.144892         0.000000    -13724.660689         0.000000
  2020     1     1     1    33  0.000000    -13728.598347    -13722.560210    -13726.847216         0.000000    -13725.364414         0.000000
  2020     1     1     1    33 30.000000    -13728.007031    -13721.973501    -13726.257550         0.000000    -13724.771712         0.000000
  2020     1     1     1    34  0.000000    -13728.025713    -13721.988392    -13726.276089         0.000000    -13724.790730         0.000000
  2020     1     1     1    34 30.000000    -13728.185754    -13722.149179    -13726.436776         0.000000    -13724.951883         0.000000
  2020     1     1     1    35  0.000000    -13728.060106    -13722.025096    -13726.311747         0.000000    -13724.828524         0.000000
  2020     1     1     1    35 30.000000    -13727.981001    -13721.950960    -13726.237296         0.000000    -13724.748143         0.000000
  2020     1     1     1    36  0.000000    -13727.655094    -13721.618230    -13725.907546         0.000000    -13724.423622         0.000000
  2020     1     1     1    36 30.000000    -13727.819122    -13721.781128    -13726.071017         0.000000    -13724.585553         0.000000
  2020     1     1     1    37  0.000000    -13727.749205    -13721.716322    -13726.001648         0.000000    -13724.517473         0.000000
  2020     1     1     1    37 30.000000    -13728.244719    -13722.212146    -13726.494635         0.000000    -13725.012024         0.000000
  2020     1     1     1    38  0.000000    -13727.911086    -13721.878326    -13726.163015         0.000000    -13724.681177         0.000000
  2020     1     1     1    38 30.000000    -13727.710707    -13721.677630    -13725.962284         0.000000    -13724.479206         0.000000
  2020     1     1     1    39  0.000000    -13728.270981    -13722.232926    -13726.521466         0.000000    -13725.038991         0.000000
  2020     1     1     1    39 30.000000    -13727.957369    -13721.926470    -13726.208166         0.000000    -13724.724411         0.000000
  2020     1     1     1    40  0.000000    -13727.156088    -13721.128744    -13725.405699         0.000000    -13723.924524         0.000000
  2020     1     1     1    40 30.000000    -13727.547212    -13721.522438    -13725.799214         0.000000    -13724.319067         0.000000
  2020     1     1     1    41  0.000000    -13727.888771    -13721.859822    -13726.140334         0.000000    -13724.661339         0.000000
  2020     1     1     1    41 30.000000    -13727.809733    -13721.776237    -13726.060013         0.000000    -13724.577413         0.000000
  2020     1     1     1    42  0.000000    -13728.393169    -13722.360369    -13726.644587         0.000000    -13725.158097         0.000000
  2020     1     1     1    42 30.000000    -13727.921122    -13721.884589    -13726.170083         0.000000    -13724.691036         0.000000
  2020     1     1     1    43  0.000000    -13727.923836    -13721.901668    -13726.174374         0.000000    -13724.694197         0.000000
  2020     1     1     1    43 30.000000    -13728.042964    -13722.010170    -13726.298082         0.000000    -13724.816760         0.000000
  2020     1     1     1    44  0.000000    -13728.076719    -13722.050746    -13726.328527         0.000000    -13724.847576         0.000000
  2020     1     1     1    44 30.000000    -13728.264798    -13722.232940    -13726.519286         0.000000    -13725.035304         0.000000
  2020     1     1     1    45  0.000000    -13728.384214    -13722.356858    -13726.638806         0.000000    -13725.158539         0.000000
  2020     1     1     1    45 30.000000    -13728.456299    -13722.423426    -13726.710456         0.000000    -13725.226293         0.000000
  2020     1     1     1    46  0.000000    -13728.002104    -13721.973795    -13726.256621         0.000000    -13724.774628         0.000000
  2020     1     1     1    46 30.000000    -13728.031036    -13722.000804    -13726.284763         0.000000    -13724.805313         0.000000
  2020     1     1     1    47  0.000000    -13728.001937    -13721.970569    -13726.255573         0.000000    -13724.774424         0.000000
  2020     1     1     1    47 30.000000    -13728.068062    -13722.038154    -13726.322479         0.000000    -13724.842632         0.000000
  2020     1     1     1    48  0.000000    -13727.364107    -13721.336969    -13725.619977         0.000000    -13724.137089         0.000000
  2020     1     1     1    48 30.000000    -13728.216734    -13722.188532    -13726.470611         0.000000    -13724.990937         0.000000
  2020     1     1     1    49  0.000000    -13727.276072    -13721.242055    -13725.530791         0.000000    -13724.048063         0.000000
  2020     1     1     1    49 30.000000    -13727.061355    -13721.031664    -13725.316615         0.000000    -13723.834516         0.000000
  2020     1     1     1    50  0.000000    -13727.356459    -13721.328989    -13725.608597         0.000000    -13724.126540         0.000000
  2020     1     1     1    50 30.000000    -13728.465777    -13722.441433    -13726.719954         0.000000    -13725.238612         0.000000
  2020     1     1     1    51  0.000000    -13727.981890    -13721.955181    -13726.234940         0.000000    -13724.755974         0.000000
  2020     1     1     1    51 30.000000    -13728.020876    -13721.989510    -13726.273638         0.000000    -13724.793828         0.000000
  2020     1     1     1    52  0.000000    -13727.597150    -13721.567245    -13725.849530         0.000000    -13724.365369         0.000000
  2020     1     1     1    52 30.000000    -13727.638292    -13721.606301    -13725.889820         0.000000    -13724.407281         0.000000
  2020     1     1     1    53  0.000000    -13727.830102    -13721.801390    -13726.081812         0.000000    -13724.603024         0.000000
  2020     1     1     1    53 30.000000    -13727.678913    -13721.649215    -13725.932255         0.000000    -13724.453869         0.000000
  2020     1     1     1    54  0.000000    -13727.680305    -13721.650670    -13725.933343         0.000000    -13724.452462         0.000000
  2020     1     1     1    54 30.000000    -13727.718947    -13721.689115    -13725.972509         0.000000    -13724.491568         0.000000
  2020     1     1     1    55  0.000000    -13728.063840    -13722.032891    -13726.317606         0.000000    -13724.832805         0.000000
  2020     1     1     1    55 30.000000    -13728.042696    -13722.010775    -13726.292578         0.000000    -13724.815101         0.000000
  2020     1     1     1    56  0.000000    -13728.000655    -13721.969923    -13726.251093         0.000000    -13724.773092         0.000000
  2020     1     1     1    56 30.000000    -13728.009303    -13721.980280    -13726.261984         0.000000    -13724.780474         0.000000
  2020     1     1     1    57  0.000000    -13727.885044    -13721.857047    -13726.139869         0.000000    -13724.657601         0.000000
  2020     1     1     1    57 30.000000    -13728.270047    -13722.243135    -13726.526071         0.000000    -13725.042333         0.000000
  2020     1     1     1    58  0.000000    -13728.898513    -13722.869343    -13727.153549         0.000000    -13725.671144         0.000000
  2020     1     1     1    58 30.000000    -13728.099492    -13722.069200    -13726.355181         0.000000    -13724.872025         0.000000
  2020     1     1     1    59  0.000000    -13727.827229    -13721.792823    -13726.082685         0.000000         0.000000         0.000000
  2020     1     1     1    59 30.000000    -13728.261457    -13722.226592    -13726.517705         0.000000         0.000000         0.000000
  2020     1     1     2     0  0.000000    -13728.681769    -13722.651876    -13726.939829         0.000000         0.000000         0.000000
  2020     1     1     2     0 30.000000    -13727.202675    -13721.173075    -13725.460492         0.000000         0.000000         0.000000
  2020     1     1     2     1  0.000000    -13727.753570    -13721.722644    -13726.009300         0.000000         0.000000         0.000000
  2020     1     1     2     1 30.000000    -13728.492878    -13722.457666    -13726.748435         0.000000         0.000000         0.000000
  2020     1     1     2     2  0.000000    -13728.396008    -13722.363825    -13726.651360         0.000000         0.000000         0.000000
  2020     1     1     2     2 30.000000    -13728.069939    -13722.035927    -13726.326004         0.000000         0.000000         0.000000
  2020     1     1     2     3  0.000000    -13728.051663    -13722.012567    -13726.305955         0.000000         0.000000         0.000000
  2020     1     1     2     3 30.000000    -13727.916931    -13721.885710    -13726.174972         0.000000    -13724.814345         0.000000
  2020     1     1     2     4  0.000000    -13727.620133    -13721.595379    -13725.876736         0.000000         0.000000         0.000000
  2020     1     1     2     4 30.000000    -13727.434549    -13721.401725    -13725.691003         0.000000    -13724.331513         0.000000
  2020     1     1     2     5  0.000000    -13727.907765    -13721.871719    -13726.164214         0.000000    -13724.807605         0.000000
  2020     1     1     2     5 30.000000    -13728.355213    -13722.319560    -13726.610976         0.000000    -13725.254340         0.000000
  2020     1     1     2     6  0.000000    -13728.076413    -13722.042965    -13726.328376         0.000000    -13724.973665         0.000000
  2020     1     1     2     6 30.000000    -13728.146747    -13722.109681    -13726.398967         0.000000    -13725.042981         0.000000
  2020     1     1     2     7  0.000000    -13728.684512    -13722.646073    -13726.936296         0.000000    -13725.581513         0.000000
  2020     1     1     2     7 30.000000    -13728.211520    -13722.171211    -13726.463705         0.000000    -13725.108999         0.000000
  2020     1     1     2     8  0.000000    -13728.258284    -13722.222408    -13726.512370         0.000000    -13725.155664         0.000000
  2020     1     1     2     8 30.000000    -13727.784754    -13721.743370    -13726.037172         0.000000    -13724.680685         0.000000
  2020     1     1     2     9  0.000000    -13727.862000    -13721.824755    -13726.117041         0.000000    -13724.757062         0.000000
  2020     1     1     2     9 30.000000    -13728.400622    -13722.362315    -13726.655776         0.000000    -13725.298535         0.000000
  2020     1     1     2    10  0.000000    -13728.327548    -13722.295235    -13726.584421         0.000000    -13725.226076         0.000000
  2020     1     1     2    10 30.000000    -13728.057594    -13722.024433    -13726.315518         0.000000    -13724.959735         0.000000
  2020     1     1     2    11  0.000000    -13727.739466    -13721.703021    -13725.996185         0.000000    -13724.640736         0.000000
  2020     1     1     2    11 30.000000    -13728.336338    -13722.304983    -13726.592853         0.000000    -13725.235133         0.000000
  2020     1     1     2    12  0.000000    -13727.571790    -13721.537169    -13725.827178         0.000000    -13724.470798         0.000000
  2020     1     1     2    12 30.000000    -13727.620722    -13721.589804    -13725.880189         0.000000    -13724.521624         0.000000
  2020     1     1     2    13  0.000000    -13727.381115    -13721.351380    -13725.638651         0.000000    -13724.280444         0.000000
  2020     1     1     2    13 30.000000    -13727.808580    -13721.777112    -13726.065856         0.000000    -13724.705016         0.000000
  2020     1     1     2    14  0.000000    -13727.954104    -13721.919418    -13726.209536         0.000000    -13724.853576         0.000000
  2020     1     1     2    14 30.000000    -13728.263559    -13722.231194    -13726.523230         0.000000    -13725.164245         0.000000
  2020     1     1     2    15  0.000000    -13728.138106    -13722.108113    -13726.399673         0.000000    -13725.040197         0.000000
  2020     1     1     2    15 30.000000    -13728.230735    -13722.199289    -13726.491138         0.000000    -13725.129307         0.000000
  2020     1     1     2    16  0.000000    -13728.535792    -13722.503968    -13726.798311         0.000000    -13725.437211         0.000000
  2020     1     1     2    16 30.000000    -13727.728161    -13721.699686    -13725.992976         0.000000    -13724.633579         0.000000
  2020     1     1     2    17  0.000000    -13728.000863    -13721.968886    -13726.260580         0.000000    -13724.903780         0.000000
  2020     1     1     2    17 30.000000    -13727.752622    -13721.727611    -13726.013368         0.000000    -13724.652897         0.000000
  2020     1     1     2    18  0.000000    -13727.752662    -13721.720678    -13726.011631         0.000000    -13724.652711         0.000000
  2020     1     1     2    18 30.000000    -13728.245709    -13722.218107    -13726.505496         0.000000    -13725.148830         0.000000
  2020     1     1     2    19  0.000000    -13727.697779    -13721.675291    -13725.955865         0.000000    -13724.601025         0.000000
  2020     1     1     2    19 30.000000    -13728.321649    -13722.298002    -13726.579905         0.000000    -13725.225391         0.000000
  2020     1     1     2    20  0.000000    -13728.296337    -13722.269695    -13726.556348         0.000000    -13725.203474         0.000000
  2020     1     1     2    20 30.000000    -13728.211773    -13722.182674    -13726.472049         0.000000    -13725.116235         0.000000
  2020     1     1     2    21  0.000000    -13727.855255    -13721.831330    -13726.115501         0.000000    -13724.762375         0.000000
  2020     1     1     2    21 30.000000    -13728.171433    -13722.152168    -13726.433941         0.000000    -13725.079133         0.000000
  2020     1     1     2    22  0.000000    -13728.004891    -13721.975388    -13726.266499         0.000000    -13724.912293         0.000000
  2020     1     1     2    22 30.000000    -13728.036313    -13722.010303    -13726.297418         0.000000    -13724.941667         0.000000
  2020     1     1     2    23  0.000000    -13728.200592    -13722.171168    -13726.462959         0.000000    -13725.103334         0.000000
  2020     1     1     2    23 30.000000    -13728.169850    -13722.138889    -13726.430644         0.000000    -13725.070266         0.000000
  2020     1     1     2    24  0.000000    -13727.778070    -13721.747528    -13726.041776         0.000000    -13724.678667         0.000000
  2020     1     1     2    24 30.000000    -13728.032930    -13721.999394    -13726.293537         0.000000    -13724.932847         0.000000
  2020     1     1     2    25  0.000000    -13728.155534    -13722.118456    -13726.412038         0.000000    -13725.052903         0.000000
  2020     1     1     2    25 30.000000    -13728.090668    -13722.052861    -13726.345092         0.000000    -13724.986911         0.000000
  2020     1     1     2    26  0.000000    -13728.100157    -13722.065718    -13726.353896         0.000000    -13724.996539         0.000000
  2020     1     1     2    26 30.000000    -13728.001452    -13721.964321    -13726.255834         0.000000    -13724.897153         0.000000
  2020     1     1     2    27  0.000000    -13727.892367    -13721.851786    -13726.143664         0.000000    -13724.787010         0.000000
  2020     1     1     2    27 30.000000    -13728.228210    -13722.192555    -13726.478894         0.000000    -13725.124664         0.000000
  2020     1     1     2    28  0.000000    -13728.042513    -13722.010388    -13726.296854         0.000000    -13724.942648         0.000000
  2020     1     1     2    28 30.000000    -13728.559678    -13722.532425    -13726.814097         0.000000    -13725.460396         0.000000
  2020     1     1     2    29  0.000000    -13728.350957    -13722.317884    -13726.607983         0.000000    -13725.254942         0.000000
  2020     1     1     2    29 30.000000    -13728.504834    -13722.474920    -13726.760926         0.000000    -13725.407353         0.000000
  2020     1     1     2    30  0.000000    -13728.203268    -13722.169929    -13726.458269         0.000000    -13725.108471         0.000000
  2020     1     1     2    30 30.000000    -13727.882955    -13721.852883    -13726.135558         0.000000    -13724.786915         0.000000
  2020     1     1     2    31  0.000000    -13727.965297    -13721.931580    -13726.216982         0.000000    -13724.869957         0.000000
  2020     1     1     2    31 30.000000    -13727.577891    -13721.538767    -13725.826904         0.000000    -13724.480960         0.000000
  2020     1     1     2    32  0.000000    -13727.052725    -13721.016082    -13725.304751         0.000000    -13723.958438         0.000000
  2020     1     1     2    32 30.000000    -13727.875699    -13721.841301    -13726.128808         0.000000    -13724.779376         0.000000
  2020     1     1     2    33  0.000000    -13728.158236    -13722.120937    -13726.412308         0.000000    -13725.060930         0.000000
  2020     1     1     2    33 30.000000    -13727.276539    -13721.235493    -13725.527699         0.000000    -13724.175479         0.000000
  2020     1     1     2    34  0.000000    -13726.739305    -13720.704462    -13724.988296         0.000000    -13723.638249         0.000000
  2020     1     1     2    34 30.000000    -13727.617134    -13721.583243    -13725.869634         0.000000    -13724.511236         0.000000
  2020     1     1     2    35  0.000000    -13728.191646    -13722.156366    -13726.446454         0.000000    -13725.087110         0.000000
  2020     1     1     2    35 30.000000    -13727.740640    -13721.705565    -13725.997480         0.000000    -13724.638999         0.000000
  2020     1     1     2    36  0.000000    -13727.852594    -13721.821012    -13726.109459         0.000000    -13724.752759         0.000000
  2020     1     1     2    36 30.000000    -13728.084576    -13722.049180    -13726.341647         0.000000    -13724.984865         0.000000
  2020     1     1     2    37  0.000000    -13728.014168    -13721.981594    -13726.270473         0.000000    -13724.914612         0.000000
  2020     1     1     2    37 30.000000    -13727.983726    -13721.951182    -13726.238903         0.000000    -13724.886406         0.000000
  2020     1     1     2    38  0.000000    -13728.201734    -13722.164765    -13726.455801         0.000000    -13725.101467         0.000000
  2020     1     1     2    38 30.000000    -13727.773976    -13721.737367    -13726.029824         0.000000    -13724.674939         0.000000
  2020     1     1     2    39  0.000000    -13727.492286    -13721.457074    -13725.746381         0.000000    -13724.392806         0.000000
  2020     1     1     2    39 30.000000    -13727.496024    -13721.457666    -13725.749200         0.000000    -13724.396422         0.000000
  2020     1     1     2    40  0.000000    -13727.786832    -13721.746822    -13726.040354         0.000000    -13724.685688         0.000000
  2020     1     1     2    40 30.000000    -13727.653145    -13721.621865    -13725.910356         0.000000    -13724.556753         0.000000
  2020     1     1     2    41  0.000000    -13727.521517    -13721.489533    -13725.775894         0.000000    -13724.423359         0.000000
  2020     1     1     2    41 30.000000    -13728.222687    -13722.191251    -13726.477503         0.000000    -13725.125504         0.000000
  2020     1     1     2    42  0.000000    -13727.550513    -13721.516135    -13725.807902         0.000000    -13724.453254         0.000000
  2020     1     1     2    42 30.000000    -13727.674205    -13721.644513    -13725.930609         0.000000    -13724.578314         0.000000
  2020     1     1     2    43  0.000000    -13727.694594    -13721.661728    -13725.950229         0.000000    -13724.596671         0.000000
  2020     1     1     2    43 30.000000    -13727.699897    -13721.664704    -13725.955129         0.000000    -13724.599713         0.000000
  2020     1     1     2    44  0.000000    -13728.196689    -13722.165559    -13726.452561         0.000000    -13725.097790         0.000000
  2020     1     1     2    44 30.000000    -13727.972812    -13721.935223    -13726.227375         0.000000    -13724.872292         0.000000
  2020     1     1     2    45  0.000000    -13728.485164    -13722.449386    -13726.738115         0.000000    -13725.386515         0.000000
  2020     1     1     2    45 30.000000    -13728.081416    -13722.046878    -13726.339285         0.000000    -13724.981926         0.000000
  2020     1     1     2    46  0.000000    -13727.997119    -13721.963571    -13726.253462         0.000000    -13724.896678         0.000000
  2020     1     1     2    46 30.000000    -13727.559296    -13721.525863    -13725.814273         0.000000    -13724.461256         0.000000
  2020     1     1     2    47  0.000000    -13728.302136    -13722.269306    -13726.556169         0.000000    -13725.200599         0.000000
  2020     1     1     2    47 30.000000    -13727.797576    -13721.767364    -13726.049912         0.000000    -13724.697973         0.000000
  2020     1     1     2    48  0.000000    -13728.428199    -13722.392082    -13726.682563         0.000000    -13725.329719         0.000000
  2020     1     1     2    48 30.000000    -13727.779271    -13721.744626    -13726.032751         0.000000    -13724.678800         0.000000
  2020     1     1     2    49  0.000000    -13727.790072    -13721.756160    -13726.042443         0.000000    -13724.689669         0.000000
  2020     1     1     2    49 30.000000    -13727.975479    -13721.945526    -13726.224801         0.000000    -13724.873104         0.000000
  2020     1     1     2    50  0.000000    -13727.087823    -13721.057248    -13725.338994         0.000000    -13723.988030         0.000000
  2020     1     1     2    50 30.000000    -13727.198473    -13721.167590    -13725.452601         0.000000    -13724.098497         0.000000
  2020     1     1     2    51  0.000000    -13727.218867    -13721.186767    -13725.472076         0.000000    -13724.120294         0.000000
  2020     1     1     2    51 30.000000    -13727.333047    -13721.306867    -13725.589927         0.000000    -13724.233892         0.000000
  2020     1     1     2    52  0.000000    -13727.175406    -13721.149590    -13725.432394         0.000000    -13724.076146         0.000000
  2020     1     1     2    52 30.000000    -13728.172429    -13722.142491    -13726.427972         0.000000    -13725.074871         0.000000
  2020     1     1     2    53  0.000000    -13728.184778    -13722.152307    -13726.439707         0.000000    -13725.086709         0.000000
  2020     1     1     2    53 30.000000    -13728.238374    -13722.210323    -13726.493908         0.000000    -13725.141208         0.000000
  2020     1     1     2    54  0.000000    -13727.451161    -13721.423103    -13725.708583         0.000000    -13724.356795         0.000000
  2020     1     1     2    54 30.000000    -13728.085110    -13722.059159    -13726.338850         0.000000    -13724.989378         0.000000
  2020     1     1     2    55  0.000000    -13727.648553    -13721.623454    -13725.906448         0.000000    -13724.553091         0.000000
  2020     1     1     2    55 30.000000    -13727.319218    -13721.287303    -13725.575286         0.000000    -13724.223794         0.000000
  2020     1     1     2    56  0.000000    -13727.752686    -13721.727543    -13726.007834         0.000000    -13724.661079         0.000000
  2020     1     1     2    56 30.000000    -13727.699322    -13721.674136    -13725.954290         0.000000    -13724.606834         0.000000
  2020     1     1     2    57  0.000000    -13727.633631    -13721.611462    -13725.888825         0.000000    -13724.539225         0.000000
  2020     1     1     2    57 30.000000    -13727.315443    -13721.284672    -13725.572178         0.000000    -13724.221631         0.000000
  2020     1     1     2    58  0.000000    -13727.615022    -13721.586571    -13725.869926         0.000000    -13724.518826         0.000000
  2020     1     1     2    58 30.000000    -13727.872976    -13721.837634    -13726.127695         0.000000    -13724.778063         0.000000
  2020     1     1     2    59  0.000000    -13727.750537    -13721.718038    -13726.006653         0.000000    -13724.654040         0.000000
  2020     1     1     2    59 30.000000    -13727.137078    -13721.107660    -13725.394066         0.000000    -13724.044063         0.000000
  2020     1     1     3     0  0.000000    -13727.823824    -13721.792454    -13726.076021         0.000000    -13724.730520         0.000000
  2020     1     1     3     0 30.000000    -13726.401996    -13720.376473    -13724.655160         0.000000    -13723.307682         0.000000
  2020     1     1     3     1  0.000000    -13727.372301    -13721.342372    -13725.625063         0.000000    -13724.273095         0.000000
  2020     1     1     3     1 30.000000    -13728.222131    -13722.187103    -13726.475711         0.000000    -13725.118574         0.000000
  2020     1     1     3     2  0.000000    -13727.885096    -13721.856642    -13726.137870         0.000000    -13724.783016         0.000000
  2020     1     1     3     2 30.000000    -13727.882049    -13721.857202    -13726.137454         0.000000    -13724.779300         0.000000
  2020     1     1     3     3  0.000000    -13728.187928    -13722.158947    -13726.443499         0.000000    -13725.087536         0.000000
  2020     1     1     3     3 30.000000    -13727.349257    -13721.319364    -13725.604050         0.000000    -13724.246902         0.000000
  2020     1     1     3     4  0.000000    -13726.708827    -13720.680229    -13724.961493         0.000000    -13723.605281         0.000000
  2020     1     1     3     4 30.000000    -13727.369968    -13721.338980    -13725.623252         0.000000    -13724.266086         0.000000
  2020     1     1     3     5  0.000000    -13728.469143    -13722.444275    -13726.719005         0.000000    -13725.364874         0.000000
  2020     1     1     3     5 30.000000    -13728.368563    -13722.336754    -13726.617276         0.000000    -13725.267265         0.000000
  2020     1     1     3     6  0.000000    -13728.070318    -13722.039336    -13726.319180         0.000000    -13724.967505         0.000000
  2020     1     1     3     6 30.000000    -13727.352663    -13721.318405    -13725.600903         0.000000    -13724.251225         0.000000
  2020     1     1     3     7  0.000000    -13727.611821    -13721.585411    -13725.863964         0.000000    -13724.510105         0.000000
  2020     1     1     3     7 30.000000    -13727.292478    -13721.265212    -13725.543944         0.000000    -13724.190317         0.000000
  2020     1     1     3     8  0.000000    -13727.418612    -13721.388546    -13725.671599         0.000000    -13724.320361         0.000000
  2020     1     1     3     8 30.000000    -13727.935950    -13721.908789    -13726.187627         0.000000    -13724.835283         0.000000
  2020     1     1     3     9  0.000000    -13727.270344    -13721.239305    -13725.525228         0.000000    -13724.173632         0.000000
  2020     1     1     3     9 30.000000    -13727.684738    -13721.653338    -13725.940545         0.000000    -13724.583964         0.000000
  2020     1     1     3    10  0.000000    -13727.608268    -13721.577206    -13725.861076         0.000000    -13724.506811         0.000000
  2020     1     1     3    10 30.000000    -13727.440674    -13721.410294    -13725.695332         0.000000    -13724.338730         0.000000
  2020     1     1     3    11  0.000000    -13727.932971    -13721.903960    -13726.185999         0.000000    -13724.830954         0.000000
  2020     1     1     3    11 30.000000    -13727.936249    -13721.906481    -13726.188934         0.000000    -13724.829757         0.000000
  2020     1     1     3    12  0.000000    -13727.451008    -13721.425640    -13725.702914         0.000000    -13724.345664         0.000000
  2020     1     1     3    12 30.000000    -13727.665454    -13721.641796    -13725.917963         0.000000    -13724.561905         0.000000
  2020     1     1     3    13  0.000000    -13727.117492    -13721.093772    -13725.369085         0.000000    -13724.012530         0.000000
  2020     1     1     3    13 30.000000    -13727.329091    -13721.299383    -13725.581896         0.000000    -13724.223789         0.000000
  2020     1     1     3    14  0.000000    -13726.889692    -13720.857643    -13725.142507         0.000000    -13723.783844         0.000000
  2020     1     1     3    14 30.000000    -13727.550494    -13721.518528    -13725.802911         0.000000    -13724.446222         0.000000
  2020     1     1     3    15  0.000000    -13727.382958    -13721.356535    -13725.632375         0.000000    -13724.276948         0.000000
  2020     1     1     3    15 30.000000    -13727.148781    -13721.118875    -13725.399466         0.000000    -13724.044259         0.000000
  2020     1     1     3    16  0.000000    -13727.383586    -13721.355781    -13725.637985         0.000000    -13724.279343         0.000000
  2020     1     1     3    16 30.000000    -13727.037381    -13721.011847    -13725.291102         0.000000    -13723.931199         0.000000
  2020     1     1     3    17  0.000000    -13727.671102    -13721.647996    -13725.924941         0.000000    -13724.564417         0.000000
  2020     1     1     3    17 30.000000    -13727.635685    -13721.607522    -13725.888178         0.000000    -13724.530784         0.000000
  2020     1     1     3    18  0.000000    -13727.649644    -13721.621445    -13725.901642         0.000000    -13724.546688         0.000000
  2020     1     1     3    18 30.000000    -13727.484813    -13721.455200    -13725.736174         0.000000    -13724.380595         0.000000
  2020     1     1     3    19  0.000000    -13727.853980    -13721.828870    -13726.104209         0.000000    -13724.747611         0.000000
  2020     1     1     3    19 30.000000    -13727.524175    -13721.496167    -13725.775772         0.000000    -13724.417430         0.000000
  2020     1     1     3    20  0.000000    -13728.174699    -13722.146320    -13726.429425         0.000000    -13725.068407         0.000000
  2020     1     1     3    20 30.000000    -13728.088746    -13722.055887    -13726.343923         0.000000    -13724.981982         0.000000
  2020     1     1     3    21  0.000000    -13727.384521    -13721.353814    -13725.641048         0.000000    -13724.278470         0.000000
  2020     1     1     3    21 30.000000    -13727.207580    -13721.173694    -13725.464932         0.000000    -13724.101956         0.000000
  2020     1     1     3    22  0.000000    -13727.253287    -13721.219478    -13725.508700         0.000000    -13724.147284         0.000000
  2020     1     1     3    22 30.000000    -13727.641558    -13721.613571    -13725.896590         0.000000    -13724.535704         0.000000
  2020     1     1     3    23  0.000000    -13727.493490    -13721.462621    -13725.749279         0.000000    -13724.389359         0.000000
  2020     1     1     3    23 30.000000    -13727.587701    -13721.556409    -13725.843628         0.000000    -13724.481246         0.000000
  2020     1     1     3    24  0.000000    -13727.668934    -13721.638598    -13725.925935         0.000000    -13724.561683         0.000000
  2020     1     1     3    24 30.000000    -13727.897229    -13721.869750    -13726.153655         0.000000    -13724.792699         0.000000
  2020     1     1     3    25  0.000000    -13727.867204    -13721.841043    -13726.122596         0.000000    -13724.761744         0.000000
  2020     1     1     3    25 30.000000    -13727.970159    -13721.941866    -13726.226973         0.000000    -13724.865203         0.000000
  2020     1     1     3    26  0.000000    -13728.088596    -13722.058634    -13726.346871         0.000000    -13724.982981         0.000000
  2020     1     1     3    26 30.000000    -13728.311907    -13722.285455    -13726.567020         0.000000    -13725.204463         0.000000
  2020     1     1     3    27  0.000000    -13727.962492    -13721.933423    -13726.217780         0.000000    -13724.855045         0.000000
  2020     1     1     3    27 30.000000    -13727.685631    -13721.654043    -13725.939179         0.000000    -13724.582425         0.000000
  2020     1     1     3    28  0.000000    -13727.498815    -13721.469844    -13725.753071         0.000000    -13724.397169         0.000000
  2020     1     1     3    28 30.000000    -13727.305289    -13721.273062    -13725.560155         0.000000    -13724.204343         0.000000
  2020     1     1     3    29  0.000000    -13727.343892    -13721.311618    -13725.599550         0.000000    -13724.241846         0.000000
  2020     1     1     3    29 30.000000    -13727.572360    -13721.544466    -13725.830185         0.000000    -13724.472846         0.000000
  2020     1     1     3    30  0.000000    -13728.039712    -13722.012574    -13726.296901         0.000000    -13724.940597         0.000000
  2020     1     1     3    30 30.000000    -13728.232839    -13722.207821    -13726.492028         0.000000    -13725.130064         0.000000
  2020     1     1     3    31  0.000000    -13728.021026    -13721.990316    -13726.279186         0.000000    -13724.919372         0.000000
  2020     1     1     3    31 30.000000    -13727.734462    -13721.702556    -13725.991564         0.000000    -13724.633415         0.000000
  2020     1     1     3    32  0.000000    -13727.726498    -13721.688462    -13725.983515         0.000000    -13724.626202         0.000000
  2020     1     1     3    32 30.000000    -13727.936971    -13721.904796    -13726.192046         0.000000    -13724.832041         0.000000
  2020     1     1     3    33  0.000000    -13727.519414    -13721.490693    -13725.773896         0.000000    -13724.416532         0.000000
  2020     1     1     3    33 30.000000    -13728.266231    -13722.235557    -13726.521664         0.000000    -13725.162502         0.000000
  2020     1     1     3    34  0.000000    -13728.064830    -13722.031573    -13726.322180         0.000000    -13724.964681         0.000000
  2020     1     1     3    34 30.000000    -13728.140422    -13722.110298    -13726.394776         0.000000    -13725.039757         0.000000
  2020     1     1     3    35  0.000000    -13727.687889    -13721.659938    -13725.938919         0.000000    -13724.585766         0.000000
  2020     1     1     3    35 30.000000    -13728.066064    -13722.037710    -13726.318898         0.000000    -13724.962294         0.000000
  2020     1     1     3    36  0.000000    -13728.287914    -13722.254811    -13726.540603         0.000000    -13725.182049         0.000000
  2020     1     1     3    36 30.000000    -13727.461151    -13721.430734    -13725.715453         0.000000    -13724.355966         0.000000
  2020     1     1     3    37  0.000000    -13727.921885    -13721.891969    -13726.174476         0.000000    -13724.820450         0.000000
  2020     1     1     3    37 30.000000    -13727.243981    -13721.213296    -13725.497358         0.000000    -13724.141631         0.000000
  2020     1     1     3    38  0.000000    -13727.488143    -13721.455666    -13725.742900         0.000000    -13724.388412         0.000000
  2020     1     1     3    38 30.000000    -13727.600868    -13721.571752    -13725.856628         0.000000    -13724.502392         0.000000
  2020     1     1     3    39  0.000000    -13727.950242    -13721.921750    -13726.205698         0.000000    -13724.846941         0.000000
  2020     1     1     3    39 30.000000    -13727.981389    -13721.947862    -13726.235885         0.000000    -13724.876001         0.000000
  2020     1     1     3    40  0.000000    -13728.308746    -13722.280296    -13726.564639         0.000000    -13725.204634         0.000000
  2020     1     1     3    40 30.000000    -13727.888794    -13721.861776    -13726.142760         0.000000    -13724.785236         0.000000
  2020     1     1     3    41  0.000000    -13727.760537    -13721.732053    -13726.012683         0.000000    -13724.655749         0.000000
  2020     1     1     3    41 30.000000    -13727.892766    -13721.869375    -13726.145901         0.000000    -13724.788056         0.000000
  2020     1     1     3    42  0.000000    -13728.370108    -13722.347549    -13726.623709         0.000000    -13725.267770         0.000000
  2020     1     1     3    42 30.000000    -13727.839475    -13721.812594    -13726.094014         0.000000    -13724.736464         0.000000
  2020     1     1     3    43  0.000000    -13727.967559    -13721.941449    -13726.223246         0.000000    -13724.867166         0.000000
  2020     1     1     3    43 30.000000    -13727.231789    -13721.209385    -13725.488377         0.000000    -13724.126942         0.000000
  2020     1     1     3    44  0.000000    -13727.501284    -13721.471328    -13725.758822         0.000000    -13724.398649         0.000000
  2020     1     1     3    44 30.000000    -13727.411079    -13721.383566    -13725.667145         0.000000    -13724.309541         0.000000
  2020     1     1     3    45  0.000000    -13727.246202    -13721.217628    -13725.500102         0.000000    -13724.145057         0.000000
  2020     1     1     3    45 30.000000    -13727.882329    -13721.858546    -13726.137880         0.000000    -13724.783320         0.000000
  2020     1     1     3    46  0.000000    -13727.539798    -13721.510256    -13725.795423         0.000000    -13724.440870         0.000000
  2020     1     1     3    46 30.000000    -13727.523565    -13721.493725    -13725.781018         0.000000    -13724.422723         0.000000
  2020     1     1     3    47  0.000000    -13727.527569    -13721.497540    -13725.782459         0.000000    -13724.423202         0.000000
  2020     1     1     3    47 30.000000    -13727.027892    -13721.000197    -13725.283260         0.000000    -13723.922226         0.000000
  2020     1     1     3    48  0.000000    -13727.537580    -13721.509278    -13725.788458         0.000000    -13724.433032         0.000000
  2020     1     1     3    48 30.000000    -13728.129345    -13722.098300    -13726.382025         0.000000    -13725.024459         0.000000
  2020     1     1     3    49  0.000000    -13727.752000    -13721.718978    -13726.002839         0.000000    -13724.642232         0.000000
  2020     1     1     3    49 30.000000    -13728.237937    -13722.205281    -13726.488908         0.000000    -13725.129086         0.000000
  2020     1     1     3    50  0.000000    -13728.177948    -13722.141899    -13726.430312         0.000000    -13725.068267         0.000000
  2020     1     1     3    50 30.000000    -13728.040444    -13721.999961    -13726.293543         0.000000    -13724.931020         0.000000
  2020     1     1     3    51  0.000000    -13727.648447    -13721.614988    -13725.904353         0.000000    -13724.543806         0.000000
  2020     1     1     3    51 30.000000    -13727.874666    -13721.844374    -13726.130262         0.000000    -13724.770684         0.000000
  2020     1     1     3    52  0.000000    -13727.615208    -13721.580807    -13725.869947         0.000000    -13724.513618         0.000000
  2020     1     1     3    52 30.000000    -13728.321955    -13722.284316    -13726.575909         0.000000    -13725.218771         0.000000
  2020     1     1     3    53  0.000000    -13727.688043    -13721.651608    -13725.940646         0.000000    -13724.581735         0.000000
  2020     1     1     3    53 30.000000    -13727.069188    -13721.030296    -13725.322519         0.000000    -13723.964454         0.000000
  2020     1     1     3    54  0.000000    -13728.033205    -13721.996152    -13726.285012         0.000000    -13724.930458         0.000000
  2020     1     1     3    54 30.000000    -13727.813393    -13721.780378    -13726.065453         0.000000    -13724.708785         0.000000
  2020     1     1     3    55  0.000000    -13727.770024    -13721.735090    -13726.023670         0.000000    -13724.666254         0.000000
  2020     1     1     3    55 30.000000    -13727.830136    -13721.794632    -13726.086748         0.000000    -13724.725517         0.000000
  2020     1     1     3    56  0.000000    -13727.779345    -13721.748112    -13726.035299         0.000000    -13724.678067         0.000000
  2020     1     1     3    56 30.000000    -13728.014469    -13721.981624    -13726.270681         0.000000    -13724.911902         0.000000
  2020     1     1     3    57  0.000000    -13727.423273    -13721.395838    -13725.679576         0.000000    -13724.321850         0.000000
  2020     1     1     3    57 30.000000    -13728.031540    -13722.002760    -13726.288645         0.000000    -13724.931146         0.000000
  2020     1     1     3    58  0.000000    -13728.028524    -13722.001453    -13726.286790         0.000000    -13724.929261         0.000000
  2020     1     1     3    58 30.000000    -13727.905338    -13721.877069    -13726.163558         0.000000    -13724.805874         0.000000
  2020     1     1     3    59  0.000000    -13727.220514    -13721.191162    -13725.478751         0.000000    -13724.118526         0.000000
  2020     1     1     3    59 30.000000    -13727.786481    -13721.758315    -13726.045293         0.000000    -13724.685289         0.000000
  2020     1     1     4     0  0.000000    -13727.610886    -13721.583012    -13725.869925         0.000000    -13724.508354         0.000000
  2020     1     1     4     0 30.000000    -13727.061529    -13721.031922    -13725.320273         0.000000    -13723.960172         0.000000
  2020     1     1     4     1  0.000000    -13727.251945    -13721.221127    -13725.509549         0.000000    -13724.146617         0.000000
  2020     1     1     4     1 30.000000    -13727.906615    -13721.877051    -13726.163733         0.000000    -13724.801613         0.000000
  2020     1     1     4     2  0.000000    -13728.381559    -13722.350757    -13726.641489         0.000000    -13725.282329         0.000000
  2020     1     1     4     2 30.000000    -13727.826744    -13721.792913    -13726.084768         0.000000    -13724.726194         0.000000
  2020     1     1     4     3  0.000000    -13728.281545    -13722.247880    -13726.539426         0.000000    -13725.178013         0.000000
  2020     1     1     4     3 30.000000    -13727.900437    -13721.869367    -13726.157222         0.000000    -13724.799018         0.000000
  2020     1     1     4     4  0.000000    -13727.647741    -13721.614997    -13725.906077         0.000000    -13724.546062         0.000000
  2020     1     1     4     4 30.000000    -13727.436574    -13721.409658    -13725.693169         0.000000    -13724.337957         0.000000
  2020     1     1     4     5  0.000000    -13728.330458    -13722.299105    -13726.588956         0.000000    -13725.228876         0.000000
  2020     1     1     4     5 30.000000    -13727.897170    -13721.865630    -13726.152293         0.000000    -13724.793437         0.000000
  2020     1     1     4     6  0.000000    -13727.841900    -13721.807675    -13726.095686         0.000000    -13724.734947         0.000000
  2020     1     1     4     6 30.000000    -13727.244844    -13721.213168    -13725.501520         0.000000    -13724.140068         0.000000
  2020     1     1     4     7  0.000000    -13727.869678    -13721.839183    -13726.126174         0.000000    -13724.764243         0.000000
  2020     1     1     4     7 30.000000    -13727.982564    -13721.951049    -13726.240532         0.000000    -13724.880891         0.000000
  2020     1     1     4     8  0.000000    -13727.536412    -13721.505135    -13725.792589         0.000000    -13724.432818         0.000000
  2020     1     1     4     8 30.000000    -13727.248761    -13721.218956    -13725.503233         0.000000    -13724.142404         0.000000
  2020     1     1     4     9  0.000000    -13728.269712    -13722.239192    -13726.524405         0.000000    -13725.163690         0.000000
  2020     1     1     4     9 30.000000    -13727.628558    -13721.600622    -13725.884635         0.000000    -13724.524159         0.000000
  2020     1     1     4    10  0.000000    -13727.893918    -13721.865738    -13726.148694         0.000000    -13724.789539         0.000000
  2020     1     1     4    10 30.000000    -13727.770137    -13721.744969    -13726.027293         0.000000    -13724.668436         0.000000
  2020     1     1     4    11  0.000000    -13728.129698    -13722.102848    -13726.384930         0.000000    -13725.027720         0.000000
  2020     1     1     4    11 30.000000    -13727.435255    -13721.406682    -13725.691455         0.000000    -13724.330518         0.000000
  2020     1     1     4    12  0.000000    -13728.152036    -13722.121314    -13726.405268         0.000000    -13725.046644         0.000000
  2020     1     1     4    12 30.000000    -13727.588305    -13721.557109    -13725.844468         0.000000    -13724.483352         0.000000
  2020     1     1     4    13  0.000000    -13727.991863    -13721.961396    -13726.246902         0.000000    -13724.887372         0.000000
  2020     1     1     4    13 30.000000    -13727.305209    -13721.274242    -13725.562998         0.000000    -13724.200107         0.000000
  2020     1     1     4    14  0.000000    -13727.408973    -13721.387699    -13725.668259         0.000000    -13724.303807         0.000000
  2020     1     1     4    14 30.000000    -13727.903103    -13721.876164    -13726.161932         0.000000    -13724.798393         0.000000
  2020     1     1     4    15  0.000000    -13727.998925    -13721.969467    -13726.256947         0.000000    -13724.893662         0.000000
  2020     1     1     4    15 30.000000    -13727.883584    -13721.858951    -13726.143402         0.000000    -13724.780608         0.000000
  2020     1     1     4    16  0.000000    -13727.761411    -13721.739982    -13726.018280         0.000000    -13724.661741         0.000000
  2020     1     1     4    16 30.000000    -13727.845918    -13721.816907    -13726.103416         0.000000    -13724.744492         0.000000
  2020     1     1     4    17  0.000000    -13727.664272    -13721.638674    -13725.921711         0.000000    -13724.556258         0.000000
  2020     1     1     4    17 30.000000    -13727.854069    -13721.832487    -13726.112563         0.000000    -13724.746809         0.000000
  2020     1     1     4    18  0.000000    -13727.578006    -13721.551523    -13725.836678         0.000000    -13724.471857         0.000000
  2020     1     1     4    18 30.000000    -13727.142496    -13721.116123    -13725.400495         0.000000    -13724.036792         0.000000
  2020     1     1     4    19  0.000000    -13727.824554    -13721.798240    -13726.080758         0.000000    -13724.715769         0.000000
  2020     1     1     4    19 30.000000    -13727.792733    -13721.763917    -13726.047145         0.000000    -13724.687544         0.000000
  2020     1     1     4    20  0.000000    -13727.911024    -13721.881845    -13726.165374         0.000000    -13724.803877         0.000000
  2020     1     1     4    20 30.000000    -13727.671703    -13721.646525    -13725.925657         0.000000    -13724.567720         0.000000
  2020     1     1     4    21  0.000000    -13727.840370    -13721.813755    -13726.093533         0.000000    -13724.736179         0.000000
  2020     1     1     4    21 30.000000    -13727.927812    -13721.898360    -13726.181948         0.000000    -13724.824416         0.000000
  2020     1     1     4    22  0.000000    -13727.908044    -13721.880662    -13726.161286         0.000000    -13724.804055         0.000000
  2020     1     1     4    22 30.000000    -13727.619463    -13721.589901    -13725.875139         0.000000    -13724.515133         0.000000
  2020     1     1     4    23  0.000000    -13728.171778    -13722.148606    -13726.425510         0.000000    -13725.066989         0.000000
  2020     1     1     4    23 30.000000    -13727.807550    -13721.775796    -13726.063401         0.000000    -13724.703567         0.000000
  2020     1     1     4    24  0.000000    -13728.391923    -13722.356211    -13726.647241         0.000000    -13725.286066         0.000000
  2020     1     1     4    24 30.000000    -13728.294413    -13722.264807    -13726.551111         0.000000    -13725.190891         0.000000
  2020     1     1     4    25  0.000000    -13727.641985    -13721.615587    -13725.898788         0.000000    -13724.540190         0.000000
  2020     1     1     4    25 30.000000    -13727.667550    -13721.634935    -13725.924234         0.000000    -13724.562242         0.000000
  2020     1     1     4    26  0.000000    -13727.432544    -13721.405193    -13725.688354         0.000000    -13724.328384         0.000000
  2020     1     1     4    26 30.000000    -13727.479303    -13721.448750    -13725.733536         0.000000    -13724.370238         0.000000
  2020     1     1     4    27  0.000000    -13727.289150    -13721.253885    -13725.542508         0.000000    -13724.180863         0.000000
  2020     1     1     4    27 30.000000    -13727.410417    -13721.379979    -13725.663905         0.000000    -13724.303464         0.000000
  2020     1     1     4    28  0.000000    -13727.706380    -13721.672206    -13725.962637         0.000000    -13724.602764         0.000000
  2020     1     1     4    28 30.000000    -13727.863210    -13721.824574    -13726.116905         0.000000    -13724.760395         0.000000
  2020     1     1     4    29  0.000000    -13727.918730    -13721.887917    -13726.173238         0.000000    -13724.814732         0.000000
  2020     1     1     4    29 30.000000    -13727.368547    -13721.335810    -13725.623530         0.000000    -13724.263407         0.000000
  2020     1     1     4    30  0.000000    -13727.775900    -13721.742916    -13726.029416         0.000000    -13724.670219         0.000000
  2020     1     1     4    30 30.000000    -13726.594311    -13720.560756    -13724.851595         0.000000    -13723.492149         0.000000
  2020     1     1     4    31  0.000000    -13727.341714    -13721.315725    -13725.600237         0.000000    -13724.243056         0.000000
  2020     1     1     4    31 30.000000    -13727.969173    -13721.941245    -13726.228207         0.000000    -13724.865341         0.000000
  2020     1     1     4    32  0.000000    -13728.019680    -13721.986624    -13726.279191         0.000000    -13724.915134         0.000000
  2020     1     1     4    32 30.000000    -13728.041757    -13722.009208    -13726.298990         0.000000    -13724.936498         0.000000
  2020     1     1     4    33  0.000000    -13727.815322    -13721.786518    -13726.075014         0.000000    -13724.709228         0.000000
  2020     1     1     4    33 30.000000    -13727.462760    -13721.430793    -13725.721185         0.000000    -13724.358781         0.000000
  2020     1     1     4    34  0.000000    -13727.396045    -13721.365279    -13725.655536         0.000000    -13724.292117         0.000000
  2020     1     1     4    34 30.000000    -13728.279195    -13722.249192    -13726.538838         0.000000    -13725.175707         0.000000
  2020     1     1     4    35  0.000000    -13728.200281    -13722.169188    -13726.461120         0.000000    -13725.099257         0.000000
  2020     1     1     4    35 30.000000    -13727.961982    -13721.933084    -13726.220321         0.000000    -13724.857965         0.000000
  2020     1     1     4    36  0.000000    -13728.275441    -13722.239786    -13726.534126         0.000000    -13725.172320         0.000000
  2020     1     1     4    36 30.000000    -13727.453979    -13721.418978    -13725.713160         0.000000    -13724.351553         0.000000
  2020     1     1     4    37  0.000000    -13727.687288    -13721.653381    -13725.946738         0.000000    -13724.587497         0.000000
  2020     1     1     4    37 30.000000    -13727.991445    -13721.957749    -13726.251648         0.000000    -13724.891279         0.000000
  2020     1     1     4    38  0.000000    -13727.997056    -13721.962917    -13726.256658         0.000000    -13724.899843         0.000000
  2020     1     1     4    38 30.000000    -13727.466087    -13721.437487    -13725.723586         0.000000    -13724.365815         0.000000
  2020     1     1     4    39  0.000000    -13727.485136    -13721.448224    -13725.741462         0.000000    -13724.385780         0.000000
  2020     1     1     4    39 30.000000    -13728.353116    -13722.311951    -13726.610890         0.000000    -13725.253817         0.000000
  2020     1     1     4    40  0.000000    -13727.826539    -13721.788735    -13726.084181         0.000000    -13724.726562         0.000000
  2020     1     1     4    40 30.000000    -13727.304803    -13721.268512    -13725.560708         0.000000    -13724.201387         0.000000
  2020     1     1     4    41  0.000000    -13728.143832    -13722.110203    -13726.397009         0.000000    -13725.038373         0.000000
  2020     1     1     4    41 30.000000    -13728.160020    -13722.125880    -13726.414531         0.000000    -13725.054766         0.000000
  2020     1     1     4    42  0.000000    -13727.901739    -13721.868728    -13726.156784         0.000000    -13724.795838         0.000000
  2020     1     1     4    42 30.000000    -13727.532897    -13721.497373    -13725.786092         0.000000    -13724.426272         0.000000
  2020     1     1     4    43  0.000000    -13727.984682    -13721.946845    -13726.237535         0.000000    -13724.877934         0.000000
  2020     1     1     4    43 30.000000    -13727.378306    -13721.338066    -13725.631807         0.000000    -13724.272312         0.000000
  2020     1     1     4    44  0.000000    -13727.403381    -13721.364478    -13725.657253         0.000000    -13724.298960         0.000000
  2020     1     1     4    44 30.000000    -13727.679253    -13721.640561    -13725.934117         0.000000    -13724.572827         0.000000
  2020     1     1     4    45  0.000000    -13728.120109    -13722.078606    -13726.375756         0.000000    -13725.012127         0.000000
  2020     1     1     4    45 30.000000    -13727.932946    -13721.888913    -13726.185431         0.000000    -13724.824449         0.000000
  2020     1     1     4    46  0.000000    -13728.214860    -13722.169908    -13726.467453         0.000000    -13725.104534         0.000000
  2020     1     1     4    46 30.000000    -13727.721196    -13721.684165    -13725.974283         0.000000    -13724.613351         0.000000
  2020     1     1     4    47  0.000000    -13727.535257    -13721.498964    -13725.788673         0.000000    -13724.427775         0.000000
  2020     1     1     4    47 30.000000    -13727.575521    -13721.546595    -13725.829500         0.000000    -13724.467886         0.000000
  2020     1     1     4    48  0.000000    -13727.395322    -13721.362368    -13725.649625         0.000000    -13724.289990         0.000000
  2020     1     1     4    48 30.000000    -13727.728174    -13721.687512    -13725.981237         0.000000    -13724.620480         0.000000
  2020     1     1     4    49  0.000000    -13727.599933    -13721.560754    -13725.854320         0.000000    -13724.493136         0.000000
  2020     1     1     4    49 30.000000    -13727.670449    -13721.633431    -13725.926396         0.000000    -13724.565962         0.000000
  2020     1     1     4    50  0.000000    -13727.949307    -13721.912289    -13726.204560         0.000000    -13724.845648         0.000000
  2020     1     1     4    50 30.000000    -13727.141571    -13721.099941    -13725.397443         0.000000    -13724.038727         0.000000
  2020     1     1     4    51  0.000000    -13727.406142    -13721.363839    -13725.657220         0.000000    -13724.299191         0.000000
  2020     1     1     4    51 30.000000    -13727.294951    -13721.250907    -13725.547192         0.000000    -13724.187586         0.000000
  2020     1     1     4    52  0.000000    -13727.978185    -13721.932965    -13726.228678         0.000000    -13724.869454         0.000000
  2020     1     1     4    52 30.000000    -13727.831040    -13721.789667    -13726.080023         0.000000    -13724.720619         0.000000
  2020     1     1     4    53  0.000000    -13727.155468    -13721.113102    -13725.409077         0.000000    -13724.049759         0.000000
  2020     1     1     4    53 30.000000    -13727.624907    -13721.583215    -13725.877283         0.000000    -13724.518002         0.000000
  2020     1     1     4    54  0.000000    -13728.003873    -13721.964195    -13726.254950         0.000000    -13724.896443         0.000000
  2020     1     1     4    54 30.000000    -13728.313706    -13722.275046    -13726.566204         0.000000    -13725.209740         0.000000
  2020     1     1     4    55  0.000000    -13727.764250    -13721.723762    -13726.019410         0.000000    -13724.660228         0.000000
  2020     1     1     4    55 30.000000    -13727.884428    -13721.847697    -13726.139234         0.000000    -13724.780107         0.000000
  2020     1     1     4    56  0.000000    -13728.244680    -13722.206534    -13726.498338         0.000000    -13725.141270         0.000000
  2020     1     1     4    56 30.000000    -13728.059749    -13722.019348    -13726.313772         0.000000    -13724.954137         0.000000
  2020     1     1     4    57  0.000000    -13728.431201    -13722.392440    -13726.685920         0.000000    -13725.328546         0.000000
  2020     1     1     4    57 30.000000    -13728.070171    -13722.029938    -13726.326550         0.000000    -13724.967872         0.000000
  2020     1     1     4    58  0.000000    -13727.696821    -13721.656184    -13725.951670         0.000000    -13724.594249         0.000000
  2020     1     1     4    58 30.000000    -13727.669191    -13721.624945    -13725.925592         0.000000    -13724.565875         0.000000
  2020     1     1     4    59  0.000000    -13728.553726    -13722.506614    -13726.808553         0.000000    -13725.451895         0.000000
  2020     1     1     4    59 30.000000    -13727.511004    -13721.468700    -13725.767861         0.000000    -13724.409948         0.000000
  2020     1     1     5     0  0.000000    -13727.467169    -13721.425532    -13725.725540         0.000000    -13724.363625         0.000000
  2020     1     1     5     0 30.000000    -13726.967218    -13720.921477    -13725.220841         0.000000    -13723.863670         0.000000
  2020     1     1     5     1  0.000000    -13728.224297    -13722.185519    -13726.478986         0.000000    -13725.120093         0.000000
  2020     1     1     5     1 30.000000    -13728.394704    -13722.354309    -13726.649860         0.000000    -13725.289469         0.000000
  2020     1     1     5     2  0.000000    -13727.573237    -13721.536266    -13725.828119         0.000000    -13724.469717         0.000000
  2020     1     1     5     2 30.000000    -13728.251674    -13722.209115    -13726.505667         0.000000    -13725.145586         0.000000
  2020     1     1     5     3  0.000000    -13728.220174    -13722.182670    -13726.475171         0.000000    -13725.115876         0.000000
  2020     1     1     5     3 30.000000    -13728.098974    -13722.060244    -13726.350553         0.000000    -13724.991707         0.000000
  2020     1     1     5     4  0.000000    -13727.224819    -13721.185655    -13725.474825         0.000000    -13724.117690         0.000000
  2020     1     1     5     4 30.000000    -13727.924016    -13721.885975    -13726.174304         0.000000    -13724.817422         0.000000
  2020     1     1     5     5  0.000000    -13727.966158    -13721.931966    -13726.221166         0.000000    -13724.860345         0.000000
  2020     1     1     5     5 30.000000    -13727.773340    -13721.733903    -13726.027671         0.000000    -13724.667547         0.000000
  2020     1     1     5     6  0.000000    -13728.164889    -13722.126235    -13726.420402         0.000000    -13725.056523         0.000000
  2020     1     1     5     6 30.000000    -13728.039847    -13721.996516    -13726.294501         0.000000    -13724.934722         0.000000
  2020     1     1     5     7  0.000000    -13727.896981    -13721.859163    -13726.150991         0.000000    -13724.790374         0.000000
  2020     1     1     5     7 30.000000    -13727.813005    -13721.774233    -13726.067029         0.000000    -13724.705987         0.000000
  2020     1     1     5     8  0.000000    -13727.924538    -13721.887032    -13726.178305         0.000000    -13724.816870         0.000000
  2020     1     1     5     8 30.000000    -13727.776726    -13721.737080    -13726.026964         0.000000    -13724.670001         0.000000
  2020     1     1     5     9  0.000000    -13728.130877    -13722.092074    -13726.381492         0.000000    -13725.025675         0.000000
  2020     1     1     5     9 30.000000    -13727.975410    -13721.937300    -13726.226604         0.000000    -13724.870326         0.000000
  2020     1     1     5    10  0.000000    -13727.738918    -13721.698631    -13725.990830         0.000000    -13724.632818         0.000000
  2020     1     1     5    10 30.000000    -13727.728612    -13721.689749    -13725.982352         0.000000    -13724.624011         0.000000
  2020     1     1     5    11  0.000000    -13728.333239    -13722.300965    -13726.587799         0.000000    -13725.228047         0.000000
  2020     1     1     5    11 30.000000    -13728.574215    -13722.537912    -13726.830704         0.000000    -13725.470991         0.000000
  2020     1     1     5    12  0.000000    -13728.083445    -13722.050364    -13726.339907         0.000000    -13724.979777         0.000000
  2020     1     1     5    12 30.000000    -13727.732043    -13721.695796    -13725.986209         0.000000    -13724.627688         0.000000
  2020     1     1     5    13  0.000000    -13727.977517    -13721.936633    -13726.230621         0.000000    -13724.870823         0.000000
  2020     1     1     5    13 30.000000    -13727.694571    -13721.656698    -13725.946508         0.000000    -13724.586712         0.000000
  2020     1     1     5    14  0.000000    -13727.823324    -13721.785748    -13726.077304         0.000000    -13724.716650         0.000000
  2020     1     1     5    14 30.000000    -13728.472688    -13722.432662    -13726.725794         0.000000    -13725.366838         0.000000
  2020     1     1     5    15  0.000000    -13727.632746    -13721.591421    -13725.884524         0.000000    -13724.526405         0.000000
  2020     1     1     5    15 30.000000    -13727.298998    -13721.262179    -13725.552780         0.000000    -13724.192911         0.000000
  2020     1     1     5    16  0.000000    -13727.850815    -13721.815751    -13726.106437         0.000000    -13724.745253         0.000000
  2020     1     1     5    16 30.000000    -13727.551011    -13721.513367    -13725.808056         0.000000    -13724.447477         0.000000
  2020     1     1     5    17  0.000000    -13728.280436    -13722.243925    -13726.535356         0.000000    -13725.176036         0.000000
  2020     1     1     5    17 30.000000    -13727.212335    -13721.175479    -13725.466369         0.000000    -13724.104314         0.000000
  2020     1     1     5    18  0.000000    -13727.398573    -13721.364965    -13725.652911         0.000000    -13724.292626         0.000000
  2020     1     1     5    18 30.000000    -13727.688873    -13721.653318    -13725.942414         0.000000    -13724.583071         0.000000
  2020     1     1     5    19  0.000000    -13727.645412    -13721.607653    -13725.899314         0.000000    -13724.538957         0.000000
  2020     1     1     5    19 30.000000    -13728.043288    -13722.004975    -13726.297586         0.000000    -13724.937120         0.000000
  2020     1     1     5    20  0.000000    -13728.114269    -13722.076025    -13726.367904         0.000000    -13725.007895         0.000000
  2020     1     1     5    20 30.000000    -13727.950092    -13721.910550    -13726.203797         0.000000    -13724.842864         0.000000
  2020     1     1     5    21  0.000000    -13728.013986    -13721.976219    -13726.270291         0.000000    -13724.907927         0.000000
  2020     1     1     5    21 30.000000    -13727.915876    -13721.877911    -13726.170730         0.000000    -13724.809842         0.000000
  2020     1     1     5    22  0.000000    -13728.517745    -13722.477908    -13726.773876         0.000000    -13725.411103         0.000000
  2020     1     1     5    22 30.000000    -13727.936727    -13721.899178    -13726.190544         0.000000    -13724.830826         0.000000
  2020     1     1     5    23  0.000000    -13728.196292    -13722.160662    -13726.451211         0.000000    -13725.092736         0.000000
  2020     1     1     5    23 30.000000    -13727.983674    -13721.949412    -13726.238309         0.000000    -13724.880723         0.000000
  2020     1     1     5    24  0.000000    -13728.588315    -13722.553260    -13726.840590         0.000000    -13725.484070         0.000000
  2020     1     1     5    24 30.000000    -13727.934326    -13721.897334    -13726.185634         0.000000    -13724.826804         0.000000
  2020     1     1     5    25  0.000000    -13728.316186    -13722.278332    -13726.567185         0.000000    -13725.207545         0.000000
  2020     1     1     5    25 30.000000    -13728.204149    -13722.167102    -13726.454222         0.000000    -13725.096068         0.000000
  2020     1     1     5    26  0.000000    -13727.811102    -13721.772949    -13726.063173         0.000000    -13724.703472         0.000000
  2020     1     1     5    26 30.000000    -13728.203360    -13722.164770    -13726.456883         0.000000    -13725.096302         0.000000
  2020     1     1     5    27  0.000000    -13727.791011    -13721.750953    -13726.045445         0.000000    -13724.684146         0.000000
  2020     1     1     5    27 30.000000    -13727.944772    -13721.908966    -13726.198545         0.000000    -13724.838466         0.000000
  2020     1     1     5    28  0.000000    -13727.750436    -13721.714718    -13726.006385         0.000000    -13724.644709         0.000000
  2020     1     1     5    28 30.000000    -13728.212700    -13722.173611    -13726.466173         0.000000    -13725.105469         0.000000
  2020     1     1     5    29  0.000000    -13727.687903    -13721.645067    -13725.938221         0.000000    -13724.580114         0.000000
  2020     1     1     5    29 30.000000    -13727.805684    -13721.762529    -13726.058525         0.000000    -13724.697306         0.000000
  2020     1     1     5    30  0.000000    -13728.096406    -13722.054434    -13726.350865         0.000000    -13724.987958         0.000000
  2020     1     1     5    30 30.000000    -13727.959142    -13721.916136    -13726.213440         0.000000    -13724.850999         0.000000
  2020     1     1     5    31  0.000000    -13728.143217    -13722.101281    -13726.398867         0.000000    -13725.033945         0.000000
  2020     1     1     5    31 30.000000    -13728.682963    -13722.642825    -13726.935474         0.000000    -13725.575327         0.000000
  2020     1     1     5    32  0.000000    -13727.989655    -13721.953644    -13726.243477         0.000000    -13724.882540         0.000000
  2020     1     1     5    32 30.000000    -13727.941162    -13721.902697    -13726.195600         0.000000    -13724.833447         0.000000
  2020     1     1     5    33  0.000000    -13727.944715    -13721.902743    -13726.197238         0.000000    -13724.835721         0.000000
  2020     1     1     5    33 30.000000    -13727.939313    -13721.898285    -13726.189751         0.000000    -13724.827754         0.000000
  2020     1     1     5    34  0.000000    -13728.225638    -13722.184368    -13726.476433         0.000000    -13725.115234         0.000000
  2020     1     1     5    34 30.000000    -13727.915762    -13721.873685    -13726.168555         0.000000    -13724.803481         0.000000
  2020     1     1     5    35  0.000000    -13728.107142    -13722.071730    -13726.359939         0.000000    -13724.997097         0.000000
  2020     1     1     5    35 30.000000    -13728.721056    -13722.683573    -13726.973663         0.000000    -13725.610348         0.000000
  2020     1     1     5    36  0.000000    -13727.846932    -13721.803016    -13726.098648         0.000000    -13724.735401         0.000000
  2020     1     1     5    36 30.000000    -13727.804419    -13721.760692    -13726.056590         0.000000    -13724.693128         0.000000
  2020     1     1     5    37  0.000000    -13728.425511    -13722.380394    -13726.676338         0.000000    -13725.313551         0.000000
  2020     1     1     5    37 30.000000    -13728.093151    -13722.050170    -13726.342984         0.000000    -13724.982757         0.000000
  2020     1     1     5    38  0.000000    -13728.236967    -13722.192699    -13726.484964         0.000000    -13725.123957         0.000000
  2020     1     1     5    38 30.000000    -13728.313998    -13722.266806    -13726.564224         0.000000    -13725.202890         0.000000
  2020     1     1     5    39  0.000000    -13728.149405    -13722.106728    -13726.398894         0.000000    -13725.037638         0.000000
  2020     1     1     5    39 30.000000    -13727.987982    -13721.944651    -13726.237486         0.000000    -13724.875586         0.000000
  2020     1     1     5    40  0.000000    -13728.569329    -13722.523518    -13726.820283         0.000000    -13725.457067         0.000000
  2020     1     1     5    40 30.000000    -13727.949376    -13721.907487    -13726.201130         0.000000    -13724.838131         0.000000
  2020     1     1     5    41  0.000000    -13728.004299    -13721.958952    -13726.254857         0.000000    -13724.892655         0.000000
  2020     1     1     5    41 30.000000    -13727.475352    -13721.427982    -13725.725195         0.000000    -13724.363723         0.000000
  2020     1     1     5    42  0.000000    -13727.920989    -13721.878405    -13726.170928         0.000000    -13724.808404         0.000000
  2020     1     1     5    42 30.000000    -13728.092219    -13722.050444    -13726.341771         0.000000    -13724.980260         0.000000
  2020     1     1     5    43  0.000000    -13728.093183    -13722.049953    -13726.342296         0.000000    -13724.983913         0.000000
  2020     1     1     5    43 30.000000    -13728.460749    -13722.420676    -13726.708824         0.000000    -13725.349839         0.000000
  2020     1     1     5    44  0.000000    -13727.805813    -13721.765055    -13726.056707         0.000000    -13724.696196         0.000000
  2020     1     1     5    44 30.000000    -13728.042858    -13722.003761    -13726.292451         0.000000    -13724.933216         0.000000
  2020     1     1     5    45  0.000000    -13727.896232    -13721.859945    -13726.145988         0.000000    -13724.787314         0.000000
  2020     1     1     5    45 30.000000    -13728.093730    -13722.058724    -13726.345070         0.000000    -13724.985541         0.000000
  2020     1     1     5    46  0.000000    -13728.380491    -13722.338195    -13726.630853         0.000000    -13725.271508         0.000000
  2020     1     1     5    46 30.000000    -13728.461533    -13722.417795    -13726.712446         0.000000    -13725.351602         0.000000
  2020     1     1     5    47  0.000000    -13728.757626    -13722.708942    -13727.008449         0.000000    -13725.647048         0.000000
  2020     1     1     5    47 30.000000    -13728.146146    -13722.098713    -13726.398773         0.000000    -13725.037011         0.000000
  2020     1     1     5    48  0.000000    -13728.049123    -13722.004539    -13726.302528         0.000000    -13724.940838         0.000000
  2020     1     1     5    48 30.000000    -13728.219154    -13722.175926    -13726.470726         0.000000    -13725.108860         0.000000
  2020     1     1     5    49  0.000000    -13728.367649    -13722.319486    -13726.617605         0.000000    -13725.254932         0.000000
  2020     1     1     5    49 30.000000    -13727.505283    -13721.461581    -13725.756859         0.000000    -13724.396238         0.000000
  2020     1     1     5    50  0.000000    -13727.535911    -13721.491845    -13725.786254         0.000000    -13724.423460         0.000000
  2020     1     1     5    50 30.000000    -13727.818248    -13721.775698    -13726.071767         0.000000    -13724.710051         0.000000
  2020     1     1     5    51  0.000000    -13728.553740    -13722.508717    -13726.807169         0.000000    -13725.443197         0.000000
  2020     1     1     5    51 30.000000    -13728.881893    -13722.838548    -13727.132318         0.000000    -13725.770613         0.000000
  2020     1     1     5    52  0.000000    -13728.266248    -13722.216642    -13726.516512         0.000000    -13725.153566         0.000000
  2020     1     1     5    52 30.000000    -13727.883990    -13721.838683    -13726.134424         0.000000    -13724.775635         0.000000
  2020     1     1     5    53  0.000000    -13728.158831    -13722.116228    -13726.411815         0.000000    -13725.051361         0.000000
  2020     1     1     5    53 30.000000    -13728.981552    -13722.939904    -13727.234421         0.000000    -13725.874301         0.000000
  2020     1     1     5    54  0.000000    -13727.996932    -13721.953311    -13726.249784         0.000000    -13724.888419         0.000000
  2020     1     1     5    54 30.000000    -13728.237079    -13722.189851    -13726.489359         0.000000    -13725.127149         0.000000
  2020     1     1     5    55  0.000000    -13727.915635    -13721.874364    -13726.170115         0.000000    -13724.806234         0.000000
  2020     1     1     5    55 30.000000    -13728.079680    -13722.041646    -13726.334713         0.000000    -13724.971225         0.000000
  2020     1     1     5    56  0.000000    -13728.495281    -13722.460713    -13726.750932         0.000000    -13725.388316         0.000000
  2020     1     1     5    56 30.000000    -13728.280799    -13722.240789    -13726.536956         0.000000    -13725.170914         0.000000
  2020     1     1     5    57  0.000000    -13727.966799    -13721.926972    -13726.222369         0.000000    -13724.855234         0.000000
  2020     1     1     5    57 30.000000    -13728.215601    -13722.178723    -13726.470731         0.000000    -13725.105570         0.000000
  2020     1     1     5    58  0.000000    -13728.305390    -13722.267744    -13726.562318         0.000000    -13725.195258         0.000000
  2020     1     1     5    58 30.000000    -13728.275931    -13722.241012    -13726.529133         0.000000    -13725.165990         0.000000
  2020     1     1     5    59  0.000000    -13728.029392    -13721.986531    -13726.281792         0.000000    -13724.918477         0.000000
  2020     1     1     5    59 30.000000    -13727.547383    -13721.504116    -13725.802143         0.000000    -13724.436231         0.000000
  2020     1     1     6     0  0.000000    -13727.637194    -13721.594081    -13725.891298         0.000000    -13724.528598         0.000000
  2020     1     1     6     0 30.000000    -13726.922301    -13720.877452    -13725.174562         0.000000    -13723.811869         0.000000
  2020     1     1     6     1  0.000000    -13728.242637    -13722.198534    -13726.494813         0.000000    -13725.130020         0.000000
  2020     1     1     6     1 30.000000    -13728.494995    -13722.449348    -13726.749541         0.000000    -13725.386568         0.000000
  2020     1     1     6     2  0.000000    -13728.661376    -13722.615999    -13726.915970         0.000000    -13725.552350         0.000000
  2020     1     1     6     2 30.000000    -13728.809294    -13722.764596    -13727.065520         0.000000    -13725.700712         0.000000
  2020     1     1     6     3  0.000000    -13728.398551    -13722.351737    -13726.653068         0.000000    -13725.290909         0.000000
  2020     1     1     6     3 30.000000    -13728.234116    -13722.186326    -13726.487964         0.000000    -13725.123206         0.000000
  2020     1     1     6     4  0.000000    -13727.662269    -13721.617728    -13725.917565         0.000000    -13724.550619         0.000000
  2020     1     1     6     4 30.000000    -13727.408620    -13721.369169    -13725.664540         0.000000    -13724.298718         0.000000
  2020     1     1     6     5  0.000000    -13728.123802    -13722.089442    -13726.380930         0.000000    -13725.016151         0.000000
  2020     1     1     6     5 30.000000    -13728.440009    -13722.404432    -13726.695322         0.000000    -13725.332198         0.000000
  2020     1     1     6     6  0.000000    -13728.352684    -13722.315930    -13726.607030         0.000000    -13725.244045         0.000000
  2020     1     1     6     6 30.000000    -13728.003675    -13721.968904    -13726.258925         0.000000    -13724.896996         0.000000
  2020     1     1     6     7  0.000000    -13728.411911    -13722.375699    -13726.667776         0.000000    -13725.303430         0.000000
  2020     1     1     6     7 30.000000    -13727.614768    -13721.577007    -13725.871691         0.000000    -13724.506601         0.000000
  2020     1     1     6     8  0.000000    -13728.332927    -13722.285012    -13726.587732         0.000000    -13725.222658         0.000000
  2020     1     1     6     8 30.000000    -13728.054224    -13722.008223    -13726.308843         0.000000    -13724.946368         0.000000
  2020     1     1     6     9  0.000000    -13727.783469    -13721.742825    -13726.041349         0.000000    -13724.674570         0.000000
  2020     1     1     6     9 30.000000    -13728.225113    -13722.186152    -13726.482292         0.000000    -13725.114029         0.000000
  2020     1     1     6    10  0.000000    -13728.006291    -13721.972575    -13726.260846         0.000000    -13724.893465         0.000000
  2020     1     1     6    10 30.000000    -13728.283136    -13722.247336    -13726.537743         0.000000    -13725.170144         0.000000
  2020     1     1     6    11  0.000000    -13728.453832    -13722.418798    -13726.710306         0.000000    -13725.342511         0.000000
  2020     1     1     6    11 30.000000    -13728.461021    -13722.425042    -13726.716445         0.000000    -13725.351405         0.000000
  2020     1     1     6    12  0.000000    -13728.755817    -13722.716719    -13727.011876         0.000000    -13725.646441         0.000000
  2020     1     1     6    12 30.000000    -13728.250506    -13722.212471    -13726.506781         0.000000    -13725.140424         0.000000
  2020     1     1     6    13  0.000000    -13728.058154    -13722.019655    -13726.315505         0.000000    -13724.948381         0.000000
  2020     1     1     6    13 30.000000    -13727.535094    -13721.493796    -13725.789477         0.000000    -13724.423898         0.000000
  2020     1     1     6    14  0.000000    -13727.800810    -13721.756449    -13726.056131         0.000000    -13724.689020         0.000000
  2020     1     1     6    14 30.000000    -13727.651028    -13721.609409    -13725.905711         0.000000    -13724.538991         0.000000
  2020     1     1     6    15  0.000000    -13728.300176    -13722.259521    -13726.555207         0.000000    -13725.189745         0.000000
  2020     1     1     6    15 30.000000    -13728.277554    -13722.236117    -13726.533433         0.000000    -13725.168236         0.000000
  2020     1     1     6    16  0.000000    -13728.310019    -13722.268388    -13726.566218         0.000000    -13725.201264         0.000000
  2020     1     1     6    16 30.000000    -13728.303372    -13722.265145    -13726.556603         0.000000    -13725.195001         0.000000
  2020     1     1     6    17  0.000000    -13727.597254    -13721.563402    -13725.852153         0.000000    -13724.488898         0.000000
  2020     1     1     6    17 30.000000    -13728.132270    -13722.099493    -13726.388353         0.000000    -13725.022465         0.000000
  2020     1     1     6    18  0.000000    -13727.545350    -13721.509263    -13725.798804         0.000000    -13724.436710         0.000000
  2020     1     1     6    18 30.000000    -13728.675517    -13722.636714    -13726.928756         0.000000    -13725.565613         0.000000
  2020     1     1     6    19  0.000000    -13728.985224    -13722.944313    -13727.238887         0.000000    -13725.875383         0.000000
  2020     1     1     6    19 30.000000    -13728.333708    -13722.293326    -13726.588098         0.000000    -13725.224938         0.000000
  2020     1     1     6    20  0.000000    -13728.229806    -13722.188032    -13726.482481         0.000000    -13725.119343         0.000000
  2020     1     1     6    20 30.000000    -13728.423837    -13722.382007    -13726.676222         0.000000    -13725.311307         0.000000
  2020     1     1     6    21  0.000000    -13728.128820    -13722.091663    -13726.381893         0.000000    -13725.015935         0.000000
  2020     1     1     6    21 30.000000    -13728.283702    -13722.241827    -13726.537914         0.000000    -13725.171404         0.000000
  2020     1     1     6    22  0.000000    -13727.952140    -13721.910852    -13726.206756         0.000000    -13724.842746         0.000000
  2020     1     1     6    22 30.000000    -13728.180355    -13722.137616    -13726.435450         0.000000    -13725.071274         0.000000
  2020     1     1     6    23  0.000000    -13728.022704    -13721.979340    -13726.277773         0.000000    -13724.914188         0.000000
  2020     1     1     6    23 30.000000    -13727.889584    -13721.853283    -13726.144872         0.000000    -13724.781224         0.000000
  2020     1     1     6    24  0.000000    -13728.071690    -13722.038208    -13726.330074         0.000000    -13724.964579         0.000000
  2020     1     1     6    24 30.000000    -13728.077641    -13722.040950    -13726.334658         0.000000    -13724.968314         0.000000
  2020     1     1     6    25  0.000000    -13728.355883    -13722.323685    -13726.614105         0.000000    -13725.245737         0.000000
  2020     1     1     6    25 30.000000    -13727.575004    -13721.538751    -13725.833225         0.000000    -13724.468507         0.000000
  2020     1     1     6    26  0.000000    -13727.971034    -13721.933543    -13726.228838         0.000000    -13724.862930         0.000000
  2020     1     1     6    26 30.000000    -13728.674845    -13722.638314    -13726.931499         0.000000    -13725.567979         0.000000
  2020     1     1     6    27  0.000000    -13728.323205    -13722.288336    -13726.582489         0.000000    -13725.218135         0.000000
  2020     1     1     6    27 30.000000    -13728.171105    -13722.137080    -13726.428364         0.000000    -13725.065204         0.000000
  2020     1     1     6    28  0.000000    -13727.619541    -13721.588075    -13725.875892         0.000000    -13724.512016         0.000000
  2020     1     1     6    28 30.000000    -13728.224167    -13722.188310    -13726.483317         0.000000    -13725.119130         0.000000
  2020     1     1     6    29  0.000000    -13728.144730    -13722.108398    -13726.402288         0.000000    -13725.040155         0.000000
  2020     1     1     6    29 30.000000    -13728.506715    -13722.468808    -13726.763263         0.000000    -13725.399144         0.000000
  2020     1     1     6    30  0.000000    -13727.877439    -13721.836750    -13726.133742         0.000000    -13724.767701         0.000000
  2020     1     1     6    30 30.000000    -13727.432457    -13721.388054    -13725.688417         0.000000    -13724.322277         0.000000
  2020     1     1     6    31  0.000000    -13728.343654    -13722.301981    -13726.599618         0.000000    -13725.234822         0.000000
  2020     1     1     6    31 30.000000    -13727.853128    -13721.813180    -13726.109248         0.000000    -13724.746386         0.000000
  2020     1     1     6    32  0.000000    -13728.528003    -13722.488797    -13726.783514         0.000000    -13725.419865         0.000000
  2020     1     1     6    32 30.000000    -13727.713269    -13721.676318    -13725.971137         0.000000    -13724.604391         0.000000
  2020     1     1     6    33  0.000000    -13727.888796    -13721.854923    -13726.144180         0.000000    -13724.780538         0.000000
  2020     1     1     6    33 30.000000    -13727.809800    -13721.772977    -13726.065463         0.000000    -13724.700677         0.000000
  2020     1     1     6    34  0.000000    -13727.946682    -13721.907625    -13726.202135         0.000000    -13724.836410         0.000000
  2020     1     1     6    34 30.000000    -13728.216519    -13722.179814    -13726.474441         0.000000    -13725.106096         0.000000
  2020     1     1     6    35  0.000000    -13728.439714    -13722.405268    -13726.695553         0.000000    -13725.331087         0.000000
  2020     1     1     6    35 30.000000    -13728.418277    -13722.379721    -13726.675321         0.000000    -13725.310839         0.000000
  2020     1     1     6    36  0.000000    -13727.908727    -13721.866994    -13726.163597         0.000000    -13724.800390         0.000000
  2020     1     1     6    36 30.000000    -13727.921099    -13721.880593    -13726.177660         0.000000    -13724.813349         0.000000
  2020     1     1     6    37  0.000000    -13728.016589    -13721.980063    -13726.272277         0.000000    -13724.908211         0.000000
  2020     1     1     6    37 30.000000    -13727.988133    -13721.952791    -13726.244983         0.000000    -13724.880155         0.000000
  2020     1     1     6    38  0.000000    -13727.662279    -13721.626707    -13725.918773         0.000000    -13724.554211         0.000000
  2020     1     1     6    38 30.000000    -13727.440374    -13721.402219    -13725.697572         0.000000    -13724.333471         0.000000
  2020     1     1     6    39  0.000000    -13727.588948    -13721.550141    -13725.847528         0.000000    -13724.479871         0.000000
  2020     1     1     6    39 30.000000    -13728.752275    -13722.713242    -13727.008053         0.000000    -13725.640307         0.000000
  2020     1     1     6    40  0.000000    -13728.255906    -13722.217554    -13726.514430         0.000000    -13725.142957         0.000000
  2020     1     1     6    40 30.000000    -13727.999084    -13721.966254    -13726.255171         0.000000    -13724.887340         0.000000
  2020     1     1     6    41  0.000000    -13727.724249    -13721.690812    -13725.981111         0.000000    -13724.614023         0.000000
  2020     1     1     6    41 30.000000    -13728.138066    -13722.099972    -13726.397564         0.000000    -13725.028725         0.000000
  2020     1     1     6    42  0.000000    -13727.905097    -13721.867802    -13726.162611         0.000000    -13724.793331         0.000000
  2020     1     1     6    42 30.000000    -13728.062545    -13722.025760    -13726.319827         0.000000    -13724.951405         0.000000
  2020     1     1     6    43  0.000000    -13728.214630    -13722.178952    -13726.472032         0.000000    -13725.103160         0.000000
  2020     1     1     6    43 30.000000    -13728.126663    -13722.089665    -13726.385109         0.000000    -13725.018210         0.000000
  2020     1     1     6    44  0.000000    -13727.802185    -13721.765348    -13726.061092         0.000000    -13724.695638         0.000000
  2020     1     1     6    44 30.000000    -13727.949173    -13721.911254    -13726.207739         0.000000    -13724.842730         0.000000
  2020     1     1     6    45  0.000000    -13727.708508    -13721.669127    -13725.967880         0.000000    -13724.600615         0.000000
  2020     1     1     6    45 30.000000    -13728.651446    -13722.611503    -13726.909202         0.000000    -13725.544775         0.000000
  2020     1     1     6    46  0.000000    -13728.056576    -13722.019075    -13726.316899         0.000000    -13724.953064         0.000000
  2020     1     1     6    46 30.000000    -13727.593466    -13721.556267    -13725.850700         0.000000    -13724.487649         0.000000
  2020     1     1     6    47  0.000000    -13728.732460    -13722.693758    -13726.989144         0.000000    -13725.623922         0.000000
  2020     1     1     6    47 30.000000    -13728.391477    -13722.354394    -13726.650346         0.000000    -13725.286412         0.000000
  2020     1     1     6    48  0.000000    -13728.138852    -13722.101088    -13726.393451         0.000000    -13725.030512         0.000000
  2020     1     1     6    48 30.000000    -13728.068728    -13722.030954    -13726.323690         0.000000    -13724.960348         0.000000
  2020     1     1     6    49  0.000000    -13728.132231    -13722.093254    -13726.385882         0.000000    -13725.024656         0.000000
  2020     1     1     6    49 30.000000    -13727.839298    -13721.795487    -13726.091240         0.000000    -13724.728835         0.000000
  2020     1     1     6    50  0.000000    -13727.824602    -13721.788449    -13726.079569         0.000000    -13724.716591         0.000000
  2020     1     1     6    50 30.000000    -13728.598541    -13722.560073    -13726.852343         0.000000    -13725.491731         0.000000
  2020     1     1     6    51  0.000000    -13728.300016    -13722.258789    -13726.553835         0.000000    -13725.191870         0.000000
  2020     1     1     6    51 30.000000    -13727.921376    -13721.885768    -13726.175570         0.000000    -13724.811331         0.000000
  2020     1     1     6    52  0.000000    -13727.760996    -13721.718423    -13726.017495         0.000000    -13724.652088         0.000000
  2020     1     1     6    52 30.000000    -13728.852114    -13722.815692    -13727.109687         0.000000    -13725.742714         0.000000
  2020     1     1     6    53  0.000000    -13728.829384    -13722.794122    -13727.086129         0.000000    -13725.720351         0.000000
  2020     1     1     6    53 30.000000    -13729.422102    -13723.381540    -13727.676845         0.000000    -13726.312190         0.000000
  2020     1     1     6    54  0.000000    -13728.250011    -13722.207779    -13726.505574         0.000000    -13725.139225         0.000000
  2020     1     1     6    54 30.000000    -13728.134926    -13722.098174    -13726.388844         0.000000    -13725.024734         0.000000
  2020     1     1     6    55  0.000000    -13727.542295    -13721.503733    -13725.799351         0.000000    -13724.432325         0.000000
  2020     1     1     6    55 30.000000    -13727.951328    -13721.910715    -13726.208937         0.000000    -13724.842817         0.000000
  2020     1     1     6    56  0.000000    -13727.817825    -13721.782131    -13726.073639         0.000000    -13724.710274         0.000000
  2020     1     1     6    56 30.000000    -13727.951058    -13721.913729    -13726.207319         0.000000    -13724.842635         0.000000
  2020     1     1     6    57  0.000000    -13728.381704    -13722.345978    -13726.636483         0.000000    -13725.273149         0.000000
  2020     1     1     6    57 30.000000    -13728.101945    -13722.063160    -13726.356539         0.000000    -13724.995173         0.000000
  2020     1     1     6    58  0.000000    -13728.406912    -13722.365336    -13726.660856         0.000000    -13725.298902         0.000000
  2020     1     1     6    58 30.000000    -13728.182576    -13722.138883    -13726.437956         0.000000    -13725.075246         0.000000
  2020     1     1     6    59  0.000000    -13727.709080    -13721.666243    -13725.963476         0.000000    -13724.600020         0.000000
  2020     1     1     6    59 30.000000    -13728.178360    -13722.136389    -13726.430920         0.000000    -13725.068992         0.000000
  2020     1     1     7     0  0.000000    -13728.440617    -13722.399416    -13726.693561         0.000000    -13725.330310         0.000000
  2020     1     1     7     0 30.000000    -13726.956704    -13720.918409    -13725.210744         0.000000    -13723.845629         0.000000
  2020     1     1     7     1  0.000000    -13728.028899    -13721.989077    -13726.285053         0.000000    -13724.918932         0.000000
  2020     1     1     7     1 30.000000    -13728.764621    -13722.727444    -13727.021406         0.000000    -13725.651960         0.000000
  2020     1     1     7     2  0.000000    -13728.007406    -13721.965251    -13726.262247         0.000000    -13724.896768         0.000000
  2020     1     1     7     2 30.000000    -13727.912109    -13721.867258    -13726.166724         0.000000    -13724.803297         0.000000
  2020     1     1     7     3  0.000000    -13728.489255    -13722.447028    -13726.744603         0.000000    -13725.378605         0.000000
  2020     1     1     7     3 30.000000    -13728.197350    -13722.156127    -13726.453750         0.000000    -13725.085880         0.000000
  2020     1     1     7     4  0.000000    -13728.235561    -13722.198827    -13726.493551         0.000000    -13725.126183         0.000000
  2020     1     1     7     4 30.000000    -13727.810480    -13721.771636    -13726.067740         0.000000    -13724.697909         0.000000
  2020     1     1     7     5  0.000000    -13728.091989    -13722.054216    -13726.348084         0.000000    -13724.980938         0.000000
  2020     1     1     7     5 30.000000    -13727.745920    -13721.706611    -13726.004233         0.000000    -13724.632793         0.000000
  2020     1     1     7     6  0.000000    -13728.106654    -13722.065526    -13726.363588         0.000000    -13724.993383         0.000000
  2020     1     1     7     6 30.000000    -13727.806333    -13721.765271    -13726.061357         0.000000    -13724.695295         0.000000
  2020     1     1     7     7  0.000000    -13727.963427    -13721.923985    -13726.216572         0.000000    -13724.851430         0.000000
  2020     1     1     7     7 30.000000    -13728.335493    -13722.294183    -13726.587802         0.000000    -13725.224042         0.000000
  2020     1     1     7     8  0.000000    -13728.139766    -13722.102103    -13726.392492         0.000000    -13725.028736         0.000000
  2020     1     1     7     8 30.000000    -13727.423470    -13721.380846    -13725.677185         0.000000    -13724.311642         0.000000
  2020     1     1     7     9  0.000000    -13727.770880    -13721.730853    -13726.024518         0.000000    -13724.658347         0.000000
  2020     1     1     7     9 30.000000    -13727.339833    -13721.297564    -13725.595121         0.000000    -13724.229579         0.000000
  2020     1     1     7    10  0.000000    -13727.490258    -13721.451389    -13725.746784         0.000000    -13724.380683         0.000000
  2020     1     1     7    10 30.000000    -13728.287736    -13722.253984    -13726.545940         0.000000    -13725.177600         0.000000
  2020     1     1     7    11  0.000000    -13727.521258    -13721.481223    -13725.777972         0.000000    -13724.410861         0.000000
  2020     1     1     7    11 30.000000    -13728.305783    -13722.263612    -13726.558043         0.000000    -13725.193592         0.000000
  2020     1     1     7    12  0.000000    -13728.019203    -13721.976903    -13726.273115         0.000000    -13724.908544         0.000000
  2020     1     1     7    12 30.000000    -13727.238085    -13721.195949    -13725.493869         0.000000    -13724.128938         0.000000
  2020     1     1     7    13  0.000000    -13727.958476    -13721.917359    -13726.217714         0.000000    -13724.848640         0.000000
  2020     1     1     7    13 30.000000    -13727.786455    -13721.743206    -13726.046551         0.000000    -13724.678169         0.000000
  2020     1     1     7    14  0.000000    -13728.521384    -13722.476876    -13726.782037         0.000000    -13725.412340         0.000000
  2020     1     1     7    14 30.000000    -13728.082881    -13722.040440    -13726.341882         0.000000    -13724.974038         0.000000
  2020     1     1     7    15  0.000000    -13728.004207    -13721.965257    -13726.261715         0.000000    -13724.895521         0.000000
  2020     1     1     7    15 30.000000    -13728.172283    -13722.128610    -13726.428846         0.000000    -13725.063523         0.000000
  2020     1     1     7    16  0.000000    -13728.163620    -13722.121323    -13726.419863         0.000000    -13725.054216         0.000000
  2020     1     1     7    16 30.000000    -13727.658510    -13721.620145    -13725.913224         0.000000    -13724.549461         0.000000
  2020     1     1     7    17  0.000000    -13727.798722    -13721.759340    -13726.053520         0.000000    -13724.686390         0.000000
  2020     1     1     7    17 30.000000    -13728.249214    -13722.207881    -13726.501705         0.000000    -13725.138499         0.000000
  2020     1     1     7    18  0.000000    -13728.083329    -13722.042314    -13726.337987         0.000000    -13724.973646         0.000000
  2020     1     1     7    18 30.000000    -13727.885821    -13721.843060    -13726.139388         0.000000    -13724.774129         0.000000
  2020     1     1     7    19  0.000000    -13727.958825    -13721.911789    -13726.214779         0.000000    -13724.849677         0.000000
  2020     1     1     7    19 30.000000    -13727.792327    -13721.750777    -13726.047053         0.000000    -13724.682798         0.000000
  2020     1     1     7    20  0.000000    -13727.976494    -13721.933785    -13726.231434         0.000000    -13724.866828         0.000000
  2020     1     1     7    20 30.000000    -13727.728573    -13721.685133    -13725.981967         0.000000    -13724.620386         0.000000
  2020     1     1     7    21  0.000000    -13728.726497    -13722.685238    -13726.980790         0.000000    -13725.616707         0.000000
  2020     1     1     7    21 30.000000    -13727.816771    -13721.776053    -13726.071443         0.000000    -13724.706791         0.000000
  2020     1     1     7    22  0.000000    -13727.884390    -13721.840168    -13726.137110         0.000000    -13724.772023         0.000000
  2020     1     1     7    22 30.000000    -13728.184475    -13722.142029    -13726.437828         0.000000    -13725.072154         0.000000
  2020     1     1     7    23  0.000000    -13727.916867    -13721.881800    -13726.172152         0.000000    -13724.805089         0.000000
  2020     1     1     7    23 30.000000    -13728.346421    -13722.305494    -13726.600719         0.000000    -13725.236394         0.000000
  2020     1     1     7    24  0.000000    -13727.705041    -13721.664227    -13725.961874         0.000000    -13724.598086         0.000000
  2020     1     1     7    24 30.000000    -13728.192627    -13722.155239    -13726.447917         0.000000    -13725.084735         0.000000
  2020     1     1     7    25  0.000000    -13727.321089    -13721.281235    -13725.575564         0.000000    -13724.209648         0.000000
  2020     1     1     7    25 30.000000    -13727.880015    -13721.838737    -13726.135342         0.000000    -13724.769004         0.000000
  2020     1     1     7    26  0.000000    -13727.980352    -13721.941627    -13726.235738         0.000000    -13724.869242         0.000000
  2020     1     1     7    26 30.000000    -13727.185552    -13721.147356    -13725.441391         0.000000    -13724.076861         0.000000
  2020     1     1     7    27  0.000000    -13728.202198    -13722.162151    -13726.457286         0.000000    -13725.091623         0.000000
  2020     1     1     7    27 30.000000    -13727.945539    -13721.905092    -13726.201448         0.000000    -13724.836499         0.000000
  2020     1     1     7    28  0.000000    -13727.472071    -13721.430326    -13725.727305         0.000000    -13724.361996         0.000000
  2020     1     1     7    28 30.000000    -13727.526263    -13721.487177    -13725.782006         0.000000    -13724.418460         0.000000
  2020     1     1     7    29  0.000000    -13727.687246    -13721.647200    -13725.940156         0.000000    -13724.578070         0.000000
  2020     1     1     7    29 30.000000    -13727.638666    -13721.600700    -13725.888379         0.000000    -13724.526602         0.000000
  2020     1     1     7    30  0.000000    -13727.288185    -13721.252057    -13725.540822         0.000000    -13724.177855         0.000000
  2020     1     1     7    30 30.000000    -13727.699848    -13721.659424    -13725.953973         0.000000    -13724.591238         0.000000
  2020     1     1     7    31  0.000000    -13728.231621    -13722.193754    -13726.484018         0.000000    -13725.122159         0.000000
  2020     1     1     7    31 30.000000    -13728.146838    -13722.111282    -13726.401894         0.000000    -13725.037127         0.000000
  2020     1     1     7    32  0.000000    -13727.510464    -13721.474970    -13725.765211         0.000000    -13724.399988         0.000000
  2020     1     1     7    32 30.000000    -13726.905993    -13720.867183    -13725.158828         0.000000    -13723.793287         0.000000
  2020     1     1     7    33  0.000000    -13727.697103    -13721.654877    -13725.950430         0.000000    -13724.581830         0.000000
  2020     1     1     7    33 30.000000    -13727.696711    -13721.653325    -13725.949858         0.000000    -13724.579867         0.000000
  2020     1     1     7    34  0.000000    -13728.020738    -13721.981064    -13726.274119         0.000000    -13724.906255         0.000000
  2020     1     1     7    34 30.000000    -13728.225011    -13722.185655    -13726.477571         0.000000    -13725.113888         0.000000
  2020     1     1     7    35  0.000000    -13728.329320    -13722.292416    -13726.584778         0.000000    -13725.219386         0.000000
  2020     1     1     7    35 30.000000    -13728.452569    -13722.408908    -13726.705857         0.000000    -13725.340208         0.000000
  2020     1     1     7    36  0.000000    -13728.661866    -13722.622716    -13726.916408         0.000000    -13725.548377         0.000000
  2020     1     1     7    36 30.000000    -13727.811568    -13721.773207    -13726.065224         0.000000    -13724.699117         0.000000
  2020     1     1     7    37  0.000000    -13727.643344    -13721.602595    -13725.897579         0.000000    -13724.531970         0.000000
  2020     1     1     7    37 30.000000    -13728.209144    -13722.165422    -13726.464760         0.000000    -13725.101220         0.000000
  2020     1     1     7    38  0.000000    -13728.453751    -13722.413142    -13726.711121         0.000000    -13725.347953         0.000000
  2020     1     1     7    38 30.000000    -13728.456080    -13722.415437    -13726.709951         0.000000    -13725.348529         0.000000
  2020     1     1     7    39  0.000000    -13728.712796    -13722.674920    -13726.969509         0.000000    -13725.605643         0.000000
  2020     1     1     7    39 30.000000    -13727.787320    -13721.749173    -13726.043070         0.000000    -13724.677498         0.000000
  2020     1     1     7    40  0.000000    -13727.403957    -13721.363182    -13725.656010         0.000000    -13724.293112         0.000000
  2020     1     1     7    40 30.000000    -13727.859208    -13721.824385    -13726.110815         0.000000    -13724.749649         0.000000
  2020     1     1     7    41  0.000000    -13727.797217    -13721.754842    -13726.049390         0.000000    -13724.684477         0.000000
  2020     1     1     7    41 30.000000    -13728.048766    -13722.005768    -13726.302194         0.000000    -13724.937810         0.000000
  2020     1     1     7    42  0.000000    -13727.792889    -13721.753753    -13726.047339         0.000000    -13724.684719         0.000000
  2020     1     1     7    42 30.000000    -13728.246601    -13722.208847    -13726.500175         0.000000    -13725.138113         0.000000
  2020     1     1     7    43  0.000000    -13727.705091    -13721.667850    -13725.958208         0.000000    -13724.597001         0.000000
  2020     1     1     7    43 30.000000    -13727.599598    -13721.561085    -13725.851795         0.000000    -13724.487204         0.000000
  2020     1     1     7    44  0.000000    -13727.346554    -13721.310744    -13725.601405         0.000000    -13724.234414         0.000000
  2020     1     1     7    44 30.000000    -13728.273506    -13722.229769    -13726.526253         0.000000    -13725.161222         0.000000
  2020     1     1     7    45  0.000000    -13727.739400    -13721.697684    -13725.992702         0.000000    -13724.631686         0.000000
  2020     1     1     7    45 30.000000    -13727.732409    -13721.690966    -13725.987318         0.000000    -13724.624160         0.000000
  2020     1     1     7    46  0.000000    -13727.810809    -13721.771764    -13726.064240         0.000000    -13724.701954         0.000000
  2020     1     1     7    46 30.000000    -13727.524716    -13721.480333    -13725.777298         0.000000    -13724.412499         0.000000
  2020     1     1     7    47  0.000000    -13728.129760    -13722.091106    -13726.383855         0.000000    -13725.021020         0.000000
  2020     1     1     7    47 30.000000    -13727.793637    -13721.751641    -13726.046689         0.000000    -13724.684327         0.000000
  2020     1     1     7    48  0.000000    -13727.481237    -13721.443193    -13725.735726         0.000000    -13724.372204         0.000000
  2020     1     1     7    48 30.000000    -13727.612408    -13721.572929    -13725.866541         0.000000    -13724.504019         0.000000
  2020     1     1     7    49  0.000000    -13727.893701    -13721.851587    -13726.149404         0.000000    -13724.782145         0.000000
  2020     1     1     7    49 30.000000    -13728.502656    -13722.461809    -13726.755663         0.000000    -13725.391495         0.000000
  2020     1     1     7    50  0.000000    -13727.508236    -13721.467578    -13725.761068         0.000000    -13724.397518         0.000000
  2020     1     1     7    50 30.000000    -13727.459996    -13721.414835    -13725.713081         0.000000    -13724.349549         0.000000
  2020     1     1     7    51  0.000000    -13727.901254    -13721.855760    -13726.152020         0.000000    -13724.790303         0.000000
  2020     1     1     7    51 30.000000    -13728.002565    -13721.957158    -13726.254675         0.000000    -13724.892329         0.000000
  2020     1     1     7    52  0.000000    -13728.034670    -13721.991543    -13726.284469         0.000000    -13724.922697         0.000000
  2020     1     1     7    52 30.000000    -13728.159035    -13722.118445    -13726.407515         0.000000    -13725.047857         0.000000
  2020     1     1     7    53  0.000000    -13728.533884    -13722.492707    -13726.783191         0.000000    -13725.420434         0.000000
  2020     1     1     7    53 30.000000    -13728.181900    -13722.137539    -13726.431087         0.000000    -13725.068733         0.000000
  2020     1     1     7    54  0.000000    -13728.387040    -13722.342354    -13726.635890         0.000000    -13725.272624         0.000000
  2020     1     1     7    54 30.000000    -13727.676156    -13721.636967    -13725.923964         0.000000    -13724.560361         0.000000
  2020     1     1     7    55  0.000000    -13727.411579    -13721.371029    -13725.661227         0.000000    -13724.300789         0.000000
  2020     1     1     7    55 30.000000    -13727.013360    -13720.967898    -13725.261589         0.000000    -13723.901527         0.000000
  2020     1     1     7    56  0.000000    -13727.545001    -13721.500656    -13725.794745         0.000000    -13724.433113         0.000000
  2020     1     1     7    56 30.000000    -13727.804512    -13721.759884    -13726.054701         0.000000    -13724.694909         0.000000
  2020     1     1     7    57  0.000000    -13727.753295    -13721.707809    -13726.005513         0.000000    -13724.641263         0.000000
  2020     1     1     7    57 30.000000    -13727.772890    -13721.729937    -13726.024455         0.000000    -13724.659823         0.000000
  2020     1     1     7    58  0.000000    -13727.641850    -13721.596101    -13725.896486         0.000000    -13724.529736         0.000000
  2020     1     1     7    58 30.000000    -13727.018979    -13720.977751    -13725.273174         0.000000    -13723.907230         0.000000
  2020     1     1     7    59  0.000000    -13727.501600    -13721.454495    -13725.756037         0.000000    -13724.387333         0.000000
  2020     1     1     7    59 30.000000    -13728.263121    -13722.216936    -13726.515138         0.000000    -13725.150075         0.000000
  2020     1     1     8     0  0.000000    -13727.679706    -13721.634519    -13725.930558         0.000000    -13724.566847         0.000000
  2020     1     1     8     0 30.000000    -13726.515366    -13720.472943    -13724.766549         0.000000    -13723.405177         0.000000
  2020     1     1     8     1  0.000000    -13728.157054    -13722.112117    -13726.405860         0.000000    -13725.046205         0.000000
  2020     1     1     8     1 30.000000    -13728.132919    -13722.089896    -13726.383113         0.000000    -13725.019694         0.000000
  2020     1     1     8     2  0.000000    -13728.206061    -13722.165567    -13726.455515         0.000000    -13725.093544         0.000000
  2020     1     1     8     2 30.000000    -13728.255789    -13722.211398    -13726.506369         0.000000    -13725.142381         0.000000
  2020     1     1     8     3  0.000000    -13728.721888    -13722.673421    -13726.973757         0.000000    -13725.608209         0.000000
  2020     1     1     8     3 30.000000    -13727.988502    -13721.946032    -13726.240111         0.000000    -13724.878536         0.000000
  2020     1     1     8     4  0.000000    -13727.571007    -13721.526270    -13725.820347         0.000000    -13724.459195         0.000000
  2020     1     1     8     4 30.000000    -13727.922867    -13721.881452    -13726.172308         0.000000    -13724.808283         0.000000
  2020     1     1     8     5  0.000000    -13728.017045    -13721.976352    -13726.264580         0.000000    -13724.901985         0.000000
  2020     1     1     8     5 30.000000    -13727.796894    -13721.753167    -13726.045399         0.000000    -13724.685557         0.000000
  2020     1     1     8     6  0.000000    -13727.327165    -13721.281620    -13725.577789         0.000000    -13724.216961         0.000000
  2020     1     1     8     6 30.000000    -13727.133364    -13721.092070    -13725.383612         0.000000    -13724.024323         0.000000
  2020     1     1     8     7  0.000000    -13727.285074    -13721.242551    -13725.537487         0.000000    -13724.177150         0.000000
  2020     1     1     8     7 30.000000    -13727.442057    -13721.400334    -13725.695482         0.000000    -13724.332555         0.000000
  2020     1     1     8     8  0.000000    -13727.297487    -13721.260998    -13725.550950         0.000000    -13724.187522         0.000000
  2020     1     1     8     8 30.000000    -13727.620261    -13721.576677    -13725.873015         0.000000    -13724.509147         0.000000
  2020     1     1     8     9  0.000000    -13727.411070    -13721.370659    -13725.665447         0.000000    -13724.302150         0.000000
  2020     1     1     8     9 30.000000    -13727.450676    -13721.410623    -13725.703570         0.000000    -13724.340304         0.000000
  2020     1     1     8    10  0.000000    -13727.227209    -13721.184670    -13725.481426         0.000000    -13724.117278         0.000000
  2020     1     1     8    10 30.000000    -13727.961413    -13721.919812    -13726.213809         0.000000    -13724.852558         0.000000
  2020     1     1     8    11  0.000000    -13727.929056    -13721.890484    -13726.180229         0.000000    -13724.819643         0.000000
  2020     1     1     8    11 30.000000    -13728.165055    -13722.123658    -13726.416096         0.000000    -13725.056405         0.000000
  2020     1     1     8    12  0.000000    -13728.020297    -13721.981001    -13726.269020         0.000000    -13724.912305         0.000000
  2020     1     1     8    12 30.000000    -13728.065224    -13722.025850    -13726.315927         0.000000    -13724.954264         0.000000
  2020     1     1     8    13  0.000000    -13727.899694    -13721.859135    -13726.150851         0.000000    -13724.789559         0.000000
  2020     1     1     8    13 30.000000    -13727.673063    -13721.632488    -13725.925308         0.000000    -13724.562026         0.000000
  2020     1     1     8    14  0.000000    -13728.339578    -13722.297494    -13726.591355         0.000000    -13725.226188         0.000000
  2020     1     1     8    14 30.000000    -13728.116150    -13722.072506    -13726.369412         0.000000    -13725.003235         0.000000
  2020     1     1     8    15  0.000000    -13727.737436    -13721.694091    -13725.986717         0.000000    -13724.623781         0.000000
  2020     1     1     8    15 30.000000    -13727.686110    -13721.648094    -13725.938479         0.000000    -13724.575715         0.000000
  2020     1     1     8    16  0.000000    -13727.894648    -13721.855453    -13726.143747         0.000000    -13724.781972         0.000000
  2020     1     1     8    16 30.000000    -13728.271497    -13722.232858    -13726.521040         0.000000    -13725.160717         0.000000
  2020     1     1     8    17  0.000000    -13728.026904    -13721.983777    -13726.274876         0.000000    -13724.918514         0.000000
  2020     1     1     8    17 30.000000    -13728.124806    -13722.083190    -13726.374143         0.000000    -13725.015053         0.000000
  2020     1     1     8    18  0.000000    -13727.607347    -13721.570913    -13725.859238         0.000000    -13724.498744         0.000000
  2020     1     1     8    18 30.000000    -13728.040897    -13722.001362    -13726.290742         0.000000    -13724.931815         0.000000
  2020     1     1     8    19  0.000000    -13727.591292    -13721.551709    -13725.838163         0.000000    -13724.479768         0.000000
  2020     1     1     8    19 30.000000    -13728.016245    -13721.973627    -13726.264398         0.000000    -13724.904582         0.000000
  2020     1     1     8    20  0.000000    -13727.632629    -13721.591824    -13725.883153         0.000000    -13724.524025         0.000000
  2020     1     1     8    20 30.000000    -13727.063904    -13721.018512    -13725.313395         0.000000    -13723.953709         0.000000
  2020     1     1     8    21  0.000000    -13727.599256    -13721.560155    -13725.848717         0.000000    -13724.491500         0.000000
  2020     1     1     8    21 30.000000    -13727.782703    -13721.744540    -13726.032903         0.000000    -13724.673422         0.000000
  2020     1     1     8    22  0.000000    -13727.742970    -13721.703133    -13725.991959         0.000000    -13724.634000         0.000000
  2020     1     1     8    22 30.000000    -13727.720229    -13721.679580    -13725.969940         0.000000    -13724.611350         0.000000
  2020     1     1     8    23  0.000000    -13727.448181    -13721.402756    -13725.695754         0.000000    -13724.337497         0.000000
  2020     1     1     8    23 30.000000    -13727.648921    -13721.606346    -13725.897054         0.000000    -13724.536754         0.000000
  2020     1     1     8    24  0.000000    -13727.800207    -13721.762162    -13726.050400         0.000000    -13724.692686         0.000000
  2020     1     1     8    24 30.000000    -13727.664786    -13721.627617    -13725.914589         0.000000    -13724.557406         0.000000
  2020     1     1     8    25  0.000000    -13727.711567    -13721.675150    -13725.962964         0.000000    -13724.600867         0.000000
  2020     1     1     8    25 30.000000    -13727.677368    -13721.644281    -13725.926789         0.000000    -13724.567012         0.000000
  2020     1     1     8    26  0.000000    -13727.943753    -13721.904065    -13726.193865         0.000000    -13724.833336         0.000000
  2020     1     1     8    26 30.000000    -13727.732460    -13721.691067    -13725.981685         0.000000    -13724.621343         0.000000
  2020     1     1     8    27  0.000000    -13727.798607    -13721.756468    -13726.047815         0.000000    -13724.688041         0.000000
  2020     1     1     8    27 30.000000    -13727.604910    -13721.563311    -13725.852013         0.000000    -13724.494447         0.000000
  2020     1     1     8    28  0.000000    -13727.717403    -13721.677070    -13725.964030         0.000000    -13724.607202         0.000000
  2020     1     1     8    28 30.000000    -13727.926748    -13721.886396    -13726.177013         0.000000    -13724.818706         0.000000
  2020     1     1     8    29  0.000000    -13727.298931    -13721.256392    -13725.548448         0.000000    -13724.188737         0.000000
  2020     1     1     8    29 30.000000    -13727.758014    -13721.717765    -13726.006699         0.000000    -13724.644990         0.000000
  2020     1     1     8    30  0.000000    -13727.421460    -13721.384807    -13725.672421         0.000000    -13724.308950         0.000000
  2020     1     1     8    30 30.000000    -13727.662252    -13721.621820    -13725.911827         0.000000    -13724.554788         0.000000
  2020     1     1     8    31  0.000000    -13726.853411    -13720.811559    -13725.103874         0.000000    -13723.743049         0.000000
  2020     1     1     8    31 30.000000    -13727.564967    -13721.523303    -13725.815001         0.000000    -13724.451957         0.000000
  2020     1     1     8    32  0.000000    -13727.777042    -13721.734527    -13726.029222         0.000000    -13724.664032         0.000000
  2020     1     1     8    32 30.000000    -13727.460278    -13721.422922    -13725.711936         0.000000    -13724.353403         0.000000
  2020     1     1     8    33  0.000000    -13727.489471    -13721.447896    -13725.741929         0.000000    -13724.383613         0.000000
  2020     1     1     8    33 30.000000    -13727.502604    -13721.462997    -13725.754202         0.000000    -13724.395518         0.000000
  2020     1     1     8    34  0.000000    -13727.427606    -13721.387161    -13725.679360         0.000000    -13724.318956         0.000000
  2020     1     1     8    34 30.000000    -13728.250380    -13722.210780    -13726.503346         0.000000    -13725.139190         0.000000
  2020     1     1     8    35  0.000000    -13727.370167    -13721.327311    -13725.620243         0.000000    -13724.259441         0.000000
  2020     1     1     8    35 30.000000    -13727.412712    -13721.370839    -13725.660148         0.000000    -13724.303871         0.000000
  2020     1     1     8    36  0.000000    -13727.720272    -13721.679938    -13725.969727         0.000000    -13724.612071         0.000000
  2020     1     1     8    36 30.000000    -13727.837464    -13721.796876    -13726.087139         0.000000    -13724.729081         0.000000
  2020     1     1     8    37  0.000000    -13727.374542    -13721.332737    -13725.622133         0.000000    -13724.262580         0.000000
  2020     1     1     8    37 30.000000    -13728.673572    -13722.630002    -13726.921657         0.000000    -13725.562817         0.000000
  2020     1     1     8    38  0.000000    -13728.138186    -13722.100357    -13726.390172         0.000000    -13725.027328         0.000000
  2020     1     1     8    38 30.000000    -13727.828930    -13721.794572    -13726.082684         0.000000    -13724.723281         0.000000
  2020     1     1     8    39  0.000000    -13727.601484    -13721.557850    -13725.852412         0.000000    -13724.493526         0.000000
  2020     1     1     8    39 30.000000    -13727.914709    -13721.873244    -13726.166948         0.000000    -13724.808443         0.000000
  2020     1     1     8    40  0.000000    -13728.008390    -13721.968222    -13726.260887         0.000000    -13724.901147         0.000000
  2020     1     1     8    40 30.000000    -13728.282265    -13722.241318    -13726.535597         0.000000    -13725.173177         0.000000
  2020     1     1     8    41  0.000000    -13728.081502    -13722.039192    -13726.334689         0.000000    -13724.973713         0.000000
  2020     1     1     8    41 30.000000    -13727.744220    -13721.700048    -13725.996366         0.000000    -13724.636583         0.000000
  2020     1     1     8    42  0.000000    -13728.008928    -13721.967323    -13726.262498         0.000000    -13724.902140         0.000000
  2020     1     1     8    42 30.000000    -13727.919241    -13721.880253    -13726.175525         0.000000    -13724.813418         0.000000
  2020     1     1     8    43  0.000000    -13727.945607    -13721.903993    -13726.199823         0.000000    -13724.837352         0.000000
  2020     1     1     8    43 30.000000    -13727.651279    -13721.609529    -13725.901837         0.000000    -13724.543339         0.000000
  2020     1     1     8    44  0.000000    -13727.682754    -13721.639683    -13725.933441         0.000000    -13724.574528         0.000000
  2020     1     1     8    44 30.000000    -13727.497110    -13721.459909    -13725.750303         0.000000    -13724.393065         0.000000
  2020     1     1     8    45  0.000000    -13727.816181    -13721.777673    -13726.069507         0.000000    -13724.710926         0.000000
  2020     1     1     8    45 30.000000    -13727.947844    -13721.904987    -13726.200195         0.000000    -13724.840096         0.000000
  2020     1     1     8    46  0.000000    -13727.813843    -13721.774624    -13726.064297         0.000000    -13724.705903         0.000000
  2020     1     1     8    46 30.000000    -13727.573741    -13721.532131    -13725.824814         0.000000    -13724.470043         0.000000
  2020     1     1     8    47  0.000000    -13728.029749    -13721.991432    -13726.281463         0.000000    -13724.924795         0.000000
  2020     1     1     8    47 30.000000    -13727.843437    -13721.802067    -13726.096577         0.000000    -13724.737753         0.000000
  2020     1     1     8    48  0.000000    -13728.133253    -13722.095405    -13726.384352         0.000000    -13725.026092         0.000000
  2020     1     1     8    48 30.000000    -13727.478695    -13721.438039    -13725.729620         0.000000    -13724.373115         0.000000
  2020     1     1     8    49  0.000000    -13727.022009    -13720.983164    -13725.271824         0.000000    -13723.913785         0.000000
  2020     1     1     8    49 30.000000    -13727.532827    -13721.490454    -13725.781064         0.000000    -13724.424654         0.000000
  2020     1     1     8    50  0.000000    -13727.532692    -13721.490739    -13725.782700         0.000000    -13724.425955         0.000000
  2020     1     1     8    50 30.000000    -13727.963614    -13721.920547    -13726.214361         0.000000    -13724.857110         0.000000
  2020     1     1     8    51  0.000000    -13727.577700    -13721.533003    -13725.825267         0.000000    -13724.469140         0.000000
  2020     1     1     8    51 30.000000    -13728.201674    -13722.153616    -13726.448633         0.000000    -13725.095966         0.000000
  2020     1     1     8    52  0.000000    -13727.175302    -13721.132877    -13725.423033         0.000000    -13724.066214         0.000000
  2020     1     1     8    52 30.000000    -13727.493005    -13721.449294    -13725.740494         0.000000    -13724.383552         0.000000
  2020     1     1     8    53  0.000000    -13727.548415    -13721.506419    -13725.794251         0.000000    -13724.436710         0.000000
  2020     1     1     8    53 30.000000    -13727.546555    -13721.498724    -13725.794381         0.000000    -13724.434915         0.000000
  2020     1     1     8    54  0.000000    -13727.169986    -13721.121048    -13725.415797         0.000000    -13724.058628         0.000000
  2020     1     1     8    54 30.000000    -13728.092629    -13722.047589    -13726.337371         0.000000    -13724.981161         0.000000
  2020     1     1     8    55  0.000000    -13727.901924    -13721.854044    -13726.146977         0.000000    -13724.791725         0.000000
  2020     1     1     8    55 30.000000    -13727.779396    -13721.735488    -13726.025172         0.000000    -13724.670488         0.000000
  2020     1     1     8    56  0.000000    -13727.945551    -13721.899116    -13726.195093         0.000000    -13724.835900         0.000000
  2020     1     1     8    56 30.000000    -13727.702799    -13721.660784    -13725.954002         0.000000    -13724.595947         0.000000
  2020     1     1     8    57  0.000000    -13727.193339    -13721.146370    -13725.445767         0.000000    -13724.084846         0.000000
  2020     1     1     8    57 30.000000    -13727.681118    -13721.635388    -13725.931894         0.000000    -13724.567973         0.000000
  2020     1     1     8    58  0.000000    -13728.012298    -13721.963754    -13726.262822         0.000000    -13724.899157         0.000000
  2020     1     1     8    58 30.000000    -13727.667190    -13721.619965    -13725.915750         0.000000    -13724.555821         0.000000
  2020     1     1     8    59  0.000000    -13727.659252    -13721.615570    -13725.908875         0.000000    -13724.548366         0.000000
  2020     1     1     8    59 30.000000    -13728.180491    -13722.138727    -13726.432152         0.000000    -13725.072780         0.000000
  2020     1     1     9     0  0.000000    -13727.592694    -13721.547180    -13725.840749         0.000000    -13724.485914         0.000000
  2020     1     1     9     0 30.000000    -13726.533139    -13720.485747    -13724.780255         0.000000    -13723.426489         0.000000
  2020     1     1     9     1  0.000000    -13727.414260    -13721.369874    -13725.661728         0.000000    -13724.305224         0.000000
  2020     1     1     9     1 30.000000    -13727.933111    -13721.892094    -13726.182397         0.000000    -13724.822084         0.000000
  2020     1     1     9     2  0.000000    -13727.949495    -13721.907056    -13726.199216         0.000000    -13724.839954         0.000000
  2020     1     1     9     2 30.000000    -13728.221008    -13722.179395    -13726.471638         0.000000    -13725.111480         0.000000
  2020     1     1     9     3  0.000000    -13727.725218    -13721.679204    -13725.977138         0.000000    -13724.616626         0.000000
  2020     1     1     9     3 30.000000    -13727.594073    -13721.549786    -13725.844597         0.000000    -13724.485908         0.000000
  2020     1     1     9     4  0.000000    -13727.355893    -13721.310858    -13725.606688         0.000000    -13724.248950         0.000000
  2020     1     1     9     4 30.000000    -13727.401465    -13721.361401    -13725.652698         0.000000    -13724.297245         0.000000
  2020     1     1     9     5  0.000000    -13727.910525    -13721.867475    -13726.162421         0.000000    -13724.803914         0.000000
  2020     1     1     9     5 30.000000    -13727.104227    -13721.060796    -13725.356628         0.000000    -13723.999687         0.000000
  2020     1     1     9     6  0.000000    -13727.798761    -13721.760377    -13726.051364         0.000000    -13724.694952         0.000000
  2020     1     1     9     6 30.000000    -13727.954543    -13721.911305    -13726.206963         0.000000    -13724.851068         0.000000
  2020     1     1     9     7  0.000000    -13727.565572    -13721.521335    -13725.817406         0.000000    -13724.459543         0.000000
  2020     1     1     9     7 30.000000    -13727.195804    -13721.155057    -13725.448352         0.000000    -13724.087739         0.000000
  2020     1     1     9     8  0.000000    -13727.528736    -13721.483873    -13725.780091         0.000000    -13724.422517         0.000000
  2020     1     1     9     8 30.000000    -13727.773741    -13721.732732    -13726.024408         0.000000    -13724.666846         0.000000
  2020     1     1     9     9  0.000000    -13727.992740    -13721.948490    -13726.244533         0.000000    -13724.883624         0.000000
  2020     1     1     9     9 30.000000    -13727.627913    -13721.585245    -13725.880904         0.000000    -13724.518887         0.000000
  2020     1     1     9    10  0.000000    -13727.691672    -13721.646513    -13725.943448         0.000000    -13724.582111         0.000000
  2020     1     1     9    10 30.000000    -13727.695661    -13721.650412    -13725.946279         0.000000    -13724.587127         0.000000
  2020     1     1     9    11  0.000000    -13727.920089    -13721.878468    -13726.172843         0.000000    -13724.814145         0.000000
  2020     1     1     9    11 30.000000    -13728.338182    -13722.290111    -13726.590946         0.000000    -13725.230254         0.000000
  2020     1     1     9    12  0.000000    -13727.524219    -13721.475606    -13725.773850         0.000000    -13724.415691         0.000000
  2020     1     1     9    12 30.000000    -13727.698324    -13721.649677    -13725.948216         0.000000    -13724.587115         0.000000
  2020     1     1     9    13  0.000000    -13728.331253    -13722.274684    -13726.580754         0.000000    -13725.220576         0.000000
  2020     1     1     9    13 30.000000    -13728.078047    -13722.032603    -13726.328992         0.000000    -13724.970464         0.000000
  2020     1     1     9    14  0.000000    -13727.690801    -13721.647324    -13725.942638         0.000000    -13724.582295         0.000000
  2020     1     1     9    14 30.000000    -13727.865821    -13721.827864    -13726.119563         0.000000    -13724.758909         0.000000
  2020     1     1     9    15  0.000000    -13727.568577    -13721.523390    -13725.822124         0.000000    -13724.459258         0.000000
  2020     1     1     9    15 30.000000    -13727.759288    -13721.717500    -13726.013904         0.000000    -13724.650309         0.000000
  2020     1     1     9    16  0.000000    -13727.890390    -13721.848288    -13726.147655         0.000000    -13724.783179         0.000000
  2020     1     1     9    16 30.000000    -13727.446331    -13721.405613    -13725.704132         0.000000    -13724.338706         0.000000
  2020     1     1     9    17  0.000000    -13727.472480    -13721.433040    -13725.728307         0.000000    -13724.364624         0.000000
  2020     1     1     9    17 30.000000    -13728.050364    -13722.006995    -13726.304125         0.000000    -13724.940779         0.000000
  2020     1     1     9    18  0.000000    -13728.245132    -13722.206220    -13726.498344         0.000000    -13725.138040         0.000000
  2020     1     1     9    18 30.000000    -13728.481401    -13722.442377    -13726.734895         0.000000    -13725.375933         0.000000
  2020     1     1     9    19  0.000000    -13728.591202    -13722.546950    -13726.845047         0.000000    -13725.486321         0.000000
  2020     1     1     9    19 30.000000    -13728.745798    -13722.709037    -13727.002588         0.000000    -13725.639040         0.000000
  2020     1     1     9    20  0.000000    -13727.319896    -13721.280787    -13725.574821         0.000000    -13724.210995         0.000000
  2020     1     1     9    20 30.000000    -13728.354627    -13722.311818    -13726.604575         0.000000    -13725.242874         0.000000
  2020     1     1     9    21  0.000000    -13727.886473    -13721.842709    -13726.136218         0.000000    -13724.773446         0.000000
  2020     1     1     9    21 30.000000    -13728.324900    -13722.281670    -13726.575109         0.000000    -13725.213426         0.000000
  2020     1     1     9    22  0.000000    -13728.095324    -13722.054339    -13726.347988         0.000000    -13724.984581         0.000000
  2020     1     1     9    22 30.000000    -13727.802348    -13721.759876    -13726.055860         0.000000    -13724.692493         0.000000
  2020     1     1     9    23  0.000000    -13728.617498    -13722.579075    -13726.873467         0.000000    -13725.507337         0.000000
  2020     1     1     9    23 30.000000    -13727.430033    -13721.389850    -13725.684376         0.000000    -13724.321927         0.000000
  2020     1     1     9    24  0.000000    -13727.887910    -13721.848786    -13726.140256         0.000000    -13724.774214         0.000000
  2020     1     1     9    24 30.000000    -13727.448153    -13721.412684    -13725.701775         0.000000    -13724.336149         0.000000
  2020     1     1     9    25  0.000000    -13727.954057    -13721.909155    -13726.204684         0.000000    -13724.841322         0.000000
  2020     1     1     9    25 30.000000    -13727.939608    -13721.894431    -13726.190535         0.000000    -13724.826769         0.000000
  2020     1     1     9    26  0.000000    -13727.753219    -13721.711700    -13726.007612         0.000000    -13724.642991         0.000000
  2020     1     1     9    26 30.000000    -13728.035859    -13721.997492    -13726.287849         0.000000    -13724.925372         0.000000
  2020     1     1     9    27  0.000000    -13727.738913    -13721.701483    -13725.994715         0.000000    -13724.630866         0.000000
  2020     1     1     9    27 30.000000    -13727.669611    -13721.632817    -13725.924542         0.000000    -13724.558621         0.000000
  2020     1     1     9    28  0.000000    -13727.675555    -13721.640800    -13725.931831         0.000000    -13724.563820         0.000000
  2020     1     1     9    28 30.000000    -13727.630653    -13721.589953    -13725.885741         0.000000    -13724.515989         0.000000
  2020     1     1     9    29  0.000000    -13727.851325    -13721.815455    -13726.104630         0.000000    -13724.739961         0.000000
  2020     1     1     9    29 30.000000    -13727.890255    -13721.850128    -13726.144068         0.000000    -13724.777117         0.000000
  2020     1     1     9    30  0.000000    -13726.912709    -13720.866547    -13725.168400         0.000000    -13723.803940         0.000000
  2020     1     1     9    30 30.000000    -13728.206710    -13722.167525    -13726.463263         0.000000    -13725.098011         0.000000
  2020     1     1     9    31  0.000000    -13727.972163    -13721.935069    -13726.229621         0.000000    -13724.867322         0.000000
  2020     1     1     9    31 30.000000    -13728.246752    -13722.209844    -13726.505299         0.000000    -13725.139558         0.000000
  2020     1     1     9    32  0.000000    -13727.297946    -13721.265316    -13725.555272         0.000000    -13724.189913         0.000000
  2020     1     1     9    32 30.000000    -13727.360014    -13721.324983    -13725.612855         0.000000    -13724.249211         0.000000
  2020     1     1     9    33  0.000000    -13727.745989    -13721.708400    -13725.996696         0.000000    -13724.634902         0.000000
  2020     1     1     9    33 30.000000    -13727.751950    -13721.713255    -13726.002844         0.000000    -13724.642539         0.000000
  2020     1     1     9    34  0.000000    -13727.429787    -13721.386999    -13725.682620         0.000000    -13724.321299         0.000000
  2020     1     1     9    34 30.000000    -13727.371147    -13721.331889    -13725.623953         0.000000    -13724.260899         0.000000
  2020     1     1     9    35  0.000000    -13727.649471    -13721.608597    -13725.900533         0.000000    -13724.536761         0.000000
  2020     1     1     9    35 30.000000    -13727.331856    -13721.291019    -13725.584564         0.000000    -13724.221981         0.000000
  2020     1     1     9    36  0.000000    -13727.837052    -13721.802058    -13726.089717         0.000000    -13724.726149         0.000000
  2020     1     1     9    36 30.000000    -13727.993578    -13721.952786    -13726.249296         0.000000    -13724.886962         0.000000
  2020     1     1     9    37  0.000000    -13727.983008    -13721.945345    -13726.235801         0.000000    -13724.874435         0.000000
  2020     1     1     9    37 30.000000    -13727.726875    -13721.687331    -13725.976246         0.000000    -13724.616613         0.000000
  2020     1     1     9    38  0.000000    -13728.005085    -13721.968749    -13726.255103         0.000000    -13724.898203         0.000000
  2020     1     1     9    38 30.000000    -13727.971394    -13721.931821    -13726.222272         0.000000    -13724.863069         0.000000
  2020     1     1     9    39  0.000000    -13728.172909    -13722.136166    -13726.424416         0.000000    -13725.062519         0.000000
  2020     1     1     9    39 30.000000    -13727.674676    -13721.637422    -13725.925478         0.000000    -13724.565916         0.000000
  2020     1     1     9    40  0.000000    -13727.720234    -13721.680176    -13725.972693         0.000000    -13724.611458         0.000000
  2020     1     1     9    40 30.000000    -13727.595172    -13721.554718    -13725.844827         0.000000    -13724.484355         0.000000
  2020     1     1     9    41  0.000000    -13727.087842    -13721.050988    -13725.335602         0.000000    -13723.977227         0.000000
  2020     1     1     9    41 30.000000    -13727.704925    -13721.668014    -13725.954306         0.000000    -13724.596106         0.000000
  2020     1     1     9    42  0.000000    -13727.282894    -13721.245003    -13725.532326         0.000000    -13724.174895         0.000000
  2020     1     1     9    42 30.000000    -13727.466663    -13721.431495    -13725.717123         0.000000    -13724.358259         0.000000
  2020     1     1     9    43  0.000000    -13727.452356    -13721.411049    -13725.704657         0.000000    -13724.343238         0.000000
  2020     1     1     9    43 30.000000    -13727.707970    -13721.674203    -13725.960351         0.000000    -13724.599428         0.000000
  2020     1     1     9    44  0.000000    -13727.739460    -13721.699234    -13725.992594         0.000000    -13724.632849         0.000000
  2020     1     1     9    44 30.000000    -13727.607149    -13721.576323    -13725.861959         0.000000    -13724.500859         0.000000
  2020     1     1     9    45  0.000000    -13727.251944    -13721.221643    -13725.505004         0.000000    -13724.145957         0.000000
  2020     1     1     9    45 30.000000    -13727.834790    -13721.801875    -13726.087424         0.000000    -13724.728880         0.000000
  2020     1     1     9    46  0.000000    -13727.482949    -13721.447718    -13725.734753         0.000000    -13724.376703         0.000000
  2020     1     1     9    46 30.000000    -13727.703330    -13721.673353    -13725.956278         0.000000    -13724.593503         0.000000
  2020     1     1     9    47  0.000000    -13727.040533    -13721.002022    -13725.294269         0.000000    -13723.933454         0.000000
  2020     1     1     9    47 30.000000    -13727.696368    -13721.662624    -13725.950578         0.000000    -13724.588270         0.000000
  2020     1     1     9    48  0.000000    -13728.272556    -13722.240085    -13726.524739         0.000000    -13725.163252         0.000000
  2020     1     1     9    48 30.000000    -13728.199228    -13722.167219    -13726.450316         0.000000    -13725.090008         0.000000
  2020     1     1     9    49  0.000000    -13727.644922    -13721.608605    -13725.894541         0.000000    -13724.537628         0.000000
  2020     1     1     9    49 30.000000    -13728.073054    -13722.033071    -13726.324007         0.000000    -13724.966965         0.000000
  2020     1     1     9    50  0.000000    -13727.475890    -13721.431242    -13725.727853         0.000000    -13724.368298         0.000000
  2020     1     1     9    50 30.000000    -13727.627293    -13721.588452    -13725.877988         0.000000    -13724.519717         0.000000
  2020     1     1     9    51  0.000000    -13727.617100    -13721.573243    -13725.869095         0.000000    -13724.508892         0.000000
  2020     1     1     9    51 30.000000    -13728.150596    -13722.110632    -13726.404723         0.000000    -13725.042320         0.000000
  2020     1     1     9    52  0.000000    -13727.660269    -13721.624777    -13725.914591         0.000000    -13724.555712         0.000000
  2020     1     1     9    52 30.000000    -13727.719364    -13721.688793    -13725.975664         0.000000    -13724.615735         0.000000
  2020     1     1     9    53  0.000000    -13728.136842    -13722.105962    -13726.391256         0.000000    -13725.032463         0.000000
  2020     1     1     9    53 30.000000    -13727.661811    -13721.627016    -13725.918102         0.000000    -13724.555938         0.000000
  2020     1     1     9    54  0.000000    -13727.000506    -13720.970737    -13725.256037         0.000000    -13723.897078         0.000000
  2020     1     1     9    54 30.000000    -13727.474546    -13721.434482    -13725.728299         0.000000    -13724.370268         0.000000
  2020     1     1     9    55  0.000000    -13727.971265    -13721.932657    -13726.225948         0.000000    -13724.865500         0.000000
  2020     1     1     9    55 30.000000    -13728.481955    -13722.445839    -13726.737476         0.000000    -13725.376670         0.000000
  2020     1     1     9    56  0.000000    -13728.122188    -13722.089569    -13726.377973         0.000000    -13725.015651         0.000000
  2020     1     1     9    56 30.000000    -13728.303136    -13722.272162    -13726.562245         0.000000    -13725.198761         0.000000
  2020     1     1     9    57  0.000000    -13727.527345    -13721.493783    -13725.786107         0.000000    -13724.423959         0.000000
  2020     1     1     9    57 30.000000    -13727.665804    -13721.626604    -13725.922582         0.000000    -13724.560667         0.000000
  2020     1     1     9    58  0.000000    -13727.435850    -13721.400445    -13725.690916         0.000000    -13724.328740         0.000000
  2020     1     1     9    58 30.000000    -13728.005247    -13721.971087    -13726.260248         0.000000    -13724.898770         0.000000
  2020     1     1     9    59  0.000000    -13727.948606    -13721.909877    -13726.202682         0.000000    -13724.841720         0.000000
  2020     1     1     9    59 30.000000    -13728.290405    -13722.257106    -13726.545757         0.000000    -13725.182000         0.000000
  2020     1     1    10     0  0.000000    -13727.582546    -13721.554310    -13725.837793         0.000000    -13724.477108         0.000000
  2020     1     1    10     0 30.000000    -13726.575789    -13720.547562    -13724.829686         0.000000    -13723.468905         0.000000
  2020     1     1    10     1  0.000000    -13727.476513    -13721.442044    -13725.729966         0.000000    -13724.369534         0.000000
  2020     1     1    10     1 30.000000    -13727.991746    -13721.952875    -13726.244601         0.000000    -13724.884015         0.000000
  2020     1     1    10     2  0.000000    -13727.593538    -13721.553142    -13725.847478         0.000000    -13724.486860         0.000000
  2020     1     1    10     2 30.000000    -13727.440190    -13721.402419    -13725.692784         0.000000    -13724.335468         0.000000
  2020     1     1    10     3  0.000000    -13727.681267    -13721.647432    -13725.933207         0.000000    -13724.575401         0.000000
  2020     1     1    10     3 30.000000    -13727.323918    -13721.289873    -13725.577784         0.000000    -13724.219883         0.000000
  2020     1     1    10     4  0.000000    -13727.461234    -13721.428704    -13725.720051         0.000000    -13724.359296         0.000000
  2020     1     1    10     4 30.000000    -13727.419122    -13721.386529    -13725.679244         0.000000    -13724.317605         0.000000
  2020     1     1    10     5  0.000000    -13727.403471    -13721.367051    -13725.664740         0.000000    -13724.304245         0.000000
  2020     1     1    10     5 30.000000    -13727.263619    -13721.225676    -13725.524331         0.000000    -13724.165262         0.000000
  2020     1     1    10     6  0.000000    -13727.882427    -13721.849522    -13726.142327         0.000000    -13724.783320         0.000000
  2020     1     1    10     6 30.000000    -13727.790190    -13721.758366    -13726.049086         0.000000    -13724.689733         0.000000
  2020     1     1    10     7  0.000000    -13728.170155    -13722.134426    -13726.431872         0.000000    -13725.069724         0.000000
  2020     1     1    10     7 30.000000    -13727.903496    -13721.865411    -13726.166105         0.000000    -13724.805416         0.000000
  2020     1     1    10     8  0.000000    -13727.869590    -13721.830908    -13726.129900         0.000000    -13724.769107         0.000000
  2020     1     1    10     8 30.000000    -13727.834948    -13721.797320    -13726.095013         0.000000    -13724.737966         0.000000
  2020     1     1    10     9  0.000000    -13727.604019    -13721.564100    -13725.865104         0.000000    -13724.505465         0.000000
  2020     1     1    10     9 30.000000    -13727.869071    -13721.829265    -13726.129575         0.000000    -13724.769875         0.000000
  2020     1     1    10    10  0.000000    -13727.960725    -13721.921295    -13726.219201         0.000000    -13724.860344         0.000000
  2020     1     1    10    10 30.000000    -13727.618646    -13721.583557    -13725.880042         0.000000    -13724.518964         0.000000
  2020     1     1    10    11  0.000000    -13727.928822    -13721.896056    -13726.189322         0.000000    -13724.830166         0.000000
  2020     1     1    10    11 30.000000    -13727.552997    -13721.517385    -13725.808691         0.000000    -13724.455931         0.000000
  2020     1     1    10    12  0.000000    -13727.591223    -13721.559605    -13725.849118         0.000000    -13724.490732         0.000000
  2020     1     1    10    12 30.000000    -13727.090898    -13721.062274    -13725.353347         0.000000    -13723.995429         0.000000
  2020     1     1    10    13  0.000000    -13727.792095    -13721.768052    -13726.052376         0.000000    -13724.694979         0.000000
  2020     1     1    10    13 30.000000    -13727.859357    -13721.827564    -13726.120606         0.000000    -13724.764570         0.000000
  2020     1     1    10    14  0.000000    -13727.816815    -13721.790596    -13726.076759         0.000000    -13724.721355         0.000000
  2020     1     1    10    14 30.000000    -13727.752773    -13721.729025    -13726.012129         0.000000    -13724.658987         0.000000
  2020     1     1    10    15  0.000000    -13727.555907    -13721.526933    -13725.818315         0.000000    -13724.463418         0.000000
  2020     1     1    10    15 30.000000    -13727.779118    -13721.756635    -13726.040071         0.000000    -13724.684415         0.000000
  2020     1     1    10    16  0.000000    -13726.896460    -13720.874452    -13725.159430         0.000000    -13723.805166         0.000000
  2020     1     1    10    16 30.000000    -13727.830937    -13721.816048    -13726.090517         0.000000    -13724.737339         0.000000
  2020     1     1    10    17  0.000000    -13727.309673    -13721.285073    -13725.567765         0.000000    -13724.210308         0.000000
  2020     1     1    10    17 30.000000    -13726.995994    -13720.969900    -13725.252702         0.000000    -13723.896278         0.000000
  2020     1     1    10    18  0.000000    -13727.925970    -13721.897919    -13726.182169         0.000000    -13724.823894         0.000000
  2020     1     1    10    18 30.000000    -13728.266190    -13722.239445    -13726.525544         0.000000    -13725.166773         0.000000
  2020     1     1    10    19  0.000000    -13728.811274    -13722.782875    -13727.069320         0.000000    -13725.709827         0.000000
  2020     1     1    10    19 30.000000    -13727.862640    -13721.837063    -13726.123303         0.000000    -13724.762834         0.000000
  2020     1     1    10    20  0.000000    -13727.893738    -13721.865558    -13726.154086         0.000000    -13724.795043         0.000000
  2020     1     1    10    20 30.000000    -13727.957212    -13721.927002    -13726.217997         0.000000    -13724.857072         0.000000
  2020     1     1    10    21  0.000000    -13728.379843    -13722.351858    -13726.643407         0.000000    -13725.283526         0.000000
  2020     1     1    10    21 30.000000    -13728.022286    -13721.992454    -13726.285599         0.000000    -13724.924852         0.000000
  2020     1     1    10    22  0.000000    -13727.471738    -13721.441163    -13725.733520         0.000000    -13724.376056         0.000000
  2020     1     1    10    22 30.000000    -13727.663355    -13721.633319    -13725.924474         0.000000    -13724.563691         0.000000
  2020     1     1    10    23  0.000000    -13727.743039    -13721.711221    -13726.004932         0.000000    -13724.643907         0.000000
  2020     1     1    10    23 30.000000    -13727.538556    -13721.504954    -13725.795071         0.000000    -13724.439919         0.000000
  2020     1     1    10    24  0.000000    -13727.389914    -13721.353305    -13725.648855         0.000000    -13724.291577         0.000000
  2020     1     1    10    24 30.000000    -13728.128437    -13722.082163    -13726.387487         0.000000    -13725.029792         0.000000
  2020     1     1    10    25  0.000000    -13727.647511    -13721.601814    -13725.906234         0.000000    -13724.549691         0.000000
  2020     1     1    10    25 30.000000    -13728.030560    -13721.982484    -13726.287034         0.000000    -13724.929957         0.000000
  2020     1     1    10    26  0.000000    -13727.943285    -13721.900439    -13726.199121         0.000000    -13724.842673         0.000000
  2020     1     1    10    26 30.000000    -13727.262753    -13721.223120    -13725.517560         0.000000    -13724.157822         0.000000
  2020     1     1    10    27  0.000000    -13727.377164    -13721.336624    -13725.632519         0.000000    -13724.271314         0.000000
  2020     1     1    10    27 30.000000    -13728.184341    -13722.144716    -13726.441065         0.000000    -13725.080000         0.000000
  2020     1     1    10    28  0.000000    -13728.181519    -13722.141354    -13726.436877         0.000000    -13725.078019         0.000000
  2020     1     1    10    28 30.000000    -13728.563282    -13722.524877    -13726.819123         0.000000    -13725.459421         0.000000
  2020     1     1    10    29  0.000000    -13727.946841    -13721.907105    -13726.200422         0.000000    -13724.844209         0.000000
  2020     1     1    10    29 30.000000    -13728.096443    -13722.056336    -13726.347565         0.000000    -13724.991292         0.000000
  2020     1     1    10    30  0.000000    -13727.942871    -13721.901503    -13726.194147         0.000000    -13724.840830         0.000000
  2020     1     1    10    30 30.000000    -13727.802551    -13721.763176    -13726.055637         0.000000    -13724.701568         0.000000
  2020     1     1    10    31  0.000000    -13728.209376    -13722.167360    -13726.463923         0.000000    -13725.110800         0.000000
  2020     1     1    10    31 30.000000    -13728.024457    -13721.984129    -13726.277938         0.000000    -13724.925438         0.000000
  2020     1     1    10    32  0.000000    -13727.995315    -13721.946984    -13726.249875         0.000000    -13724.894654         0.000000
  2020     1     1    10    32 30.000000    -13728.333732    -13722.288502    -13726.587053         0.000000    -13725.234167         0.000000
  2020     1     1    10    33  0.000000    -13727.720973    -13721.670542    -13725.973981         0.000000    -13724.623965         0.000000
  2020     1     1    10    33 30.000000    -13728.202187    -13722.154740    -13726.454890         0.000000    -13725.101308         0.000000
  2020     1     1    10    34  0.000000    -13728.560625    -13722.511342    -13726.814261         0.000000    -13725.459420         0.000000
  2020     1     1    10    34 30.000000    -13728.112000    -13722.070048    -13726.367868         0.000000    -13725.010739         0.000000
  2020     1     1    10    35  0.000000    -13728.595338    -13722.552701    -13726.853508         0.000000    -13725.490185         0.000000
  2020     1     1    10    35 30.000000    -13728.108118    -13722.061900    -13726.364106         0.000000    -13725.005348         0.000000
  2020     1     1    10    36  0.000000    -13728.460592    -13722.419768    -13726.716949         0.000000    -13725.357204         0.000000
  2020     1     1    10    36 30.000000    -13727.721834    -13721.683765    -13725.975834         0.000000    -13724.617954         0.000000
  2020     1     1    10    37  0.000000    -13728.392413    -13722.352356    -13726.645544         0.000000    -13725.288085         0.000000
  2020     1     1    10    37 30.000000    -13728.425308    -13722.384277    -13726.678805         0.000000    -13725.321272         0.000000
  2020     1     1    10    38  0.000000    -13728.589950    -13722.549062    -13726.842284         0.000000    -13725.483761         0.000000
  2020     1     1    10    38 30.000000    -13727.523180    -13721.478860    -13725.780186         0.000000    -13724.420700         0.000000
  2020     1     1    10    39  0.000000    -13727.912821    -13721.873276    -13726.168889         0.000000    -13724.808979         0.000000
  2020     1     1    10    39 30.000000    -13727.053931    -13721.012697    -13725.308579         0.000000    -13723.949007         0.000000
  2020     1     1    10    40  0.000000    -13727.389540    -13721.347402    -13725.645342         0.000000    -13724.287071         0.000000
  2020     1     1    10    40 30.000000    -13728.076782    -13722.029608    -13726.330981         0.000000    -13724.970882         0.000000
  2020     1     1    10    41  0.000000    -13727.776300    -13721.731932    -13726.031326         0.000000    -13724.670006         0.000000
  2020     1     1    10    41 30.000000    -13727.466763    -13721.419869    -13725.719934         0.000000    -13724.359557         0.000000
  2020     1     1    10    42  0.000000    -13727.827485    -13721.779726    -13726.083456         0.000000    -13724.722902         0.000000
  2020     1     1    10    42 30.000000    -13728.140538    -13722.094095    -13726.398055         0.000000    -13725.034638         0.000000
  2020     1     1    10    43  0.000000    -13727.870932    -13721.826152    -13726.128742         0.000000    -13724.765341         0.000000
  2020     1     1    10    43 30.000000    -13728.201065    -13722.159408    -13726.455316         0.000000    -13725.095706         0.000000
  2020     1     1    10    44  0.000000    -13727.937658    -13721.900854    -13726.193170         0.000000    -13724.833485         0.000000
  2020     1     1    10    44 30.000000    -13727.790395    -13721.746586    -13726.045729         0.000000    -13724.687839         0.000000
  2020     1     1    10    45  0.000000    -13728.307942    -13722.268775    -13726.566065         0.000000    -13725.204695         0.000000
  2020     1     1    10    45 30.000000    -13728.411686    -13722.370389    -13726.669253         0.000000    -13725.306523         0.000000
  2020     1     1    10    46  0.000000    -13728.295877    -13722.254847    -13726.553174         0.000000    -13725.188711         0.000000
  2020     1     1    10    46 30.000000    -13728.530925    -13722.490366    -13726.790589         0.000000    -13725.423408         0.000000
  2020     1     1    10    47  0.000000    -13728.269312    -13722.237030    -13726.528149         0.000000    -13725.163428         0.000000
  2020     1     1    10    47 30.000000    -13727.597524    -13721.563505    -13725.857044         0.000000    -13724.493606         0.000000
  2020     1     1    10    48  0.000000    -13727.905462    -13721.867141    -13726.164312         0.000000    -13724.798817         0.000000
  2020     1     1    10    48 30.000000    -13728.581983    -13722.540648    -13726.841416         0.000000    -13725.476926         0.000000
  2020     1     1    10    49  0.000000    -13727.970029    -13721.937429    -13726.229040         0.000000    -13724.863781         0.000000
  2020     1     1    10    49 30.000000    -13728.593005    -13722.555978    -13726.851562         0.000000    -13725.486676         0.000000
  2020     1     1    10    50  0.000000    -13728.170607    -13722.129511    -13726.425936         0.000000    -13725.064359         0.000000
  2020     1     1    10    50 30.000000    -13728.296922    -13722.261885    -13726.556071         0.000000    -13725.192675         0.000000
  2020     1     1    10    51  0.000000    -13728.066783    -13722.031856    -13726.325132         0.000000    -13724.958973         0.000000
  2020     1     1    10    51 30.000000    -13727.871576    -13721.837164    -13726.129807         0.000000    -13724.764519         0.000000
  2020     1     1    10    52  0.000000    -13728.142637    -13722.104455    -13726.400925         0.000000    -13725.033033         0.000000
  2020     1     1    10    52 30.000000    -13728.860912    -13722.829097    -13727.118090         0.000000    -13725.754219         0.000000
  2020     1     1    10    53  0.000000    -13727.989427    -13721.958015    -13726.247719         0.000000    -13724.884904         0.000000
  2020     1     1    10    53 30.000000    -13728.271884    -13722.242486    -13726.530931         0.000000    -13725.170941         0.000000
  2020     1     1    10    54  0.000000    -13727.966969    -13721.930453    -13726.223750         0.000000    -13724.862923         0.000000
  2020     1     1    10    54 30.000000    -13728.194120    -13722.158399    -13726.449614         0.000000    -13725.088738         0.000000
  2020     1     1    10    55  0.000000    -13728.264791    -13722.228089    -13726.517430         0.000000    -13725.154130         0.000000
  2020     1     1    10    55 30.000000    -13728.038689    -13722.001727    -13726.291989         0.000000    -13724.929064         0.000000
  2020     1     1    10    56  0.000000    -13728.392351    -13722.351123    -13726.646309         0.000000    -13725.282438         0.000000
  2020     1     1    10    56 30.000000    -13728.385187    -13722.344364    -13726.641362         0.000000    -13725.279612         0.000000
  2020     1     1    10    57  0.000000    -13728.612972    -13722.577061    -13726.869453         0.000000    -13725.508332         0.000000
  2020     1     1    10    57 30.000000    -13727.946488    -13721.910138    -13726.204002         0.000000    -13724.844107         0.000000
  2020     1     1    10    58  0.000000    -13728.287429    -13722.246423    -13726.544203         0.000000    -13725.181402         0.000000
  2020     1     1    10    58 30.000000    -13728.678927    -13722.636570    -13726.939572         0.000000    -13725.574412         0.000000
  2020     1     1    10    59  0.000000    -13728.250140    -13722.211634    -13726.509441         0.000000    -13725.144841         0.000000
  2020     1     1    10    59 30.000000    -13728.436650    -13722.399734    -13726.696894         0.000000    -13725.331591         0.000000
  2020     1     1    11     0  0.000000    -13728.071560    -13722.036084    -13726.330666         0.000000    -13724.967131         0.000000
  2020     1     1    11     0 30.000000    -13726.969999    -13720.933379    -13725.229182         0.000000    -13723.865332         0.000000
  2020     1     1    11     1  0.000000    -13728.184089    -13722.145173    -13726.440541         0.000000    -13725.077085         0.000000
  2020     1     1    11     1 30.000000    -13729.150044    -13723.106018    -13727.405893         0.000000    -13726.043842         0.000000
  2020     1     1    11     2  0.000000    -13728.727178    -13722.686499    -13726.985725         0.000000    -13725.620982         0.000000
  2020     1     1    11     2 30.000000    -13728.174017    -13722.128649    -13726.430343         0.000000    -13725.064319         0.000000
  2020     1     1    11     3  0.000000    -13727.667576    -13721.628442    -13725.924332         0.000000    -13724.558763         0.000000
  2020     1     1    11     3 30.000000    -13728.281284    -13722.238955    -13726.537679         0.000000    -13725.172679         0.000000
  2020     1     1    11     4  0.000000    -13728.809402    -13722.766429    -13727.064187         0.000000    -13725.702550         0.000000
  2020     1     1    11     4 30.000000    -13728.301066    -13722.258435    -13726.557019         0.000000    -13725.191570         0.000000
  2020     1     1    11     5  0.000000    -13728.427330    -13722.388363    -13726.684339         0.000000    -13725.317281         0.000000
  2020     1     1    11     5 30.000000    -13728.635342    -13722.592986    -13726.891655         0.000000    -13725.523749         0.000000
  2020     1     1    11     6  0.000000    -13727.970881    -13721.929192    -13726.226225         0.000000    -13724.861132         0.000000
  2020     1     1    11     6 30.000000    -13728.468363    -13722.430861    -13726.725700         0.000000    -13725.360789         0.000000
  2020     1     1    11     7  0.000000    -13728.647519    -13722.607498    -13726.905996         0.000000    -13725.539667         0.000000
  2020     1     1    11     7 30.000000    -13728.266421    -13722.229384    -13726.524940         0.000000    -13725.162684         0.000000
  2020     1     1    11     8  0.000000    -13728.589745    -13722.557396    -13726.851621         0.000000    -13725.482359         0.000000
  2020     1     1    11     8 30.000000    -13728.627889    -13722.592181    -13726.889515         0.000000    -13725.519390         0.000000
  2020     1     1    11     9  0.000000    -13728.770266    -13722.733714    -13727.030200         0.000000    -13725.661923         0.000000
  2020     1     1    11     9 30.000000    -13728.874286    -13722.837465    -13727.133676         0.000000    -13725.763756         0.000000
  2020     1     1    11    10  0.000000    -13728.363216    -13722.325952    -13726.620502         0.000000    -13725.253217         0.000000
  2020     1     1    11    10 30.000000    -13728.413291    -13722.374134    -13726.668755         0.000000    -13725.304964         0.000000
  2020     1     1    11    11  0.000000    -13728.374741    -13722.335331    -13726.629191         0.000000    -13725.267721         0.000000
  2020     1     1    11    11 30.000000    -13728.302063    -13722.266771    -13726.560381         0.000000    -13725.196758         0.000000
  2020     1     1    11    12  0.000000    -13728.142944    -13722.106042    -13726.402574         0.000000    -13725.039576         0.000000
  2020     1     1    11    12 30.000000    -13728.719427    -13722.683198    -13726.979845         0.000000    -13725.612912         0.000000
  2020     1     1    11    13  0.000000    -13728.231454    -13722.194570    -13726.490518         0.000000    -13725.123566         0.000000
  2020     1     1    11    13 30.000000    -13728.726899    -13722.686924    -13726.983052         0.000000    -13725.619926         0.000000
  2020     1     1    11    14  0.000000    -13728.797792    -13722.757461    -13727.057162         0.000000    -13725.691565         0.000000
  2020     1     1    11    14 30.000000    -13728.625301    -13722.582642    -13726.884063         0.000000    -13725.519668         0.000000
  2020     1     1    11    15  0.000000    -13728.648447    -13722.606371    -13726.906808         0.000000    -13725.542965         0.000000
  2020     1     1    11    15 30.000000    -13728.820011    -13722.779929    -13727.078488         0.000000    -13725.714929         0.000000
  2020     1     1    11    16  0.000000    -13728.321835    -13722.288771    -13726.578689         0.000000    -13725.215779         0.000000
  2020     1     1    11    16 30.000000    -13728.567319    -13722.529683    -13726.823996         0.000000    -13725.461476         0.000000
  2020     1     1    11    17  0.000000    -13728.681273    -13722.639674    -13726.938150         0.000000    -13725.577214         0.000000
  2020     1     1    11    17 30.000000    -13728.995365    -13722.953067    -13727.249102         0.000000    -13725.890381         0.000000
  2020     1     1    11    18  0.000000    -13728.810455    -13722.774548    -13727.063314         0.000000    -13725.702205         0.000000
  2020     1     1    11    18 30.000000    -13728.436944    -13722.396565    -13726.690375         0.000000    -13725.326426         0.000000
  2020     1     1    11    19  0.000000    -13728.600857    -13722.559082    -13726.855259         0.000000    -13725.493660         0.000000
  2020     1     1    11    19 30.000000    -13728.975389    -13722.938137    -13727.233270         0.000000    -13725.869050         0.000000
  2020     1     1    11    20  0.000000    -13728.541691    -13722.499686    -13726.798219         0.000000    -13725.436351         0.000000
  2020     1     1    11    20 30.000000    -13728.360862    -13722.319479    -13726.619070         0.000000    -13725.256705         0.000000
  2020     1     1    11    21  0.000000    -13727.994069    -13721.953525    -13726.251245         0.000000    -13724.887026         0.000000
  2020     1     1    11    21 30.000000    -13729.063606    -13723.022796    -13727.320231         0.000000    -13725.954202         0.000000
  2020     1     1    11    22  0.000000    -13728.611472    -13722.575340    -13726.866452         0.000000    -13725.499927         0.000000
  2020     1     1    11    22 30.000000    -13728.134771    -13722.098804    -13726.388904         0.000000    -13725.022327         0.000000
  2020     1     1    11    23  0.000000    -13728.793358    -13722.752014    -13727.049183         0.000000    -13725.683597         0.000000
  2020     1     1    11    23 30.000000    -13727.830646    -13721.794540    -13726.086495         0.000000    -13724.723700         0.000000
  2020     1     1    11    24  0.000000    -13727.931035    -13721.894217    -13726.188348         0.000000    -13724.824376         0.000000
  2020     1     1    11    24 30.000000    -13728.110379    -13722.075578    -13726.369950         0.000000    -13725.000523         0.000000
  2020     1     1    11    25  0.000000    -13728.484706    -13722.449382    -13726.744629         0.000000    -13725.376911         0.000000
  2020     1     1    11    25 30.000000    -13727.806830    -13721.769228    -13726.063795         0.000000    -13724.696585         0.000000
  2020     1     1    11    26  0.000000    -13727.468486    -13721.428157    -13725.722360         0.000000    -13724.350124         0.000000
  2020     1     1    11    26 30.000000    -13728.704665    -13722.663669    -13726.958290         0.000000    -13725.583867         0.000000
  2020     1     1    11    27  0.000000    -13728.398996    -13722.356399    -13726.653347         0.000000    -13725.278149         0.000000
  2020     1     1    11    27 30.000000    -13727.890208    -13721.848745    -13726.147618         0.000000    -13724.774160         0.000000
  2020     1     1    11    28  0.000000    -13728.748698    -13722.711822    -13727.003517         0.000000    -13725.633332         0.000000
  2020     1     1    11    28 30.000000    -13729.075640    -13723.036131    -13727.329451         0.000000    -13725.957620         0.000000
  2020     1     1    11    29  0.000000    -13728.834675    -13722.794121    -13727.088944         0.000000    -13725.715015         0.000000
  2020     1     1    11    29 30.000000    -13728.627657    -13722.587321    -13726.882373         0.000000    -13725.510004         0.000000
  2020     1     1    11    30  0.000000    -13728.129664    -13722.089315    -13726.385286         0.000000    -13725.011406         0.000000
  2020     1     1    11    30 30.000000    -13728.331406    -13722.293265    -13726.584749         0.000000    -13725.211857         0.000000
  2020     1     1    11    31  0.000000    -13728.580730    -13722.541292    -13726.833769         0.000000    -13725.458175         0.000000
  2020     1     1    11    31 30.000000    -13728.778697    -13722.737110    -13727.032351         0.000000    -13725.655258         0.000000
  2020     1     1    11    32  0.000000    -13729.117219    -13723.075923    -13727.370285         0.000000    -13725.996676         0.000000
  2020     1     1    11    32 30.000000    -13728.961462    -13722.920605    -13727.216236         0.000000    -13725.842020         0.000000
  2020     1     1    11    33  0.000000    -13728.581812    -13722.543049    -13726.834333         0.000000    -13725.463589         0.000000
  2020     1     1    11    33 30.000000    -13727.807147    -13721.769772    -13726.058512         0.000000    -13724.687596         0.000000
  2020     1     1    11    34  0.000000    -13728.242052    -13722.201353    -13726.493110         0.000000    -13725.124232         0.000000
  2020     1     1    11    34 30.000000    -13728.533709    -13722.495129    -13726.783661         0.000000    -13725.417622         0.000000
  2020     1     1    11    35  0.000000    -13728.656946    -13722.620994    -13726.908425         0.000000    -13725.540113         0.000000
  2020     1     1    11    35 30.000000    -13728.762990    -13722.726003    -13727.013754         0.000000    -13725.646229         0.000000
  2020     1     1    11    36  0.000000    -13729.141062    -13723.101841    -13727.396431         0.000000    -13726.028581         0.000000
  2020     1     1    11    36 30.000000    -13727.958554    -13721.922117    -13726.214321         0.000000    -13724.845635         0.000000
  2020     1     1    11    37  0.000000    -13728.318885    -13722.278313    -13726.572702         0.000000    -13725.202607         0.000000
  2020     1     1    11    37 30.000000    -13728.494030    -13722.450389    -13726.748442         0.000000    -13725.380896         0.000000
  2020     1     1    11    38  0.000000    -13729.229667    -13723.187477    -13727.483759         0.000000    -13726.113857         0.000000
  2020     1     1    11    38 30.000000    -13729.285330    -13723.249182    -13727.539983         0.000000    -13726.171743         0.000000
  2020     1     1    11    39  0.000000    -13728.808633    -13722.763226    -13727.063815         0.000000    -13725.692837         0.000000
  2020     1     1    11    39 30.000000    -13728.726505    -13722.682449    -13726.980526         0.000000    -13725.612215         0.000000
  2020     1     1    11    40  0.000000    -13729.054679    -13723.017627    -13727.308594         0.000000    -13725.941485         0.000000
  2020     1     1    11    40 30.000000    -13728.849744    -13722.811156    -13727.106042         0.000000    -13725.736759         0.000000
  2020     1     1    11    41  0.000000    -13728.586700    -13722.543709    -13726.841581         0.000000    -13725.470976         0.000000
  2020     1     1    11    41 30.000000    -13728.809906    -13722.768210    -13727.061685         0.000000    -13725.694473         0.000000
  2020     1     1    11    42  0.000000    -13728.817147    -13722.777217    -13727.073453         0.000000    -13725.706129         0.000000
  2020     1     1    11    42 30.000000    -13728.277744    -13722.233350    -13726.534369         0.000000    -13725.164425         0.000000
  2020     1     1    11    43  0.000000    -13729.007678    -13722.963173    -13727.263874         0.000000    -13725.896881         0.000000
  2020     1     1    11    43 30.000000    -13728.896487    -13722.853672    -13727.154020         0.000000    -13725.786310         0.000000
  2020     1     1    11    44  0.000000    -13729.326403    -13723.283502    -13727.582085         0.000000    -13726.216822         0.000000
  2020     1     1    11    44 30.000000    -13729.124343    -13723.081837    -13727.384222         0.000000    -13726.017439         0.000000
  2020     1     1    11    45  0.000000    -13728.895402    -13722.849865    -13727.158002         0.000000    -13725.791548         0.000000
  2020     1     1    11    45 30.000000    -13728.752150    -13722.712630    -13727.013847         0.000000    -13725.647652         0.000000
  2020     1     1    11    46  0.000000    -13728.484456    -13722.438042    -13726.744402         0.000000    -13725.379087         0.000000
  2020     1     1    11    46 30.000000    -13728.760218    -13722.713863    -13727.020308         0.000000    -13725.649057         0.000000
  2020     1     1    11    47  0.000000    -13729.285992    -13723.239967    -13727.546096         0.000000    -13726.175195         0.000000
  2020     1     1    11    47 30.000000    -13728.242689    -13722.200837    -13726.502037         0.000000    -13725.132775         0.000000
  2020     1     1    11    48  0.000000    -13728.967253    -13722.922975    -13727.228422         0.000000    -13725.860297         0.000000
  2020     1     1    11    48 30.000000    -13728.287057    -13722.237463    -13726.550809         0.000000    -13725.181289         0.000000
  2020     1     1    11    49  0.000000    -13728.152080    -13722.111429    -13726.415788         0.000000    -13725.047177         0.000000
  2020     1     1    11    49 30.000000    -13728.701197    -13722.658543    -13726.964063         0.000000    -13725.594001         0.000000
  2020     1     1    11    50  0.000000    -13729.157973    -13723.115027    -13727.420727         0.000000    -13726.050998         0.000000
  2020     1     1    11    50 30.000000    -13728.870712    -13722.833310    -13727.132415         0.000000    -13725.763223         0.000000
  2020     1     1    11    51  0.000000    -13728.462084    -13722.420694    -13726.725663         0.000000    -13725.353627         0.000000
  2020     1     1    11    51 30.000000    -13728.383877    -13722.334118    -13726.645785         0.000000    -13725.272185         0.000000
  2020     1     1    11    52  0.000000    -13728.612189    -13722.566559    -13726.874005         0.000000    -13725.501551         0.000000
  2020     1     1    11    52 30.000000    -13729.163867    -13723.125745    -13727.426166         0.000000    -13726.051958         0.000000
  2020     1     1    11    53  0.000000    -13727.902910    -13721.862370    -13726.165562         0.000000    -13724.793628         0.000000
  2020     1     1    11    53 30.000000    -13728.735076    -13722.692815    -13726.995300         0.000000    -13725.624059         0.000000
  2020     1     1    11    54  0.000000    -13728.857102    -13722.809963    -13727.118225         0.000000    -13725.747921         0.000000
  2020     1     1    11    54 30.000000    -13728.945792    -13722.900669    -13727.204489         0.000000    -13725.837746         0.000000
  2020     1     1    11    55  0.000000    -13728.827162    -13722.783095    -13727.086173         0.000000    -13725.717269         0.000000
  2020     1     1    11    55 30.000000    -13728.569009    -13722.529981    -13726.827095         0.000000    -13725.460495         0.000000
  2020     1     1    11    56  0.000000    -13728.142536    -13722.101633    -13726.402184         0.000000    -13725.032949         0.000000
  2020     1     1    11    56 30.000000    -13728.702197    -13722.657105    -13726.960299         0.000000    -13725.592117         0.000000
  2020     1     1    11    57  0.000000    -13728.656768    -13722.613688    -13726.916772         0.000000    -13725.549231         0.000000
  2020     1     1    11    57 30.000000    -13729.107651    -13723.068556    -13727.368779         0.000000    -13725.998585         0.000000
  2020     1     1    11    58  0.000000    -13729.071918    -13723.033752    -13727.330109         0.000000    -13725.964404         0.000000
  2020     1     1    11    58 30.000000    -13729.044700    -13723.006412    -13727.303214         0.000000    -13725.935340         0.000000
  2020     1     1    11    59  0.000000    -13729.178785    -13723.140104    -13727.436246         0.000000    -13726.067396         0.000000
  2020     1     1    11    59 30.000000    -13728.486429    -13722.439831    -13726.744795         0.000000    -13725.375781         0.000000
  2020     1     1    12     0  0.000000    -13729.189603    -13723.145667    -13727.447296         0.000000    -13726.078489         0.000000
  2020     1     1    12     0 30.000000    -13728.143149    -13722.098118    -13726.402498         0.000000    -13725.031863         0.000000
  2020     1     1    12     1  0.000000    -13729.344458    -13723.293930    -13727.599911         0.000000    -13726.230164         0.000000
  2020     1     1    12     1 30.000000    -13728.546317    -13722.493410    -13726.803120         0.000000    -13725.431717         0.000000
  2020     1     1    12     2  0.000000    -13728.442530    -13722.398989    -13726.699016         0.000000    -13725.327760         0.000000
  2020     1     1    12     2 30.000000    -13728.627249    -13722.584843    -13726.885591         0.000000    -13725.515395         0.000000
  2020     1     1    12     3  0.000000    -13728.849745    -13722.804680    -13727.107137         0.000000    -13725.736258         0.000000
  2020     1     1    12     3 30.000000    -13729.120153    -13723.079834    -13727.377990         0.000000    -13726.006640         0.000000
  2020     1     1    12     4  0.000000    -13728.952592    -13722.914429    -13727.208730         0.000000    -13725.839115         0.000000
  2020     1     1    12     4 30.000000    -13728.768040    -13722.731549    -13727.024389         0.000000    -13725.656419         0.000000
  2020     1     1    12     5  0.000000    -13728.498828    -13722.460619    -13726.756429         0.000000    -13725.386885         0.000000
  2020     1     1    12     5 30.000000    -13728.546916    -13722.500974    -13726.804611         0.000000    -13725.435757         0.000000
  2020     1     1    12     6  0.000000    -13728.300855    -13722.252708    -13726.556383         0.000000    -13725.187318         0.000000
  2020     1     1    12     6 30.000000    -13728.690288    -13722.650426    -13726.947029         0.000000    -13725.578222         0.000000
  2020     1     1    12     7  0.000000    -13728.804165    -13722.763902    -13727.060929         0.000000    -13725.693669         0.000000
  2020     1     1    12     7 30.000000    -13728.318900    -13722.275000    -13726.576711         0.000000    -13725.209275         0.000000
  2020     1     1    12     8  0.000000    -13728.023409    -13721.980650    -13726.282276         0.000000    -13724.914036         0.000000
  2020     1     1    12     8 30.000000    -13728.309183    -13722.263262    -13726.565920         0.000000    -13725.199935         0.000000
  2020     1     1    12     9  0.000000    -13728.463228    -13722.416171    -13726.721290         0.000000    -13725.355442         0.000000
  2020     1     1    12     9 30.000000    -13728.720906    -13722.676019    -13726.978231         0.000000    -13725.613724         0.000000
  2020     1     1    12    10  0.000000    -13729.434043    -13723.390529    -13727.694042         0.000000    -13726.326385         0.000000
  2020     1     1    12    10 30.000000    -13728.761848    -13722.720638    -13727.020295         0.000000    -13725.652574         0.000000
  2020     1     1    12    11  0.000000    -13728.981579    -13722.937456    -13727.238996         0.000000    -13725.874032         0.000000
  2020     1     1    12    11 30.000000    -13728.852611    -13722.811672    -13727.108195         0.000000    -13725.743433         0.000000
  2020     1     1    12    12  0.000000    -13729.180777    -13723.135245    -13727.435426         0.000000    -13726.071647         0.000000
  2020     1     1    12    12 30.000000    -13729.120807    -13723.074077    -13727.374492         0.000000    -13726.012786         0.000000
  2020     1     1    12    13  0.000000    -13728.688508    -13722.644909    -13726.944668         0.000000    -13725.580363         0.000000
  2020     1     1    12    13 30.000000    -13728.412966    -13722.372211    -13726.667604         0.000000    -13725.304429         0.000000
  2020     1     1    12    14  0.000000    -13728.728148    -13722.686218    -13726.981372         0.000000    -13725.619976         0.000000
  2020     1     1    12    14 30.000000    -13729.234298    -13723.190220    -13727.485679         0.000000    -13726.123529         0.000000
  2020     1     1    12    15  0.000000    -13728.582047    -13722.537868    -13726.835945         0.000000    -13725.472855         0.000000
  2020     1     1    12    15 30.000000    -13728.450274    -13722.405553    -13726.704378         0.000000    -13725.342978         0.000000
  2020     1     1    12    16  0.000000    -13728.571061    -13722.531990    -13726.825512         0.000000    -13725.464130         0.000000
  2020     1     1    12    16 30.000000    -13728.991523    -13722.948970    -13727.245060         0.000000    -13725.881601         0.000000
  2020     1     1    12    17  0.000000    -13728.931074    -13722.891303    -13727.185145         0.000000    -13725.820244         0.000000
  2020     1     1    12    17 30.000000    -13728.228439    -13722.189945    -13726.482789         0.000000    -13725.119912         0.000000
  2020     1     1    12    18  0.000000    -13729.065789    -13723.025681    -13727.320613         0.000000    -13725.955129         0.000000
  2020     1     1    12    18 30.000000    -13728.909434    -13722.868966    -13727.164361         0.000000    -13725.801993         0.000000
  2020     1     1    12    19  0.000000    -13728.885213    -13722.848931    -13727.139432         0.000000    -13725.775211         0.000000
  2020     1     1    12    19 30.000000    -13728.700354    -13722.652233    -13726.956514         0.000000    -13725.590753         0.000000
  2020     1     1    12    20  0.000000    -13729.110887    -13723.071251    -13727.366542         0.000000    -13726.001145         0.000000
  2020     1     1    12    20 30.000000    -13728.798996    -13722.757059    -13727.054322         0.000000    -13725.691786         0.000000
  2020     1     1    12    21  0.000000    -13728.747003    -13722.705054    -13727.002896         0.000000    -13725.639670         0.000000
  2020     1     1    12    21 30.000000    -13728.477200    -13722.429477    -13726.728742         0.000000    -13725.368892         0.000000
  2020     1     1    12    22  0.000000    -13728.991055    -13722.950593    -13727.242027         0.000000    -13725.880915         0.000000
  2020     1     1    12    22 30.000000    -13728.969657    -13722.928556    -13727.221202         0.000000    -13725.859210         0.000000
  2020     1     1    12    23  0.000000    -13729.180360    -13723.134740    -13727.430908         0.000000    -13726.069488         0.000000
  2020     1     1    12    23 30.000000    -13729.115802    -13723.070327    -13727.368120         0.000000    -13726.005656         0.000000
  2020     1     1    12    24  0.000000    -13728.097896    -13722.054064    -13726.348956         0.000000    -13724.988796         0.000000
  2020     1     1    12    24 30.000000    -13729.102941    -13723.059300    -13727.353953         0.000000    -13725.992389         0.000000
  2020     1     1    12    25  0.000000    -13729.254645    -13723.206390    -13727.505409         0.000000    -13726.140433         0.000000
  2020     1     1    12    25 30.000000    -13728.577217    -13722.536611    -13726.829813         0.000000    -13725.467339         0.000000
  2020     1     1    12    26  0.000000    -13728.540664    -13722.498614    -13726.791473         0.000000    -13725.431464         0.000000
  2020     1     1    12    26 30.000000    -13729.100317    -13723.059905    -13727.352041         0.000000    -13725.990705         0.000000
  2020     1     1    12    27  0.000000    -13728.722795    -13722.679503    -13726.973634         0.000000    -13725.611833         0.000000
  2020     1     1    12    27 30.000000    -13728.743478    -13722.705176    -13726.996126         0.000000    -13725.633877         0.000000
  2020     1     1    12    28  0.000000    -13729.241351    -13723.205966    -13727.494159         0.000000    -13726.132220         0.000000
  2020     1     1    12    28 30.000000    -13728.659114    -13722.623408    -13726.911323         0.000000    -13725.549419         0.000000
  2020     1     1    12    29  0.000000    -13728.408055    -13722.367749    -13726.660001         0.000000    -13725.296567         0.000000
  2020     1     1    12    29 30.000000    -13729.097651    -13723.059857    -13727.349115         0.000000    -13725.986567         0.000000
  2020     1     1    12    30  0.000000    -13728.584742    -13722.542194    -13726.834610         0.000000    -13725.472103         0.000000
  2020     1     1    12    30 30.000000    -13728.716437    -13722.670375    -13726.964490         0.000000    -13725.604991         0.000000
  2020     1     1    12    31  0.000000    -13728.883552    -13722.841647    -13727.130639         0.000000    -13725.774205         0.000000
  2020     1     1    12    31 30.000000    -13728.646879    -13722.605224    -13726.895261         0.000000    -13725.537691         0.000000
  2020     1     1    12    32  0.000000    -13728.323813    -13722.289937    -13726.573834         0.000000    -13725.216333         0.000000
  2020     1     1    12    32 30.000000    -13728.201725    -13722.157255    -13726.451285         0.000000    -13725.095706         0.000000
  2020     1     1    12    33  0.000000    -13728.890507    -13722.844389    -13727.141564         0.000000    -13725.780761         0.000000
  2020     1     1    12    33 30.000000    -13729.359577    -13723.316314    -13727.610934         0.000000    -13726.250665         0.000000
  2020     1     1    12    34  0.000000    -13728.473566    -13722.429519    -13726.727099         0.000000    -13725.365868         0.000000
  2020     1     1    12    34 30.000000    -13728.853790    -13722.809320    -13727.106216         0.000000    -13725.746705         0.000000
  2020     1     1    12    35  0.000000    -13728.838932    -13722.796245    -13727.090424         0.000000    -13725.729763         0.000000
  2020     1     1    12    35 30.000000    -13728.826782    -13722.778446    -13727.074858         0.000000    -13725.714890         0.000000
  2020     1     1    12    36  0.000000    -13729.480292    -13723.437803    -13727.728273         0.000000    -13726.367254         0.000000
  2020     1     1    12    36 30.000000    -13728.422820    -13722.379697    -13726.668622         0.000000    -13725.310816         0.000000
  2020     1     1    12    37  0.000000    -13728.875132    -13722.829282    -13727.123853         0.000000    -13725.762666         0.000000
  2020     1     1    12    37 30.000000    -13729.443558    -13723.400469    -13727.694208         0.000000    -13726.332764         0.000000
  2020     1     1    12    38  0.000000    -13728.717587    -13722.674210    -13726.970459         0.000000    -13725.606821         0.000000
  2020     1     1    12    38 30.000000    -13728.217669    -13722.179416    -13726.468621         0.000000    -13725.106404         0.000000
  2020     1     1    12    39  0.000000    -13728.660129    -13722.616946    -13726.912743         0.000000    -13725.545462         0.000000
  2020     1     1    12    39 30.000000    -13728.816699    -13722.773720    -13727.069889         0.000000    -13725.700254         0.000000
  2020     1     1    12    40  0.000000    -13728.991332    -13722.944869    -13727.245220         0.000000    -13725.877544         0.000000
  2020     1     1    12    40 30.000000    -13729.494556    -13723.452641    -13727.744853         0.000000    -13726.381174         0.000000
  2020     1     1    12    41  0.000000    -13729.094273    -13723.048461    -13727.346312         0.000000    -13725.980831         0.000000
  2020     1     1    12    41 30.000000    -13729.123260    -13723.078993    -13727.375240         0.000000    -13726.006595         0.000000
  2020     1     1    12    42  0.000000    -13729.144067    -13723.098501    -13727.395643         0.000000    -13726.027536         0.000000
  2020     1     1    12    42 30.000000    -13729.070843    -13723.025837    -13727.321775         0.000000    -13725.952443         0.000000
  2020     1     1    12    43  0.000000    -13728.659626    -13722.616943    -13726.909561         0.000000    -13725.542896         0.000000
  2020     1     1    12    43 30.000000    -13728.599637    -13722.559172    -13726.851625         0.000000    -13725.486912         0.000000
  2020     1     1    12    44  0.000000    -13729.227988    -13723.186426    -13727.479626         0.000000    -13726.112515         0.000000
  2020     1     1    12    44 30.000000    -13728.834726    -13722.788510    -13727.084719         0.000000    -13725.720686         0.000000
  2020     1     1    12    45  0.000000    -13728.956978    -13722.914281    -13727.208587         0.000000    -13725.845101         0.000000
  2020     1     1    12    45 30.000000    -13729.143006    -13723.101197    -13727.396569         0.000000    -13726.034162         0.000000
  2020     1     1    12    46  0.000000    -13729.422382    -13723.376911    -13727.677407         0.000000    -13726.313643         0.000000
  2020     1     1    12    46 30.000000    -13728.904001    -13722.859396    -13727.156883         0.000000    -13725.792933         0.000000
  2020     1     1    12    47  0.000000    -13728.499932    -13722.456319    -13726.749717         0.000000    -13725.387657         0.000000
  2020     1     1    12    47 30.000000    -13728.644387    -13722.594804    -13726.894654         0.000000    -13725.531390         0.000000
  2020     1     1    12    48  0.000000    -13728.304811    -13722.258117    -13726.557498         0.000000    -13725.193750         0.000000
  2020     1     1    12    48 30.000000    -13728.305050    -13722.254420    -13726.559569         0.000000    -13725.195170         0.000000
  2020     1     1    12    49  0.000000    -13728.731294    -13722.690613    -13726.986788         0.000000    -13725.625575         0.000000
  2020     1     1    12    49 30.000000    -13729.048390    -13723.003168    -13727.304521         0.000000    -13725.938107         0.000000
  2020     1     1    12    50  0.000000    -13728.411298    -13722.370788    -13726.667858         0.000000    -13725.300496         0.000000
  2020     1     1    12    50 30.000000    -13729.011519    -13722.966415    -13727.263962         0.000000    -13725.899999         0.000000
  2020     1     1    12    51  0.000000    -13729.371571    -13723.327631    -13727.623620         0.000000    -13726.261029         0.000000
  2020     1     1    12    51 30.000000    -13729.278472    -13723.229627    -13727.529333         0.000000    -13726.166607         0.000000
  2020     1     1    12    52  0.000000    -13728.778635    -13722.733328    -13727.029602         0.000000    -13725.667342         0.000000
  2020     1     1    12    52 30.000000    -13729.133884    -13723.090134    -13727.384742         0.000000    -13726.022655         0.000000
  2020     1     1    12    53  0.000000    -13728.774209    -13722.732229    -13727.028488         0.000000    -13725.663994         0.000000
  2020     1     1    12    53 30.000000    -13729.012238    -13722.967292    -13727.264650         0.000000    -13725.900882         0.000000
  2020     1     1    12    54  0.000000    -13728.465238    -13722.417026    -13726.718243         0.000000    -13725.352541         0.000000
  2020     1     1    12    54 30.000000    -13728.571509    -13722.526721    -13726.826053         0.000000    -13725.460123         0.000000
  2020     1     1    12    55  0.000000    -13729.156824    -13723.106648    -13727.410913         0.000000    -13726.047496         0.000000
  2020     1     1    12    55 30.000000    -13728.356421    -13722.312673    -13726.610348         0.000000    -13725.248554         0.000000
  2020     1     1    12    56  0.000000    -13729.144015    -13723.096335    -13727.397350         0.000000    -13726.037249         0.000000
  2020     1     1    12    56 30.000000    -13728.266658    -13722.223746    -13726.520334         0.000000    -13725.154082         0.000000
  2020     1     1    12    57  0.000000    -13728.843458    -13722.798394    -13727.097497         0.000000    -13725.734629         0.000000
  2020     1     1    12    57 30.000000    -13729.138943    -13723.096578    -13727.391244         0.000000    -13726.027326         0.000000
  2020     1     1    12    58  0.000000    -13728.887821    -13722.840017    -13727.138851         0.000000    -13725.775343         0.000000
  2020     1     1    12    58 30.000000    -13728.869293    -13722.825929    -13727.118832         0.000000    -13725.755673         0.000000
  2020     1     1    12    59  0.000000    -13728.620411    -13722.574605    -13726.869226         0.000000    -13725.505873         0.000000
  2020     1     1    12    59 30.000000    -13728.436608    -13722.391452    -13726.686810         0.000000    -13725.322540         0.000000
  2020     1     1    13     0  0.000000    -13728.459091    -13722.415065    -13726.710531         0.000000    -13725.346839         0.000000
  2020     1     1    13     0 30.000000    -13727.624079    -13721.583615    -13725.877031         0.000000    -13724.515127         0.000000
  2020     1     1    13     1  0.000000    -13728.949384    -13722.908811    -13727.201260         0.000000    -13725.843686         0.000000
  2020     1     1    13     1 30.000000    -13729.263957    -13723.220079    -13727.516964         0.000000    -13726.157711         0.000000
  2020     1     1    13     2  0.000000    -13729.049285    -13723.003666    -13727.300998         0.000000    -13725.943157         0.000000
  2020     1     1    13     2 30.000000    -13729.159807    -13723.114820    -13727.410169         0.000000    -13726.049186         0.000000
  2020     1     1    13     3  0.000000    -13729.038333    -13722.994989    -13727.289722         0.000000    -13725.929678         0.000000
  2020     1     1    13     3 30.000000    -13728.794605    -13722.752179    -13727.046045         0.000000    -13725.683835         0.000000
  2020     1     1    13     4  0.000000    -13728.350427    -13722.304040    -13726.602762         0.000000    -13725.239251         0.000000
  2020     1     1    13     4 30.000000    -13728.043453    -13721.997446    -13726.290568         0.000000    -13724.933934         0.000000
  2020     1     1    13     5  0.000000    -13729.307692    -13723.266802    -13727.555867         0.000000    -13726.197579         0.000000
  2020     1     1    13     5 30.000000    -13729.050888    -13723.004624    -13727.295115         0.000000    -13725.940419         0.000000
  2020     1     1    13     6  0.000000    -13729.442831    -13723.401928    -13727.689635         0.000000    -13726.331416         0.000000
  2020     1     1    13     6 30.000000    -13729.069054    -13723.029149    -13727.318208         0.000000    -13725.961105         0.000000
  2020     1     1    13     7  0.000000    -13729.069032    -13723.037278    -13727.319768         0.000000    -13725.961934         0.000000
  2020     1     1    13     7 30.000000    -13728.736515    -13722.702798    -13726.987269         0.000000    -13725.628414         0.000000
  2020     1     1    13     8  0.000000    -13728.595894    -13722.556650    -13726.842276         0.000000    -13725.485827         0.000000
  2020     1     1    13     8 30.000000    -13729.121274    -13723.074820    -13727.366491         0.000000    -13726.010898         0.000000
  2020     1     1    13     9  0.000000    -13728.278736    -13722.230207    -13726.522865         0.000000    -13725.169254         0.000000
  2020     1     1    13     9 30.000000    -13728.763649    -13722.712963    -13727.009176         0.000000    -13725.652840         0.000000
  2020     1     1    13    10  0.000000    -13729.353094    -13723.306512    -13727.601479         0.000000    -13726.243821         0.000000
  2020     1     1    13    10 30.000000    -13729.340542    -13723.294666    -13727.582277         0.000000    -13726.226718         0.000000
  2020     1     1    13    11  0.000000    -13727.771197    -13721.728937    -13726.015263         0.000000    -13724.659677         0.000000
  2020     1     1    13    11 30.000000    -13728.433421    -13722.392448    -13726.681308         0.000000    -13725.320839         0.000000
  2020     1     1    13    12  0.000000    -13728.611274    -13722.570530    -13726.862518         0.000000    -13725.501324         0.000000
  2020     1     1    13    12 30.000000    -13728.834310    -13722.792606    -13727.083199         0.000000    -13725.722800         0.000000
  2020     1     1    13    13  0.000000    -13729.031149    -13722.990125    -13727.278838         0.000000    -13725.919525         0.000000
  2020     1     1    13    13 30.000000    -13728.864753    -13722.824804    -13727.113781         0.000000    -13725.753844         0.000000
  2020     1     1    13    14  0.000000    -13728.923872    -13722.883661    -13727.174727         0.000000    -13725.814896         0.000000
  2020     1     1    13    14 30.000000    -13728.735702    -13722.696174    -13726.984452         0.000000    -13725.628053         0.000000
  2020     1     1    13    15  0.000000    -13728.519850    -13722.483214    -13726.770964         0.000000    -13725.412990         0.000000
  2020     1     1    13    15 30.000000    -13728.638247    -13722.602525    -13726.892500         0.000000    -13725.532005         0.000000
  2020     1     1    13    16  0.000000    -13728.831859    -13722.791097    -13727.087362         0.000000    -13725.724121         0.000000
  2020     1     1    13    16 30.000000    -13729.169554    -13723.131357    -13727.421584         0.000000    -13726.059821         0.000000
  2020     1     1    13    17  0.000000    -13728.760893    -13722.721954    -13727.016337         0.000000    -13725.652814         0.000000
  2020     1     1    13    17 30.000000    -13729.190216    -13723.150564    -13727.444622         0.000000    -13726.083525         0.000000
  2020     1     1    13    18  0.000000    -13728.620074    -13722.581925    -13726.874863         0.000000    -13725.515059         0.000000
  2020     1     1    13    18 30.000000    -13728.445052    -13722.402026    -13726.702443         0.000000    -13725.343313         0.000000
  2020     1     1    13    19  0.000000    -13728.097606    -13722.058626    -13726.355578         0.000000    -13724.993538         0.000000
  2020     1     1    13    19 30.000000    -13728.331587    -13722.289820    -13726.586945         0.000000    -13725.221620         0.000000
  2020     1     1    13    20  0.000000    -13728.580300    -13722.537524    -13726.838144         0.000000    -13725.472652         0.000000
  2020     1     1    13    20 30.000000    -13729.167781    -13723.124641    -13727.423138         0.000000    -13726.058777         0.000000
  2020     1     1    13    21  0.000000    -13729.422480    -13723.378465    -13727.674070         0.000000    -13726.310541         0.000000
  2020     1     1    13    21 30.000000    -13728.207433    -13722.163578    -13726.460272         0.000000    -13725.095057         0.000000
  2020     1     1    13    22  0.000000    -13729.195891    -13723.153451    -13727.449373         0.000000    -13726.083593         0.000000
  2020     1     1    13    22 30.000000    -13729.310515    -13723.265604    -13727.563462         0.000000    -13726.196586         0.000000
  2020     1     1    13    23  0.000000    -13729.221461    -13723.174446    -13727.473200         0.000000    -13726.109625         0.000000
  2020     1     1    13    23 30.000000    -13728.683577    -13722.640301    -13726.936376         0.000000    -13725.570186         0.000000
  2020     1     1    13    24  0.000000    -13728.778012    -13722.737921    -13727.031770         0.000000    -13725.666026         0.000000
  2020     1     1    13    24 30.000000    -13728.562371    -13722.518051    -13726.814997         0.000000    -13725.452262         0.000000
  2020     1     1    13    25  0.000000    -13728.620965    -13722.582915    -13726.876696         0.000000    -13725.516189         0.000000
  2020     1     1    13    25 30.000000    -13728.895751    -13722.859199    -13727.148685         0.000000    -13725.790677         0.000000
  2020     1     1    13    26  0.000000    -13729.175924    -13723.135157    -13727.428934         0.000000    -13726.066455         0.000000
  2020     1     1    13    26 30.000000    -13728.839938    -13722.796602    -13727.092915         0.000000    -13725.728779         0.000000
  2020     1     1    13    27  0.000000    -13728.822619    -13722.780410    -13727.075831         0.000000    -13725.713099         0.000000
  2020     1     1    13    27 30.000000    -13728.794545    -13722.756301    -13727.047899         0.000000    -13725.685189         0.000000
  2020     1     1    13    28  0.000000    -13729.117439    -13723.079801    -13727.371988         0.000000    -13726.010211         0.000000
  2020     1     1    13    28 30.000000    -13728.872239    -13722.833304    -13727.126490         0.000000    -13725.765642         0.000000
  2020     1     1    13    29  0.000000    -13729.094485    -13723.057558    -13727.348340         0.000000    -13725.988521         0.000000
  2020     1     1    13    29 30.000000    -13729.322124    -13723.281678    -13727.573571         0.000000    -13726.214008         0.000000
  2020     1     1    13    30  0.000000    -13729.214511    -13723.173838    -13727.465900         0.000000    -13726.104025         0.000000
  2020     1     1    13    30 30.000000    -13729.031239    -13722.987860    -13727.285775         0.000000    -13725.921764         0.000000
  2020     1     1    13    31  0.000000    -13729.584263    -13723.540662    -13727.837488         0.000000    -13726.473109         0.000000
  2020     1     1    13    31 30.000000    -13729.603493    -13723.559729    -13727.852234         0.000000    -13726.491770         0.000000
  2020     1     1    13    32  0.000000    -13729.025345    -13722.977983    -13727.273918         0.000000    -13725.913894         0.000000
  2020     1     1    13    32 30.000000    -13729.016190    -13722.975334    -13727.266939         0.000000    -13725.910205         0.000000
  2020     1     1    13    33  0.000000    -13728.947320    -13722.903929    -13727.195887         0.000000    -13725.841719         0.000000
  2020     1     1    13    33 30.000000    -13728.401382    -13722.357788    -13726.644788         0.000000    -13725.294806         0.000000
  2020     1     1    13    34  0.000000    -13728.623839    -13722.581188    -13726.866272         0.000000    -13725.519937         0.000000
  2020     1     1    13    34 30.000000    -13728.523702    -13722.482474    -13726.769264         0.000000    -13725.418686         0.000000
  2020     1     1    13    35  0.000000    -13729.210434    -13723.167864    -13727.458672         0.000000    -13726.102944         0.000000
  2020     1     1    13    35 30.000000    -13729.201144    -13723.165061    -13727.453308         0.000000    -13726.095454         0.000000
  2020     1     1    13    36  0.000000    -13728.871738    -13722.838498    -13727.125043         0.000000    -13725.769129         0.000000
  2020     1     1    13    36 30.000000    -13728.688482    -13722.643796    -13726.937939         0.000000    -13725.580249         0.000000
  2020     1     1    13    37  0.000000    -13728.245950    -13722.198465    -13726.493279         0.000000    -13725.136468         0.000000
  2020     1     1    13    37 30.000000    -13728.348728    -13722.306605    -13726.594122         0.000000    -13725.237042         0.000000
  2020     1     1    13    38  0.000000    -13728.716362    -13722.669356    -13726.959144         0.000000    -13725.602554         0.000000
  2020     1     1    13    38 30.000000    -13729.121442    -13723.077633    -13727.363845         0.000000    -13726.006026         0.000000
  2020     1     1    13    39  0.000000    -13728.444371    -13722.398218    -13726.686387         0.000000    -13725.330358         0.000000
  2020     1     1    13    39 30.000000    -13729.276614    -13723.231682    -13727.520130         0.000000    -13726.162763         0.000000
  2020     1     1    13    40  0.000000    -13728.899341    -13722.852922    -13727.141516         0.000000    -13725.785284         0.000000
  2020     1     1    13    40 30.000000    -13728.946297    -13722.904621    -13727.189353         0.000000    -13725.837881         0.000000
  2020     1     1    13    41  0.000000    -13729.160898    -13723.114255    -13727.402635         0.000000    -13726.052441         0.000000
  2020     1     1    13    41 30.000000    -13729.019438    -13722.969328    -13727.261708         0.000000    -13725.912923         0.000000
  2020     1     1    13    42  0.000000    -13729.243969    -13723.192597    -13727.482448         0.000000    -13726.130118         0.000000
  2020     1     1    13    42 30.000000    -13728.383413    -13722.332050    -13726.623530         0.000000    -13725.271993         0.000000
  2020     1     1    13    43  0.000000    -13728.671439    -13722.615565    -13726.908278         0.000000    -13725.552982         0.000000
  2020     1     1    13    43 30.000000    -13729.142879    -13723.091773    -13727.383149         0.000000    -13726.028301         0.000000
  2020     1     1    13    44  0.000000    -13729.190759    -13723.138890    -13727.431896         0.000000    -13726.076841         0.000000
  2020     1     1    13    44 30.000000    -13728.797856    -13722.744992    -13727.043760         0.000000    -13725.681638         0.000000
  2020     1     1    13    45  0.000000    -13729.490294    -13723.436124    -13727.735706         0.000000    -13726.371117         0.000000
  2020     1     1    13    45 30.000000    -13729.288104    -13723.234196    -13727.535927         0.000000    -13726.168456         0.000000
  2020     1     1    13    46  0.000000    -13729.230270    -13723.179682    -13727.477540         0.000000    -13726.109606         0.000000
  2020     1     1    13    46 30.000000    -13728.908054    -13722.858391    -13727.153244         0.000000    -13725.787448         0.000000
  2020     1     1    13    47  0.000000    -13728.887234    -13722.837660    -13727.132697         0.000000    -13725.767484         0.000000
  2020     1     1    13    47 30.000000    -13729.310685    -13723.263146    -13727.557673         0.000000    -13726.194643         0.000000
  2020     1     1    13    48  0.000000    -13729.222934    -13723.169995    -13727.467825         0.000000    -13726.103327         0.000000
  2020     1     1    13    48 30.000000    -13728.779545    -13722.724460    -13727.021855         0.000000    -13725.654090         0.000000
  2020     1     1    13    49  0.000000    -13729.036190    -13722.989877    -13727.282800         0.000000    -13725.916380         0.000000
  2020     1     1    13    49 30.000000    -13728.818433    -13722.774172    -13727.067934         0.000000    -13725.699513         0.000000
  2020     1     1    13    50  0.000000    -13728.159236    -13722.121014    -13726.415598         0.000000    -13725.044630         0.000000
  2020     1     1    13    50 30.000000    -13728.665071    -13722.618390    -13726.918362         0.000000    -13725.549184         0.000000
  2020     1     1    13    51  0.000000    -13728.518368    -13722.470518    -13726.767843         0.000000    -13725.398224         0.000000
  2020     1     1    13    51 30.000000    -13728.971807    -13722.921493    -13727.220291         0.000000    -13725.850253         0.000000
  2020     1     1    13    52  0.000000    -13728.411311    -13722.368734    -13726.664741         0.000000    -13725.297784         0.000000
  2020     1     1    13    52 30.000000    -13729.171133    -13723.132102    -13727.425738         0.000000    -13726.060313         0.000000
  2020     1     1    13    53  0.000000    -13728.636292    -13722.593416    -13726.890856         0.000000    -13725.527763         0.000000
  2020     1     1    13    53 30.000000    -13728.865076    -13722.823325    -13727.120695         0.000000    -13725.759930         0.000000
  2020     1     1    13    54  0.000000    -13728.721458    -13722.677236    -13726.975078         0.000000    -13725.616491         0.000000
  2020     1     1    13    54 30.000000    -13728.346461    -13722.302604    -13726.596488         0.000000    -13725.239604         0.000000
  2020     1     1    13    55  0.000000    -13728.608249    -13722.566254    -13726.860446         0.000000    -13725.499425         0.000000
  2020     1     1    13    55 30.000000    -13729.031087    -13722.984299    -13727.281104         0.000000    -13725.923664         0.000000
  2020     1     1    13    56  0.000000    -13728.663461    -13722.612635    -13726.914069         0.000000    -13725.556699         0.000000
  2020     1     1    13    56 30.000000    -13729.256382    -13723.210381    -13727.508938         0.000000    -13726.150576         0.000000
  2020     1     1    13    57  0.000000    -13729.827579    -13723.785985    -13728.073502         0.000000    -13726.717017         0.000000
  2020     1     1    13    57 30.000000    -13729.036601    -13722.992903    -13727.281708         0.000000    -13725.923084         0.000000
  2020     1     1    13    58  0.000000    -13729.595944    -13723.555130    -13727.842674         0.000000    -13726.485771         0.000000
  2020     1     1    13    58 30.000000    -13728.638824    -13722.594709    -13726.887190         0.000000    -13725.528976         0.000000
  2020     1     1    13    59  0.000000    -13729.083185    -13723.041442    -13727.332090         0.000000    -13725.969791         0.000000
  2020     1     1    13    59 30.000000    -13729.495477    -13723.459561    -13727.748202         0.000000    -13726.383757         0.000000
  2020     1     1    14     0  0.000000    -13729.485348    -13723.451266    -13727.736490         0.000000    -13726.372354         0.000000
  2020     1     1    14     0 30.000000    -13727.452855    -13721.417408    -13725.703699         0.000000    -13724.339825         0.000000
  2020     1     1    14     1  0.000000    -13728.354195    -13722.318028    -13726.603854         0.000000    -13725.240480         0.000000
  2020     1     1    14     1 30.000000    -13728.635088    -13722.597175    -13726.885997         0.000000    -13725.525332         0.000000
  2020     1     1    14     2  0.000000    -13728.815729    -13722.776345    -13727.061249         0.000000    -13725.699711         0.000000
  2020     1     1    14     2 30.000000    -13728.771832    -13722.728660    -13727.017387         0.000000    -13725.661712         0.000000
  2020     1     1    14     3  0.000000    -13728.576598    -13722.530827    -13726.820165         0.000000    -13725.467250         0.000000
  2020     1     1    14     3 30.000000    -13728.284302    -13722.235406    -13726.523359         0.000000    -13725.173136         0.000000
  2020     1     1    14     4  0.000000    -13728.866100    -13722.817041    -13727.106189         0.000000    -13725.754336         0.000000
  2020     1     1    14     4 30.000000    -13729.325092    -13723.280016    -13727.564664         0.000000    -13726.211581         0.000000
  2020     1     1    14     5  0.000000    -13728.611694    -13722.566093    -13726.854834         0.000000    -13725.500148         0.000000
  2020     1     1    14     5 30.000000    -13729.217391    -13723.170130    -13727.462657         0.000000    -13726.108655         0.000000
  2020     1     1    14     6  0.000000    -13728.227558    -13722.183791    -13726.476720         0.000000    -13725.125251         0.000000
  2020     1     1    14     6 30.000000    -13728.039731    -13721.997674    -13726.291841         0.000000    -13724.937488         0.000000
  2020     1     1    14     7  0.000000    -13728.106863    -13722.064114    -13726.358931         0.000000    -13725.004860         0.000000
  2020     1     1    14     7 30.000000    -13728.344181    -13722.304503    -13726.597020         0.000000    -13725.244801         0.000000
  2020     1     1    14     8  0.000000    -13728.671283    -13722.628395    -13726.921136         0.000000    -13725.566207         0.000000
  2020     1     1    14     8 30.000000    -13728.616836    -13722.570874    -13726.866165         0.000000    -13725.511367         0.000000
  2020     1     1    14     9  0.000000    -13728.492909    -13722.444419    -13726.742441         0.000000    -13725.387898         0.000000
  2020     1     1    14     9 30.000000    -13728.911796    -13722.868808    -13727.163741         0.000000    -13725.812694         0.000000
  2020     1     1    14    10  0.000000    -13729.560361    -13723.522722    -13727.814067         0.000000    -13726.466813         0.000000
  2020     1     1    14    10 30.000000    -13728.683275    -13722.652635    -13726.940693         0.000000    -13725.585971         0.000000
  2020     1     1    14    11  0.000000    -13728.514327    -13722.479982    -13726.773186         0.000000    -13725.415169         0.000000
  2020     1     1    14    11 30.000000    -13728.364974    -13722.327880    -13726.624108         0.000000    -13725.265826         0.000000
  2020     1     1    14    12  0.000000    -13728.694689    -13722.661248    -13726.956403         0.000000    -13725.597909         0.000000
  2020     1     1    14    12 30.000000    -13729.759233    -13723.724856    -13728.019742         0.000000    -13726.661360         0.000000
  2020     1     1    14    13  0.000000    -13729.283650    -13723.248819    -13727.545259         0.000000    -13726.186142         0.000000
  2020     1     1    14    13 30.000000    -13729.237513    -13723.200882    -13727.496523         0.000000    -13726.137647         0.000000
  2020     1     1    14    14  0.000000    -13729.466120    -13723.426445    -13727.725063         0.000000    -13726.363726         0.000000
  2020     1     1    14    14 30.000000    -13729.378740    -13723.340261    -13727.640494         0.000000    -13726.275569         0.000000
  2020     1     1    14    15  0.000000    -13728.132222    -13722.099450    -13726.391123         0.000000    -13725.029918         0.000000
  2020     1     1    14    15 30.000000    -13729.222037    -13723.190107    -13727.481675         0.000000    -13726.119934         0.000000
  2020     1     1    14    16  0.000000    -13728.571209    -13722.537657    -13726.830483         0.000000    -13725.468052         0.000000
  2020     1     1    14    16 30.000000    -13728.779013    -13722.742459    -13727.041713         0.000000    -13725.673270         0.000000
  2020     1     1    14    17  0.000000    -13729.258202    -13723.220236    -13727.516355         0.000000    -13726.149817         0.000000
  2020     1     1    14    17 30.000000    -13728.614439    -13722.577563    -13726.875946         0.000000    -13725.508056         0.000000
  2020     1     1    14    18  0.000000    -13728.824630    -13722.785694    -13727.085519         0.000000    -13725.720755         0.000000
  2020     1     1    14    18 30.000000    -13728.970698    -13722.930291    -13727.231129         0.000000    -13725.867365         0.000000
  2020     1     1    14    19  0.000000    -13728.658831    -13722.616447    -13726.916791         0.000000    -13725.554398         0.000000
  2020     1     1    14    19 30.000000    -13729.163690    -13723.116801    -13727.420266         0.000000    -13726.060209         0.000000
  2020     1     1    14    20  0.000000    -13728.482544    -13722.440704    -13726.735351         0.000000    -13725.378472         0.000000
  2020     1     1    14    20 30.000000    -13728.706792    -13722.661821    -13726.957297         0.000000    -13725.601372         0.000000
  2020     1     1    14    21  0.000000    -13728.860126    -13722.810614    -13727.108536         0.000000    -13725.754717         0.000000
  2020     1     1    14    21 30.000000    -13728.806511    -13722.759060    -13727.054002         0.000000    -13725.696742         0.000000
  2020     1     1    14    22  0.000000    -13728.672110    -13722.623056    -13726.919362         0.000000    -13725.563385         0.000000
  2020     1     1    14    22 30.000000    -13729.009825    -13722.960410    -13727.259510         0.000000    -13725.903992         0.000000
  2020     1     1    14    23  0.000000    -13728.602070    -13722.555087    -13726.854696         0.000000    -13725.498977         0.000000
  2020     1     1    14    23 30.000000    -13729.336624    -13723.290626    -13727.585143         0.000000    -13726.232623         0.000000
  2020     1     1    14    24  0.000000    -13728.343027    -13722.292868    -13726.589790         0.000000    -13725.238893         0.000000
  2020     1     1    14    24 30.000000    -13728.299224    -13722.249648    -13726.546845         0.000000    -13725.197011         0.000000
  2020     1     1    14    25  0.000000    -13728.510215    -13722.465010    -13726.759744         0.000000    -13725.408235         0.000000
  2020     1     1    14    25 30.000000    -13728.434704    -13722.394322    -13726.685607         0.000000    -13725.331628         0.000000
  2020     1     1    14    26  0.000000    -13728.212978    -13722.168887    -13726.464076         0.000000    -13725.107574         0.000000
  2020     1     1    14    26 30.000000    -13728.050571    -13722.003254    -13726.300424         0.000000    -13724.942771         0.000000
  2020     1     1    14    27  0.000000    -13728.631190    -13722.587994    -13726.880835         0.000000    -13725.523818         0.000000
  2020     1     1    14    27 30.000000    -13728.446278    -13722.399893    -13726.694776         0.000000    -13725.340865         0.000000
  2020     1     1    14    28  0.000000    -13728.024634    -13721.981297    -13726.276585         0.000000    -13724.922736         0.000000
  2020     1     1    14    28 30.000000    -13728.428804    -13722.386053    -13726.684007         0.000000    -13725.328889         0.000000
  2020     1     1    14    29  0.000000    -13728.619917    -13722.574761    -13726.876814         0.000000    -13725.520872         0.000000
  2020     1     1    14    29 30.000000    -13728.609910    -13722.561681    -13726.862777         0.000000    -13725.507244         0.000000
  2020     1     1    14    30  0.000000    -13728.728078    -13722.678187    -13726.980539         0.000000    -13725.622320         0.000000
  2020     1     1    14    30 30.000000    -13728.829082    -13722.776221    -13727.084443         0.000000    -13725.723081         0.000000
  2020     1     1    14    31  0.000000    -13728.123177    -13722.069442    -13726.376081         0.000000    -13725.014796         0.000000
  2020     1     1    14    31 30.000000    -13727.713731    -13721.665576    -13725.969194         0.000000    -13724.603628         0.000000
  2020     1     1    14    32  0.000000    -13727.924592    -13721.877752    -13726.181084         0.000000    -13724.818052         0.000000
  2020     1     1    14    32 30.000000    -13728.137274    -13722.091867    -13726.393944         0.000000    -13725.033792         0.000000
  2020     1     1    14    33  0.000000    -13728.400054    -13722.353418    -13726.659967         0.000000    -13725.300612         0.000000
  2020     1     1    14    33 30.000000    -13728.197933    -13722.150156    -13726.454568         0.000000    -13725.094649         0.000000
  2020     1     1    14    34  0.000000    -13727.422763    -13721.379791    -13725.682179         0.000000    -13724.319074         0.000000
  2020     1     1    14    34 30.000000    -13728.608543    -13722.564327    -13726.867145         0.000000    -13725.503370         0.000000
  2020     1     1    14    35  0.000000    -13728.081145    -13722.036417    -13726.338005         0.000000    -13724.975865         0.000000
  2020     1     1    14    35 30.000000    -13728.020599    -13721.976662    -13726.275128         0.000000    -13724.915580         0.000000
  2020     1     1    14    36  0.000000    -13727.753942    -13721.715343    -13726.007650         0.000000    -13724.647696         0.000000
  2020     1     1    14    36 30.000000    -13728.008499    -13721.972745    -13726.258518         0.000000    -13724.900740         0.000000
  2020     1     1    14    37  0.000000    -13728.361944    -13722.322718    -13726.608763         0.000000    -13725.252318         0.000000
  2020     1     1    14    37 30.000000    -13728.699920    -13722.657471    -13726.945272         0.000000    -13725.589951         0.000000
  2020     1     1    14    38  0.000000    -13727.666715    -13721.625156    -13725.915031         0.000000    -13724.561415         0.000000
  2020     1     1    14    38 30.000000    -13727.787587    -13721.750457    -13726.037135         0.000000    -13724.683012         0.000000
  2020     1     1    14    39  0.000000    -13728.382004    -13722.341713    -13726.632726         0.000000    -13725.274839         0.000000
  2020     1     1    14    39 30.000000    -13728.154940    -13722.112586    -13726.405412         0.000000    -13725.045899         0.000000
  2020     1     1    14    40  0.000000    -13728.128604    -13722.091536    -13726.383344         0.000000    -13725.018586         0.000000
  2020     1     1    14    40 30.000000    -13727.969590    -13721.933518    -13726.221308         0.000000    -13724.858556         0.000000
  2020     1     1    14    41  0.000000    -13728.177749    -13722.137771    -13726.431365         0.000000    -13725.067232         0.000000
  2020     1     1    14    41 30.000000    -13727.849961    -13721.809720    -13726.105126         0.000000    -13724.738883         0.000000
  2020     1     1    14    42  0.000000    -13727.757556    -13721.726105    -13726.012788         0.000000    -13724.646412         0.000000
  2020     1     1    14    42 30.000000    -13728.579775    -13722.540534    -13726.836982         0.000000    -13725.464052         0.000000
  2020     1     1    14    43  0.000000    -13728.219771    -13722.181234    -13726.478099         0.000000    -13725.106905         0.000000
  2020     1     1    14    43 30.000000    -13727.984415    -13721.947302    -13726.241943         0.000000    -13724.874105         0.000000
  2020     1     1    14    44  0.000000    -13727.575054    -13721.534084    -13725.830897         0.000000    -13724.461396         0.000000
  2020     1     1    14    44 30.000000    -13728.806534    -13722.762711    -13727.059553         0.000000    -13725.691714         0.000000
  2020     1     1    14    45  0.000000    -13728.778550    -13722.739040    -13727.031249         0.000000    -13725.669188         0.000000
  2020     1     1    14    45 30.000000    -13728.012563    -13721.969011    -13726.265571         0.000000    -13724.900613         0.000000
  2020     1     1    14    46  0.000000    -13728.464921    -13722.418348    -13726.715848         0.000000    -13725.348827         0.000000
  2020     1     1    14    46 30.000000    -13727.766532    -13721.717649    -13726.017460         0.000000    -13724.647886         0.000000
  2020     1     1    14    47  0.000000    -13728.481329    -13722.434024    -13726.727847         0.000000    -13725.363194         0.000000
  2020     1     1    14    47 30.000000    -13728.732133    -13722.681207    -13726.975380         0.000000    -13725.615654         0.000000
  2020     1     1    14    48  0.000000    -13728.416083    -13722.370609    -13726.660818         0.000000    -13725.302818         0.000000
  2020     1     1    14    48 30.000000    -13728.724897    -13722.687740    -13726.970134         0.000000    -13725.612363         0.000000
  2020     1     1    14    49  0.000000    -13728.413343    -13722.374805    -13726.661073         0.000000    -13725.305333         0.000000
  2020     1     1    14    49 30.000000    -13727.668861    -13721.629405    -13725.916083         0.000000    -13724.560206         0.000000
  2020     1     1    14    50  0.000000    -13727.673998    -13721.635549    -13725.921388         0.000000    -13724.566674         0.000000
  2020     1     1    14    50 30.000000    -13727.671022    -13721.633994    -13725.919025         0.000000    -13724.563771         0.000000
  2020     1     1    14    51  0.000000    -13727.664659    -13721.628194    -13725.916108         0.000000    -13724.558309         0.000000
  2020     1     1    14    51 30.000000    -13727.560181    -13721.530105    -13725.813388         0.000000    -13724.454776         0.000000
  2020     1     1    14    52  0.000000    -13728.064738    -13722.027147    -13726.319489         0.000000    -13724.958171         0.000000
  2020     1     1    14    52 30.000000    -13727.926074    -13721.887864    -13726.182570         0.000000    -13724.816102         0.000000
  2020     1     1    14    53  0.000000    -13728.200955    -13722.157886    -13726.454501         0.000000    -13725.090148         0.000000
  2020     1     1    14    53 30.000000    -13728.140287    -13722.093554    -13726.393680         0.000000    -13725.028732         0.000000
  2020     1     1    14    54  0.000000    -13728.426899    -13722.375902    -13726.675756         0.000000    -13725.313126         0.000000
  2020     1     1    14    54 30.000000    -13727.990148    -13721.937806    -13726.241183         0.000000    -13724.873471         0.000000
  2020     1     1    14    55  0.000000    -13728.117733    -13722.070492    -13726.366676         0.000000    -13724.997926         0.000000
  2020     1     1    14    55 30.000000    -13728.311348    -13722.261719    -13726.562449         0.000000    -13725.194354         0.000000
  2020     1     1    14    56  0.000000    -13727.739069    -13721.686084    -13725.989578         0.000000    -13724.622937         0.000000
  2020     1     1    14    56 30.000000    -13727.347089    -13721.298139    -13725.598199         0.000000    -13724.233940         0.000000
  2020     1     1    14    57  0.000000    -13728.086589    -13722.045444    -13726.337330         0.000000    -13724.975221         0.000000
  2020     1     1    14    57 30.000000    -13728.140145    -13722.103394    -13726.390244         0.000000    -13725.028712         0.000000
  2020     1     1    14    58  0.000000    -13727.583834    -13721.536818    -13725.831986         0.000000    -13724.475123         0.000000
  2020     1     1    14    58 30.000000    -13727.904675    -13721.858651    -13726.154912         0.000000    -13724.796809         0.000000
  2020     1     1    14    59  0.000000    -13728.574199    -13722.528929    -13726.822995         0.000000    -13725.470326         0.000000
  2020     1     1    14    59 30.000000    -13728.226769    -13722.176305    -13726.477758         0.000000    -13725.124988         0.000000
  2020     1     1    15     0  0.000000    -13728.345077    -13722.292560    -13726.596908         0.000000    -13725.238393         0.000000
  2020     1     1    15     0 30.000000    -13727.071341    -13721.018093    -13725.323715         0.000000    -13723.963360         0.000000
  2020     1     1    15     1  0.000000    -13727.722063    -13721.668129    -13725.974411         0.000000    -13724.614243         0.000000
  2020     1     1    15     1 30.000000    -13728.056284    -13722.006215    -13726.310526         0.000000    -13724.948992         0.000000
  2020     1     1    15     2  0.000000    -13728.247895    -13722.196756    -13726.502040         0.000000    -13725.139147         0.000000
  2020     1     1    15     2 30.000000    -13727.774029    -13721.725149    -13726.034283         0.000000    -13724.664771         0.000000
  2020     1     1    15     3  0.000000    -13728.011326    -13721.962305    -13726.270338         0.000000    -13724.902661         0.000000
  2020     1     1    15     3 30.000000    -13728.491745    -13722.441347    -13726.747403         0.000000    -13725.379858         0.000000
  2020     1     1    15     4  0.000000    -13727.953885    -13721.904666    -13726.212144         0.000000    -13724.845033         0.000000
  2020     1     1    15     4 30.000000    -13727.834680    -13721.789776    -13726.093129         0.000000    -13724.727148         0.000000
  2020     1     1    15     5  0.000000    -13728.132586    -13722.086849    -13726.387847         0.000000    -13725.027584         0.000000
  2020     1     1    15     5 30.000000    -13727.454334    -13721.412988    -13725.711576         0.000000    -13724.347513         0.000000
  2020     1     1    15     6  0.000000    -13727.946262    -13721.903454    -13726.203191         0.000000    -13724.840256         0.000000
  2020     1     1    15     6 30.000000    -13728.520166    -13722.481227    -13726.775692         0.000000    -13725.410680         0.000000
  2020     1     1    15     7  0.000000    -13727.799464    -13721.756585    -13726.059547         0.000000    -13724.694544         0.000000
  2020     1     1    15     7 30.000000    -13728.429585    -13722.386119    -13726.683535         0.000000    -13725.325702         0.000000
  2020     1     1    15     8  0.000000    -13728.272142    -13722.234791    -13726.526510         0.000000    -13725.173528         0.000000
  2020     1     1    15     8 30.000000    -13727.629439    -13721.590665    -13725.882016         0.000000    -13724.529141         0.000000
  2020     1     1    15     9  0.000000    -13728.005804    -13721.970419    -13726.258394    -13713.103078    -13724.903811         0.000000
  2020     1     1    15     9 30.000000    -13727.780920    -13721.745313    -13726.033081    -13712.878055    -13724.671981         0.000000
  2020     1     1    15    10  0.000000    -13728.405784    -13722.361992    -13726.658568    -13713.498259    -13725.296638         0.000000
  2020     1     1    15    10 30.000000    -13728.841277    -13722.797668    -13727.095050    -13713.936516    -13725.730296         0.000000
  2020     1     1    15    11  0.000000    -13728.707851    -13722.665129    -13726.962297    -13713.815474    -13725.597761         0.000000
  2020     1     1    15    11 30.000000    -13728.625900    -13722.581275    -13726.878148    -13713.730016    -13725.515373         0.000000
  2020     1     1    15    12  0.000000    -13728.061247    -13722.015717    -13726.313225    -13713.158124    -13724.948849         0.000000
  2020     1     1    15    12 30.000000    -13728.269737    -13722.224612    -13726.521553    -13713.354394    -13725.155135         0.000000
  2020     1     1    15    13  0.000000    -13727.928154    -13721.883978    -13726.178516    -13713.018892    -13724.813234         0.000000
  2020     1     1    15    13 30.000000    -13728.646539    -13722.603728    -13726.898001    -13713.742611    -13725.534546         0.000000
  2020     1     1    15    14  0.000000    -13727.584796    -13721.542625    -13725.836849    -13712.682199    -13724.472510         0.000000
  2020     1     1    15    14 30.000000    -13726.939135    -13720.893074    -13725.192361    -13712.033621    -13723.830390         0.000000
  2020     1     1    15    15  0.000000    -13727.557505    -13721.515927    -13725.811841    -13712.670003    -13724.450959         0.000000
  2020     1     1    15    15 30.000000    -13727.928218    -13721.890323    -13726.184634    -13713.033150    -13724.822188         0.000000
  2020     1     1    15    16  0.000000    -13728.322229    -13722.282691    -13726.579085    -13713.420757    -13725.218408         0.000000
  2020     1     1    15    16 30.000000    -13728.913314    -13722.874461    -13727.169433    -13713.992559    -13725.809669         0.000000
  2020     1     1    15    17  0.000000    -13728.906678    -13722.874758    -13727.163649    -13713.992532    -13725.804595         0.000000
  2020     1     1    15    17 30.000000    -13728.283192    -13722.251533    -13726.538362    -13713.369974    -13725.181391         0.000000
  2020     1     1    15    18  0.000000    -13728.823154    -13722.784071    -13727.080011    -13713.909283    -13725.720552         0.000000
  2020     1     1    15    18 30.000000    -13728.265172    -13722.230965    -13726.520616    -13713.358144    -13725.162801         0.000000
  2020     1     1    15    19  0.000000    -13728.970345    -13722.934933    -13727.222901    -13714.061534    -13725.868047         0.000000
  2020     1     1    15    19 30.000000    -13728.718687    -13722.684214    -13726.970068    -13713.812471    -13725.612691         0.000000
  2020     1     1    15    20  0.000000    -13728.278122    -13722.238216    -13726.528400    -13713.359407    -13725.173033         0.000000
  2020     1     1    15    20 30.000000    -13728.430259    -13722.391296    -13726.683329    -13713.502163    -13725.323231         0.000000
  2020     1     1    15    21  0.000000    -13727.945534    -13721.901173    -13726.196147    -13713.013317    -13724.837850         0.000000
  2020     1     1    15    21 30.000000    -13728.375289    -13722.335088    -13726.623779    -13713.455185    -13725.264618         0.000000
  2020     1     1    15    22  0.000000    -13728.644276    -13722.609736    -13726.894628    -13713.725224    -13725.538418         0.000000
  2020     1     1    15    22 30.000000    -13728.491151    -13722.452033    -13726.741082    -13713.564036    -13725.385597         0.000000
  2020     1     1    15    23  0.000000    -13728.636898    -13722.598984    -13726.888607    -13713.712399    -13725.533226         0.000000
  2020     1     1    15    23 30.000000    -13728.584840    -13722.544679    -13726.838579    -13713.661919    -13725.481201         0.000000
  2020     1     1    15    24  0.000000    -13728.320459    -13722.280168    -13726.572540    -13713.404105    -13725.217785         0.000000
  2020     1     1    15    24 30.000000    -13728.499590    -13722.464773    -13726.750952    -13713.573496    -13725.394880         0.000000
  2020     1     1    15    25  0.000000    -13728.104392    -13722.067864    -13726.354977    -13713.174849    -13724.999539         0.000000
  2020     1     1    15    25 30.000000    -13728.575749    -13722.537035    -13726.825742    -13713.643087    -13725.469049         0.000000
  2020     1     1    15    26  0.000000    -13728.890351    -13722.853994    -13727.141996    -13713.966925    -13725.780700         0.000000
  2020     1     1    15    26 30.000000    -13728.303074    -13722.268040    -13726.555139    -13713.383705    -13725.191645         0.000000
  2020     1     1    15    27  0.000000    -13727.463171    -13721.427345    -13725.714849    -13712.543091    -13724.354726         0.000000
  2020     1     1    15    27 30.000000    -13728.479250    -13722.441131    -13726.730555    -13713.570544    -13725.373935         0.000000
  2020     1     1    15    28  0.000000    -13728.233537    -13722.191628    -13726.478003    -13713.322500    -13725.123919         0.000000
  2020     1     1    15    28 30.000000    -13728.518827    -13722.478791    -13726.765740    -13713.598347    -13725.408153         0.000000
  2020     1     1    15    29  0.000000    -13728.668117    -13722.630837    -13726.916029    -13713.756571    -13725.558775         0.000000
  2020     1     1    15    29 30.000000    -13728.322711    -13722.291245    -13726.569785    -13713.411081    -13725.207096         0.000000
  2020     1     1    15    30  0.000000    -13728.392852    -13722.354430    -13726.640820    -13713.479142    -13725.282036         0.000000
  2020     1     1    15    30 30.000000    -13728.274959    -13722.233806    -13726.522811    -13713.370342    -13725.168038         0.000000
  2020     1     1    15    31  0.000000    -13728.571828    -13722.525915    -13726.819646    -13713.657359    -13725.468105         0.000000
  2020     1     1    15    31 30.000000    -13728.031362    -13721.987366    -13726.279211    -13713.125170    -13724.926459         0.000000
  2020     1     1    15    32  0.000000    -13727.878356    -13721.837571    -13726.131042    -13712.960723    -13724.775523         0.000000
  2020     1     1    15    32 30.000000    -13728.448157    -13722.408395    -13726.702078    -13713.536208    -13725.346312         0.000000
  2020     1     1    15    33  0.000000    -13727.756956    -13721.715652    -13726.010709    -13712.829797    -13724.653147         0.000000
  2020     1     1    15    33 30.000000    -13727.871225    -13721.823966    -13726.119905    -13712.935662    -13724.764237         0.000000
  2020     1     1    15    34  0.000000    -13728.123865    -13722.077376    -13726.376196    -13713.192889    -13725.023072         0.000000
  2020     1     1    15    34 30.000000    -13728.200448    -13722.156600    -13726.452934    -13713.285741    -13725.098322         0.000000
  2020     1     1    15    35  0.000000    -13727.852483    -13721.811882    -13726.103994    -13712.941007    -13724.746211         0.000000
  2020     1     1    15    35 30.000000    -13728.282632    -13722.238387    -13726.532774    -13713.366964    -13725.175615         0.000000
  2020     1     1    15    36  0.000000    -13728.020223    -13721.976397    -13726.272755    -13713.112764    -13724.913550         0.000000
  2020     1     1    15    36 30.000000    -13728.311075    -13722.257511    -13726.563798    -13713.398193    -13725.207818         0.000000
  2020     1     1    15    37  0.000000    -13728.146666    -13722.095117    -13726.399330    -13713.235893    -13725.047389         0.000000
  2020     1     1    15    37 30.000000    -13727.864787    -13721.814841    -13726.118984    -13712.951507    -13724.764526         0.000000
  2020     1     1    15    38  0.000000    -13727.520043    -13721.471337    -13725.771796    -13712.609101    -13724.417465         0.000000
  2020     1     1    15    38 30.000000    -13727.755463    -13721.706429    -13726.010401    -13712.841241    -13724.653932         0.000000
  2020     1     1    15    39  0.000000    -13728.031799    -13721.979805    -13726.286497    -13713.123238    -13724.929422         0.000000
  2020     1     1    15    39 30.000000    -13727.894623    -13721.847137    -13726.147672    -13712.977364    -13724.796173         0.000000
  2020     1     1    15    40  0.000000    -13728.084440    -13722.037472    -13726.338543    -13713.168901    -13724.984222         0.000000
  2020     1     1    15    40 30.000000    -13727.959425    -13721.916194    -13726.215767    -13713.045075    -13724.857237         0.000000
  2020     1     1    15    41  0.000000    -13727.728047    -13721.675227    -13725.983548    -13712.812662    -13724.625092         0.000000
  2020     1     1    15    41 30.000000    -13728.258492    -13722.209714    -13726.512666    -13713.339463    -13725.155975         0.000000
  2020     1     1    15    42  0.000000    -13728.072095    -13722.028238    -13726.328799    -13713.147711    -13724.968802         0.000000
  2020     1     1    15    42 30.000000    -13727.818934    -13721.775195    -13726.075904    -13712.892492    -13724.711844         0.000000
  2020     1     1    15    43  0.000000    -13727.775503    -13721.724556    -13726.029769    -13712.863398    -13724.668623         0.000000
  2020     1     1    15    43 30.000000    -13728.040488    -13721.993053    -13726.295460    -13713.124362    -13724.932122         0.000000
  2020     1     1    15    44  0.000000    -13727.557207    -13721.512835    -13725.812343    -13712.641195    -13724.448971         0.000000
  2020     1     1    15    44 30.000000    -13728.168208    -13722.126999    -13726.421218    -13713.258569    -13725.057044         0.000000
  2020     1     1    15    45  0.000000    -13728.365729    -13722.321891    -13726.622432    -13713.466400    -13725.254751         0.000000
  2020     1     1    15    45 30.000000    -13728.753133    -13722.710763    -13727.010620    -13713.857008    -13725.643556         0.000000
  2020     1     1    15    46  0.000000    -13728.549649    -13722.503428    -13726.808127    -13713.643029    -13725.441052         0.000000
  2020     1     1    15    46 30.000000    -13728.241035    -13722.196518    -13726.497391    -13713.330338    -13725.132502         0.000000
  2020     1     1    15    47  0.000000    -13728.117283    -13722.067411    -13726.374200    -13713.199793    -13725.011588         0.000000
  2020     1     1    15    47 30.000000    -13728.684598    -13722.635473    -13726.937244    -13713.773468    -13725.578257         0.000000
  2020     1     1    15    48  0.000000    -13727.776886    -13721.728413    -13726.031535    -13712.872011    -13724.667982         0.000000
  2020     1     1    15    48 30.000000    -13727.566911    -13721.518990    -13725.819066    -13712.662031    -13724.457871         0.000000
  2020     1     1    15    49  0.000000    -13727.633125    -13721.583826    -13725.885889    -13712.720089    -13724.522816         0.000000
  2020     1     1    15    49 30.000000    -13727.836551    -13721.786700    -13726.089614    -13712.927792    -13724.723686         0.000000
  2020     1     1    15    50  0.000000    -13728.042401    -13721.990662    -13726.294243    -13713.132993    -13724.928521         0.000000
  2020     1     1    15    50 30.000000    -13728.438205    -13722.387403    -13726.692197    -13713.539684    -13725.323520         0.000000
  2020     1     1    15    51  0.000000    -13728.216082    -13722.168237    -13726.471742    -13713.308203    -13725.100116         0.000000
  2020     1     1    15    51 30.000000    -13728.207010    -13722.159270    -13726.464549    -13713.300485    -13725.094107         0.000000
  2020     1     1    15    52  0.000000    -13727.971357    -13721.927978    -13726.232170         0.000000    -13724.861323         0.000000
  2020     1     1    15    52 30.000000    -13728.022628    -13721.981051    -13726.281166         0.000000    -13724.911125         0.000000
  2020     1     1    15    53  0.000000    -13727.540870    -13721.498309    -13725.794575         0.000000    -13724.429077         0.000000
  2020     1     1    15    53 30.000000    -13727.940322    -13721.893727    -13726.193311         0.000000    -13724.829418         0.000000
  2020     1     1    15    54  0.000000    -13728.402095    -13722.358077    -13726.657152         0.000000    -13725.291219         0.000000
  2020     1     1    15    54 30.000000    -13728.390520    -13722.346233    -13726.645656         0.000000    -13725.283313         0.000000
  2020     1     1    15    55  0.000000    -13728.728173    -13722.688767    -13726.984383         0.000000    -13725.625507         0.000000
  2020     1     1    15    55 30.000000    -13728.512281    -13722.468864    -13726.771616         0.000000    -13725.409389         0.000000
  2020     1     1    15    56  0.000000    -13728.608399    -13722.563642    -13726.868316         0.000000    -13725.503128         0.000000
  2020     1     1    15    56 30.000000    -13728.358657    -13722.311970    -13726.617761         0.000000    -13725.250034         0.000000
  2020     1     1    15    57  0.000000    -13728.595332    -13722.547916    -13726.851868         0.000000    -13725.488379         0.000000
  2020     1     1    15    57 30.000000    -13728.729803    -13722.683831    -13726.986590         0.000000    -13725.623779         0.000000
  2020     1     1    15    58  0.000000    -13727.929986    -13721.883100    -13726.182306         0.000000    -13724.820389         0.000000
  2020     1     1    15    58 30.000000    -13727.486876    -13721.437539    -13725.738941         0.000000    -13724.375864         0.000000
  2020     1     1    15    59  0.000000    -13728.546203    -13722.497194    -13726.795932         0.000000    -13725.433566         0.000000
  2020     1     1    15    59 30.000000    -13728.345022    -13722.287934    -13726.595304         0.000000    -13725.235272         0.000000
  2020     1     1    16     0  0.000000    -13728.160520    -13722.106413    -13726.410193         0.000000    -13725.052114         0.000000
  2020     1     1    16     0 30.000000    -13726.645533    -13720.597995    -13724.895692         0.000000    -13723.537716         0.000000
  2020     1     1    16     1  0.000000    -13727.858935    -13721.812347    -13726.111131         0.000000    -13724.750382         0.000000
  2020     1     1    16     1 30.000000    -13728.265420    -13722.214578    -13726.515761         0.000000    -13725.157263         0.000000
  2020     1     1    16     2  0.000000    -13728.009918    -13721.960717    -13726.257378         0.000000    -13724.894800         0.000000
  2020     1     1    16     2 30.000000    -13728.025318    -13721.977001    -13726.273992         0.000000    -13724.910606         0.000000
  2020     1     1    16     3  0.000000    -13727.577504    -13721.528113    -13725.825302         0.000000    -13724.461567         0.000000
  2020     1     1    16     3 30.000000    -13728.156414    -13722.103924    -13726.401076         0.000000    -13725.041461         0.000000
  2020     1     1    16     4  0.000000    -13727.847351    -13721.799499    -13726.093050         0.000000    -13724.730969         0.000000
  2020     1     1    16     4 30.000000    -13728.133676    -13722.093727    -13726.384182         0.000000    -13725.021176         0.000000
  2020     1     1    16     5  0.000000    -13728.120718    -13722.077448    -13726.377124         0.000000    -13725.011117         0.000000
  2020     1     1    16     5 30.000000    -13728.789410    -13722.746496    -13727.046141         0.000000    -13725.680150         0.000000
  2020     1     1    16     6  0.000000    -13728.431621    -13722.388847    -13726.690281         0.000000    -13725.323113         0.000000
  2020     1     1    16     6 30.000000    -13727.771252    -13721.726588    -13726.030799         0.000000    -13724.661628         0.000000
  2020     1     1    16     7  0.000000    -13728.167801    -13722.129999    -13726.426929         0.000000    -13725.059281         0.000000
  2020     1     1    16     7 30.000000    -13727.813014    -13721.773626    -13726.070790         0.000000    -13724.705159         0.000000
  2020     1     1    16     8  0.000000    -13727.568003    -13721.523895    -13725.824784         0.000000    -13724.460089         0.000000
  2020     1     1    16     8 30.000000    -13727.570198    -13721.532999    -13725.826016         0.000000    -13724.463392         0.000000
  2020     1     1    16     9  0.000000    -13728.367107    -13722.328322    -13726.620281         0.000000    -13725.258867         0.000000
  2020     1     1    16     9 30.000000    -13728.149413    -13722.109264    -13726.401825         0.000000    -13725.040612         0.000000
  2020     1     1    16    10  0.000000    -13727.807197    -13721.769360    -13726.058833         0.000000    -13724.698895         0.000000
  2020     1     1    16    10 30.000000    -13728.083013    -13722.050404    -13726.337858         0.000000    -13724.977664         0.000000
  2020     1     1    16    11  0.000000    -13728.497459    -13722.464414    -13726.756810         0.000000    -13725.391836         0.000000
  2020     1     1    16    11 30.000000    -13727.938345    -13721.906903    -13726.199316         0.000000    -13724.835916         0.000000
  2020     1     1    16    12  0.000000    -13728.962680    -13722.930847    -13727.221796         0.000000    -13725.858670         0.000000
  2020     1     1    16    12 30.000000    -13727.857521    -13721.824768    -13726.113866         0.000000    -13724.750006         0.000000
  2020     1     1    16    13  0.000000    -13727.901610    -13721.861970    -13726.161596         0.000000    -13724.794441         0.000000
  2020     1     1    16    13 30.000000    -13728.394846    -13722.355686    -13726.654343         0.000000    -13725.290487         0.000000
  2020     1     1    16    14  0.000000    -13727.762864    -13721.724229    -13726.022958         0.000000    -13724.656040         0.000000
  2020     1     1    16    14 30.000000    -13728.393136    -13722.353010    -13726.652547         0.000000    -13725.289983         0.000000
  2020     1     1    16    15  0.000000    -13728.235789    -13722.194725    -13726.493904         0.000000    -13725.132909         0.000000
  2020     1     1    16    15 30.000000    -13727.879480    -13721.840955    -13726.132127         0.000000    -13724.775204         0.000000
  2020     1     1    16    16  0.000000    -13727.812840    -13721.774970    -13726.066498         0.000000    -13724.710746         0.000000
  2020     1     1    16    16 30.000000    -13728.187268    -13722.150065    -13726.440645         0.000000    -13725.083090         0.000000
  2020     1     1    16    17  0.000000    -13729.087549    -13723.047413    -13727.340124         0.000000    -13725.985264         0.000000
  2020     1     1    16    17 30.000000    -13728.877281    -13722.839912    -13727.128766         0.000000    -13725.774350         0.000000
  2020     1     1    16    18  0.000000    -13728.580746    -13722.542277    -13726.834149         0.000000    -13725.480052         0.000000
  2020     1     1    16    18 30.000000    -13728.425913    -13722.390471    -13726.678897         0.000000    -13725.327179         0.000000
  2020     1     1    16    19  0.000000    -13728.511657    -13722.479566    -13726.766015         0.000000    -13725.412593         0.000000
  2020     1     1    16    19 30.000000    -13728.280875    -13722.251236    -13726.537828         0.000000    -13725.182931         0.000000
  2020     1     1    16    20  0.000000    -13728.215032    -13722.185245    -13726.473892         0.000000    -13725.119162         0.000000
  2020     1     1    16    20 30.000000    -13728.528917    -13722.495820    -13726.789241         0.000000    -13725.433625         0.000000
  2020     1     1    16    21  0.000000    -13728.104403    -13722.068577    -13726.365665         0.000000    -13725.005771         0.000000
  2020     1     1    16    21 30.000000    -13728.107670    -13722.063706    -13726.368130         0.000000    -13725.003880         0.000000
  2020     1     1    16    22  0.000000    -13727.765447    -13721.724864    -13726.026079         0.000000    -13724.660059         0.000000
  2020     1     1    16    22 30.000000    -13728.480188    -13722.436618    -13726.738503         0.000000    -13725.374720         0.000000
  2020     1     1    16    23  0.000000    -13727.838613    -13721.796717    -13726.097383         0.000000    -13724.733848         0.000000
  2020     1     1    16    23 30.000000    -13728.171100    -13722.131007    -13726.431817         0.000000    -13725.068646         0.000000
  2020     1     1    16    24  0.000000    -13728.427483    -13722.378579    -13726.690142         0.000000    -13725.321205         0.000000
  2020     1     1    16    24 30.000000    -13728.913799    -13722.865834    -13727.173193         0.000000    -13725.804751         0.000000
  2020     1     1    16    25  0.000000    -13727.869144    -13721.824232    -13726.128181         0.000000    -13724.760855         0.000000
  2020     1     1    16    25 30.000000    -13728.422143    -13722.378860    -13726.679577         0.000000    -13725.314100         0.000000
  2020     1     1    16    26  0.000000    -13728.015064    -13721.970645    -13726.272969         0.000000    -13724.909331         0.000000
  2020     1     1    16    26 30.000000    -13727.737088    -13721.690465    -13725.997961         0.000000    -13724.632063         0.000000
  2020     1     1    16    27  0.000000    -13727.746992    -13721.701340    -13726.004366         0.000000    -13724.636349         0.000000
  2020     1     1    16    27 30.000000    -13728.010645    -13721.964454    -13726.267927         0.000000    -13724.899958         0.000000
  2020     1     1    16    28  0.000000    -13727.892325    -13721.851897    -13726.149480         0.000000    -13724.782804         0.000000
  2020     1     1    16    28 30.000000    -13728.196706    -13722.154495    -13726.453466         0.000000    -13725.086286         0.000000
  2020     1     1    16    29  0.000000    -13727.959506    -13721.922598    -13726.217494         0.000000    -13724.854813         0.000000
  2020     1     1    16    29 30.000000    -13727.618723    -13721.576930    -13725.873938         0.000000    -13724.512680         0.000000
  2020     1     1    16    30  0.000000    -13727.532910    -13721.494181    -13725.788226         0.000000    -13724.430640         0.000000
  2020     1     1    16    30 30.000000    -13728.935448    -13722.899201    -13727.191041         0.000000    -13725.833220         0.000000
  2020     1     1    16    31  0.000000    -13728.340363    -13722.302287    -13726.599245         0.000000    -13725.239274         0.000000
  2020     1     1    16    31 30.000000    -13727.658850    -13721.621558    -13725.920262         0.000000    -13724.560694         0.000000
  2020     1     1    16    32  0.000000    -13727.794699    -13721.751432    -13726.056345         0.000000    -13724.693929         0.000000
  2020     1     1    16    32 30.000000    -13728.165653    -13722.129497    -13726.427622         0.000000    -13725.067374         0.000000
  2020     1     1    16    33  0.000000    -13727.786361    -13721.746494    -13726.045289         0.000000    -13724.687550         0.000000
  2020     1     1    16    33 30.000000    -13727.995411    -13721.952685    -13726.250551         0.000000    -13724.893916         0.000000
  2020     1     1    16    34  0.000000    -13728.377915    -13722.333234    -13726.633931         0.000000    -13725.274883         0.000000
  2020     1     1    16    34 30.000000    -13728.133327    -13722.092722    -13726.386944         0.000000    -13725.030449         0.000000
  2020     1     1    16    35  0.000000    -13728.032938    -13721.990689    -13726.284698         0.000000    -13724.931509         0.000000
  2020     1     1    16    35 30.000000    -13728.105121    -13722.063553    -13726.357790         0.000000    -13725.004205         0.000000
  2020     1     1    16    36  0.000000    -13728.512352    -13722.471520    -13726.763708         0.000000    -13725.409046         0.000000
  2020     1     1    16    36 30.000000    -13728.934919    -13722.893892    -13727.186526         0.000000    -13725.832846         0.000000
  2020     1     1    16    37  0.000000    -13727.885925    -13721.843936    -13726.140134         0.000000    -13724.786103         0.000000
  2020     1     1    16    37 30.000000    -13727.558038    -13721.520761    -13725.813826         0.000000    -13724.454473         0.000000
  2020     1     1    16    38  0.000000    -13728.027208    -13721.992570    -13726.283469         0.000000    -13724.925243         0.000000
  2020     1     1    16    38 30.000000    -13728.199282    -13722.160825    -13726.457317         0.000000    -13725.095451         0.000000
  2020     1     1    16    39  0.000000    -13728.345173    -13722.305380    -13726.599986         0.000000    -13725.241230         0.000000
  2020     1     1    16    39 30.000000    -13728.545243    -13722.501060    -13726.798414         0.000000    -13725.437279         0.000000
  2020     1     1    16    40  0.000000    -13728.922579    -13722.877336    -13727.176787         0.000000    -13725.810916         0.000000
  2020     1     1    16    40 30.000000    -13727.910582    -13721.866807    -13726.165148         0.000000    -13724.800532         0.000000
  2020     1     1    16    41  0.000000    -13728.186254    -13722.142551    -13726.442896         0.000000    -13725.076128         0.000000
  2020     1     1    16    41 30.000000    -13728.572176    -13722.520043    -13726.830068         0.000000    -13725.460744         0.000000
  2020     1     1    16    42  0.000000    -13727.860531    -13721.812906    -13726.119140         0.000000    -13724.747277         0.000000
  2020     1     1    16    42 30.000000    -13727.867979    -13721.821498    -13726.123614         0.000000    -13724.751511         0.000000
  2020     1     1    16    43  0.000000    -13728.123982    -13722.077559    -13726.380621         0.000000    -13725.012010         0.000000
  2020     1     1    16    43 30.000000    -13728.714605    -13722.667152    -13726.972015         0.000000    -13725.601359         0.000000
  2020     1     1    16    44  0.000000    -13728.868523    -13722.823501    -13727.123305         0.000000    -13725.755475         0.000000
  2020     1     1    16    44 30.000000    -13728.284096    -13722.243114    -13726.538456         0.000000    -13725.172262         0.000000
  2020     1     1    16    45  0.000000    -13728.260790    -13722.220679    -13726.516079         0.000000    -13725.151081         0.000000
  2020     1     1    16    45 30.000000    -13728.172166    -13722.129137    -13726.427478         0.000000    -13725.065121         0.000000
  2020     1     1    16    46  0.000000    -13728.220526    -13722.179259    -13726.475180         0.000000    -13725.111640         0.000000
  2020     1     1    16    46 30.000000    -13728.209338    -13722.164132    -13726.461741         0.000000    -13725.099933         0.000000
  2020     1     1    16    47  0.000000    -13729.094634    -13723.053995    -13727.346794         0.000000    -13725.989021         0.000000
  2020     1     1    16    47 30.000000    -13728.388785    -13722.346797    -13726.641589         0.000000    -13725.285228         0.000000
  2020     1     1    16    48  0.000000    -13728.034465    -13721.990146    -13726.288779         0.000000    -13724.926807         0.000000
  2020     1     1    16    48 30.000000    -13727.936959    -13721.896114    -13726.191102         0.000000    -13724.827839         0.000000
  2020     1     1    16    49  0.000000    -13728.317373    -13722.275963    -13726.573302         0.000000    -13725.210322         0.000000
  2020     1     1    16    49 30.000000    -13728.183705    -13722.144026    -13726.440773         0.000000    -13725.079866         0.000000
  2020     1     1    16    50  0.000000    -13728.006942    -13721.963673    -13726.259603         0.000000    -13724.900772         0.000000
  2020     1     1    16    50 30.000000    -13727.704498    -13721.661981    -13725.959710         0.000000    -13724.599047         0.000000
  2020     1     1    16    51  0.000000    -13728.472303    -13722.437191    -13726.727160         0.000000    -13725.370521         0.000000
  2020     1     1    16    51 30.000000    -13728.491907    -13722.457846    -13726.750770         0.000000    -13725.391160         0.000000
  2020     1     1    16    52  0.000000    -13728.403689    -13722.364822    -13726.664517         0.000000    -13725.303388         0.000000
  2020     1     1    16    52 30.000000    -13728.469623    -13722.431160    -13726.730962         0.000000    -13725.368133         0.000000
  2020     1     1    16    53  0.000000    -13728.360453    -13722.322616    -13726.619068         0.000000    -13725.257974         0.000000
  2020     1     1    16    53 30.000000    -13728.647145    -13722.610912    -13726.905719         0.000000    -13725.545704         0.000000
  2020     1     1    16    54  0.000000    -13728.248037    -13722.215432    -13726.507353         0.000000    -13725.149327         0.000000
  2020     1     1    16    54 30.000000    -13727.715937    -13721.680130    -13725.976133         0.000000    -13724.615963         0.000000
  2020     1     1    16    55  0.000000    -13728.513775    -13722.478793    -13726.773715         0.000000    -13725.413600         0.000000
  2020     1     1    16    55 30.000000    -13728.420148    -13722.381790    -13726.680346         0.000000    -13725.319680         0.000000
  2020     1     1    16    56  0.000000    -13728.158128    -13722.118018    -13726.414203         0.000000    -13725.052105         0.000000
  2020     1     1    16    56 30.000000    -13728.205719    -13722.160581    -13726.460389         0.000000    -13725.100362         0.000000
  2020     1     1    16    57  0.000000    -13728.275336    -13722.234719    -13726.529638         0.000000    -13725.171452         0.000000
  2020     1     1    16    57 30.000000    -13728.054460    -13722.011778    -13726.309848         0.000000    -13724.954031         0.000000
  2020     1     1    16    58  0.000000    -13727.993238    -13721.948455    -13726.246107         0.000000    -13724.889801         0.000000
  2020     1     1    16    58 30.000000    -13727.899894    -13721.855848    -13726.153064         0.000000    -13724.798159         0.000000
  2020     1     1    16    59  0.000000    -13728.358223    -13722.310811    -13726.610367         0.000000    -13725.251966         0.000000
  2020     1     1    16    59 30.000000    -13728.688882    -13722.641799    -13726.938031         0.000000    -13725.577873         0.000000
  2020     1     1    17     0  0.000000    -13728.511737    -13722.464844    -13726.758817         0.000000    -13725.400265         0.000000
  2020     1     1    17     0 30.000000    -13727.175397    -13721.129751    -13725.424871         0.000000    -13724.065899         0.000000
  2020     1     1    17     1  0.000000    -13728.174906    -13722.127024    -13726.426337         0.000000    -13725.065485         0.000000
  2020     1     1    17     1 30.000000    -13728.323820    -13722.276183    -13726.575619         0.000000    -13725.215949         0.000000
  2020     1     1    17     2  0.000000    -13728.122544    -13722.075071    -13726.375636         0.000000    -13725.014560         0.000000
  2020     1     1    17     2 30.000000    -13728.324836    -13722.275360    -13726.575989         0.000000    -13725.215930         0.000000
  2020     1     1    17     3  0.000000    -13728.488113    -13722.436997    -13726.740690         0.000000    -13725.380336         0.000000
  2020     1     1    17     3 30.000000    -13728.529329    -13722.480625    -13726.779077         0.000000    -13725.425094         0.000000
  2020     1     1    17     4  0.000000    -13728.558198    -13722.511039    -13726.807688         0.000000    -13725.451396         0.000000
  2020     1     1    17     4 30.000000    -13728.388371    -13722.339961    -13726.636503         0.000000    -13725.278555         0.000000
  2020     1     1    17     5  0.000000    -13728.303072    -13722.257757    -13726.551120         0.000000    -13725.194486         0.000000
  2020     1     1    17     5 30.000000    -13728.315624    -13722.267992    -13726.565232         0.000000    -13725.206235         0.000000
  2020     1     1    17     6  0.000000    -13728.753800    -13722.708749    -13727.002786         0.000000    -13725.644693         0.000000
  2020     1     1    17     6 30.000000    -13728.503959    -13722.463993    -13726.750614         0.000000    -13725.398064         0.000000
  2020     1     1    17     7  0.000000    -13728.293565    -13722.253620    -13726.541693         0.000000    -13725.184620         0.000000
  2020     1     1    17     7 30.000000    -13728.305155    -13722.259189    -13726.549797         0.000000    -13725.195220         0.000000
  2020     1     1    17     8  0.000000    -13728.469168    -13722.428587    -13726.715096         0.000000    -13725.361921         0.000000
  2020     1     1    17     8 30.000000    -13728.239387    -13722.199673    -13726.486580         0.000000    -13725.131116         0.000000
  2020     1     1    17     9  0.000000    -13728.277516    -13722.241314    -13726.523490         0.000000    -13725.167785         0.000000
  2020     1     1    17     9 30.000000    -13728.413572    -13722.371823    -13726.657888         0.000000    -13725.306263         0.000000
  2020     1     1    17    10  0.000000    -13729.192856    -13723.150349    -13727.438600         0.000000    -13726.084085         0.000000
  2020     1     1    17    10 30.000000    -13728.800674    -13722.759914    -13727.044028         0.000000    -13725.690471         0.000000
  2020     1     1    17    11  0.000000    -13728.570062    -13722.530556    -13726.813235         0.000000    -13725.460740         0.000000
  2020     1     1    17    11 30.000000    -13728.934172    -13722.886446    -13727.177627         0.000000    -13725.825544         0.000000
  2020     1     1    17    12  0.000000    -13728.179839    -13722.138517    -13726.423721         0.000000    -13725.073360         0.000000
  2020     1     1    17    12 30.000000    -13727.771945    -13721.731538    -13726.011893         0.000000    -13724.662007         0.000000
  2020     1     1    17    13  0.000000    -13728.096484    -13722.055354    -13726.337873         0.000000    -13724.989235         0.000000
  2020     1     1    17    13 30.000000    -13728.411746    -13722.367501    -13726.654398         0.000000    -13725.304528         0.000000
  2020     1     1    17    14  0.000000    -13728.094751    -13722.054151    -13726.339079         0.000000    -13724.985445         0.000000
  2020     1     1    17    14 30.000000    -13728.620803    -13722.575433    -13726.867686         0.000000    -13725.511281         0.000000
  2020     1     1    17    15  0.000000    -13728.464403    -13722.416785    -13726.710142         0.000000    -13725.354529         0.000000
  2020     1     1    17    15 30.000000    -13728.491296    -13722.444019    -13726.740096         0.000000    -13725.383068         0.000000
  2020     1     1    17    16  0.000000    -13728.541794    -13722.494729    -13726.790911         0.000000    -13725.433412         0.000000
  2020     1     1    17    16 30.000000    -13728.505754    -13722.462482    -13726.753689         0.000000    -13725.397209         0.000000
  2020     1     1    17    17  0.000000    -13728.725828    -13722.689887    -13726.974423         0.000000    -13725.619984         0.000000
  2020     1     1    17    17 30.000000    -13728.551427    -13722.514254    -13726.801708         0.000000    -13725.445189         0.000000
  2020     1     1    17    18  0.000000    -13728.756485    -13722.715441    -13727.008415         0.000000    -13725.650230         0.000000
  2020     1     1    17    18 30.000000    -13729.153296    -13723.113763    -13727.403720         0.000000    -13726.048705         0.000000
  2020     1     1    17    19  0.000000    -13728.786278    -13722.742484    -13727.036597         0.000000    -13725.676718         0.000000
  2020     1     1    17    19 30.000000    -13728.402666    -13722.357657    -13726.654093         0.000000    -13725.292336         0.000000
  2020     1     1    17    20  0.000000    -13728.200176    -13722.161243    -13726.450329         0.000000    -13725.090070         0.000000
  2020     1     1    17    20 30.000000    -13728.631466    -13722.590322    -13726.880312         0.000000    -13725.522997         0.000000
  2020     1     1    17    21  0.000000    -13728.705289    -13722.664413    -13726.955575         0.000000    -13725.595025         0.000000
  2020     1     1    17    21 30.000000    -13727.823064    -13721.789742    -13726.076989         0.000000    -13724.717127         0.000000
  2020     1     1    17    22  0.000000    -13728.709825    -13722.674634    -13726.965122         0.000000    -13725.606228         0.000000
  2020     1     1    17    22 30.000000    -13728.768060    -13722.726918    -13727.021791         0.000000    -13725.661673         0.000000
  2020     1     1    17    23  0.000000    -13728.239290    -13722.196288    -13726.489804         0.000000    -13725.130416         0.000000
  2020     1     1    17    23 30.000000    -13728.730015    -13722.688994    -13726.978902         0.000000    -13725.621002         0.000000
  2020     1     1    17    24  0.000000    -13728.490098    -13722.451208    -13726.739360         0.000000    -13725.381613         0.000000
  2020     1     1    17    24 30.000000    -13728.453444    -13722.403728    -13726.704539         0.000000    -13725.344195         0.000000
  2020     1     1    17    25  0.000000    -13728.363559    -13722.320222    -13726.613994         0.000000    -13725.255977         0.000000
  2020     1     1    17    25 30.000000    -13728.528218    -13722.485245    -13726.777244         0.000000    -13725.421060         0.000000
  2020     1     1    17    26  0.000000    -13728.181802    -13722.140536    -13726.429907         0.000000    -13725.075400         0.000000
  2020     1     1    17    26 30.000000    -13728.232018    -13722.185420    -13726.479712         0.000000    -13725.128061         0.000000
  2020     1     1    17    27  0.000000    -13728.786207    -13722.745745    -13727.035319         0.000000    -13725.684417         0.000000
  2020     1     1    17    27 30.000000    -13728.700385    -13722.662347    -13726.949078         0.000000    -13725.597480         0.000000
  2020     1     1    17    28  0.000000    -13728.048459    -13722.009978    -13726.296700         0.000000    -13724.944902         0.000000
  2020     1     1    17    28 30.000000    -13728.316294    -13722.279582    -13726.563748         0.000000    -13725.212400         0.000000
  2020     1     1    17    29  0.000000    -13728.658061    -13722.618945    -13726.906614         0.000000    -13725.549010         0.000000
  2020     1     1    17    29 30.000000    -13728.569418    -13722.526375    -13726.819083         0.000000    -13725.464728         0.000000
  2020     1     1    17    30  0.000000    -13728.430088    -13722.390252    -13726.680160         0.000000    -13725.329136         0.000000
  2020     1     1    17    30 30.000000    -13728.675863    -13722.635556    -13726.926876         0.000000    -13725.573382         0.000000
  2020     1     1    17    31  0.000000    -13728.242847    -13722.204352    -13726.492188         0.000000    -13725.139287         0.000000
  2020     1     1    17    31 30.000000    -13728.634340    -13722.599026    -13726.883212         0.000000    -13725.529704         0.000000
  2020     1     1    17    32  0.000000    -13728.524746    -13722.484856    -13726.775570         0.000000    -13725.422999         0.000000
  2020     1     1    17    32 30.000000    -13729.478200    -13723.441460    -13727.729407         0.000000    -13726.379488         0.000000
  2020     1     1    17    33  0.000000    -13729.298416    -13723.255590    -13727.547550         0.000000    -13726.197033         0.000000
  2020     1     1    17    33 30.000000    -13728.177677    -13722.144921    -13726.427814         0.000000    -13725.079003         0.000000
  2020     1     1    17    34  0.000000    -13728.194246    -13722.155211    -13726.444716         0.000000    -13725.096234         0.000000
  2020     1     1    17    34 30.000000    -13728.467441    -13722.428512    -13726.719875         0.000000    -13725.368815         0.000000
  2020     1     1    17    35  0.000000    -13728.779486    -13722.736850    -13727.031323         0.000000    -13725.679175         0.000000
  2020     1     1    17    35 30.000000    -13728.312361    -13722.268164    -13726.566326         0.000000    -13725.213665         0.000000
  2020     1     1    17    36  0.000000    -13728.120776    -13722.081123    -13726.375119         0.000000    -13725.021621         0.000000
  2020     1     1    17    36 30.000000    -13728.540093    -13722.506889    -13726.796323         0.000000    -13725.439967         0.000000
  2020     1     1    17    37  0.000000    -13728.475400    -13722.442515    -13726.735133         0.000000    -13725.376119         0.000000
  2020     1     1    17    37 30.000000    -13728.889108    -13722.852252    -13727.146552         0.000000    -13725.791102         0.000000
  2020     1     1    17    38  0.000000    -13729.060839    -13723.026972    -13727.316370         0.000000    -13725.961936         0.000000
  2020     1     1    17    38 30.000000    -13728.934559    -13722.894266    -13727.186019         0.000000    -13725.834321         0.000000
  2020     1     1    17    39  0.000000    -13728.499735    -13722.459962    -13726.750615         0.000000    -13725.401663         0.000000
  2020     1     1    17    39 30.000000    -13728.276562    -13722.225763    -13726.525477         0.000000    -13725.175031         0.000000
  2020     1     1    17    40  0.000000    -13728.771369    -13722.721841    -13727.021995         0.000000    -13725.670795         0.000000
  2020     1     1    17    40 30.000000    -13728.506593    -13722.459939    -13726.761693         0.000000    -13725.404707         0.000000
  2020     1     1    17    41  0.000000    -13728.487402    -13722.439295    -13726.743695         0.000000    -13725.386492         0.000000
  2020     1     1    17    41 30.000000    -13728.530942    -13722.481947    -13726.788009         0.000000    -13725.430542         0.000000
  2020     1     1    17    42  0.000000    -13728.577507    -13722.528701    -13726.832359         0.000000    -13725.476051         0.000000
  2020     1     1    17    42 30.000000    -13728.993201    -13722.946778    -13727.248699         0.000000    -13725.892611         0.000000
  2020     1     1    17    43  0.000000    -13728.597297    -13722.552509    -13726.852053         0.000000    -13725.497390         0.000000
  2020     1     1    17    43 30.000000    -13728.493426    -13722.441788    -13726.748691         0.000000    -13725.389727         0.000000
  2020     1     1    17    44  0.000000    -13728.247441    -13722.197973    -13726.502840         0.000000    -13725.142908         0.000000
  2020     1     1    17    44 30.000000    -13728.560087    -13722.513463    -13726.815312         0.000000    -13725.455907         0.000000
  2020     1     1    17    45  0.000000    -13728.778187    -13722.729450    -13727.032362         0.000000    -13725.672111         0.000000
  2020     1     1    17    45 30.000000    -13728.337445    -13722.291719    -13726.590299         0.000000    -13725.232876         0.000000
  2020     1     1    17    46  0.000000    -13728.786849    -13722.736134    -13727.042527         0.000000    -13725.681462         0.000000
  2020     1     1    17    46 30.000000    -13728.729882    -13722.678659    -13726.982523         0.000000    -13725.625549         0.000000
  2020     1     1    17    47  0.000000    -13729.261604    -13723.212412    -13727.512963         0.000000    -13726.153771         0.000000
  2020     1     1    17    47 30.000000    -13728.865838    -13722.818281    -13727.117563         0.000000    -13725.758214         0.000000
  2020     1     1    17    48  0.000000    -13728.892554    -13722.843321    -13727.143403         0.000000    -13725.785711         0.000000
  2020     1     1    17    48 30.000000    -13728.554677    -13722.512079    -13726.806387         0.000000    -13725.447938         0.000000
  2020     1     1    17    49  0.000000    -13728.688867    -13722.648794    -13726.940924         0.000000    -13725.585785         0.000000
  2020     1     1    17    49 30.000000    -13728.215840    -13722.173196    -13726.468891         0.000000    -13725.116363         0.000000
  2020     1     1    17    50  0.000000    -13728.167696    -13722.126521    -13726.417553         0.000000    -13725.066809         0.000000
  2020     1     1    17    50 30.000000    -13728.775721    -13722.733142    -13727.026051         0.000000    -13725.679129         0.000000
  2020     1     1    17    51  0.000000    -13729.191444    -13723.148014    -13727.443263         0.000000    -13726.097758         0.000000
  2020     1     1    17    51 30.000000    -13728.863283    -13722.822466    -13727.116092         0.000000    -13725.768851         0.000000
  2020     1     1    17    52  0.000000    -13728.931024    -13722.889367    -13727.184282         0.000000    -13725.833618         0.000000
  2020     1     1    17    52 30.000000    -13728.929853    -13722.882809    -13727.179022         0.000000    -13725.827946         0.000000
  2020     1     1    17    53  0.000000    -13729.462919    -13723.421727    -13727.714233         0.000000    -13726.361987         0.000000
  2020     1     1    17    53 30.000000    -13729.491638    -13723.445936    -13727.744114         0.000000    -13726.389801         0.000000
  2020     1     1    17    54  0.000000    -13728.961090    -13722.925602    -13727.215752         0.000000    -13725.862382         0.000000
  2020     1     1    17    54 30.000000    -13728.808197    -13722.771844    -13727.062888         0.000000    -13725.710809         0.000000
  2020     1     1    17    55  0.000000    -13728.789349    -13722.755921    -13727.043141         0.000000    -13725.690530         0.000000
  2020     1     1    17    55 30.000000    -13728.853763    -13722.818741    -13727.108303         0.000000    -13725.752892         0.000000
  2020     1     1    17    56  0.000000    -13728.460856    -13722.422232    -13726.714836         0.000000    -13725.359434         0.000000
  2020     1     1    17    56 30.000000    -13728.759161    -13722.715582    -13727.012786         0.000000    -13725.658871         0.000000
  2020     1     1    17    57  0.000000    -13728.064207    -13722.018448    -13726.315827         0.000000    -13724.963399         0.000000
  2020     1     1    17    57 30.000000    -13728.015589    -13721.975523    -13726.263862         0.000000    -13724.914262         0.000000
  2020     1     1    17    58  0.000000    -13728.968480    -13722.928802    -13727.216185         0.000000    -13725.866464         0.000000
  2020     1     1    17    58 30.000000    -13728.828145    -13722.786220    -13727.078512         0.000000    -13725.725240         0.000000
  2020     1     1    17    59  0.000000    -13727.700372    -13721.653708    -13725.951383         0.000000    -13724.598752         0.000000
  2020     1     1    17    59 30.000000    -13728.332094    -13722.288130    -13726.585574         0.000000    -13725.233354         0.000000
  2020     1     1    18     0  0.000000    -13727.997002    -13721.946792    -13726.249204         0.000000    -13724.895774         0.000000
  2020     1     1    18     0 30.000000    -13727.147067    -13721.103812    -13725.399498         0.000000    -13724.043797         0.000000
  2020     1     1    18     1  0.000000    -13728.742685    -13722.700106    -13726.996728         0.000000    -13725.640437         0.000000
  2020     1     1    18     1 30.000000    -13729.059825    -13723.016351    -13727.313738         0.000000    -13725.955514         0.000000
  2020     1     1    18     2  0.000000    -13728.416313    -13722.369723    -13726.671207         0.000000    -13725.311791         0.000000
  2020     1     1    18     2 30.000000    -13729.503313    -13723.464938    -13727.756888         0.000000    -13726.399037         0.000000
  2020     1     1    18     3  0.000000    -13729.003644    -13722.964359    -13727.257717         0.000000    -13725.896736         0.000000
  2020     1     1    18     3 30.000000    -13728.877888    -13722.839375    -13727.130797         0.000000    -13725.776667         0.000000
  2020     1     1    18     4  0.000000    -13728.057803    -13722.019291    -13726.310574         0.000000    -13724.956685         0.000000
  2020     1     1    18     4 30.000000    -13728.680483    -13722.640822    -13726.934203         0.000000    -13725.580321         0.000000
  2020     1     1    18     5  0.000000    -13729.011532    -13722.971987    -13727.262640         0.000000    -13725.907381         0.000000
  2020     1     1    18     5 30.000000    -13728.164359    -13722.126115    -13726.414873         0.000000    -13725.060607         0.000000
  2020     1     1    18     6  0.000000    -13728.481486    -13722.433715    -13726.734094         0.000000    -13725.379728         0.000000
  2020     1     1    18     6 30.000000    -13728.283001    -13722.239791    -13726.533731         0.000000    -13725.179688         0.000000
  2020     1     1    18     7  0.000000    -13728.828873    -13722.781993    -13727.076927         0.000000    -13725.725677         0.000000
  2020     1     1    18     7 30.000000    -13728.968486    -13722.923931    -13727.215512         0.000000    -13725.863809         0.000000
  2020     1     1    18     8  0.000000    -13729.365713    -13723.318294    -13727.613107         0.000000    -13726.258969         0.000000
  2020     1     1    18     8 30.000000    -13729.156739    -13723.109408    -13727.406210         0.000000    -13726.051983         0.000000
  2020     1     1    18     9  0.000000    -13728.159374    -13722.116049    -13726.409852         0.000000    -13725.052905         0.000000
  2020     1     1    18     9 30.000000    -13728.480887    -13722.433007    -13726.730359         0.000000    -13725.380726         0.000000
  2020     1     1    18    10  0.000000    -13728.204460    -13722.155446    -13726.456669         0.000000    -13725.100827         0.000000
  2020     1     1    18    10 30.000000    -13729.174175    -13723.125456    -13727.423618         0.000000    -13726.067741         0.000000
  2020     1     1    18    11  0.000000    -13729.029829    -13722.985307    -13727.278425         0.000000    -13725.922217         0.000000
  2020     1     1    18    11 30.000000    -13728.375101    -13722.329221    -13726.625824         0.000000    -13725.268336         0.000000
  2020     1     1    18    12  0.000000    -13729.000388    -13722.959444    -13727.249343         0.000000    -13725.895158         0.000000
  2020     1     1    18    12 30.000000    -13729.084976    -13723.042398    -13727.333407         0.000000    -13725.982500         0.000000
  2020     1     1    18    13  0.000000    -13729.033676    -13722.991081    -13727.280809         0.000000    -13725.932413         0.000000
  2020     1     1    18    13 30.000000    -13729.042075    -13722.996783    -13727.288616         0.000000    -13725.939327         0.000000
  2020     1     1    18    14  0.000000    -13729.154237    -13723.111690    -13727.403163         0.000000    -13726.052584         0.000000
  2020     1     1    18    14 30.000000    -13728.559844    -13722.518457    -13726.809855         0.000000    -13725.457009         0.000000
  2020     1     1    18    15  0.000000    -13728.805158    -13722.764652    -13727.052783         0.000000    -13725.700983         0.000000
  2020     1     1    18    15 30.000000    -13728.687420    -13722.645005    -13726.934955         0.000000    -13725.587790         0.000000
  2020     1     1    18    16  0.000000    -13728.847793    -13722.805453    -13727.095119         0.000000    -13725.748907         0.000000
  2020     1     1    18    16 30.000000    -13729.083666    -13723.041499    -13727.332750         0.000000    -13725.983950         0.000000
  2020     1     1    18    17  0.000000    -13728.566782    -13722.527503    -13726.817559         0.000000    -13725.467331         0.000000
  2020     1     1    18    17 30.000000    -13728.924432    -13722.882268    -13727.175859         0.000000    -13725.824834         0.000000
  2020     1     1    18    18  0.000000    -13728.544411    -13722.502336    -13726.796603         0.000000    -13725.441162         0.000000
  2020     1     1    18    18 30.000000    -13729.234598    -13723.189102    -13727.484682         0.000000    -13726.128437         0.000000
  2020     1     1    18    19  0.000000    -13728.536481    -13722.488237    -13726.785576         0.000000    -13725.429513         0.000000
  2020     1     1    18    19 30.000000    -13729.109210    -13723.057791    -13727.359257         0.000000    -13726.007412         0.000000
  2020     1     1    18    20  0.000000    -13728.649453    -13722.600697    -13726.897341         0.000000    -13725.547521         0.000000
  2020     1     1    18    20 30.000000    -13728.799283    -13722.747739    -13727.046618         0.000000    -13725.696247         0.000000
  2020     1     1    18    21  0.000000    -13729.141118    -13723.093166    -13727.388138         0.000000    -13726.036771         0.000000
  2020     1     1    18    21 30.000000    -13728.920396    -13722.870176    -13727.170126         0.000000    -13725.816449         0.000000
  2020     1     1    18    22  0.000000    -13728.361587    -13722.309686    -13726.610800         0.000000    -13725.256092         0.000000
  2020     1     1    18    22 30.000000    -13728.482681    -13722.434446    -13726.733003         0.000000    -13725.379786         0.000000
  2020     1     1    18    23  0.000000    -13729.032543    -13722.980856    -13727.283817         0.000000    -13725.932875         0.000000
  2020     1     1    18    23 30.000000    -13729.000889    -13722.947788    -13727.247231         0.000000    -13725.899839         0.000000
  2020     1     1    18    24  0.000000    -13729.269666    -13723.216300    -13727.516310         0.000000    -13726.168882         0.000000
  2020     1     1    18    24 30.000000    -13729.422335    -13723.368821    -13727.668856         0.000000    -13726.315194         0.000000
  2020     1     1    18    25  0.000000    -13729.768773    -13723.717676    -13728.018396         0.000000    -13726.666763         0.000000
  2020     1     1    18    25 30.000000    -13728.796834    -13722.748596    -13727.046687         0.000000    -13725.690444         0.000000
  2020     1     1    18    26  0.000000    -13729.186271    -13723.136380    -13727.434422         0.000000    -13726.082456         0.000000
  2020     1     1    18    26 30.000000    -13728.115283    -13722.068525    -13726.364456         0.000000    -13725.010925         0.000000
  2020     1     1    18    27  0.000000    -13728.794897    -13722.741771    -13727.043063         0.000000    -13725.692276         0.000000
  2020     1     1    18    27 30.000000    -13728.650115    -13722.603790    -13726.897296         0.000000    -13725.543560         0.000000
  2020     1     1    18    28  0.000000    -13728.756881    -13722.708918    -13727.005154         0.000000    -13725.649179         0.000000
  2020     1     1    18    28 30.000000    -13728.915824    -13722.862078    -13727.166907         0.000000    -13725.810873         0.000000
  2020     1     1    18    29  0.000000    -13728.785304    -13722.734879    -13727.036031         0.000000    -13725.680921         0.000000
  2020     1     1    18    29 30.000000    -13728.837151    -13722.785382    -13727.089350         0.000000    -13725.736103         0.000000
  2020     1     1    18    30  0.000000    -13729.082724    -13723.034259    -13727.335524         0.000000    -13725.981642         0.000000
  2020     1     1    18    30 30.000000    -13728.849916    -13722.803062    -13727.100705         0.000000    -13725.748698         0.000000
  2020     1     1    18    31  0.000000    -13728.825448    -13722.778289    -13727.077596         0.000000    -13725.725266         0.000000
  2020     1     1    18    31 30.000000    -13728.860036    -13722.806257    -13727.110069         0.000000    -13725.756735         0.000000
  2020     1     1    18    32  0.000000    -13728.872958    -13722.823937    -13727.121327         0.000000    -13725.770476         0.000000
  2020     1     1    18    32 30.000000    -13729.036956    -13722.985565    -13727.285853         0.000000    -13725.935968         0.000000
  2020     1     1    18    33  0.000000    -13728.714303    -13722.666152    -13726.962682         0.000000    -13725.610616         0.000000
  2020     1     1    18    33 30.000000    -13729.063615    -13723.014280    -13727.315135         0.000000    -13725.964013         0.000000
  2020     1     1    18    34  0.000000    -13729.030445    -13722.987692    -13727.280946         0.000000    -13725.928375         0.000000
  2020     1     1    18    34 30.000000    -13728.893286    -13722.848794    -13727.146619         0.000000    -13725.792735         0.000000
  2020     1     1    18    35  0.000000    -13729.185948    -13723.139973    -13727.439023         0.000000    -13726.083443         0.000000
  2020     1     1    18    35 30.000000    -13729.146426    -13723.102475    -13727.396631         0.000000    -13726.044032         0.000000
  2020     1     1    18    36  0.000000    -13728.932479    -13722.885949    -13727.184487         0.000000    -13725.830468         0.000000
  2020     1     1    18    36 30.000000    -13728.659167    -13722.616324    -13726.911429         0.000000    -13725.558849         0.000000
  2020     1     1    18    37  0.000000    -13728.689542    -13722.645873    -13726.941025         0.000000    -13725.592699         0.000000
  2020     1     1    18    37 30.000000    -13729.198838    -13723.154842    -13727.452308         0.000000    -13726.099377         0.000000
  2020     1     1    18    38  0.000000    -13729.840966    -13723.794748    -13728.095314         0.000000    -13726.743015         0.000000
  2020     1     1    18    38 30.000000    -13729.424148    -13723.383480    -13727.680258         0.000000    -13726.325767         0.000000
  2020     1     1    18    39  0.000000    -13729.691431    -13723.648686    -13727.944700         0.000000    -13726.589845         0.000000
  2020     1     1    18    39 30.000000    -13729.307279    -13723.260349    -13727.559900         0.000000    -13726.203672         0.000000
  2020     1     1    18    40  0.000000    -13728.828315    -13722.779780    -13727.082138         0.000000    -13725.725946         0.000000
  2020     1     1    18    40 30.000000    -13728.974701    -13722.922358    -13727.230123         0.000000    -13725.871495         0.000000
  2020     1     1    18    41  0.000000    -13728.847667    -13722.796783    -13727.103380         0.000000    -13725.743241         0.000000
  2020     1     1    18    41 30.000000    -13728.842931    -13722.792393    -13727.099890         0.000000    -13725.741936         0.000000
  2020     1     1    18    42  0.000000    -13729.445612    -13723.399473    -13727.705046         0.000000    -13726.342117         0.000000
  2020     1     1    18    42 30.000000    -13729.037149    -13722.987372    -13727.295261         0.000000    -13725.932742         0.000000
  2020     1     1    18    43  0.000000    -13729.022920    -13722.975427    -13727.281591         0.000000    -13725.918820         0.000000
  2020     1     1    18    43 30.000000    -13729.011390    -13722.969462    -13727.271193         0.000000    -13725.908802         0.000000
  2020     1     1    18    44  0.000000    -13729.161922    -13723.117820    -13727.418420         0.000000    -13726.057164         0.000000
  2020     1     1    18    44 30.000000    -13728.905835    -13722.858926    -13727.160492         0.000000    -13725.797885         0.000000
  2020     1     1    18    45  0.000000    -13728.320312    -13722.268728    -13726.573828         0.000000    -13725.218134         0.000000
  2020     1     1    18    45 30.000000    -13728.775734    -13722.729325    -13727.031842         0.000000    -13725.675598         0.000000
  2020     1     1    18    46  0.000000    -13729.127683    -13723.085895    -13727.384965         0.000000    -13726.031630         0.000000
  2020     1     1    18    46 30.000000    -13728.701862    -13722.661106    -13726.962199         0.000000    -13725.606245         0.000000
  2020     1     1    18    47  0.000000    -13729.197944    -13723.152188    -13727.455998         0.000000    -13726.099187         0.000000
  2020     1     1    18    47 30.000000    -13729.022207    -13722.979890    -13727.280739         0.000000    -13725.921950         0.000000
  2020     1     1    18    48  0.000000    -13728.789767    -13722.747703    -13727.051083         0.000000    -13725.690454         0.000000
  2020     1     1    18    48 30.000000    -13728.645983    -13722.605798    -13726.905682         0.000000    -13725.543636         0.000000
  2020     1     1    18    49  0.000000    -13729.263170    -13723.217181    -13727.519951         0.000000    -13726.159853         0.000000
  2020     1     1    18    49 30.000000    -13729.505886    -13723.463646    -13727.764899         0.000000    -13726.404346         0.000000
  2020     1     1    18    50  0.000000    -13729.696220    -13723.658243    -13727.957697         0.000000    -13726.594870         0.000000
  2020     1     1    18    50 30.000000    -13728.583369    -13722.543763    -13726.844177         0.000000    -13725.481724         0.000000
  2020     1     1    18    51  0.000000    -13728.575716    -13722.538371    -13726.834733         0.000000    -13725.475138         0.000000
  2020     1     1    18    51 30.000000    -13728.562919    -13722.519500    -13726.819461         0.000000    -13725.459097         0.000000
  2020     1     1    18    52  0.000000    -13729.214884    -13723.166417    -13727.466603         0.000000    -13726.109979         0.000000
  2020     1     1    18    52 30.000000    -13729.242934    -13723.196366    -13727.495258         0.000000    -13726.137616         0.000000
  2020     1     1    18    53  0.000000    -13729.098951    -13723.053367    -13727.351776         0.000000    -13725.995878         0.000000
  2020     1     1    18    53 30.000000    -13728.933201    -13722.888261    -13727.188829         0.000000    -13725.832146         0.000000
  2020     1     1    18    54  0.000000    -13729.287533    -13723.237924    -13727.541547         0.000000    -13726.186950         0.000000
  2020     1     1    18    54 30.000000    -13728.803367    -13722.758925    -13727.058875         0.000000    -13725.701393         0.000000
  2020     1     1    18    55  0.000000    -13729.259549    -13723.214815    -13727.515371    -13714.385959    -13726.157527         0.000000
  2020     1     1    18    55 30.000000    -13729.501901    -13723.456879    -13727.759785    -13714.630603    -13726.402165         0.000000
  2020     1     1    18    56  0.000000    -13729.079614    -13723.034345    -13727.333852    -13714.208087    -13725.978640         0.000000
  2020     1     1    18    56 30.000000    -13729.016879    -13722.974657    -13727.270984    -13714.141237    -13725.914571         0.000000
  2020     1     1    18    57  0.000000    -13729.172796    -13723.129985    -13727.425808    -13714.296790    -13726.073945         0.000000
  2020     1     1    18    57 30.000000    -13729.065724    -13723.022095    -13727.315996    -13714.191126    -13725.966290         0.000000
  2020     1     1    18    58  0.000000    -13728.856432    -13722.819011    -13727.108784    -13713.982843    -13725.758404         0.000000
  2020     1     1    18    58 30.000000    -13728.112632    -13722.075335    -13726.366183    -13713.240606    -13725.017087         0.000000
  2020     1     1    18    59  0.000000    -13728.875218    -13722.834204    -13727.127684    -13714.000709    -13725.774869         0.000000
  2020     1     1    18    59 30.000000    -13729.348413    -13723.306135    -13727.603229    -13714.469268    -13726.250497         0.000000
  2020     1     1    19     0  0.000000    -13729.268941    -13723.225394    -13727.525744    -13714.391692    -13726.171871         0.000000
  2020     1     1    19     0 30.000000    -13728.271820    -13722.231168    -13726.527335    -13713.391161    -13725.173019         0.000000
  2020     1     1    19     1  0.000000    -13728.713648    -13722.672085    -13726.967329    -13713.834477    -13725.612611         0.000000
  2020     1     1    19     1 30.000000    -13729.090116    -13723.043896    -13727.345843    -13714.210567    -13725.985213         0.000000
  2020     1     1    19     2  0.000000    -13729.002916    -13722.961312    -13727.258551    -13714.122145    -13725.901159         0.000000
  2020     1     1    19     2 30.000000    -13729.366252    -13723.325745    -13727.621872    -13714.491252    -13726.268784         0.000000
  2020     1     1    19     3  0.000000    -13729.001825    -13722.962240    -13727.258164    -13714.131511    -13725.907573         0.000000
  2020     1     1    19     3 30.000000    -13728.283533    -13722.248149    -13726.538426    -13713.415204    -13725.189318         0.000000
  2020     1     1    19     4  0.000000    -13728.838504    -13722.799465    -13727.094114    -13713.967959    -13725.745347         0.000000
  2020     1     1    19     4 30.000000    -13729.917406    -13723.881111    -13728.173412    -13715.051929    -13726.823623         0.000000
  2020     1     1    19     5  0.000000    -13729.820843    -13723.781403    -13728.077816    -13714.956557    -13726.725611         0.000000
  2020     1     1    19     5 30.000000    -13729.202996    -13723.164578    -13727.457160    -13714.334068    -13726.105273         0.000000
  2020     1     1    19     6  0.000000    -13729.517045    -13723.475332    -13727.769090    -13714.647688    -13726.415199         0.000000
  2020     1     1    19     6 30.000000    -13729.341100    -13723.299780    -13727.596721    -13714.472853    -13726.236819         0.000000
  2020     1     1    19     7  0.000000    -13729.641603    -13723.605219    -13727.898151    -13714.768606    -13726.540056         0.000000
  2020     1     1    19     7 30.000000    -13729.451740    -13723.409500    -13727.705867    -13714.583407    -13726.355462         0.000000
  2020     1     1    19     8  0.000000    -13728.991020    -13722.952747    -13727.247219    -13714.126046    -13725.891838         0.000000
  2020     1     1    19     8 30.000000    -13729.623724    -13723.584327    -13727.879017    -13714.754817    -13726.523192         0.000000
  2020     1     1    19     9  0.000000    -13729.302756    -13723.260752    -13727.558907    -13714.430506    -13726.201912         0.000000
  2020     1     1    19     9 30.000000    -13729.638142    -13723.596383    -13727.896761    -13714.768827    -13726.537673         0.000000
  2020     1     1    19    10  0.000000    -13729.435845    -13723.392218    -13727.695939    -13714.565743    -13726.334609         0.000000
  2020     1     1    19    10 30.000000    -13729.649166    -13723.604060    -13727.907913    -13714.781364    -13726.545154         0.000000
  2020     1     1    19    11  0.000000    -13729.526264    -13723.479521    -13727.785216    -13714.657390    -13726.422837         0.000000
  2020     1     1    19    11 30.000000    -13729.445965    -13723.403741    -13727.706780    -13714.579522    -13726.345521         0.000000
  2020     1     1    19    12  0.000000    -13729.369170    -13723.330397    -13727.631006    -13714.503799    -13726.274645         0.000000
  2020     1     1    19    12 30.000000    -13729.662764    -13723.623574    -13727.924293    -13714.793812    -13726.570707         0.000000
  2020     1     1    19    13  0.000000    -13729.661530    -13723.616510    -13727.922541    -13714.794902    -13726.565733         0.000000
  2020     1     1    19    13 30.000000    -13729.718243    -13723.674465    -13727.977212    -13714.851902    -13726.620820         0.000000
  2020     1     1    19    14  0.000000    -13729.831212    -13723.787083    -13728.088796    -13714.960933    -13726.733175         0.000000
  2020     1     1    19    14 30.000000    -13729.793250    -13723.745973    -13728.054994    -13714.924018    -13726.693717         0.000000
  2020     1     1    19    15  0.000000    -13729.277906    -13723.231972    -13727.538738    -13714.405887    -13726.177037         0.000000
  2020     1     1    19    15 30.000000    -13729.038606    -13722.989909    -13727.298693    -13714.166459    -13725.935465         0.000000
  2020     1     1    19    16  0.000000    -13729.672730    -13723.625794    -13727.935128    -13714.798983    -13726.569487         0.000000
  2020     1     1    19    16 30.000000    -13729.195729    -13723.150834    -13727.456877    -13714.322464    -13726.094687         0.000000
  2020     1     1    19    17  0.000000    -13729.087835    -13723.045648    -13727.347686    -13714.217349    -13725.987557         0.000000
  2020     1     1    19    17 30.000000    -13729.325621    -13723.277977    -13727.582790    -13714.452512    -13726.224246         0.000000
  2020     1     1    19    18  0.000000    -13729.735040    -13723.689460    -13727.994522    -13714.867717    -13726.637487         0.000000
  2020     1     1    19    18 30.000000    -13729.803716    -13723.761825    -13728.064459    -13714.937754    -13726.709080         0.000000
  2020     1     1    19    19  0.000000    -13729.310000    -13723.271066    -13727.569820    -13714.442391    -13726.213399         0.000000
  2020     1     1    19    19 30.000000    -13729.705956    -13723.663909    -13727.964030    -13714.840006    -13726.608919         0.000000
  2020     1     1    19    20  0.000000    -13730.099268    -13724.060726    -13728.357020    -13715.231371    -13727.000835         0.000000
  2020     1     1    19    20 30.000000    -13729.600838    -13723.558814    -13727.856367    -13714.727837    -13726.499519         0.000000
  2020     1     1    19    21  0.000000    -13729.158084    -13723.116806    -13727.415964    -13714.289598    -13726.056409         0.000000
  2020     1     1    19    21 30.000000    -13729.121415    -13723.078283    -13727.380137    -13714.254061    -13726.021285         0.000000
  2020     1     1    19    22  0.000000    -13729.630715    -13723.589621    -13727.890713    -13714.763688    -13726.535128         0.000000
  2020     1     1    19    22 30.000000    -13729.659430    -13723.613218    -13727.918358    -13714.794232    -13726.562519         0.000000
  2020     1     1    19    23  0.000000    -13729.360427    -13723.321412    -13727.623142    -13714.491831    -13726.264809         0.000000
  2020     1     1    19    23 30.000000    -13729.919331    -13723.878950    -13728.177844    -13715.054593    -13726.819299         0.000000
  2020     1     1    19    24  0.000000    -13729.400282    -13723.354312    -13727.660189    -13714.536552    -13726.299374         0.000000
  2020     1     1    19    24 30.000000    -13729.594804    -13723.548498    -13727.853239    -13714.730682    -13726.494783         0.000000
  2020     1     1    19    25  0.000000    -13729.476528    -13723.428343    -13727.736247    -13714.611558    -13726.377183         0.000000
  2020     1     1    19    25 30.000000    -13728.789542    -13722.746176    -13727.049724    -13713.920526    -13725.691402         0.000000
  2020     1     1    19    26  0.000000    -13728.786522    -13722.743982    -13727.046057    -13713.918762    -13725.689659         0.000000
  2020     1     1    19    26 30.000000    -13729.344361    -13723.300305    -13727.602302    -13714.477855    -13726.242735         0.000000
  2020     1     1    19    27  0.000000    -13729.074618    -13723.033071    -13727.333972    -13714.207659    -13725.974218         0.000000
  2020     1     1    19    27 30.000000    -13729.283853    -13723.239499    -13727.541503    -13714.417871    -13726.184567         0.000000
  2020     1     1    19    28  0.000000    -13729.718462    -13723.674259    -13727.977683    -13714.854226    -13726.621556         0.000000
  2020     1     1    19    28 30.000000    -13729.150370    -13723.104047    -13727.406636    -13714.286289    -13726.050949         0.000000
  2020     1     1    19    29  0.000000    -13730.048403    -13724.004874    -13728.304636    -13715.182405    -13726.948142         0.000000
  2020     1     1    19    29 30.000000    -13729.182813    -13723.138193    -13727.438767    -13714.315619    -13726.082446         0.000000
  2020     1     1    19    30  0.000000    -13728.987548    -13722.942700    -13727.242960    -13714.120406    -13725.885649         0.000000
  2020     1     1    19    30 30.000000    -13729.600653    -13723.555105    -13727.858635    -13714.728847    -13726.497972         0.000000
  2020     1     1    19    31  0.000000    -13730.023519    -13723.976811    -13728.283598    -13715.153775    -13726.919915         0.000000
  2020     1     1    19    31 30.000000    -13729.787573    -13723.744772    -13728.048705    -13714.916936    -13726.690403         0.000000
  2020     1     1    19    32  0.000000    -13729.196382    -13723.151831    -13727.456725    -13714.325826    -13726.100881         0.000000
  2020     1     1    19    32 30.000000    -13729.779118    -13723.735784    -13728.038288    -13714.909342    -13726.681737         0.000000
  2020     1     1    19    33  0.000000    -13730.042775    -13723.997931    -13728.303220    -13715.172302    -13726.944717         0.000000
  2020     1     1    19    33 30.000000    -13729.760236    -13723.710653    -13728.019744    -13714.891247    -13726.663367         0.000000
  2020     1     1    19    34  0.000000    -13729.574183    -13723.537876    -13727.832918    -13714.710170    -13726.475158         0.000000
  2020     1     1    19    34 30.000000    -13729.514975    -13723.479579    -13727.775155    -13714.650825    -13726.416779         0.000000
  2020     1     1    19    35  0.000000    -13729.588843    -13723.547182    -13727.850436    -13714.720806    -13726.491277         0.000000
  2020     1     1    19    35 30.000000    -13729.755101    -13723.715541    -13728.015880    -13714.888884    -13726.659978         0.000000
  2020     1     1    19    36  0.000000    -13729.153748    -13723.114304    -13727.415874    -13714.291707    -13726.058518         0.000000
  2020     1     1    19    36 30.000000    -13729.397374    -13723.353172    -13727.657492    -13714.532393    -13726.301466         0.000000
  2020     1     1    19    37  0.000000    -13729.215831    -13723.176592    -13727.475889    -13714.345896    -13726.121457         0.000000
  2020     1     1    19    37 30.000000    -13729.500505    -13723.461584    -13727.758634    -13714.632748    -13726.402616         0.000000
  2020     1     1    19    38  0.000000    -13729.246929    -13723.204698    -13727.504840    -13714.378091    -13726.147336         0.000000
  2020     1     1    19    38 30.000000    -13729.494588    -13723.459398    -13727.755256    -13714.624972    -13726.396685         0.000000
  2020     1     1    19    39  0.000000    -13729.674678    -13723.635610    -13727.934440    -13714.809202    -13726.577225         0.000000
  2020     1     1    19    39 30.000000    -13729.634599    -13723.590447    -13727.892820    -13714.767944    -13726.536391         0.000000
  2020     1     1    19    40  0.000000    -13729.058848    -13723.019532    -13727.317096    -13714.193257    -13725.962727         0.000000
  2020     1     1    19    40 30.000000    -13729.423316    -13723.387494    -13727.679687    -13714.562426    -13726.328692         0.000000
  2020     1     1    19    41  0.000000    -13729.251452    -13723.210731    -13727.509043    -13714.388427    -13726.157309         0.000000
  2020     1     1    19    41 30.000000    -13729.761742    -13723.719227    -13728.019578    -13714.899362    -13726.668510         0.000000
  2020     1     1    19    42  0.000000    -13729.246855    -13723.204015    -13727.503371    -13714.382925    -13726.150715         0.000000
  2020     1     1    19    42 30.000000    -13729.427028    -13723.383684    -13727.687047    -13714.565225    -13726.330439         0.000000
  2020     1     1    19    43  0.000000    -13729.142822    -13723.100017    -13727.401342    -13714.283181    -13726.045077         0.000000
  2020     1     1    19    43 30.000000    -13729.376639    -13723.334655    -13727.635329    -13714.513534    -13726.278029         0.000000
  2020     1     1    19    44  0.000000    -13729.493063    -13723.451832    -13727.751845    -13714.628639    -13726.397694         0.000000
  2020     1     1    19    44 30.000000    -13729.604716    -13723.562635    -13727.864887    -13714.739551    -13726.506603         0.000000
  2020     1     1    19    45  0.000000    -13730.044625    -13724.005643    -13728.305905    -13715.178170    -13726.945036         0.000000
  2020     1     1    19    45 30.000000    -13729.172246    -13723.136374    -13727.435227    -13714.306395    -13726.078682         0.000000
  2020     1     1    19    46  0.000000    -13730.016403    -13723.982885    -13728.279618    -13715.151155    -13726.922751         0.000000
  2020     1     1    19    46 30.000000    -13729.539508    -13723.506992    -13727.802318    -13714.675462    -13726.445984         0.000000
  2020     1     1    19    47  0.000000    -13729.445028    -13723.411108    -13727.705137    -13714.575371    -13726.349825         0.000000
  2020     1     1    19    47 30.000000    -13729.174975    -13723.129457    -13727.434684    -13714.307285    -13726.079276         0.000000
  2020     1     1    19    48  0.000000    -13729.141809    -13723.098337    -13727.400561    -13714.274909    -13726.044587         0.000000
  2020     1     1    19    48 30.000000    -13729.689275    -13723.642444    -13727.948044    -13714.823316    -13726.590187         0.000000
  2020     1     1    19    49  0.000000    -13729.044625    -13722.998648    -13727.304161    -13714.176476    -13725.947170         0.000000
  2020     1     1    19    49 30.000000    -13729.407685    -13723.368043    -13727.668266    -13714.539315    -13726.309887         0.000000
  2020     1     1    19    50  0.000000    -13729.353433    -13723.314652    -13727.612811    -13714.489012    -13726.258518         0.000000
  2020     1     1    19    50 30.000000    -13729.182501    -13723.137366    -13727.440027    -13714.318676    -13726.088597         0.000000
  2020     1     1    19    51  0.000000    -13729.808015    -13723.766910    -13728.065838    -13714.947620    -13726.711260         0.000000
  2020     1     1    19    51 30.000000    -13729.150026    -13723.106584    -13727.404974    -13714.289005    -13726.054127         0.000000
  2020     1     1    19    52  0.000000    -13729.554085    -13723.514180    -13727.810160    -13714.691088    -13726.458585         0.000000
  2020     1     1    19    52 30.000000    -13729.912180    -13723.873084    -13728.166530    -13715.050317    -13726.816518         0.000000
  2020     1     1    19    53  0.000000    -13729.372672    -13723.331522    -13727.627727    -13714.512270    -13726.278082         0.000000
  2020     1     1    19    53 30.000000    -13729.547386    -13723.506461    -13727.804011    -13714.688894    -13726.452726         0.000000
  2020     1     1    19    54  0.000000    -13729.584851    -13723.537098    -13727.840274    -13714.721200    -13726.489450         0.000000
  2020     1     1    19    54 30.000000    -13729.781739    -13723.738293    -13728.036930    -13714.915515    -13726.683679         0.000000
  2020     1     1    19    55  0.000000    -13729.585782    -13723.545895    -13727.841849    -13714.717523    -13726.489510         0.000000
  2020     1     1    19    55 30.000000    -13729.794639    -13723.754565    -13728.049830    -13714.928724    -13726.699570         0.000000
  2020     1     1    19    56  0.000000    -13729.370245    -13723.330406    -13727.624582    -13714.503284    -13726.275567         0.000000
  2020     1     1    19    56 30.000000    -13729.671197    -13723.629656    -13727.925615    -13714.806220    -13726.576696         0.000000
  2020     1     1    19    57  0.000000    -13730.078395    -13724.042366    -13728.333096    -13715.216067    -13726.982629         0.000000
  2020     1     1    19    57 30.000000    -13730.247415    -13724.209735    -13728.501329    -13715.384376    -13727.149783         0.000000
  2020     1     1    19    58  0.000000    -13730.120273    -13724.076700    -13728.372312    -13715.254301    -13727.022287         0.000000
  2020     1     1    19    58 30.000000    -13729.467546    -13723.420668    -13727.720372    -13714.600823    -13726.368204         0.000000
  2020     1     1    19    59  0.000000    -13729.532425    -13723.489239    -13727.785358    -13714.666315    -13726.435415         0.000000
  2020     1     1    19    59 30.000000    -13729.320368    -13723.278898    -13727.573606    -13714.449899    -13726.220162         0.000000
  2020     1     1    20     0  0.000000    -13729.304336    -13723.264221    -13727.559365    -13714.433989    -13726.202507         0.000000
  2020     1     1    20     0 30.000000    -13727.805675    -13721.761212    -13726.060209    -13712.936331    -13724.708391         0.000000
  2020     1     1    20     1  0.000000    -13729.102843    -13723.059594    -13727.356433    -13714.233711    -13726.003225         0.000000
  2020     1     1    20     1 30.000000    -13729.937005    -13723.890078    -13728.191192    -13715.071664    -13726.835412         0.000000
  2020     1     1    20     2  0.000000    -13729.890966    -13723.849063    -13728.146577    -13715.027447    -13726.792749         0.000000
  2020     1     1    20     2 30.000000    -13729.198861    -13723.154392    -13727.454896    -13714.331763    -13726.103163         0.000000
  2020     1     1    20     3  0.000000    -13729.169107    -13723.129725    -13727.424457    -13714.301579    -13726.070025         0.000000
  2020     1     1    20     3 30.000000    -13729.947030    -13723.907920    -13728.203083    -13715.080211    -13726.849942         0.000000
  2020     1     1    20     4  0.000000    -13729.743794    -13723.701243    -13727.997679    -13714.877199    -13726.645601         0.000000
  2020     1     1    20     4 30.000000    -13730.158770    -13724.111896    -13728.413346    -13715.292548    -13727.062044         0.000000
  2020     1     1    20     5  0.000000    -13729.525371    -13723.476658    -13727.780249    -13714.655635    -13726.428848         0.000000
  2020     1     1    20     5 30.000000    -13729.714480    -13723.670699    -13727.969801    -13714.845628    -13726.619742         0.000000
  2020     1     1    20     6  0.000000    -13729.331974    -13723.286671    -13727.589619    -13714.461612    -13726.237899         0.000000
  2020     1     1    20     6 30.000000    -13728.893252    -13722.847676    -13727.152334    -13714.027982    -13725.799639         0.000000
  2020     1     1    20     7  0.000000    -13729.751394    -13723.708735    -13728.010907    -13714.884532    -13726.658437         0.000000
  2020     1     1    20     7 30.000000    -13730.149631    -13724.108479    -13728.408750    -13715.280517    -13727.053585         0.000000
  2020     1     1    20     8  0.000000    -13729.670152    -13723.624479    -13727.927451    -13714.803586    -13726.577013         0.000000
  2020     1     1    20     8 30.000000    -13729.779107    -13723.732312    -13728.035708    -13714.910029    -13726.682795         0.000000
  2020     1     1    20     9  0.000000    -13729.906914    -13723.851932    -13728.163117    -13715.031579    -13726.806628         0.000000
  2020     1     1    20     9 30.000000    -13730.305336    -13724.259316    -13728.561981    -13715.428089    -13727.207877         0.000000
  2020     1     1    20    10  0.000000    -13729.188244    -13723.143599    -13727.444244    -13714.308928    -13726.090094         0.000000
  2020     1     1    20    10 30.000000    -13729.171124    -13723.121900    -13727.425542    -13714.294791    -13726.071559         0.000000
  2020     1     1    20    11  0.000000    -13729.320542    -13723.266296    -13727.573206    -13714.445664    -13726.220863         0.000000
  2020     1     1    20    11 30.000000    -13729.876966    -13723.821191    -13728.131225    -13715.001845    -13726.778904         0.000000
  2020     1     1    20    12  0.000000    -13729.271756    -13723.218895    -13727.524903    -13714.400079    -13726.173114         0.000000
  2020     1     1    20    12 30.000000    -13730.016348    -13723.961276    -13728.268531    -13715.143433    -13726.914879         0.000000
  2020     1     1    20    13  0.000000    -13730.064427    -13724.007447    -13728.319400    -13715.192187    -13726.965850         0.000000
  2020     1     1    20    13 30.000000    -13729.604967    -13723.550460    -13727.858336    -13714.730585    -13726.506020         0.000000
  2020     1     1    20    14  0.000000    -13729.558954    -13723.510468    -13727.813030    -13714.691709    -13726.460993         0.000000
  2020     1     1    20    14 30.000000    -13729.720477    -13723.668951    -13727.976834    -13714.853778    -13726.623494         0.000000
  2020     1     1    20    15  0.000000    -13729.764349    -13723.713823    -13728.022312    -13714.899675    -13726.667739         0.000000
  2020     1     1    20    15 30.000000    -13729.756409    -13723.705553    -13728.015988    -13714.890840    -13726.661242         0.000000
  2020     1     1    20    16  0.000000    -13729.523417    -13723.472357    -13727.783260    -13714.659772    -13726.426156         0.000000
  2020     1     1    20    16 30.000000    -13729.572769    -13723.518328    -13727.830859    -13714.710363    -13726.475333         0.000000
  2020     1     1    20    17  0.000000    -13729.435622    -13723.387100    -13727.690883    -13714.568732    -13726.340408         0.000000
  2020     1     1    20    17 30.000000    -13729.767145    -13723.719604    -13728.024513    -13714.899609    -13726.671687         0.000000
  2020     1     1    20    18  0.000000    -13729.706924    -13723.657579    -13727.963709    -13714.835536    -13726.609735         0.000000
  2020     1     1    20    18 30.000000    -13729.519578    -13723.466566    -13727.777567    -13714.652638    -13726.422635         0.000000
  2020     1     1    20    19  0.000000    -13729.216630    -13723.163884    -13727.474162    -13714.345564    -13726.120748         0.000000
  2020     1     1    20    19 30.000000    -13729.420096    -13723.365219    -13727.677694    -13714.549752    -13726.321565         0.000000
  2020     1     1    20    20  0.000000    -13729.005815    -13722.957473    -13727.264896    -13714.136807    -13725.905920         0.000000
  2020     1     1    20    20 30.000000    -13729.042409    -13722.990711    -13727.299008    -13714.169307    -13725.941532         0.000000
  2020     1     1    20    21  0.000000    -13728.806930    -13722.754387    -13727.063720    -13713.929221    -13725.705305         0.000000
  2020     1     1    20    21 30.000000    -13728.932937    -13722.886590    -13727.191246    -13714.062322    -13725.833404         0.000000
  2020     1     1    20    22  0.000000    -13729.227906    -13723.181836    -13727.484261    -13714.357323    -13726.130117         0.000000
  2020     1     1    20    22 30.000000    -13729.537441    -13723.483182    -13727.791700    -13714.667068    -13726.437811         0.000000
  2020     1     1    20    23  0.000000    -13729.921466    -13723.871250    -13728.176115    -13715.049587    -13726.824573         0.000000
  2020     1     1    20    23 30.000000    -13730.335919    -13724.290280    -13728.589717    -13715.464183    -13727.239378         0.000000
  2020     1     1    20    24  0.000000    -13729.473555    -13723.429466    -13727.727491    -13714.601864    -13726.376137         0.000000
  2020     1     1    20    24 30.000000    -13729.089384    -13723.041587    -13727.341921    -13714.220962    -13725.993258         0.000000
  2020     1     1    20    25  0.000000    -13729.588273    -13723.540335    -13727.841542    -13714.719013    -13726.490830         0.000000
  2020     1     1    20    25 30.000000    -13729.310959    -13723.263840    -13727.566997    -13714.439686    -13726.213302         0.000000
  2020     1     1    20    26  0.000000    -13729.145426    -13723.100716    -13727.400358    -13714.275407    -13726.046443         0.000000
  2020     1     1    20    26 30.000000    -13729.461652    -13723.417997    -13727.715647    -13714.593459    -13726.365489         0.000000
  2020     1     1    20    27  0.000000    -13729.021074    -13722.976932    -13727.274000    -13714.148604    -13725.923489         0.000000
  2020     1     1    20    27 30.000000    -13729.397871    -13723.350437    -13727.654978    -13714.526702    -13726.298281         0.000000
  2020     1     1    20    28  0.000000    -13729.681913    -13723.631296    -13727.936769    -13714.808717    -13726.581735         0.000000
  2020     1     1    20    28 30.000000    -13729.801428    -13723.748832    -13728.057636    -13714.926761    -13726.702048         0.000000
  2020     1     1    20    29  0.000000    -13729.413727    -13723.363121    -13727.669919    -13714.537735    -13726.313050         0.000000
  2020     1     1    20    29 30.000000    -13729.120191    -13723.073430    -13727.375557    -13714.243720    -13726.021127         0.000000
  2020     1     1    20    30  0.000000    -13729.303190    -13723.254417    -13727.557726    -13714.428956    -13726.203104         0.000000
  2020     1     1    20    30 30.000000    -13729.203232    -13723.154491    -13727.458763    -13714.331030    -13726.106667         0.000000
  2020     1     1    20    31  0.000000    -13728.686624    -13722.634972    -13726.942241    -13713.813842    -13725.591232         0.000000
  2020     1     1    20    31 30.000000    -13729.600635    -13723.548490    -13727.857073    -13714.727668    -13726.504103         0.000000
  2020     1     1    20    32  0.000000    -13729.461801    -13723.410439    -13727.717466    -13714.584118    -13726.361276         0.000000
  2020     1     1    20    32 30.000000    -13729.683820    -13723.630279    -13727.937781    -13714.810425    -13726.583068         0.000000
  2020     1     1    20    33  0.000000    -13729.632498    -13723.579834    -13727.885678    -13714.758809    -13726.535769         0.000000
  2020     1     1    20    33 30.000000    -13729.589949    -13723.540385    -13727.843197    -13714.716142    -13726.490383         0.000000
  2020     1     1    20    34  0.000000    -13729.747786    -13723.694930    -13727.999129    -13714.878623    -13726.650707         0.000000
  2020     1     1    20    34 30.000000    -13729.675482    -13723.622159    -13727.929414    -13714.806225    -13726.577867         0.000000
  2020     1     1    20    35  0.000000    -13729.304894    -13723.254079    -13727.558403    -13714.436093    -13726.206996         0.000000
  2020     1     1    20    35 30.000000    -13729.823876    -13723.765356    -13728.074635    -13714.953197    -13726.723675         0.000000
  2020     1     1    20    36  0.000000    -13729.314387    -13723.258806    -13727.565400    -13714.442043    -13726.212459         0.000000
  2020     1     1    20    36 30.000000    -13728.987597    -13722.938122    -13727.242346    -13714.118324    -13725.887356         0.000000
  2020     1     1    20    37  0.000000    -13729.269956    -13723.218033    -13727.525438    -13714.401130    -13726.170100         0.000000
  2020     1     1    20    37 30.000000    -13729.056597    -13723.002793    -13727.309891    -13714.188101    -13725.957296         0.000000
  2020     1     1    20    38  0.000000    -13729.394398    -13723.343386    -13727.647908    -13714.525070    -13726.292751         0.000000
  2020     1     1    20    38 30.000000    -13729.559897    -13723.509067    -13727.814315    -13714.692680    -13726.459629         0.000000
  2020     1     1    20    39  0.000000    -13728.864303    -13722.820143    -13727.119793    -13713.998938    -13725.766344         0.000000
  2020     1     1    20    39 30.000000    -13729.250258    -13723.202629    -13727.505683    -13714.383739    -13726.152896         0.000000
  2020     1     1    20    40  0.000000    -13728.809257    -13722.757220    -13727.066037    -13713.944104    -13725.712213         0.000000
  2020     1     1    20    40 30.000000    -13729.283141    -13723.232484    -13727.537569    -13714.418147    -13726.185133         0.000000
  2020     1     1    20    41  0.000000    -13729.565655    -13723.516850    -13727.821314    -13714.699861    -13726.466146         0.000000
  2020     1     1    20    41 30.000000    -13729.265002    -13723.213770    -13727.521482    -13714.400183    -13726.165115         0.000000
  2020     1     1    20    42  0.000000    -13729.471984    -13723.422986    -13727.728250    -13714.609858    -13726.371834         0.000000
  2020     1     1    20    42 30.000000    -13729.331043    -13723.278217    -13727.587479    -13714.464519    -13726.230837         0.000000
  2020     1     1    20    43  0.000000    -13728.988890    -13722.938452    -13727.245313    -13714.122013    -13725.890817         0.000000
  2020     1     1    20    43 30.000000    -13729.427069    -13723.378805    -13727.683255    -13714.563612    -13726.328983         0.000000
  2020     1     1    20    44  0.000000    -13729.307951    -13723.261003    -13727.565472    -13714.446869    -13726.213287         0.000000
  2020     1     1    20    44 30.000000    -13728.966209    -13722.923061    -13727.221893    -13714.105275    -13725.871396         0.000000
  2020     1     1    20    45  0.000000    -13729.906331    -13723.860323    -13728.163598    -13715.041707    -13726.811338         0.000000
  2020     1     1    20    45 30.000000    -13729.685187    -13723.638415    -13727.942115    -13714.821141    -13726.588767         0.000000
  2020     1     1    20    46  0.000000    -13729.158844    -13723.109323    -13727.414546    -13714.293829    -13726.062516         0.000000
  2020     1     1    20    46 30.000000    -13729.274933    -13723.221693    -13727.528834    -13714.408472    -13726.180232         0.000000
  2020     1     1    20    47  0.000000    -13729.061466    -13723.011684    -13727.317383    -13714.200256    -13725.964940         0.000000
  2020     1     1    20    47 30.000000    -13729.021282    -13722.975835    -13727.277549    -13714.157723    -13725.924962         0.000000
  2020     1     1    20    48  0.000000    -13729.612373    -13723.566016    -13727.870396    -13714.749560    -13726.516293         0.000000
  2020     1     1    20    48 30.000000    -13729.298322    -13723.250327    -13727.554168    -13714.430893    -13726.202223         0.000000
  2020     1     1    20    49  0.000000    -13729.352612    -13723.301840    -13727.608419    -13714.487312    -13726.254640         0.000000
  2020     1     1    20    49 30.000000    -13729.620456    -13723.574749    -13727.878358    -13714.752390    -13726.521873         0.000000
  2020     1     1    20    50  0.000000    -13729.448093    -13723.405512    -13727.705811    -13714.582752    -13726.353709         0.000000
  2020     1     1    20    50 30.000000    -13729.184113    -13723.141730    -13727.441071    -13714.319554    -13726.088113         0.000000
  2020     1     1    20    51  0.000000    -13729.274759    -13723.229224    -13727.528859    -13714.409311    -13726.175542         0.000000
  2020     1     1    20    51 30.000000    -13729.870633    -13723.823510    -13728.126299    -13715.007815    -13726.771866         0.000000
  2020     1     1    20    52  0.000000    -13729.379010    -13723.331647    -13727.632937    -13714.512305    -13726.281472         0.000000
  2020     1     1    20    52 30.000000    -13729.604599    -13723.558462    -13727.859104    -13714.739430    -13726.508904         0.000000
  2020     1     1    20    53  0.000000    -13729.028131    -13722.981441    -13727.283645    -13714.162691    -13725.932171         0.000000
  2020     1     1    20    53 30.000000    -13728.847533    -13722.800732    -13727.103973    -13713.984195    -13725.751924         0.000000
  2020     1     1    20    54  0.000000    -13728.510575    -13722.463581    -13726.765437    -13713.643336    -13725.414489         0.000000
  2020     1     1    20    54 30.000000    -13728.812317    -13722.766979    -13727.066106    -13713.945304    -13725.715644         0.000000
  2020     1     1    20    55  0.000000    -13728.953513    -13722.907578    -13727.209671    -13714.092191    -13725.859333         0.000000
  2020     1     1    20    55 30.000000    -13728.527017    -13722.479025    -13726.782691    -13713.664308    -13725.433516         0.000000
  2020     1     1    20    56  0.000000    -13728.600712    -13722.549241    -13726.855716    -13713.736955    -13725.506611         0.000000
  2020     1     1    20    56 30.000000    -13728.671090    -13722.623696    -13726.923819    -13713.803569    -13725.575319         0.000000
  2020     1     1    20    57  0.000000    -13729.114815    -13723.065369    -13727.368669    -13714.246275    -13726.019458         0.000000
  2020     1     1    20    57 30.000000    -13729.134476    -13723.083648    -13727.389365    -13714.266256    -13726.042890         0.000000
  2020     1     1    20    58  0.000000    -13728.585052    -13722.536898    -13726.839862    -13713.717806    -13725.490682         0.000000
  2020     1     1    20    58 30.000000    -13729.553046    -13723.507479    -13727.808489    -13714.689478    -13726.457805         0.000000
  2020     1     1    20    59  0.000000    -13729.273862    -13723.229533    -13727.531068    -13714.407305    -13726.181084         0.000000
  2020     1     1    20    59 30.000000    -13729.103404    -13723.056012    -13727.357216    -13714.235447    -13726.010369         0.000000
  2020     1     1    21     0  0.000000    -13729.171109    -13723.123279    -13727.427638    -13714.303719    -13726.079149         0.000000
  2020     1     1    21     0 30.000000    -13728.059165    -13722.010512    -13726.314137    -13713.190771    -13724.967547         0.000000
  2020     1     1    21     1  0.000000    -13728.878483    -13722.829242    -13727.134570    -13714.011241    -13725.787104         0.000000
  2020     1     1    21     1 30.000000    -13729.390512    -13723.343686    -13727.647240    -13714.527859    -13726.299099         0.000000
  2020     1     1    21     2  0.000000    -13729.557383    -13723.505689    -13727.815237    -13714.693321    -13726.466490         0.000000
  2020     1     1    21     2 30.000000    -13728.891070    -13722.850462    -13727.149445    -13714.028035    -13725.801200         0.000000
  2020     1     1    21     3  0.000000    -13728.845169    -13722.796640    -13727.100470    -13713.981114    -13725.750358         0.000000
  2020     1     1    21     3 30.000000    -13728.756296    -13722.709282    -13727.009366    -13713.893629    -13725.663285         0.000000
  2020     1     1    21     4  0.000000    -13728.872257    -13722.820330    -13727.125926    -13714.008371    -13725.777820         0.000000
  2020     1     1    21     4 30.000000    -13728.898836    -13722.850166    -13727.152695    -13714.037769    -13725.804680         0.000000
  2020     1     1    21     5  0.000000    -13728.825611    -13722.777167    -13727.078583    -13713.964276    -13725.729545         0.000000
  2020     1     1    21     5 30.000000    -13728.712803    -13722.664138    -13726.965903    -13713.851190    -13725.617910         0.000000
  2020     1     1    21     6  0.000000    -13729.206739    -13723.154639    -13727.459468    -13714.343377    -13726.109986         0.000000
  2020     1     1    21     6 30.000000    -13729.178572    -13723.131772    -13727.432365    -13714.313473    -13726.083197         0.000000
  2020     1     1    21     7  0.000000    -13728.927285    -13722.876367    -13727.183305    -13714.065859    -13725.830716         0.000000
  2020     1     1    21     7 30.000000    -13729.392217    -13723.343751    -13727.647574    -13714.530919    -13726.299008         0.000000
  2020     1     1    21     8  0.000000    -13728.993009    -13722.943123    -13727.247830    -13714.129621    -13725.898591         0.000000
  2020     1     1    21     8 30.000000    -13728.832258    -13722.782525    -13727.087118    -13713.968039    -13725.736998         0.000000
  2020     1     1    21     9  0.000000    -13728.905305    -13722.858241    -13727.158230    -13714.041377    -13725.810486         0.000000
  2020     1     1    21     9 30.000000    -13728.669260    -13722.618024    -13726.923409    -13713.804257    -13725.570364         0.000000
  2020     1     1    21    10  0.000000    -13729.190284    -13723.143309    -13727.445001    -13714.323910    -13726.094268         0.000000
  2020     1     1    21    10 30.000000    -13729.104124    -13723.052479    -13727.359921    -13714.241692    -13726.007757         0.000000
  2020     1     1    21    11  0.000000    -13729.273314    -13723.224424    -13727.528354    -13714.410498    -13726.178416         0.000000
  2020     1     1    21    11 30.000000    -13728.167307    -13722.116859    -13726.424336    -13713.304105    -13725.073659         0.000000
  2020     1     1    21    12  0.000000    -13728.252482    -13722.204969    -13726.510393    -13713.392960    -13725.158028         0.000000
  2020     1     1    21    12 30.000000    -13728.863448    -13722.819218    -13727.123687    -13714.006354    -13725.769365         0.000000
  2020     1     1    21    13  0.000000    -13729.244940    -13723.202644    -13727.504121    -13714.387551    -13726.150818         0.000000
  2020     1     1    21    13 30.000000    -13729.133511    -13723.090996    -13727.393748    -13714.277756    -13726.041367         0.000000
  2020     1     1    21    14  0.000000    -13729.148085    -13723.106126    -13727.408209    -13714.289100    -13726.052497         0.000000
  2020     1     1    21    14 30.000000    -13729.234994    -13723.190767    -13727.494702    -13714.376231    -13726.137836         0.000000
  2020     1     1    21    15  0.000000    -13728.727368    -13722.682669    -13726.984029    -13713.868839    -13725.632221         0.000000
  2020     1     1    21    15 30.000000    -13729.145459    -13723.102414    -13727.401873    -13714.284013    -13726.049651         0.000000
  2020     1     1    21    16  0.000000    -13728.268884    -13722.222508    -13726.528424    -13713.410461    -13725.174456         0.000000
  2020     1     1    21    16 30.000000    -13728.607991    -13722.562193    -13726.866629    -13713.750079    -13725.511769         0.000000
  2020     1     1    21    17  0.000000    -13728.898570    -13722.856115    -13727.155386    -13714.041767    -13725.801941         0.000000
  2020     1     1    21    17 30.000000    -13729.195492    -13723.147645    -13727.451698    -13714.335948    -13726.097830         0.000000
  2020     1     1    21    18  0.000000    -13729.046629    -13723.001171    -13727.302583    -13714.185678    -13725.949440         0.000000
  2020     1     1    21    18 30.000000    -13728.649105    -13722.599167    -13726.904975    -13713.786085    -13725.551040         0.000000
  2020     1     1    21    19  0.000000    -13728.456828    -13722.408400    -13726.713279    -13713.598339    -13725.360678         0.000000
  2020     1     1    21    19 30.000000    -13729.132667    -13723.087193    -13727.391099    -13714.272897    -13726.036200         0.000000
  2020     1     1    21    20  0.000000    -13728.699050    -13722.656132    -13726.956773    -13713.842401    -13725.602498         0.000000
  2020     1     1    21    20 30.000000    -13729.074391    -13723.034118    -13727.332200    -13714.214832    -13725.978386         0.000000
  2020     1     1    21    21  0.000000    -13729.473013    -13723.427601    -13727.731676    -13714.613808    -13726.377310         0.000000
  2020     1     1    21    21 30.000000    -13728.800171    -13722.753480    -13727.058785    -13713.940939    -13725.702896         0.000000
  2020     1     1    21    22  0.000000    -13729.399283    -13723.355333    -13727.660341    -13714.540106    -13726.302591         0.000000
  2020     1     1    21    22 30.000000    -13728.461292    -13722.417256    -13726.720101    -13713.599321    -13725.364559         0.000000
  2020     1     1    21    23  0.000000    -13728.211399    -13722.164193    -13726.468038    -13713.351541    -13725.114998         0.000000
  2020     1     1    21    23 30.000000    -13728.586124    -13722.543195    -13726.842010    -13713.725533    -13725.488674         0.000000
  2020     1     1    21    24  0.000000    -13728.735236    -13722.692603    -13726.990641    -13713.874224    -13725.638879         0.000000
  2020     1     1    21    24 30.000000    -13728.555750    -13722.512400    -13726.812872    -13713.696061    -13725.460206         0.000000
  2020     1     1    21    25  0.000000    -13728.310489    -13722.263790    -13726.566677    -13713.453039    -13725.214118         0.000000
  2020     1     1    21    25 30.000000    -13729.233067    -13723.187797    -13727.487944    -13714.376252    -13726.134676         0.000000
  2020     1     1    21    26  0.000000    -13729.007714    -13722.960770    -13727.262282    -13714.148791    -13725.910780         0.000000
  2020     1     1    21    26 30.000000    -13729.055000    -13723.006482    -13727.308613    -13714.194158    -13725.956165         0.000000
  2020     1     1    21    27  0.000000    -13729.412286    -13723.363449    -13727.665820    -13714.549987    -13726.314753         0.000000
  2020     1     1    21    27 30.000000    -13728.755641    -13722.712898    -13727.010752    -13713.897584    -13725.655756         0.000000
  2020     1     1    21    28  0.000000    -13728.447783    -13722.404295    -13726.704025    -13713.587836    -13725.351310         0.000000
  2020     1     1    21    28 30.000000    -13728.622477    -13722.576008    -13726.879883    -13713.764822    -13725.524058         0.000000
  2020     1     1    21    29  0.000000    -13729.044839    -13723.000187    -13727.302430    -13714.185318    -13725.944754         0.000000
  2020     1     1    21    29 30.000000    -13729.066828    -13723.022955    -13727.323529    -13714.207651    -13725.969138         0.000000
  2020     1     1    21    30  0.000000    -13728.631308    -13722.585175    -13726.886829    -13713.769757    -13725.531625         0.000000
  2020     1     1    21    30 30.000000    -13728.799716    -13722.756080    -13727.056826    -13713.936610    -13725.698786         0.000000
  2020     1     1    21    31  0.000000    -13729.076935    -13723.035484    -13727.336493    -13714.217441    -13725.980565         0.000000
  2020     1     1    21    31 30.000000    -13728.756744    -13722.712892    -13727.014903    -13713.893943    -13725.658306         0.000000
  2020     1     1    21    32  0.000000    -13729.039287    -13722.998786    -13727.296934    -13714.174322    -13725.940712         0.000000
  2020     1     1    21    32 30.000000    -13728.927661    -13722.884786    -13727.185572    -13714.064556    -13725.830475         0.000000
  2020     1     1    21    33  0.000000    -13728.798065    -13722.754874    -13727.053969    -13713.936152    -13725.697740         0.000000
  2020     1     1    21    33 30.000000    -13728.970405    -13722.922338    -13727.225381    -13714.112495    -13725.869507         0.000000
  2020     1     1    21    34  0.000000    -13728.806796    -13722.760785    -13727.061428    -13713.943489    -13725.708101         0.000000
  2020     1     1    21    34 30.000000    -13729.610403    -13723.566212    -13727.864466    -13714.743017    -13726.509923         0.000000
  2020     1     1    21    35  0.000000    -13729.645688    -13723.602550    -13727.902392    -13714.782361    -13726.548431         0.000000
  2020     1     1    21    35 30.000000    -13728.946651    -13722.903186    -13727.203539    -13714.080960    -13725.850774         0.000000
  2020     1     1    21    36  0.000000    -13728.886607    -13722.839135    -13727.142707    -13714.022115    -13725.789045         0.000000
  2020     1     1    21    36 30.000000    -13729.089964    -13723.045904    -13727.346720    -13714.225205    -13725.993215         0.000000
  2020     1     1    21    37  0.000000    -13728.456870    -13722.411880    -13726.715915    -13713.593575    -13725.357691         0.000000
  2020     1     1    21    37 30.000000    -13728.015452    -13721.973137    -13726.274115    -13713.155356    -13724.915343         0.000000
  2020     1     1    21    38  0.000000    -13728.388659    -13722.345406    -13726.645639    -13713.528638    -13725.289957         0.000000
  2020     1     1    21    38 30.000000    -13728.016778    -13721.973810    -13726.275705    -13713.152960    -13724.917931         0.000000
  2020     1     1    21    39  0.000000    -13728.381772    -13722.336643    -13726.642492    -13713.525179    -13725.286133         0.000000
  2020     1     1    21    39 30.000000    -13728.415413    -13722.370758    -13726.674739    -13713.552518    -13725.319252         0.000000
  2020     1     1    21    40  0.000000    -13728.665843    -13722.621131    -13726.923131    -13713.804719    -13725.568541         0.000000
  2020     1     1    21    40 30.000000    -13728.351452    -13722.305940    -13726.609342    -13713.491004    -13725.254271         0.000000
  2020     1     1    21    41  0.000000    -13728.537665    -13722.499054    -13726.794567    -13713.680560    -13725.437209         0.000000
  2020     1     1    21    41 30.000000    -13728.762762    -13722.715847    -13727.020316    -13713.904630    -13725.663040         0.000000
  2020     1     1    21    42  0.000000    -13727.937248    -13721.892952    -13726.193913    -13713.078603    -13724.835595         0.000000
  2020     1     1    21    42 30.000000    -13728.474065    -13722.429128    -13726.730998    -13713.613408    -13725.372962         0.000000
  2020     1     1    21    43  0.000000    -13728.337187    -13722.289127    -13726.595118    -13713.478197    -13725.239225         0.000000
  2020     1     1    21    43 30.000000    -13728.191504    -13722.150918    -13726.450099    -13713.333023    -13725.092922         0.000000
  2020     1     1    21    44  0.000000    -13728.214746    -13722.173633    -13726.474339    -13713.357210    -13725.115391         0.000000
  2020     1     1    21    44 30.000000    -13728.225400    -13722.189170    -13726.482898    -13713.369270    -13725.127749         0.000000
  2020     1     1    21    45  0.000000    -13728.590967    -13722.553525    -13726.850618    -13713.728050    -13725.490395         0.000000
  2020     1     1    21    45 30.000000    -13728.297579    -13722.254670    -13726.557560    -13713.439282    -13725.201054         0.000000
  2020     1     1    21    46  0.000000    -13728.221235    -13722.179946    -13726.482811    -13713.364510    -13725.128367         0.000000
  2020     1     1    21    46 30.000000    -13728.768346    -13722.730157    -13727.029147    -13713.910218    -13725.674958         0.000000
  2020     1     1    21    47  0.000000    -13728.720051    -13722.676871    -13726.979353    -13713.861246    -13725.626126         0.000000
  2020     1     1    21    47 30.000000    -13728.239414    -13722.204161    -13726.499844    -13713.379705    -13725.146645         0.000000
  2020     1     1    21    48  0.000000    -13728.220620    -13722.180735    -13726.480379    -13713.359855    -13725.126497         0.000000
  2020     1     1    21    48 30.000000    -13728.583776    -13722.543292    -13726.839942    -13713.726394    -13725.487611         0.000000
  2020     1     1    21    49  0.000000    -13728.613377    -13722.576861    -13726.868654    -13713.755945    -13725.516820         0.000000
  2020     1     1    21    49 30.000000    -13727.919519    -13721.878457    -13726.178513    -13713.064941    -13724.823283         0.000000
  2020     1     1    21    50  0.000000    -13728.023585    -13721.981707    -13726.279865    -13713.165559    -13724.926427         0.000000
  2020     1     1    21    50 30.000000    -13728.735788    -13722.694676    -13726.992688    -13713.877939    -13725.638421         0.000000
  2020     1     1    21    51  0.000000    -13728.168401    -13722.126917    -13726.425109    -13713.312081    -13725.073762         0.000000
  2020     1     1    21    51 30.000000    -13728.513093    -13722.476275    -13726.771260    -13713.651124    -13725.417234         0.000000
  2020     1     1    21    52  0.000000    -13728.085182    -13722.045790    -13726.342355    -13713.232310    -13724.989444         0.000000
  2020     1     1    21    52 30.000000    -13728.289404    -13722.252501    -13726.544556    -13713.434684    -13725.191753         0.000000
  2020     1     1    21    53  0.000000    -13728.440922    -13722.399176    -13726.694904    -13713.586028    -13725.343003         0.000000
  2020     1     1    21    53 30.000000    -13728.446847    -13722.408338    -13726.701274    -13713.593380    -13725.349345         0.000000
  2020     1     1    21    54  0.000000    -13727.696326    -13721.654714    -13725.949476    -13712.836621    -13724.599175         0.000000
  2020     1     1    21    54 30.000000    -13728.293408    -13722.251382    -13726.549841    -13713.437202    -13725.196145         0.000000
  2020     1     1    21    55  0.000000    -13728.364543    -13722.319970    -13726.620516    -13713.509833    -13725.266459         0.000000
  2020     1     1    21    55 30.000000    -13728.632141    -13722.592016    -13726.886504    -13713.777530    -13725.531454         0.000000
  2020     1     1    21    56  0.000000    -13728.591894    -13722.551561    -13726.846525    -13713.737416    -13725.491884         0.000000
  2020     1     1    21    56 30.000000    -13728.375973    -13722.337455    -13726.631808    -13713.521891    -13725.275580         0.000000
  2020     1     1    21    57  0.000000    -13728.237543    -13722.196612    -13726.493161    -13713.380459    -13725.136222         0.000000
  2020     1     1    21    57 30.000000    -13728.603344    -13722.566856    -13726.859344    -13713.746432    -13725.503528         0.000000
  2020     1     1    21    58  0.000000    -13728.924474    -13722.889273    -13727.181874    -13714.068627    -13725.825607         0.000000
  2020     1     1    21    58 30.000000    -13728.948199    -13722.911291    -13727.204357    -13714.092071    -13725.852337         0.000000
  2020     1     1    21    59  0.000000    -13728.946558    -13722.913237    -13727.204954    -13714.092656    -13725.851575         0.000000
  2020     1     1    21    59 30.000000    -13728.761465    -13722.721058    -13727.020170    -13713.904547    -13725.666050         0.000000
  2020     1     1    22     0  0.000000    -13728.625892    -13722.583618    -13726.880452    -13713.766975    -13725.527530         0.000000
  2020     1     1    22     0 30.000000    -13727.428583    -13721.388246    -13725.684234    -13712.570357    -13724.331589         0.000000
  2020     1     1    22     1  0.000000    -13728.858346    -13722.820776    -13727.113360    -13713.999191    -13725.762721         0.000000
  2020     1     1    22     1 30.000000    -13728.156329    -13722.115371    -13726.410196    -13713.300168    -13725.058578         0.000000
  2020     1     1    22     2  0.000000    -13728.207364    -13722.159917    -13726.461387    -13713.345895    -13725.109032         0.000000
  2020     1     1    22     2 30.000000    -13728.587791    -13722.541510    -13726.841975    -13713.728685    -13725.489818         0.000000
  2020     1     1    22     3  0.000000    -13728.487474    -13722.446101    -13726.741755    -13713.621406    -13725.387591         0.000000
  2020     1     1    22     3 30.000000    -13728.549539    -13722.507730    -13726.805512    -13713.688392    -13725.450143         0.000000
  2020     1     1    22     4  0.000000    -13728.048949    -13722.006456    -13726.302859         0.000000    -13724.950171         0.000000
  2020     1     1    22     4 30.000000    -13727.508174    -13721.470463    -13725.764499         0.000000    -13724.410315         0.000000
  2020     1     1    22     5  0.000000    -13727.639594    -13721.597022    -13725.895581         0.000000    -13724.541508         0.000000
  2020     1     1    22     5 30.000000    -13728.831244    -13722.789022    -13727.087684         0.000000    -13725.734805         0.000000
  2020     1     1    22     6  0.000000    -13728.276768    -13722.234715    -13726.532966         0.000000    -13725.180287         0.000000
  2020     1     1    22     6 30.000000    -13728.136780    -13722.095589    -13726.393170         0.000000    -13725.040161         0.000000
  2020     1     1    22     7  0.000000    -13728.007379    -13721.964918    -13726.262046         0.000000    -13724.909762         0.000000
  2020     1     1    22     7 30.000000    -13728.596578    -13722.550322    -13726.851796         0.000000    -13725.498813         0.000000
  2020     1     1    22     8  0.000000    -13728.535389    -13722.489550    -13726.792187         0.000000    -13725.439429         0.000000
  2020     1     1    22     8 30.000000    -13728.476970    -13722.439156    -13726.732221         0.000000    -13725.379394         0.000000
  2020     1     1    22     9  0.000000    -13728.119831    -13722.078472    -13726.376271         0.000000    -13725.024238         0.000000
  2020     1     1    22     9 30.000000    -13728.737251    -13722.694774    -13726.992402         0.000000    -13725.639210         0.000000
  2020     1     1    22    10  0.000000    -13729.091364    -13723.048221    -13727.346162         0.000000    -13725.991875         0.000000
  2020     1     1    22    10 30.000000    -13728.577563    -13722.532932    -13726.831269         0.000000    -13725.476823         0.000000
  2020     1     1    22    11  0.000000    -13728.277477    -13722.231291    -13726.531045         0.000000    -13725.179286         0.000000
  2020     1     1    22    11 30.000000    -13728.914012    -13722.868204    -13727.169996         0.000000    -13725.817738         0.000000
  2020     1     1    22    12  0.000000    -13728.288144    -13722.240320    -13726.542780         0.000000    -13725.189949         0.000000
  2020     1     1    22    12 30.000000    -13728.280090    -13722.233224    -13726.538376         0.000000    -13725.180761         0.000000
  2020     1     1    22    13  0.000000    -13727.871374    -13721.830225    -13726.129845         0.000000    -13724.775092         0.000000
  2020     1     1    22    13 30.000000    -13728.293552    -13722.251207    -13726.550914         0.000000    -13725.197339         0.000000
  2020     1     1    22    14  0.000000    -13728.360350    -13722.318918    -13726.619634         0.000000    -13725.267769         0.000000
  2020     1     1    22    14 30.000000    -13727.971485    -13721.920621    -13726.228410         0.000000    -13724.876904         0.000000
  2020     1     1    22    15  0.000000    -13729.149462    -13723.098777    -13727.405404         0.000000    -13726.054409         0.000000
  2020     1     1    22    15 30.000000    -13728.667594    -13722.617782    -13726.922050         0.000000    -13725.569539         0.000000
  2020     1     1    22    16  0.000000    -13728.665823    -13722.610623    -13726.919693         0.000000    -13725.565849         0.000000
  2020     1     1    22    16 30.000000    -13728.338422    -13722.287790    -13726.593184         0.000000    -13725.239182         0.000000
  2020     1     1    22    17  0.000000    -13728.709551    -13722.663992    -13726.964544         0.000000    -13725.611755         0.000000
  2020     1     1    22    17 30.000000    -13728.815294    -13722.768271    -13727.068885         0.000000    -13725.715413         0.000000
  2020     1     1    22    18  0.000000    -13728.546987    -13722.499208    -13726.802258         0.000000    -13725.448314         0.000000
  2020     1     1    22    18 30.000000    -13728.382898    -13722.331101    -13726.639348         0.000000    -13725.282245         0.000000
  2020     1     1    22    19  0.000000    -13728.459421    -13722.408754    -13726.718058         0.000000    -13725.358104         0.000000
  2020     1     1    22    19 30.000000    -13728.495339    -13722.444445    -13726.754053         0.000000    -13725.394706         0.000000
  2020     1     1    22    20  0.000000    -13728.226925    -13722.180907    -13726.485577         0.000000    -13725.127666         0.000000
  2020     1     1    22    20 30.000000    -13728.613963    -13722.574976    -13726.873840         0.000000    -13725.518423         0.000000
  2020     1     1    22    21  0.000000    -13727.884139    -13721.840972    -13726.141454         0.000000    -13724.785737         0.000000
  2020     1     1    22    21 30.000000    -13728.198804    -13722.154064    -13726.455278         0.000000    -13725.102309         0.000000
  2020     1     1    22    22  0.000000    -13728.336864    -13722.295538    -13726.592903         0.000000    -13725.241111         0.000000
  2020     1     1    22    22 30.000000    -13728.047065    -13722.002967    -13726.304023         0.000000    -13724.948836         0.000000
  2020     1     1    22    23  0.000000    -13728.791223    -13722.746844    -13727.049041         0.000000    -13725.695620         0.000000
  2020     1     1    22    23 30.000000    -13729.006217    -13722.961454    -13727.265366         0.000000    -13725.912382         0.000000
  2020     1     1    22    24  0.000000    -13729.219120    -13723.175269    -13727.478898         0.000000    -13726.126870         0.000000
  2020     1     1    22    24 30.000000    -13728.220312    -13722.175060    -13726.480731         0.000000    -13725.125701         0.000000
  2020     1     1    22    25  0.000000    -13728.230231    -13722.180652    -13726.487033         0.000000    -13725.134643         0.000000
  2020     1     1    22    25 30.000000    -13728.693818    -13722.643887    -13726.949985         0.000000    -13725.600589         0.000000
  2020     1     1    22    26  0.000000    -13728.041480    -13721.989033    -13726.295806         0.000000    -13724.946521         0.000000
  2020     1     1    22    26 30.000000    -13728.956678    -13722.904294    -13727.212124         0.000000    -13725.862938         0.000000
  2020     1     1    22    27  0.000000    -13728.270706    -13722.218552    -13726.523760         0.000000    -13725.175344         0.000000
  2020     1     1    22    27 30.000000    -13728.053613    -13722.003833    -13726.308131         0.000000    -13724.957540         0.000000
  2020     1     1    22    28  0.000000    -13728.337424    -13722.287345    -13726.591662         0.000000    -13725.239409         0.000000
  2020     1     1    22    28 30.000000    -13728.297064    -13722.243648    -13726.551348         0.000000    -13725.200532         0.000000
  2020     1     1    22    29  0.000000    -13727.826404    -13721.772910    -13726.078491         0.000000    -13724.728490         0.000000
  2020     1     1    22    29 30.000000    -13728.458820    -13722.403817    -13726.713442         0.000000    -13725.362439         0.000000
  2020     1     1    22    30  0.000000    -13728.541807    -13722.489939    -13726.795556         0.000000    -13725.446010         0.000000
  2020     1     1    22    30 30.000000    -13728.110178    -13722.054182    -13726.364399         0.000000    -13725.013821         0.000000
  2020     1     1    22    31  0.000000    -13728.443968    -13722.390677    -13726.698182         0.000000    -13725.348351         0.000000
  2020     1     1    22    31 30.000000    -13728.579598    -13722.530073    -13726.832083         0.000000    -13725.484858         0.000000
  2020     1     1    22    32  0.000000    -13727.839946    -13721.792522    -13726.093736         0.000000    -13724.743826         0.000000
  2020     1     1    22    32 30.000000    -13727.944958    -13721.898251    -13726.198252         0.000000    -13724.851086         0.000000
  2020     1     1    22    33  0.000000    -13727.762529    -13721.716391    -13726.016024         0.000000    -13724.667140         0.000000
  2020     1     1    22    33 30.000000    -13727.658836    -13721.607131    -13725.914638         0.000000    -13724.565188         0.000000
  2020     1     1    22    34  0.000000    -13728.379712    -13722.330710    -13726.634448         0.000000    -13725.285684         0.000000
  2020     1     1    22    34 30.000000    -13728.089733    -13722.038481    -13726.344974         0.000000    -13724.994932         0.000000
  2020     1     1    22    35  0.000000    -13728.332332    -13722.281597    -13726.588100         0.000000    -13725.236758         0.000000
  2020     1     1    22    35 30.000000    -13727.606403    -13721.549870    -13725.859050         0.000000    -13724.511118         0.000000
  2020     1     1    22    36  0.000000    -13727.503784    -13721.449346    -13725.753608         0.000000    -13724.405202         0.000000
  2020     1     1    22    36 30.000000    -13728.531519    -13722.472886    -13726.782092         0.000000    -13725.434178         0.000000
  2020     1     1    22    37  0.000000    -13727.737925    -13721.683233    -13725.990423         0.000000    -13724.639426         0.000000
  2020     1     1    22    37 30.000000    -13727.877282    -13721.822571    -13726.129836         0.000000    -13724.778223         0.000000
  2020     1     1    22    38  0.000000    -13728.658812    -13722.606745    -13726.912775         0.000000    -13725.559553         0.000000
  2020     1     1    22    38 30.000000    -13728.445709    -13722.393424    -13726.699938         0.000000    -13725.347331         0.000000
  2020     1     1    22    39  0.000000    -13728.739099    -13722.687446    -13726.993583         0.000000    -13725.645232         0.000000
  2020     1     1    22    39 30.000000    -13728.495975    -13722.450019    -13726.751716         0.000000    -13725.400813         0.000000
  2020     1     1    22    40  0.000000    -13729.064461    -13723.014795    -13727.320699         0.000000    -13725.967614         0.000000
  2020     1     1    22    40 30.000000    -13728.987504    -13722.934759    -13727.242644         0.000000    -13725.891026         0.000000
  2020     1     1    22    41  0.000000    -13728.369505    -13722.320033    -13726.625011         0.000000    -13725.272723         0.000000
  2020     1     1    22    41 30.000000    -13728.655798    -13722.598970    -13726.912092         0.000000    -13725.561070         0.000000
  2020     1     1    22    42  0.000000    -13728.134024    -13722.079800    -13726.390520         0.000000    -13725.040028         0.000000
  2020     1     1    22    42 30.000000    -13728.486601    -13722.433162    -13726.745986         0.000000    -13725.391293         0.000000
  2020     1     1    22    43  0.000000    -13728.298320    -13722.248717    -13726.555047         0.000000    -13725.203932         0.000000
  2020     1     1    22    43 30.000000    -13728.523937    -13722.475644    -13726.780528         0.000000    -13725.429370         0.000000
  2020     1     1    22    44  0.000000    -13728.741923    -13722.691125    -13726.999097         0.000000    -13725.644645         0.000000
  2020     1     1    22    44 30.000000    -13729.007900    -13722.957841    -13727.263431         0.000000    -13725.911922         0.000000
  2020     1     1    22    45  0.000000    -13729.367463    -13723.312556    -13727.623375         0.000000    -13726.271825         0.000000
  2020     1     1    22    45 30.000000    -13728.722895    -13722.672189    -13726.980011         0.000000    -13725.625477         0.000000
  2020     1     1    22    46  0.000000    -13728.493616    -13722.438109    -13726.749588         0.000000    -13725.395609         0.000000
  2020     1     1    22    46 30.000000    -13728.253947    -13722.199525    -13726.509762         0.000000    -13725.155931         0.000000
  2020     1     1    22    47  0.000000    -13727.731356    -13721.680669    -13725.985548         0.000000    -13724.633175         0.000000
  2020     1     1    22    47 30.000000    -13728.074808    -13722.023575    -13726.327453         0.000000    -13724.978591         0.000000
  2020     1     1    22    48  0.000000    -13728.919956    -13722.866950    -13727.175188         0.000000    -13725.821614         0.000000
  2020     1     1    22    48 30.000000    -13728.428462    -13722.372164    -13726.682856         0.000000    -13725.330620         0.000000
  2020     1     1    22    49  0.000000    -13728.333705    -13722.277567    -13726.587186         0.000000    -13725.236645         0.000000
  2020     1     1    22    49 30.000000    -13728.625665    -13722.568576    -13726.881865         0.000000    -13725.530037         0.000000
  2020     1     1    22    50  0.000000    -13728.062900    -13722.008725    -13726.318199         0.000000    -13724.965569         0.000000
  2020     1     1    22    50 30.000000    -13728.188981    -13722.134077    -13726.444635         0.000000    -13725.090604         0.000000
  2020     1     1    22    51  0.000000    -13728.609135    -13722.552905    -13726.864515         0.000000    -13725.512629         0.000000
  2020     1     1    22    51 30.000000    -13728.445075    -13722.390084    -13726.701208         0.000000    -13725.348963         0.000000
  2020     1     1    22    52  0.000000    -13728.737033    -13722.677690    -13726.991108         0.000000    -13725.640374         0.000000
  2020     1     1    22    52 30.000000    -13728.121738    -13722.064901    -13726.375351         0.000000    -13725.028030         0.000000
  2020     1     1    22    53  0.000000    -13728.251722    -13722.193412    -13726.502927         0.000000    -13725.154392         0.000000
  2020     1     1    22    53 30.000000    -13728.816309    -13722.762578    -13727.068972         0.000000    -13725.721536         0.000000
  2020     1     1    22    54  0.000000    -13728.609935    -13722.555133    -13726.863895         0.000000    -13725.513806         0.000000
  2020     1     1    22    54 30.000000    -13728.187923    -13722.135046    -13726.442813         0.000000    -13725.091079         0.000000
  2020     1     1    22    55  0.000000    -13728.280632    -13722.226084    -13726.530962         0.000000    -13725.181036         0.000000
  2020     1     1    22    55 30.000000    -13728.946763    -13722.890977    -13727.198118         0.000000    -13725.846363         0.000000
  2020     1     1    22    56  0.000000    -13728.262036    -13722.211427    -13726.514813         0.000000    -13725.165131         0.000000
  2020     1     1    22    56 30.000000    -13728.546758    -13722.488553    -13726.798899         0.000000    -13725.444498         0.000000
  2020     1     1    22    57  0.000000    -13728.531595    -13722.476222    -13726.785938         0.000000    -13725.433782         0.000000
  2020     1     1    22    57 30.000000    -13728.197422    -13722.139366    -13726.452844         0.000000    -13725.100247         0.000000
  2020     1     1    22    58  0.000000    -13728.674399    -13722.616903    -13726.927093         0.000000    -13725.578441         0.000000
  2020     1     1    22    58 30.000000    -13728.334639    -13722.274343    -13726.585643         0.000000    -13725.236408         0.000000
  2020     1     1    22    59  0.000000    -13728.167552    -13722.110396    -13726.421295         0.000000    -13725.072328         0.000000
  2020     1     1    22    59 30.000000    -13728.374434    -13722.321768    -13726.628268         0.000000    -13725.280435         0.000000
  2020     1     1    23     0  0.000000    -13728.109630    -13722.055454    -13726.364533         0.000000    -13725.016444         0.000000
  2020     1     1    23     0 30.000000    -13727.488968    -13721.437105    -13725.742428         0.000000    -13724.395181         0.000000
  2020     1     1    23     1  0.000000    -13728.694465    -13722.640017    -13726.949015         0.000000    -13725.600346         0.000000
  2020     1     1    23     1 30.000000    -13728.448327    -13722.393978    -13726.704404         0.000000    -13725.355805         0.000000
  2020     1     1    23     2  0.000000    -13728.618976    -13722.556552    -13726.870575         0.000000    -13725.523077         0.000000
  2020     1     1    23     2 30.000000    -13728.519578    -13722.463641    -13726.770692         0.000000    -13725.424034         0.000000
  2020     1     1    23     3  0.000000    -13727.963883    -13721.907756    -13726.217760         0.000000    -13724.867222         0.000000
  2020     1     1    23     3 30.000000    -13728.236549    -13722.180504    -13726.492554         0.000000    -13725.141096         0.000000
  2020     1     1    23     4  0.000000    -13728.321644    -13722.266192    -13726.576828         0.000000    -13725.224958         0.000000
  2020     1     1    23     4 30.000000    -13728.421403    -13722.361832    -13726.676569         0.000000    -13725.323319         0.000000
  2020     1     1    23     5  0.000000    -13727.576539    -13721.521467    -13725.830805         0.000000    -13724.479008         0.000000
  2020     1     1    23     5 30.000000    -13727.899983    -13721.843470    -13726.153564         0.000000    -13724.801823         0.000000
  2020     1     1    23     6  0.000000    -13728.257648    -13722.204453    -13726.514837         0.000000    -13725.162312         0.000000
  2020     1     1    23     6 30.000000    -13729.096175    -13723.042064    -13727.351728         0.000000    -13726.001251         0.000000
  2020     1     1    23     7  0.000000    -13728.019408    -13721.967222    -13726.273558         0.000000    -13724.923380         0.000000
  2020     1     1    23     7 30.000000    -13728.064431    -13722.009385    -13726.319076         0.000000    -13724.968466         0.000000
  2020     1     1    23     8  0.000000    -13728.451256    -13722.392158    -13726.705398         0.000000    -13725.353591         0.000000
  2020     1     1    23     8 30.000000    -13728.696932    -13722.642122    -13726.951370         0.000000    -13725.598787         0.000000
  2020     1     1    23     9  0.000000    -13728.411317    -13722.361755    -13726.669215         0.000000    -13725.312509         0.000000
  2020     1     1    23     9 30.000000    -13728.050507    -13721.997644    -13726.305915         0.000000    -13724.951408         0.000000
  2020     1     1    23    10  0.000000    -13727.967946    -13721.915823    -13726.221995         0.000000    -13724.869512         0.000000
  2020     1     1    23    10 30.000000    -13728.138464    -13722.087866    -13726.391637         0.000000    -13725.040015         0.000000
  2020     1     1    23    11  0.000000    -13728.015994    -13721.964949    -13726.270360         0.000000    -13724.918200         0.000000
  2020     1     1    23    11 30.000000    -13727.940062    -13721.886727    -13726.194021         0.000000    -13724.842630         0.000000
  2020     1     1    23    12  0.000000    -13728.328776    -13722.274753    -13726.584230         0.000000    -13725.232665         0.000000
  2020     1     1    23    12 30.000000    -13729.013900    -13722.963733    -13727.271104         0.000000    -13725.919608         0.000000
  2020     1     1    23    13  0.000000    -13728.159274    -13722.104708    -13726.414101         0.000000    -13725.064456         0.000000
  2020     1     1    23    13 30.000000    -13728.363892    -13722.309911    -13726.618818         0.000000    -13725.268048         0.000000
  2020     1     1    23    14  0.000000    -13729.257339    -13723.203772    -13727.508500         0.000000    -13726.159825         0.000000
  2020     1     1    23    14 30.000000    -13729.472597    -13723.419481    -13727.726801         0.000000    -13726.372780         0.000000
  2020     1     1    23    15  0.000000    -13728.768421    -13722.713818    -13727.020720         0.000000    -13725.667886         0.000000
  2020     1     1    23    15 30.000000    -13728.286299    -13722.229861    -13726.538751         0.000000    -13725.187831         0.000000
  2020     1     1    23    16  0.000000    -13727.186848    -13721.136944    -13725.440687         0.000000    -13724.090481         0.000000
  2020     1     1    23    16 30.000000    -13728.313854    -13722.261816    -13726.570719         0.000000    -13725.216286         0.000000
  2020     1     1    23    17  0.000000    -13728.368732    -13722.315689    -13726.626038         0.000000    -13725.270920         0.000000
  2020     1     1    23    17 30.000000    -13728.886291    -13722.836973    -13727.144877         0.000000    -13725.791888         0.000000
  2020     1     1    23    18  0.000000    -13728.715621    -13722.663482    -13726.973302         0.000000    -13725.621098         0.000000
  2020     1     1    23    18 30.000000    -13728.853839    -13722.797804    -13727.108973         0.000000    -13725.757243         0.000000
  2020     1     1    23    19  0.000000    -13728.673893    -13722.617834    -13726.929771         0.000000    -13725.578051         0.000000
  2020     1     1    23    19 30.000000    -13728.929074    -13722.872874    -13727.185807         0.000000    -13725.828941         0.000000
  2020     1     1    23    20  0.000000    -13728.419170    -13722.367549    -13726.675226         0.000000    -13725.319363         0.000000
  2020     1     1    23    20 30.000000    -13728.145359    -13722.090838    -13726.404579         0.000000    -13725.047713         0.000000
  2020     1     1    23    21  0.000000    -13728.084816    -13722.032679    -13726.342077         0.000000    -13724.989418         0.000000
  2020     1     1    23    21 30.000000    -13728.356533    -13722.302991    -13726.611344         0.000000    -13725.258850         0.000000
  2020     1     1    23    22  0.000000    -13727.953249    -13721.899910    -13726.208102         0.000000    -13724.853999         0.000000
  2020     1     1    23    22 30.000000    -13728.286632    -13722.231133    -13726.541569         0.000000    -13725.187411         0.000000
  2020     1     1    23    23  0.000000    -13727.523568    -13721.467512    -13725.779903         0.000000    -13724.423067         0.000000
  2020     1     1    23    23 30.000000    -13727.617258    -13721.566731    -13725.872673         0.000000    -13724.516747         0.000000
  2020     1     1    23    24  0.000000    -13727.629224    -13721.576913    -13725.885237         0.000000    -13724.533554         0.000000
  2020     1     1    23    24 30.000000    -13728.067764    -13722.016502    -13726.325038         0.000000    -13724.969229         0.000000
  2020     1     1    23    25  0.000000    -13727.927335    -13721.874556    -13726.184973         0.000000    -13724.827017         0.000000
  2020     1     1    23    25 30.000000    -13728.257208    -13722.206284    -13726.513079         0.000000    -13725.154877         0.000000
  2020     1     1    23    26  0.000000    -13728.080179    -13722.031721    -13726.337499         0.000000    -13724.977489         0.000000
  2020     1     1    23    26 30.000000    -13728.439925    -13722.389694    -13726.698166         0.000000    -13725.333384         0.000000
  2020     1     1    23    27  0.000000    -13728.067472    -13722.010695    -13726.323144         0.000000    -13724.961201         0.000000
  2020     1     1    23    27 30.000000    -13726.992487    -13720.934515    -13725.249590         0.000000    -13723.884914         0.000000
  2020     1     1    23    28  0.000000    -13727.173602    -13721.112314    -13725.429745         0.000000    -13724.069671         0.000000
  2020     1     1    23    28 30.000000    -13727.551061    -13721.493023    -13725.805518         0.000000    -13724.443437         0.000000
  2020     1     1    23    29  0.000000    -13727.901640    -13721.846085    -13726.157638         0.000000    -13724.799161         0.000000
  2020     1     1    23    29 30.000000    -13728.116694    -13722.061419    -13726.371960         0.000000    -13725.011916         0.000000
  2020     1     1    23    30  0.000000    -13728.120728    -13722.065291    -13726.374182         0.000000    -13725.016755         0.000000
  2020     1     1    23    30 30.000000    -13727.312058    -13721.260595    -13725.564329         0.000000    -13724.208214         0.000000
  2020     1     1    23    31  0.000000    -13727.583842    -13721.533070    -13725.837856         0.000000    -13724.479052         0.000000
  2020     1     1    23    31 30.000000    -13727.670762    -13721.614177    -13725.923509         0.000000    -13724.566512         0.000000
  2020     1     1    23    32  0.000000    -13728.122439    -13722.063618    -13726.373968         0.000000    -13725.017825         0.000000
  2020     1     1    23    32 30.000000    -13728.455610    -13722.392698    -13726.707702         0.000000    -13725.349761         0.000000
  2020     1     1    23    33  0.000000    -13727.901849    -13721.845196    -13726.155281         0.000000    -13724.797297         0.000000
  2020     1     1    23    33 30.000000    -13728.404853    -13722.348033    -13726.656920         0.000000    -13725.302317         0.000000
  2020     1     1    23    34  0.000000    -13729.000702    -13722.943863    -13727.253719         0.000000    -13725.897755         0.000000
  2020     1     1    23    34 30.000000    -13727.992873    -13721.937234    -13726.245394         0.000000    -13724.887335         0.000000
  2020     1     1    23    35  0.000000    -13727.993988    -13721.933632    -13726.243776         0.000000    -13724.889359         0.000000
  2020     1     1    23    35 30.000000    -13729.074626    -13723.017246    -13727.324426         0.000000    -13725.969848         0.000000
  2020     1     1    23    36  0.000000    -13728.028880    -13721.969580    -13726.278672         0.000000    -13724.924852         0.000000
  2020     1     1    23    36 30.000000    -13727.863131    -13721.801755    -13726.112057         0.000000    -13724.761021         0.000000
  2020     1     1    23    37  0.000000    -13728.623664    -13722.565813    -13726.873750         0.000000    -13725.522211         0.000000
  2020     1     1    23    37 30.000000    -13727.976949    -13721.925841    -13726.228175         0.000000    -13724.875194         0.000000
  2020     1     1    23    38  0.000000    -13727.732083    -13721.674832    -13725.982640         0.000000    -13724.631265         0.000000
  2020     1     1    23    38 30.000000    -13728.255260    -13722.199509    -13726.508291         0.000000    -13725.156346         0.000000
  2020     1     1    23    39  0.000000    -13728.221157    -13722.170561    -13726.476159         0.000000    -13725.122086         0.000000
  2020     1     1    23    39 30.000000    -13727.729916    -13721.673158    -13725.983910         0.000000    -13724.628271         0.000000
  2020     1     1    23    40  0.000000    -13727.983343    -13721.925591    -13726.236821         0.000000    -13724.879633         0.000000
  2020     1     1    23    40 30.000000    -13728.132955    -13722.077842    -13726.385524         0.000000    -13725.031796         0.000000
  2020     1     1    23    41  0.000000    -13728.156744    -13722.095254    -13726.409220         0.000000    -13725.055248         0.000000
  2020     1     1    23    41 30.000000    -13728.250829    -13722.192161    -13726.503669         0.000000    -13725.149104         0.000000
  2020     1     1    23    42  0.000000    -13728.159038    -13722.108102    -13726.410315         0.000000    -13725.057740         0.000000
  2020     1     1    23    42 30.000000    -13728.274678    -13722.215325    -13726.527195         0.000000    -13725.171765         0.000000
  2020     1     1    23    43  0.000000    -13728.615756    -13722.560577    -13726.868776         0.000000    -13725.516640         0.000000
  2020     1     1    23    43 30.000000    -13727.684003    -13721.629857    -13725.938203         0.000000    -13724.581850         0.000000
  2020     1     1    23    44  0.000000    -13728.841545    -13722.788991    -13727.092963         0.000000    -13725.736163         0.000000
  2020     1     1    23    44 30.000000    -13728.781877    -13722.728455    -13727.033443         0.000000    -13725.680078         0.000000
  2020     1     1    23    45  0.000000    -13728.652144    -13722.595574    -13726.904741         0.000000    -13725.552992         0.000000
  2020     1     1    23    45 30.000000    -13728.353566    -13722.300593    -13726.608757         0.000000    -13725.252896         0.000000
  2020     1     1    23    46  0.000000    -13728.153620    -13722.102171    -13726.407782         0.000000    -13725.050954         0.000000
  2020     1     1    23    46 30.000000    -13728.629357    -13722.575036    -13726.884204         0.000000    -13725.528764         0.000000
  2020     1     1    23    47  0.000000    -13728.716803    -13722.664256    -13726.971657         0.000000    -13725.614252         0.000000
  2020     1     1    23    47 30.000000    -13728.295983    -13722.242455    -13726.548325         0.000000    -13725.192268         0.000000
  2020     1     1    23    48  0.000000    -13728.128468    -13722.064269    -13726.381074         0.000000    -13725.024716         0.000000
  2020     1     1    23    48 30.000000    -13727.738046    -13721.679033    -13725.990414         0.000000    -13724.632816         0.000000
  2020     1     1    23    49  0.000000    -13727.648643    -13721.588847    -13725.900882         0.000000    -13724.543246         0.000000
  2020     1     1    23    49 30.000000    -13727.300569    -13721.242356    -13725.552212         0.000000    -13724.194517         0.000000
  2020     1     1    23    50  0.000000    -13727.640142    -13721.583078    -13725.893210         0.000000    -13724.536440         0.000000
  2020     1     1    23    50 30.000000    -13728.764643    -13722.708484    -13727.018182         0.000000    -13725.662258         0.000000
  2020     1     1    23    51  0.000000    -13728.282292    -13722.228468    -13726.535086         0.000000    -13725.175396         0.000000
  2020     1     1    23    51 30.000000    -13728.509551    -13722.451904    -13726.763823         0.000000    -13725.401363         0.000000
  2020     1     1    23    52  0.000000    -13728.341981    -13722.283562    -13726.594803         0.000000    -13725.236201         0.000000
  2020     1     1    23    52 30.000000    -13728.567440    -13722.509639    -13726.817754         0.000000    -13725.460092         0.000000
  2020     1     1    23    53  0.000000    -13728.386196    -13722.329592    -13726.636904         0.000000    -13725.276380         0.000000
  2020     1     1    23    53 30.000000    -13728.615603    -13722.556978    -13726.866056         0.000000    -13725.506165         0.000000
  2020     1     1    23    54  0.000000    -13728.316695    -13722.255828    -13726.567573         0.000000    -13725.206166         0.000000
  2020     1     1    23    54 30.000000    -13728.593491    -13722.530281    -13726.841941         0.000000    -13725.485102         0.000000
  2020     1     1    23    55  0.000000    -13728.863214    -13722.804192    -13727.114013         0.000000    -13725.754182         0.000000
  2020     1     1    23    55 30.000000    -13728.130199    -13722.071565    -13726.381893         0.000000    -13725.022977         0.000000
  2020     1     1    23    56  0.000000    -13728.462410    -13722.407846    -13726.714109         0.000000    -13725.357731         0.000000
  2020     1     1    23    56 30.000000    -13727.785735    -13721.727474    -13726.040893         0.000000    -13724.679908         0.000000
  2020     1     1    23    57  0.000000    -13728.174993    -13722.117851    -13726.428253         0.000000    -13725.071934         0.000000
  2020     1     1    23    57 30.000000    -13728.157694    -13722.104128    -13726.408303         0.000000    -13725.052791         0.000000
  2020     1     1    23    58  0.000000    -13727.948659    -13721.893024    -13726.199969         0.000000    -13724.843390         0.000000
  2020     1     1    23    58 30.000000    -13728.101720    -13722.044732    -13726.355281         0.000000    -13724.993507         0.000000
  2020     1     1    23    59  0.000000    -13727.446169    -13721.385021    -13725.697344         0.000000    -13724.339402         0.000000
  2020     1     1    23    59 30.000000    -13728.153590    -13722.096903    -13726.402740         0.000000    -13725.049357         0.000000
