abmf                                                        STATION
Static      10.000000 10.000000 10.000000                   POS MODE/PRIORI (meter)
YES                                                         OBS STRICT EDITING
2020  1  1  0  0  0.00                                      OBS FIRST EPOCH
2020  1  1 23 59 30.00                                      OBS LAST EPOCH
   30.00                                                    OBS INTERVAL (sec)
    7.00                                                    OBS MASK ANGLE (deg)
    0.30                                                    MEASUREMENT NOISE PSEUDORANGE (1-SIGMA, meter)
    0.01                                                    MEASUREMENT NOISE CARRIER PHASE (1-SIGMA, cycle)
WUM0MGXRAP_20200010000_01D_05M_ORB.SP3                      SAT ORBIT
WUM0MGXRAP_20200010000_01D_30S_CLK.CLK                      SAT CLOCK
WUM0MGXRAP_20200010000_01D_30S_ATT.OBX                      SAT ATTITUDE
WUM0MGXRAP_20200010000_01D_01D_OSB.BIA                      SAT BIAS
WUM0MGXRAP_20200010000_01D_01D_ERP.ERP                      EARTH ROTATION PARAMETERS
SEPT POLARX5                                                SITE RECEIVER TYPE
TRM57971.00     NONE                                        SITE ANTENNA TYPE
        0.0000        0.0000        0.0000                  SITE ANTENNA E/N/H (meter)
G  L1   1      -0.05      1.13     64.91                    SITE ANTENNA PCO E/N/H (millimeter)
G  L2   2       0.72      0.08     57.96                    SITE ANTENNA PCO E/N/H (millimeter)
R  G1   1      -0.05      1.13     64.91                    SITE ANTENNA PCO E/N/H (millimeter)
R  G2   2       0.72      0.08     57.96                    SITE ANTENNA PCO E/N/H (millimeter)
E  E1   1      -0.05      1.13     64.91                    SITE ANTENNA PCO E/N/H (millimeter)
E  E5a  5       0.72      0.08     57.96                    SITE ANTENNA PCO E/N/H (millimeter)
C  B1I  2      -0.05      1.13     64.91                    SITE ANTENNA PCO E/N/H (millimeter)
C  B3I  6       0.72      0.08     57.96                    SITE ANTENNA PCO E/N/H (millimeter)
J  L1   1      -0.05      1.13     64.91                    SITE ANTENNA PCO E/N/H (millimeter)
J  L2   2       0.72      0.08     57.96                    SITE ANTENNA PCO E/N/H (millimeter)
IGS14_2247                                                  TABLE ANTEX
WNO                                                         RECEIVER CLOCK
STO                                                         TROP ZENITH
PWC:720                                                     TROP GRADIENT
NO                                                          IONO 2ND
SOLID  POLE OCEAN(Scherneck)                                TIDES
NON                                                         MULTIPATH MODEL
YES  GPS    40  GAL    24  BDS2    2  BDS3   22  QZSS    0  AMB FIXING
  600.00                                                    AMB DURATION (sec)
   15.00                                                    AMB CUTOFF (deg)
    0.20    0.15 1000.00                                    AMB WIDELANE
    0.15    0.15 1000.00                                    AMB NARROWLANE
    3       4       1.80    3.00                            AMB SEARCH
TRUNCATED                                                   AMB AT DAY-BOUNDARY
Start Field Description                                     COMMENT
Year                                                        YEAR (GPS TIME)
Mon                                                         MONTH (GPS TIME)
Day                                                         DAY (GPS TIME)
Hour                                                        HOUR (GPS TIME)
Min                                                         MINUTE (GPS TIME)
Sec                                                         SECOND (GPS TIME)
ZDD                                                         ZENITH DRY DELAY (meter)
ZWDini                                                      INITIAL ZENITH WET DELAY (meter)
ZWDcor                                                      ZENITH WET DELAY CORRECTION (meter)
End Field Description                                       COMMENT
                                                            END OF HEADER
* Year   Mon   Day  Hour   Min       Sec        ZDD     ZWDini     ZWDcor
  2020     1     1     0     0  0.000000   2.311567   0.194287   0.038941
  2020     1     1     0     0 30.000000   2.311593   0.194042   0.038942
  2020     1     1     0     1  0.000000   2.311593   0.194042   0.038943
  2020     1     1     0     1 30.000000   2.311593   0.194041   0.038943
  2020     1     1     0     2  0.000000   2.311593   0.194041   0.038945
  2020     1     1     0     2 30.000000   2.311593   0.194041   0.038946
  2020     1     1     0     3  0.000000   2.311593   0.194040   0.038950
  2020     1     1     0     3 30.000000   2.311593   0.194040   0.038959
  2020     1     1     0     4  0.000000   2.311593   0.194040   0.038974
  2020     1     1     0     4 30.000000   2.311593   0.194039   0.038993
  2020     1     1     0     5  0.000000   2.311593   0.194039   0.039016
  2020     1     1     0     5 30.000000   2.311593   0.194039   0.039041
  2020     1     1     0     6  0.000000   2.311594   0.194038   0.039068
  2020     1     1     0     6 30.000000   2.311594   0.194038   0.039094
  2020     1     1     0     7  0.000000   2.311594   0.194038   0.039121
  2020     1     1     0     7 30.000000   2.311594   0.194037   0.039148
  2020     1     1     0     8  0.000000   2.311594   0.194037   0.039177
  2020     1     1     0     8 30.000000   2.311594   0.194037   0.039207
  2020     1     1     0     9  0.000000   2.311594   0.194036   0.039237
  2020     1     1     0     9 30.000000   2.311594   0.194036   0.039268
  2020     1     1     0    10  0.000000   2.311594   0.194036   0.039302
  2020     1     1     0    10 30.000000   2.311594   0.194035   0.039337
  2020     1     1     0    11  0.000000   2.311594   0.194035   0.039374
  2020     1     1     0    11 30.000000   2.311594   0.194034   0.039410
  2020     1     1     0    12  0.000000   2.311594   0.194034   0.039445
  2020     1     1     0    12 30.000000   2.311594   0.194034   0.039480
  2020     1     1     0    13  0.000000   2.311594   0.194033   0.039514
  2020     1     1     0    13 30.000000   2.311594   0.194033   0.039546
  2020     1     1     0    14  0.000000   2.311594   0.194033   0.039574
  2020     1     1     0    14 30.000000   2.311594   0.194032   0.039599
  2020     1     1     0    15  0.000000   2.311594   0.194032   0.039627
  2020     1     1     0    15 30.000000   2.311594   0.194032   0.039660
  2020     1     1     0    16  0.000000   2.311594   0.194031   0.039698
  2020     1     1     0    16 30.000000   2.311594   0.194031   0.039740
  2020     1     1     0    17  0.000000   2.311594   0.194031   0.039783
  2020     1     1     0    17 30.000000   2.311594   0.194030   0.039825
  2020     1     1     0    18  0.000000   2.311594   0.194030   0.039862
  2020     1     1     0    18 30.000000   2.311594   0.194030   0.039900
  2020     1     1     0    19  0.000000   2.311594   0.194029   0.039940
  2020     1     1     0    19 30.000000   2.311594   0.194029   0.039980
  2020     1     1     0    20  0.000000   2.311595   0.194029   0.040025
  2020     1     1     0    20 30.000000   2.311595   0.194028   0.040074
  2020     1     1     0    21  0.000000   2.311595   0.194028   0.040125
  2020     1     1     0    21 30.000000   2.311595   0.194028   0.040173
  2020     1     1     0    22  0.000000   2.311595   0.194027   0.040219
  2020     1     1     0    22 30.000000   2.311595   0.194027   0.040263
  2020     1     1     0    23  0.000000   2.311595   0.194027   0.040302
  2020     1     1     0    23 30.000000   2.311595   0.194026   0.040338
  2020     1     1     0    24  0.000000   2.311595   0.194026   0.040371
  2020     1     1     0    24 30.000000   2.311595   0.194026   0.040407
  2020     1     1     0    25  0.000000   2.311595   0.194025   0.040447
  2020     1     1     0    25 30.000000   2.311595   0.194025   0.040489
  2020     1     1     0    26  0.000000   2.311595   0.194025   0.040531
  2020     1     1     0    26 30.000000   2.311595   0.194024   0.040571
  2020     1     1     0    27  0.000000   2.311595   0.194024   0.040608
  2020     1     1     0    27 30.000000   2.311595   0.194024   0.040646
  2020     1     1     0    28  0.000000   2.311595   0.194023   0.040687
  2020     1     1     0    28 30.000000   2.311595   0.194023   0.040733
  2020     1     1     0    29  0.000000   2.311595   0.194023   0.040777
  2020     1     1     0    29 30.000000   2.311595   0.194022   0.040820
  2020     1     1     0    30  0.000000   2.311595   0.194022   0.040859
  2020     1     1     0    30 30.000000   2.311595   0.194022   0.040897
  2020     1     1     0    31  0.000000   2.311595   0.194021   0.040937
  2020     1     1     0    31 30.000000   2.311595   0.194021   0.040983
  2020     1     1     0    32  0.000000   2.311595   0.194021   0.041033
  2020     1     1     0    32 30.000000   2.311595   0.194020   0.041086
  2020     1     1     0    33  0.000000   2.311595   0.194020   0.041137
  2020     1     1     0    33 30.000000   2.311595   0.194020   0.041182
  2020     1     1     0    34  0.000000   2.311596   0.194019   0.041223
  2020     1     1     0    34 30.000000   2.311596   0.194019   0.041260
  2020     1     1     0    35  0.000000   2.311596   0.194019   0.041294
  2020     1     1     0    35 30.000000   2.311596   0.194018   0.041328
  2020     1     1     0    36  0.000000   2.311596   0.194018   0.041364
  2020     1     1     0    36 30.000000   2.311596   0.194018   0.041402
  2020     1     1     0    37  0.000000   2.311596   0.194017   0.041444
  2020     1     1     0    37 30.000000   2.311596   0.194017   0.041492
  2020     1     1     0    38  0.000000   2.311596   0.194017   0.041540
  2020     1     1     0    38 30.000000   2.311596   0.194016   0.041591
  2020     1     1     0    39  0.000000   2.311596   0.194016   0.041643
  2020     1     1     0    39 30.000000   2.311596   0.194016   0.041698
  2020     1     1     0    40  0.000000   2.311596   0.194015   0.041753
  2020     1     1     0    40 30.000000   2.311596   0.194015   0.041809
  2020     1     1     0    41  0.000000   2.311596   0.194015   0.041866
  2020     1     1     0    41 30.000000   2.311596   0.194014   0.041921
  2020     1     1     0    42  0.000000   2.311596   0.194014   0.041979
  2020     1     1     0    42 30.000000   2.311596   0.194014   0.042042
  2020     1     1     0    43  0.000000   2.311596   0.194013   0.042109
  2020     1     1     0    43 30.000000   2.311596   0.194013   0.042180
  2020     1     1     0    44  0.000000   2.311596   0.194012   0.042251
  2020     1     1     0    44 30.000000   2.311596   0.194012   0.042323
  2020     1     1     0    45  0.000000   2.311596   0.194012   0.042396
  2020     1     1     0    45 30.000000   2.311596   0.194011   0.042468
  2020     1     1     0    46  0.000000   2.311596   0.194011   0.042541
  2020     1     1     0    46 30.000000   2.311596   0.194011   0.042617
  2020     1     1     0    47  0.000000   2.311596   0.194010   0.042693
  2020     1     1     0    47 30.000000   2.311597   0.194010   0.042766
  2020     1     1     0    48  0.000000   2.311597   0.194010   0.042838
  2020     1     1     0    48 30.000000   2.311597   0.194009   0.042907
  2020     1     1     0    49  0.000000   2.311597   0.194009   0.042977
  2020     1     1     0    49 30.000000   2.311597   0.194009   0.043045
  2020     1     1     0    50  0.000000   2.311597   0.194008   0.043111
  2020     1     1     0    50 30.000000   2.311597   0.194008   0.043177
  2020     1     1     0    51  0.000000   2.311597   0.194008   0.043242
  2020     1     1     0    51 30.000000   2.311597   0.194007   0.043310
  2020     1     1     0    52  0.000000   2.311597   0.194007   0.043381
  2020     1     1     0    52 30.000000   2.311597   0.194007   0.043444
  2020     1     1     0    53  0.000000   2.311597   0.194006   0.043506
  2020     1     1     0    53 30.000000   2.311597   0.194006   0.043567
  2020     1     1     0    54  0.000000   2.311597   0.194006   0.043629
  2020     1     1     0    54 30.000000   2.311597   0.194005   0.043689
  2020     1     1     0    55  0.000000   2.311597   0.194005   0.043745
  2020     1     1     0    55 30.000000   2.311597   0.194005   0.043802
  2020     1     1     0    56  0.000000   2.311597   0.194004   0.043861
  2020     1     1     0    56 30.000000   2.311597   0.194004   0.043920
  2020     1     1     0    57  0.000000   2.311597   0.194004   0.043986
  2020     1     1     0    57 30.000000   2.311597   0.194003   0.044055
  2020     1     1     0    58  0.000000   2.311597   0.194003   0.044129
  2020     1     1     0    58 30.000000   2.311597   0.194003   0.044204
  2020     1     1     0    59  0.000000   2.311597   0.194002   0.044284
  2020     1     1     0    59 30.000000   2.311597   0.194002   0.044368
  2020     1     1     1     0  0.000000   2.311597   0.194002   0.044459
  2020     1     1     1     0 30.000000   2.311597   0.194001   0.044552
  2020     1     1     1     1  0.000000   2.311597   0.194001   0.044647
  2020     1     1     1     1 30.000000   2.311598   0.194001   0.044745
  2020     1     1     1     2  0.000000   2.311598   0.194000   0.044846
  2020     1     1     1     2 30.000000   2.311598   0.194000   0.044948
  2020     1     1     1     3  0.000000   2.311598   0.194000   0.045050
  2020     1     1     1     3 30.000000   2.311598   0.193999   0.045154
  2020     1     1     1     4  0.000000   2.311598   0.193999   0.045265
  2020     1     1     1     4 30.000000   2.311598   0.193999   0.045382
  2020     1     1     1     5  0.000000   2.311598   0.193998   0.045503
  2020     1     1     1     5 30.000000   2.311598   0.193998   0.045624
  2020     1     1     1     6  0.000000   2.311598   0.193998   0.045745
  2020     1     1     1     6 30.000000   2.311598   0.193997   0.045868
  2020     1     1     1     7  0.000000   2.311598   0.193997   0.045990
  2020     1     1     1     7 30.000000   2.311598   0.193997   0.046112
  2020     1     1     1     8  0.000000   2.311598   0.193996   0.046237
  2020     1     1     1     8 30.000000   2.311598   0.193996   0.046364
  2020     1     1     1     9  0.000000   2.311598   0.193996   0.046494
  2020     1     1     1     9 30.000000   2.311598   0.193995   0.046631
  2020     1     1     1    10  0.000000   2.311598   0.193995   0.046767
  2020     1     1     1    10 30.000000   2.311598   0.193995   0.046903
  2020     1     1     1    11  0.000000   2.311598   0.193994   0.047038
  2020     1     1     1    11 30.000000   2.311598   0.193994   0.047176
  2020     1     1     1    12  0.000000   2.311598   0.193994   0.047315
  2020     1     1     1    12 30.000000   2.311598   0.193993   0.047452
  2020     1     1     1    13  0.000000   2.311598   0.193993   0.047584
  2020     1     1     1    13 30.000000   2.311598   0.193993   0.047712
  2020     1     1     1    14  0.000000   2.311598   0.193992   0.047836
  2020     1     1     1    14 30.000000   2.311598   0.193992   0.047957
  2020     1     1     1    15  0.000000   2.311598   0.193992   0.048075
  2020     1     1     1    15 30.000000   2.311599   0.193991   0.048192
  2020     1     1     1    16  0.000000   2.311599   0.193991   0.048308
  2020     1     1     1    16 30.000000   2.311599   0.193990   0.048421
  2020     1     1     1    17  0.000000   2.311599   0.193990   0.048527
  2020     1     1     1    17 30.000000   2.311599   0.193990   0.048629
  2020     1     1     1    18  0.000000   2.311599   0.193989   0.048724
  2020     1     1     1    18 30.000000   2.311599   0.193989   0.048812
  2020     1     1     1    19  0.000000   2.311599   0.193989   0.048896
  2020     1     1     1    19 30.000000   2.311599   0.193988   0.048973
  2020     1     1     1    20  0.000000   2.311599   0.193988   0.049047
  2020     1     1     1    20 30.000000   2.311599   0.193988   0.049117
  2020     1     1     1    21  0.000000   2.311599   0.193987   0.049184
  2020     1     1     1    21 30.000000   2.311599   0.193987   0.049246
  2020     1     1     1    22  0.000000   2.311599   0.193987   0.049301
  2020     1     1     1    22 30.000000   2.311599   0.193986   0.049347
  2020     1     1     1    23  0.000000   2.311599   0.193986   0.049387
  2020     1     1     1    23 30.000000   2.311599   0.193986   0.049422
  2020     1     1     1    24  0.000000   2.311599   0.193985   0.049455
  2020     1     1     1    24 30.000000   2.311599   0.193985   0.049486
  2020     1     1     1    25  0.000000   2.311599   0.193985   0.049518
  2020     1     1     1    25 30.000000   2.311599   0.193984   0.049546
  2020     1     1     1    26  0.000000   2.311599   0.193984   0.049570
  2020     1     1     1    26 30.000000   2.311599   0.193984   0.049591
  2020     1     1     1    27  0.000000   2.311599   0.193983   0.049611
  2020     1     1     1    27 30.000000   2.311599   0.193983   0.049629
  2020     1     1     1    28  0.000000   2.311599   0.193983   0.049638
  2020     1     1     1    28 30.000000   2.311599   0.193982   0.049641
  2020     1     1     1    29  0.000000   2.311599   0.193982   0.049642
  2020     1     1     1    29 30.000000   2.311600   0.193982   0.049641
  2020     1     1     1    30  0.000000   2.311600   0.193981   0.049641
  2020     1     1     1    30 30.000000   2.311600   0.193981   0.049641
  2020     1     1     1    31  0.000000   2.311600   0.193981   0.049639
  2020     1     1     1    31 30.000000   2.311600   0.193980   0.049632
  2020     1     1     1    32  0.000000   2.311600   0.193980   0.049622
  2020     1     1     1    32 30.000000   2.311600   0.193980   0.049614
  2020     1     1     1    33  0.000000   2.311600   0.193979   0.049606
  2020     1     1     1    33 30.000000   2.311600   0.193979   0.049597
  2020     1     1     1    34  0.000000   2.311600   0.193979   0.049587
  2020     1     1     1    34 30.000000   2.311600   0.193978   0.049581
  2020     1     1     1    35  0.000000   2.311600   0.193978   0.049576
  2020     1     1     1    35 30.000000   2.311600   0.193978   0.049575
  2020     1     1     1    36  0.000000   2.311600   0.193977   0.049578
  2020     1     1     1    36 30.000000   2.311600   0.193977   0.049583
  2020     1     1     1    37  0.000000   2.311600   0.193977   0.049590
  2020     1     1     1    37 30.000000   2.311600   0.193976   0.049602
  2020     1     1     1    38  0.000000   2.311600   0.193976   0.049615
  2020     1     1     1    38 30.000000   2.311600   0.193976   0.049625
  2020     1     1     1    39  0.000000   2.311600   0.193975   0.049635
  2020     1     1     1    39 30.000000   2.311600   0.193975   0.049643
  2020     1     1     1    40  0.000000   2.311600   0.193975   0.049652
  2020     1     1     1    40 30.000000   2.311600   0.193974   0.049661
  2020     1     1     1    41  0.000000   2.311600   0.193974   0.049669
  2020     1     1     1    41 30.000000   2.311600   0.193974   0.049672
  2020     1     1     1    42  0.000000   2.311600   0.193973   0.049671
  2020     1     1     1    42 30.000000   2.311600   0.193973   0.049672
  2020     1     1     1    43  0.000000   2.311600   0.193973   0.049678
  2020     1     1     1    43 30.000000   2.311601   0.193972   0.049687
  2020     1     1     1    44  0.000000   2.311601   0.193972   0.049696
  2020     1     1     1    44 30.000000   2.311601   0.193972   0.049703
  2020     1     1     1    45  0.000000   2.311601   0.193971   0.049708
  2020     1     1     1    45 30.000000   2.311601   0.193971   0.049714
  2020     1     1     1    46  0.000000   2.311601   0.193971   0.049720
  2020     1     1     1    46 30.000000   2.311601   0.193970   0.049735
  2020     1     1     1    47  0.000000   2.311601   0.193970   0.049758
  2020     1     1     1    47 30.000000   2.311601   0.193970   0.049788
  2020     1     1     1    48  0.000000   2.311601   0.193969   0.049824
  2020     1     1     1    48 30.000000   2.311601   0.193969   0.049868
  2020     1     1     1    49  0.000000   2.311601   0.193969   0.049914
  2020     1     1     1    49 30.000000   2.311601   0.193968   0.049965
  2020     1     1     1    50  0.000000   2.311601   0.193968   0.050021
  2020     1     1     1    50 30.000000   2.311601   0.193967   0.050083
  2020     1     1     1    51  0.000000   2.311601   0.193967   0.050151
  2020     1     1     1    51 30.000000   2.311601   0.193967   0.050229
  2020     1     1     1    52  0.000000   2.311601   0.193966   0.050314
  2020     1     1     1    52 30.000000   2.311601   0.193966   0.050404
  2020     1     1     1    53  0.000000   2.311601   0.193966   0.050497
  2020     1     1     1    53 30.000000   2.311601   0.193965   0.050598
  2020     1     1     1    54  0.000000   2.311601   0.193965   0.050714
  2020     1     1     1    54 30.000000   2.311601   0.193965   0.050838
  2020     1     1     1    55  0.000000   2.311601   0.193964   0.050965
  2020     1     1     1    55 30.000000   2.311601   0.193964   0.051093
  2020     1     1     1    56  0.000000   2.311601   0.193964   0.051226
  2020     1     1     1    56 30.000000   2.311601   0.193963   0.051362
  2020     1     1     1    57  0.000000   2.311601   0.193963   0.051497
  2020     1     1     1    57 30.000000   2.311602   0.193963   0.051628
  2020     1     1     1    58  0.000000   2.311602   0.193962   0.051754
  2020     1     1     1    58 30.000000   2.311602   0.193962   0.051874
  2020     1     1     1    59  0.000000   2.311602   0.193962   0.051992
  2020     1     1     1    59 30.000000   2.311602   0.193961   0.052106
  2020     1     1     2     0  0.000000   2.311602   0.193961   0.052217
  2020     1     1     2     0 30.000000   2.311602   0.193961   0.052329
  2020     1     1     2     1  0.000000   2.311602   0.193960   0.052449
  2020     1     1     2     1 30.000000   2.311602   0.193960   0.052575
  2020     1     1     2     2  0.000000   2.311602   0.193960   0.052701
  2020     1     1     2     2 30.000000   2.311602   0.193959   0.052825
  2020     1     1     2     3  0.000000   2.311602   0.193959   0.052948
  2020     1     1     2     3 30.000000   2.311602   0.193959   0.053074
  2020     1     1     2     4  0.000000   2.311602   0.193958   0.053195
  2020     1     1     2     4 30.000000   2.311602   0.193958   0.053319
  2020     1     1     2     5  0.000000   2.311602   0.193958   0.053435
  2020     1     1     2     5 30.000000   2.311602   0.193957   0.053542
  2020     1     1     2     6  0.000000   2.311602   0.193957   0.053635
  2020     1     1     2     6 30.000000   2.311602   0.193957   0.053719
  2020     1     1     2     7  0.000000   2.311602   0.193956   0.053792
  2020     1     1     2     7 30.000000   2.311602   0.193956   0.053860
  2020     1     1     2     8  0.000000   2.311602   0.193956   0.053922
  2020     1     1     2     8 30.000000   2.311602   0.193955   0.053980
  2020     1     1     2     9  0.000000   2.311602   0.193955   0.054035
  2020     1     1     2     9 30.000000   2.311602   0.193955   0.054088
  2020     1     1     2    10  0.000000   2.311602   0.193954   0.054143
  2020     1     1     2    10 30.000000   2.311602   0.193954   0.054198
  2020     1     1     2    11  0.000000   2.311603   0.193954   0.054249
  2020     1     1     2    11 30.000000   2.311603   0.193953   0.054298
  2020     1     1     2    12  0.000000   2.311603   0.193953   0.054342
  2020     1     1     2    12 30.000000   2.311603   0.193953   0.054378
  2020     1     1     2    13  0.000000   2.311603   0.193952   0.054411
  2020     1     1     2    13 30.000000   2.311603   0.193952   0.054443
  2020     1     1     2    14  0.000000   2.311603   0.193952   0.054470
  2020     1     1     2    14 30.000000   2.311603   0.193951   0.054494
  2020     1     1     2    15  0.000000   2.311603   0.193951   0.054512
  2020     1     1     2    15 30.000000   2.311603   0.193951   0.054520
  2020     1     1     2    16  0.000000   2.311603   0.193950   0.054520
  2020     1     1     2    16 30.000000   2.311603   0.193950   0.054514
  2020     1     1     2    17  0.000000   2.311603   0.193950   0.054501
  2020     1     1     2    17 30.000000   2.311603   0.193949   0.054483
  2020     1     1     2    18  0.000000   2.311603   0.193949   0.054456
  2020     1     1     2    18 30.000000   2.311603   0.193949   0.054420
  2020     1     1     2    19  0.000000   2.311603   0.193948   0.054379
  2020     1     1     2    19 30.000000   2.311603   0.193948   0.054330
  2020     1     1     2    20  0.000000   2.311603   0.193948   0.054276
  2020     1     1     2    20 30.000000   2.311603   0.193947   0.054215
  2020     1     1     2    21  0.000000   2.311603   0.193947   0.054151
  2020     1     1     2    21 30.000000   2.311603   0.193947   0.054082
  2020     1     1     2    22  0.000000   2.311603   0.193946   0.054010
  2020     1     1     2    22 30.000000   2.311603   0.193946   0.053939
  2020     1     1     2    23  0.000000   2.311603   0.193946   0.053868
  2020     1     1     2    23 30.000000   2.311603   0.193945   0.053798
  2020     1     1     2    24  0.000000   2.311603   0.193945   0.053730
  2020     1     1     2    24 30.000000   2.311603   0.193945   0.053667
  2020     1     1     2    25  0.000000   2.311604   0.193944   0.053615
  2020     1     1     2    25 30.000000   2.311604   0.193944   0.053573
  2020     1     1     2    26  0.000000   2.311604   0.193943   0.053540
  2020     1     1     2    26 30.000000   2.311604   0.193943   0.053516
  2020     1     1     2    27  0.000000   2.311604   0.193943   0.053503
  2020     1     1     2    27 30.000000   2.311604   0.193942   0.053497
  2020     1     1     2    28  0.000000   2.311604   0.193942   0.053498
  2020     1     1     2    28 30.000000   2.311604   0.193942   0.053502
  2020     1     1     2    29  0.000000   2.311604   0.193941   0.053511
  2020     1     1     2    29 30.000000   2.311604   0.193941   0.053531
  2020     1     1     2    30  0.000000   2.311604   0.193941   0.053558
  2020     1     1     2    30 30.000000   2.311604   0.193940   0.053594
  2020     1     1     2    31  0.000000   2.311604   0.193940   0.053640
  2020     1     1     2    31 30.000000   2.311604   0.193940   0.053692
  2020     1     1     2    32  0.000000   2.311604   0.193939   0.053745
  2020     1     1     2    32 30.000000   2.311604   0.193939   0.053800
  2020     1     1     2    33  0.000000   2.311604   0.193939   0.053855
  2020     1     1     2    33 30.000000   2.311604   0.193938   0.053910
  2020     1     1     2    34  0.000000   2.311604   0.193938   0.053962
  2020     1     1     2    34 30.000000   2.311604   0.193938   0.054005
  2020     1     1     2    35  0.000000   2.311604   0.193937   0.054039
  2020     1     1     2    35 30.000000   2.311604   0.193937   0.054068
  2020     1     1     2    36  0.000000   2.311604   0.193937   0.054092
  2020     1     1     2    36 30.000000   2.311604   0.193936   0.054118
  2020     1     1     2    37  0.000000   2.311604   0.193936   0.054141
  2020     1     1     2    37 30.000000   2.311604   0.193936   0.054159
  2020     1     1     2    38  0.000000   2.311604   0.193935   0.054181
  2020     1     1     2    38 30.000000   2.311604   0.193935   0.054197
  2020     1     1     2    39  0.000000   2.311605   0.193935   0.054212
  2020     1     1     2    39 30.000000   2.311605   0.193934   0.054234
  2020     1     1     2    40  0.000000   2.311605   0.193934   0.054256
  2020     1     1     2    40 30.000000   2.311605   0.193934   0.054277
  2020     1     1     2    41  0.000000   2.311605   0.193933   0.054296
  2020     1     1     2    41 30.000000   2.311605   0.193933   0.054313
  2020     1     1     2    42  0.000000   2.311605   0.193933   0.054330
  2020     1     1     2    42 30.000000   2.311605   0.193932   0.054341
  2020     1     1     2    43  0.000000   2.311605   0.193932   0.054351
  2020     1     1     2    43 30.000000   2.311605   0.193932   0.054353
  2020     1     1     2    44  0.000000   2.311605   0.193931   0.054349
  2020     1     1     2    44 30.000000   2.311605   0.193931   0.054346
  2020     1     1     2    45  0.000000   2.311605   0.193931   0.054341
  2020     1     1     2    45 30.000000   2.311605   0.193930   0.054334
  2020     1     1     2    46  0.000000   2.311605   0.193930   0.054325
  2020     1     1     2    46 30.000000   2.311605   0.193930   0.054316
  2020     1     1     2    47  0.000000   2.311605   0.193929   0.054309
  2020     1     1     2    47 30.000000   2.311605   0.193929   0.054303
  2020     1     1     2    48  0.000000   2.311605   0.193929   0.054298
  2020     1     1     2    48 30.000000   2.311605   0.193928   0.054291
  2020     1     1     2    49  0.000000   2.311605   0.193928   0.054287
  2020     1     1     2    49 30.000000   2.311605   0.193928   0.054284
  2020     1     1     2    50  0.000000   2.311605   0.193927   0.054283
  2020     1     1     2    50 30.000000   2.311605   0.193927   0.054282
  2020     1     1     2    51  0.000000   2.311605   0.193927   0.054282
  2020     1     1     2    51 30.000000   2.311605   0.193926   0.054285
  2020     1     1     2    52  0.000000   2.311605   0.193926   0.054293
  2020     1     1     2    52 30.000000   2.311605   0.193926   0.054305
  2020     1     1     2    53  0.000000   2.311606   0.193925   0.054321
  2020     1     1     2    53 30.000000   2.311606   0.193925   0.054341
  2020     1     1     2    54  0.000000   2.311606   0.193925   0.054367
  2020     1     1     2    54 30.000000   2.311606   0.193924   0.054399
  2020     1     1     2    55  0.000000   2.311606   0.193924   0.054440
  2020     1     1     2    55 30.000000   2.311606   0.193924   0.054483
  2020     1     1     2    56  0.000000   2.311606   0.193923   0.054528
  2020     1     1     2    56 30.000000   2.311606   0.193923   0.054573
  2020     1     1     2    57  0.000000   2.311606   0.193923   0.054616
  2020     1     1     2    57 30.000000   2.311606   0.193922   0.054655
  2020     1     1     2    58  0.000000   2.311606   0.193922   0.054694
  2020     1     1     2    58 30.000000   2.311606   0.193922   0.054739
  2020     1     1     2    59  0.000000   2.311606   0.193921   0.054787
  2020     1     1     2    59 30.000000   2.311606   0.193921   0.054838
  2020     1     1     3     0  0.000000   2.311606   0.193921   0.054893
  2020     1     1     3     0 30.000000   2.311606   0.193920   0.054947
  2020     1     1     3     1  0.000000   2.311606   0.193920   0.054997
  2020     1     1     3     1 30.000000   2.311606   0.193920   0.055042
  2020     1     1     3     2  0.000000   2.311606   0.193919   0.055084
  2020     1     1     3     2 30.000000   2.311606   0.193919   0.055125
  2020     1     1     3     3  0.000000   2.311606   0.193918   0.055164
  2020     1     1     3     3 30.000000   2.311606   0.193918   0.055202
  2020     1     1     3     4  0.000000   2.311606   0.193918   0.055242
  2020     1     1     3     4 30.000000   2.311606   0.193917   0.055282
  2020     1     1     3     5  0.000000   2.311606   0.193917   0.055322
  2020     1     1     3     5 30.000000   2.311606   0.193917   0.055357
  2020     1     1     3     6  0.000000   2.311606   0.193916   0.055384
  2020     1     1     3     6 30.000000   2.311606   0.193916   0.055403
  2020     1     1     3     7  0.000000   2.311607   0.193916   0.055418
  2020     1     1     3     7 30.000000   2.311607   0.193915   0.055431
  2020     1     1     3     8  0.000000   2.311607   0.193915   0.055450
  2020     1     1     3     8 30.000000   2.311607   0.193915   0.055472
  2020     1     1     3     9  0.000000   2.311607   0.193914   0.055497
  2020     1     1     3     9 30.000000   2.311607   0.193914   0.055524
  2020     1     1     3    10  0.000000   2.311607   0.193914   0.055547
  2020     1     1     3    10 30.000000   2.311607   0.193913   0.055567
  2020     1     1     3    11  0.000000   2.311607   0.193913   0.055586
  2020     1     1     3    11 30.000000   2.311607   0.193913   0.055604
  2020     1     1     3    12  0.000000   2.311607   0.193912   0.055618
  2020     1     1     3    12 30.000000   2.311607   0.193912   0.055628
  2020     1     1     3    13  0.000000   2.311607   0.193912   0.055637
  2020     1     1     3    13 30.000000   2.311607   0.193911   0.055650
  2020     1     1     3    14  0.000000   2.311607   0.193911   0.055661
  2020     1     1     3    14 30.000000   2.311607   0.193911   0.055667
  2020     1     1     3    15  0.000000   2.311607   0.193910   0.055667
  2020     1     1     3    15 30.000000   2.311607   0.193910   0.055657
  2020     1     1     3    16  0.000000   2.311607   0.193910   0.055634
  2020     1     1     3    16 30.000000   2.311607   0.193909   0.055599
  2020     1     1     3    17  0.000000   2.311607   0.193909   0.055551
  2020     1     1     3    17 30.000000   2.311607   0.193909   0.055496
  2020     1     1     3    18  0.000000   2.311607   0.193908   0.055431
  2020     1     1     3    18 30.000000   2.311607   0.193908   0.055359
  2020     1     1     3    19  0.000000   2.311607   0.193908   0.055282
  2020     1     1     3    19 30.000000   2.311607   0.193907   0.055201
  2020     1     1     3    20  0.000000   2.311607   0.193907   0.055118
  2020     1     1     3    20 30.000000   2.311607   0.193907   0.055030
  2020     1     1     3    21  0.000000   2.311608   0.193906   0.054937
  2020     1     1     3    21 30.000000   2.311608   0.193906   0.054840
  2020     1     1     3    22  0.000000   2.311608   0.193906   0.054741
  2020     1     1     3    22 30.000000   2.311608   0.193905   0.054640
  2020     1     1     3    23  0.000000   2.311608   0.193905   0.054544
  2020     1     1     3    23 30.000000   2.311608   0.193905   0.054452
  2020     1     1     3    24  0.000000   2.311608   0.193904   0.054367
  2020     1     1     3    24 30.000000   2.311608   0.193904   0.054287
  2020     1     1     3    25  0.000000   2.311608   0.193904   0.054212
  2020     1     1     3    25 30.000000   2.311608   0.193903   0.054142
  2020     1     1     3    26  0.000000   2.311608   0.193903   0.054073
  2020     1     1     3    26 30.000000   2.311608   0.193903   0.054004
  2020     1     1     3    27  0.000000   2.311608   0.193902   0.053936
  2020     1     1     3    27 30.000000   2.311608   0.193902   0.053866
  2020     1     1     3    28  0.000000   2.311608   0.193902   0.053792
  2020     1     1     3    28 30.000000   2.311608   0.193901   0.053717
  2020     1     1     3    29  0.000000   2.311608   0.193901   0.053645
  2020     1     1     3    29 30.000000   2.311608   0.193901   0.053570
  2020     1     1     3    30  0.000000   2.311608   0.193900   0.053493
  2020     1     1     3    30 30.000000   2.311608   0.193900   0.053418
  2020     1     1     3    31  0.000000   2.311608   0.193900   0.053348
  2020     1     1     3    31 30.000000   2.311608   0.193899   0.053278
  2020     1     1     3    32  0.000000   2.311608   0.193899   0.053201
  2020     1     1     3    32 30.000000   2.311608   0.193899   0.053116
  2020     1     1     3    33  0.000000   2.311608   0.193898   0.053022
  2020     1     1     3    33 30.000000   2.311608   0.193898   0.052921
  2020     1     1     3    34  0.000000   2.311608   0.193898   0.052809
  2020     1     1     3    34 30.000000   2.311608   0.193897   0.052691
  2020     1     1     3    35  0.000000   2.311609   0.193897   0.052573
  2020     1     1     3    35 30.000000   2.311609   0.193897   0.052456
  2020     1     1     3    36  0.000000   2.311609   0.193896   0.052339
  2020     1     1     3    36 30.000000   2.311609   0.193896   0.052224
  2020     1     1     3    37  0.000000   2.311609   0.193896   0.052101
  2020     1     1     3    37 30.000000   2.311609   0.193895   0.051973
  2020     1     1     3    38  0.000000   2.311609   0.193895   0.051841
  2020     1     1     3    38 30.000000   2.311609   0.193895   0.051700
  2020     1     1     3    39  0.000000   2.311609   0.193894   0.051554
  2020     1     1     3    39 30.000000   2.311609   0.193894   0.051404
  2020     1     1     3    40  0.000000   2.311609   0.193893   0.051250
  2020     1     1     3    40 30.000000   2.311609   0.193893   0.051095
  2020     1     1     3    41  0.000000   2.311609   0.193893   0.050941
  2020     1     1     3    41 30.000000   2.311609   0.193892   0.050790
  2020     1     1     3    42  0.000000   2.311609   0.193892   0.050646
  2020     1     1     3    42 30.000000   2.311609   0.193892   0.050505
  2020     1     1     3    43  0.000000   2.311609   0.193891   0.050367
  2020     1     1     3    43 30.000000   2.311609   0.193891   0.050231
  2020     1     1     3    44  0.000000   2.311609   0.193891   0.050102
  2020     1     1     3    44 30.000000   2.311609   0.193890   0.049984
  2020     1     1     3    45  0.000000   2.311609   0.193890   0.049873
  2020     1     1     3    45 30.000000   2.311609   0.193890   0.049773
  2020     1     1     3    46  0.000000   2.311609   0.193889   0.049682
  2020     1     1     3    46 30.000000   2.311609   0.193889   0.049597
  2020     1     1     3    47  0.000000   2.311609   0.193889   0.049518
  2020     1     1     3    47 30.000000   2.311609   0.193888   0.049443
  2020     1     1     3    48  0.000000   2.311609   0.193888   0.049374
  2020     1     1     3    48 30.000000   2.311610   0.193888   0.049311
  2020     1     1     3    49  0.000000   2.311610   0.193887   0.049253
  2020     1     1     3    49 30.000000   2.311610   0.193887   0.049193
  2020     1     1     3    50  0.000000   2.311610   0.193887   0.049133
  2020     1     1     3    50 30.000000   2.311610   0.193886   0.049074
  2020     1     1     3    51  0.000000   2.311610   0.193886   0.049013
  2020     1     1     3    51 30.000000   2.311610   0.193886   0.048953
  2020     1     1     3    52  0.000000   2.311610   0.193885   0.048892
  2020     1     1     3    52 30.000000   2.311610   0.193885   0.048830
  2020     1     1     3    53  0.000000   2.311610   0.193885   0.048770
  2020     1     1     3    53 30.000000   2.311610   0.193884   0.048715
  2020     1     1     3    54  0.000000   2.311610   0.193884   0.048664
  2020     1     1     3    54 30.000000   2.311610   0.193884   0.048614
  2020     1     1     3    55  0.000000   2.311610   0.193883   0.048571
  2020     1     1     3    55 30.000000   2.311610   0.193883   0.048531
  2020     1     1     3    56  0.000000   2.311610   0.193883   0.048495
  2020     1     1     3    56 30.000000   2.311610   0.193882   0.048463
  2020     1     1     3    57  0.000000   2.311610   0.193882   0.048433
  2020     1     1     3    57 30.000000   2.311610   0.193882   0.048400
  2020     1     1     3    58  0.000000   2.311610   0.193881   0.048368
  2020     1     1     3    58 30.000000   2.311610   0.193881   0.048341
  2020     1     1     3    59  0.000000   2.311610   0.193881   0.048321
  2020     1     1     3    59 30.000000   2.311610   0.193880   0.048308
  2020     1     1     4     0  0.000000   2.311610   0.193880   0.048299
  2020     1     1     4     0 30.000000   2.311610   0.193880   0.048291
  2020     1     1     4     1  0.000000   2.311610   0.193879   0.048287
  2020     1     1     4     1 30.000000   2.311610   0.193879   0.048286
  2020     1     1     4     2  0.000000   2.311610   0.193879   0.048286
  2020     1     1     4     2 30.000000   2.311611   0.193878   0.048288
  2020     1     1     4     3  0.000000   2.311611   0.193878   0.048282
  2020     1     1     4     3 30.000000   2.311611   0.193878   0.048272
  2020     1     1     4     4  0.000000   2.311611   0.193877   0.048261
  2020     1     1     4     4 30.000000   2.311611   0.193877   0.048250
  2020     1     1     4     5  0.000000   2.311611   0.193877   0.048236
  2020     1     1     4     5 30.000000   2.311611   0.193876   0.048220
  2020     1     1     4     6  0.000000   2.311611   0.193876   0.048204
  2020     1     1     4     6 30.000000   2.311611   0.193876   0.048190
  2020     1     1     4     7  0.000000   2.311611   0.193875   0.048177
  2020     1     1     4     7 30.000000   2.311611   0.193875   0.048170
  2020     1     1     4     8  0.000000   2.311611   0.193875   0.048164
  2020     1     1     4     8 30.000000   2.311611   0.193874   0.048158
  2020     1     1     4     9  0.000000   2.311611   0.193874   0.048153
  2020     1     1     4     9 30.000000   2.311611   0.193874   0.048146
  2020     1     1     4    10  0.000000   2.311611   0.193873   0.048137
  2020     1     1     4    10 30.000000   2.311611   0.193873   0.048118
  2020     1     1     4    11  0.000000   2.311611   0.193873   0.048090
  2020     1     1     4    11 30.000000   2.311611   0.193872   0.048064
  2020     1     1     4    12  0.000000   2.311611   0.193872   0.048046
  2020     1     1     4    12 30.000000   2.311611   0.193872   0.048031
  2020     1     1     4    13  0.000000   2.311611   0.193871   0.048017
  2020     1     1     4    13 30.000000   2.311611   0.193871   0.047996
  2020     1     1     4    14  0.000000   2.311611   0.193871   0.047971
  2020     1     1     4    14 30.000000   2.311611   0.193870   0.047947
  2020     1     1     4    15  0.000000   2.311611   0.193870   0.047928
  2020     1     1     4    15 30.000000   2.311611   0.193870   0.047912
  2020     1     1     4    16  0.000000   2.311611   0.193869   0.047900
  2020     1     1     4    16 30.000000   2.311612   0.193869   0.047894
  2020     1     1     4    17  0.000000   2.311612   0.193869   0.047888
  2020     1     1     4    17 30.000000   2.311612   0.193868   0.047885
  2020     1     1     4    18  0.000000   2.311612   0.193868   0.047882
  2020     1     1     4    18 30.000000   2.311612   0.193868   0.047878
  2020     1     1     4    19  0.000000   2.311612   0.193867   0.047872
  2020     1     1     4    19 30.000000   2.311612   0.193867   0.047864
  2020     1     1     4    20  0.000000   2.311612   0.193866   0.047855
  2020     1     1     4    20 30.000000   2.311612   0.193866   0.047843
  2020     1     1     4    21  0.000000   2.311612   0.193866   0.047832
  2020     1     1     4    21 30.000000   2.311612   0.193865   0.047816
  2020     1     1     4    22  0.000000   2.311612   0.193865   0.047802
  2020     1     1     4    22 30.000000   2.311612   0.193865   0.047791
  2020     1     1     4    23  0.000000   2.311612   0.193864   0.047781
  2020     1     1     4    23 30.000000   2.311612   0.193864   0.047777
  2020     1     1     4    24  0.000000   2.311612   0.193864   0.047778
  2020     1     1     4    24 30.000000   2.311612   0.193863   0.047776
  2020     1     1     4    25  0.000000   2.311612   0.193863   0.047780
  2020     1     1     4    25 30.000000   2.311612   0.193863   0.047783
  2020     1     1     4    26  0.000000   2.311612   0.193862   0.047794
  2020     1     1     4    26 30.000000   2.311612   0.193862   0.047811
  2020     1     1     4    27  0.000000   2.311612   0.193862   0.047833
  2020     1     1     4    27 30.000000   2.311612   0.193861   0.047854
  2020     1     1     4    28  0.000000   2.311612   0.193861   0.047877
  2020     1     1     4    28 30.000000   2.311612   0.193861   0.047896
  2020     1     1     4    29  0.000000   2.311612   0.193860   0.047913
  2020     1     1     4    29 30.000000   2.311612   0.193860   0.047931
  2020     1     1     4    30  0.000000   2.311612   0.193860   0.047950
  2020     1     1     4    30 30.000000   2.311613   0.193859   0.047969
  2020     1     1     4    31  0.000000   2.311613   0.193859   0.047986
  2020     1     1     4    31 30.000000   2.311613   0.193859   0.048000
  2020     1     1     4    32  0.000000   2.311613   0.193858   0.048014
  2020     1     1     4    32 30.000000   2.311613   0.193858   0.048030
  2020     1     1     4    33  0.000000   2.311613   0.193858   0.048046
  2020     1     1     4    33 30.000000   2.311613   0.193857   0.048059
  2020     1     1     4    34  0.000000   2.311613   0.193857   0.048067
  2020     1     1     4    34 30.000000   2.311613   0.193857   0.048071
  2020     1     1     4    35  0.000000   2.311613   0.193856   0.048075
  2020     1     1     4    35 30.000000   2.311613   0.193856   0.048077
  2020     1     1     4    36  0.000000   2.311613   0.193856   0.048078
  2020     1     1     4    36 30.000000   2.311613   0.193855   0.048073
  2020     1     1     4    37  0.000000   2.311613   0.193855   0.048067
  2020     1     1     4    37 30.000000   2.311613   0.193855   0.048058
  2020     1     1     4    38  0.000000   2.311613   0.193854   0.048043
  2020     1     1     4    38 30.000000   2.311613   0.193854   0.048026
  2020     1     1     4    39  0.000000   2.311613   0.193854   0.048010
  2020     1     1     4    39 30.000000   2.311613   0.193853   0.047997
  2020     1     1     4    40  0.000000   2.311613   0.193853   0.047980
  2020     1     1     4    40 30.000000   2.311613   0.193853   0.047961
  2020     1     1     4    41  0.000000   2.311613   0.193852   0.047938
  2020     1     1     4    41 30.000000   2.311613   0.193852   0.047911
  2020     1     1     4    42  0.000000   2.311613   0.193852   0.047883
  2020     1     1     4    42 30.000000   2.311613   0.193851   0.047852
  2020     1     1     4    43  0.000000   2.311613   0.193851   0.047816
  2020     1     1     4    43 30.000000   2.311613   0.193851   0.047781
  2020     1     1     4    44  0.000000   2.311613   0.193850   0.047743
  2020     1     1     4    44 30.000000   2.311614   0.193850   0.047701
  2020     1     1     4    45  0.000000   2.311614   0.193850   0.047655
  2020     1     1     4    45 30.000000   2.311614   0.193849   0.047606
  2020     1     1     4    46  0.000000   2.311614   0.193849   0.047556
  2020     1     1     4    46 30.000000   2.311614   0.193849   0.047507
  2020     1     1     4    47  0.000000   2.311614   0.193848   0.047458
  2020     1     1     4    47 30.000000   2.311614   0.193848   0.047407
  2020     1     1     4    48  0.000000   2.311614   0.193848   0.047352
  2020     1     1     4    48 30.000000   2.311614   0.193847   0.047293
  2020     1     1     4    49  0.000000   2.311614   0.193847   0.047236
  2020     1     1     4    49 30.000000   2.311614   0.193847   0.047180
  2020     1     1     4    50  0.000000   2.311614   0.193846   0.047127
  2020     1     1     4    50 30.000000   2.311614   0.193846   0.047076
  2020     1     1     4    51  0.000000   2.311614   0.193846   0.047026
  2020     1     1     4    51 30.000000   2.311614   0.193845   0.046981
  2020     1     1     4    52  0.000000   2.311614   0.193845   0.046938
  2020     1     1     4    52 30.000000   2.311614   0.193845   0.046896
  2020     1     1     4    53  0.000000   2.311614   0.193844   0.046857
  2020     1     1     4    53 30.000000   2.311614   0.193844   0.046816
  2020     1     1     4    54  0.000000   2.311614   0.193844   0.046776
  2020     1     1     4    54 30.000000   2.311614   0.193843   0.046740
  2020     1     1     4    55  0.000000   2.311614   0.193843   0.046705
  2020     1     1     4    55 30.000000   2.311614   0.193843   0.046668
  2020     1     1     4    56  0.000000   2.311614   0.193842   0.046631
  2020     1     1     4    56 30.000000   2.311614   0.193842   0.046594
  2020     1     1     4    57  0.000000   2.311614   0.193842   0.046565
  2020     1     1     4    57 30.000000   2.311614   0.193841   0.046542
  2020     1     1     4    58  0.000000   2.311614   0.193841   0.046527
  2020     1     1     4    58 30.000000   2.311615   0.193841   0.046518
  2020     1     1     4    59  0.000000   2.311615   0.193840   0.046518
  2020     1     1     4    59 30.000000   2.311615   0.193840   0.046526
  2020     1     1     5     0  0.000000   2.311615   0.193840   0.046535
  2020     1     1     5     0 30.000000   2.311615   0.193839   0.046545
  2020     1     1     5     1  0.000000   2.311615   0.193839   0.046557
  2020     1     1     5     1 30.000000   2.311615   0.193838   0.046573
  2020     1     1     5     2  0.000000   2.311615   0.193838   0.046590
  2020     1     1     5     2 30.000000   2.311615   0.193838   0.046604
  2020     1     1     5     3  0.000000   2.311615   0.193837   0.046613
  2020     1     1     5     3 30.000000   2.311615   0.193837   0.046618
  2020     1     1     5     4  0.000000   2.311615   0.193837   0.046620
  2020     1     1     5     4 30.000000   2.311615   0.193836   0.046620
  2020     1     1     5     5  0.000000   2.311615   0.193836   0.046622
  2020     1     1     5     5 30.000000   2.311615   0.193836   0.046625
  2020     1     1     5     6  0.000000   2.311615   0.193835   0.046632
  2020     1     1     5     6 30.000000   2.311615   0.193835   0.046640
  2020     1     1     5     7  0.000000   2.311615   0.193835   0.046648
  2020     1     1     5     7 30.000000   2.311615   0.193834   0.046661
  2020     1     1     5     8  0.000000   2.311615   0.193834   0.046676
  2020     1     1     5     8 30.000000   2.311615   0.193834   0.046692
  2020     1     1     5     9  0.000000   2.311615   0.193833   0.046709
  2020     1     1     5     9 30.000000   2.311615   0.193833   0.046727
  2020     1     1     5    10  0.000000   2.311615   0.193833   0.046747
  2020     1     1     5    10 30.000000   2.311615   0.193832   0.046766
  2020     1     1     5    11  0.000000   2.311615   0.193832   0.046786
  2020     1     1     5    11 30.000000   2.311615   0.193832   0.046811
  2020     1     1     5    12  0.000000   2.311615   0.193831   0.046837
  2020     1     1     5    12 30.000000   2.311616   0.193831   0.046866
  2020     1     1     5    13  0.000000   2.311616   0.193831   0.046901
  2020     1     1     5    13 30.000000   2.311616   0.193830   0.046944
  2020     1     1     5    14  0.000000   2.311616   0.193830   0.046999
  2020     1     1     5    14 30.000000   2.311616   0.193830   0.047055
  2020     1     1     5    15  0.000000   2.311616   0.193829   0.047108
  2020     1     1     5    15 30.000000   2.311616   0.193829   0.047158
  2020     1     1     5    16  0.000000   2.311616   0.193829   0.047210
  2020     1     1     5    16 30.000000   2.311616   0.193828   0.047260
  2020     1     1     5    17  0.000000   2.311616   0.193828   0.047311
  2020     1     1     5    17 30.000000   2.311616   0.193828   0.047359
  2020     1     1     5    18  0.000000   2.311616   0.193827   0.047403
  2020     1     1     5    18 30.000000   2.311616   0.193827   0.047447
  2020     1     1     5    19  0.000000   2.311616   0.193827   0.047488
  2020     1     1     5    19 30.000000   2.311616   0.193826   0.047526
  2020     1     1     5    20  0.000000   2.311616   0.193826   0.047560
  2020     1     1     5    20 30.000000   2.311616   0.193826   0.047592
  2020     1     1     5    21  0.000000   2.311616   0.193825   0.047623
  2020     1     1     5    21 30.000000   2.311616   0.193825   0.047649
  2020     1     1     5    22  0.000000   2.311616   0.193825   0.047668
  2020     1     1     5    22 30.000000   2.311616   0.193824   0.047682
  2020     1     1     5    23  0.000000   2.311616   0.193824   0.047692
  2020     1     1     5    23 30.000000   2.311616   0.193824   0.047693
  2020     1     1     5    24  0.000000   2.311616   0.193823   0.047689
  2020     1     1     5    24 30.000000   2.311616   0.193823   0.047684
  2020     1     1     5    25  0.000000   2.311616   0.193823   0.047680
  2020     1     1     5    25 30.000000   2.311616   0.193822   0.047675
  2020     1     1     5    26  0.000000   2.311616   0.193822   0.047670
  2020     1     1     5    26 30.000000   2.311617   0.193822   0.047666
  2020     1     1     5    27  0.000000   2.311617   0.193821   0.047662
  2020     1     1     5    27 30.000000   2.311617   0.193821   0.047656
  2020     1     1     5    28  0.000000   2.311617   0.193821   0.047650
  2020     1     1     5    28 30.000000   2.311617   0.193820   0.047640
  2020     1     1     5    29  0.000000   2.311617   0.193820   0.047626
  2020     1     1     5    29 30.000000   2.311617   0.193820   0.047608
  2020     1     1     5    30  0.000000   2.311617   0.193819   0.047590
  2020     1     1     5    30 30.000000   2.311617   0.193819   0.047570
  2020     1     1     5    31  0.000000   2.311617   0.193819   0.047545
  2020     1     1     5    31 30.000000   2.311617   0.193818   0.047517
  2020     1     1     5    32  0.000000   2.311617   0.193818   0.047490
  2020     1     1     5    32 30.000000   2.311617   0.193818   0.047462
  2020     1     1     5    33  0.000000   2.311617   0.193817   0.047434
  2020     1     1     5    33 30.000000   2.311617   0.193817   0.047403
  2020     1     1     5    34  0.000000   2.311617   0.193817   0.047373
  2020     1     1     5    34 30.000000   2.311617   0.193816   0.047341
  2020     1     1     5    35  0.000000   2.311617   0.193816   0.047310
  2020     1     1     5    35 30.000000   2.311617   0.193816   0.047281
  2020     1     1     5    36  0.000000   2.311617   0.193815   0.047248
  2020     1     1     5    36 30.000000   2.311617   0.193815   0.047210
  2020     1     1     5    37  0.000000   2.311617   0.193815   0.047168
  2020     1     1     5    37 30.000000   2.311617   0.193814   0.047125
  2020     1     1     5    38  0.000000   2.311617   0.193814   0.047078
  2020     1     1     5    38 30.000000   2.311617   0.193814   0.047027
  2020     1     1     5    39  0.000000   2.311617   0.193813   0.046977
  2020     1     1     5    39 30.000000   2.311617   0.193813   0.046925
  2020     1     1     5    40  0.000000   2.311617   0.193813   0.046869
  2020     1     1     5    40 30.000000   2.311618   0.193812   0.046810
  2020     1     1     5    41  0.000000   2.311618   0.193812   0.046747
  2020     1     1     5    41 30.000000   2.311618   0.193812   0.046680
  2020     1     1     5    42  0.000000   2.311618   0.193811   0.046609
  2020     1     1     5    42 30.000000   2.311618   0.193811   0.046535
  2020     1     1     5    43  0.000000   2.311618   0.193811   0.046462
  2020     1     1     5    43 30.000000   2.311618   0.193810   0.046392
  2020     1     1     5    44  0.000000   2.311618   0.193810   0.046323
  2020     1     1     5    44 30.000000   2.311618   0.193809   0.046257
  2020     1     1     5    45  0.000000   2.311618   0.193809   0.046193
  2020     1     1     5    45 30.000000   2.311618   0.193809   0.046129
  2020     1     1     5    46  0.000000   2.311618   0.193808   0.046065
  2020     1     1     5    46 30.000000   2.311618   0.193808   0.045998
  2020     1     1     5    47  0.000000   2.311618   0.193808   0.045933
  2020     1     1     5    47 30.000000   2.311618   0.193807   0.045867
  2020     1     1     5    48  0.000000   2.311618   0.193807   0.045802
  2020     1     1     5    48 30.000000   2.311618   0.193807   0.045736
  2020     1     1     5    49  0.000000   2.311618   0.193806   0.045670
  2020     1     1     5    49 30.000000   2.311618   0.193806   0.045601
  2020     1     1     5    50  0.000000   2.311618   0.193806   0.045532
  2020     1     1     5    50 30.000000   2.311618   0.193805   0.045461
  2020     1     1     5    51  0.000000   2.311618   0.193805   0.045386
  2020     1     1     5    51 30.000000   2.311618   0.193805   0.045309
  2020     1     1     5    52  0.000000   2.311618   0.193804   0.045229
  2020     1     1     5    52 30.000000   2.311618   0.193804   0.045149
  2020     1     1     5    53  0.000000   2.311618   0.193804   0.045069
  2020     1     1     5    53 30.000000   2.311618   0.193803   0.044997
  2020     1     1     5    54  0.000000   2.311618   0.193803   0.044931
  2020     1     1     5    54 30.000000   2.311619   0.193803   0.044869
  2020     1     1     5    55  0.000000   2.311619   0.193802   0.044815
  2020     1     1     5    55 30.000000   2.311619   0.193802   0.044769
  2020     1     1     5    56  0.000000   2.311619   0.193802   0.044731
  2020     1     1     5    56 30.000000   2.311619   0.193801   0.044698
  2020     1     1     5    57  0.000000   2.311619   0.193801   0.044669
  2020     1     1     5    57 30.000000   2.311619   0.193801   0.044646
  2020     1     1     5    58  0.000000   2.311619   0.193800   0.044629
  2020     1     1     5    58 30.000000   2.311619   0.193800   0.044615
  2020     1     1     5    59  0.000000   2.311619   0.193800   0.044608
  2020     1     1     5    59 30.000000   2.311619   0.193799   0.044603
  2020     1     1     6     0  0.000000   2.311619   0.193799   0.044606
  2020     1     1     6     0 30.000000   2.311619   0.193799   0.044615
  2020     1     1     6     1  0.000000   2.311619   0.193798   0.044626
  2020     1     1     6     1 30.000000   2.311619   0.193798   0.044641
  2020     1     1     6     2  0.000000   2.311619   0.193798   0.044662
  2020     1     1     6     2 30.000000   2.311619   0.193797   0.044690
  2020     1     1     6     3  0.000000   2.311619   0.193797   0.044718
  2020     1     1     6     3 30.000000   2.311619   0.193797   0.044743
  2020     1     1     6     4  0.000000   2.311619   0.193796   0.044770
  2020     1     1     6     4 30.000000   2.311619   0.193796   0.044799
  2020     1     1     6     5  0.000000   2.311619   0.193796   0.044829
  2020     1     1     6     5 30.000000   2.311619   0.193795   0.044859
  2020     1     1     6     6  0.000000   2.311619   0.193795   0.044885
  2020     1     1     6     6 30.000000   2.311619   0.193795   0.044908
  2020     1     1     6     7  0.000000   2.311619   0.193794   0.044926
  2020     1     1     6     7 30.000000   2.311619   0.193794   0.044942
  2020     1     1     6     8  0.000000   2.311619   0.193794   0.044954
  2020     1     1     6     8 30.000000   2.311620   0.193793   0.044964
  2020     1     1     6     9  0.000000   2.311620   0.193793   0.044976
  2020     1     1     6     9 30.000000   2.311620   0.193793   0.044983
  2020     1     1     6    10  0.000000   2.311620   0.193792   0.044988
  2020     1     1     6    10 30.000000   2.311620   0.193792   0.044990
  2020     1     1     6    11  0.000000   2.311620   0.193792   0.044992
  2020     1     1     6    11 30.000000   2.311620   0.193791   0.044989
  2020     1     1     6    12  0.000000   2.311620   0.193791   0.044983
  2020     1     1     6    12 30.000000   2.311620   0.193791   0.044974
  2020     1     1     6    13  0.000000   2.311620   0.193790   0.044962
  2020     1     1     6    13 30.000000   2.311620   0.193790   0.044947
  2020     1     1     6    14  0.000000   2.311620   0.193790   0.044927
  2020     1     1     6    14 30.000000   2.311620   0.193789   0.044902
  2020     1     1     6    15  0.000000   2.311620   0.193789   0.044875
  2020     1     1     6    15 30.000000   2.311620   0.193789   0.044845
  2020     1     1     6    16  0.000000   2.311620   0.193788   0.044811
  2020     1     1     6    16 30.000000   2.311620   0.193788   0.044778
  2020     1     1     6    17  0.000000   2.311620   0.193788   0.044746
  2020     1     1     6    17 30.000000   2.311620   0.193787   0.044716
  2020     1     1     6    18  0.000000   2.311620   0.193787   0.044681
  2020     1     1     6    18 30.000000   2.311620   0.193787   0.044643
  2020     1     1     6    19  0.000000   2.311620   0.193786   0.044605
  2020     1     1     6    19 30.000000   2.311620   0.193786   0.044564
  2020     1     1     6    20  0.000000   2.311620   0.193786   0.044520
  2020     1     1     6    20 30.000000   2.311620   0.193785   0.044475
  2020     1     1     6    21  0.000000   2.311620   0.193785   0.044428
  2020     1     1     6    21 30.000000   2.311620   0.193785   0.044382
  2020     1     1     6    22  0.000000   2.311621   0.193784   0.044336
  2020     1     1     6    22 30.000000   2.311621   0.193784   0.044292
  2020     1     1     6    23  0.000000   2.311621   0.193784   0.044246
  2020     1     1     6    23 30.000000   2.311621   0.193783   0.044194
  2020     1     1     6    24  0.000000   2.311621   0.193783   0.044143
  2020     1     1     6    24 30.000000   2.311621   0.193783   0.044090
  2020     1     1     6    25  0.000000   2.311621   0.193782   0.044039
  2020     1     1     6    25 30.000000   2.311621   0.193782   0.043993
  2020     1     1     6    26  0.000000   2.311621   0.193782   0.043949
  2020     1     1     6    26 30.000000   2.311621   0.193781   0.043907
  2020     1     1     6    27  0.000000   2.311621   0.193781   0.043865
  2020     1     1     6    27 30.000000   2.311621   0.193781   0.043827
  2020     1     1     6    28  0.000000   2.311621   0.193780   0.043789
  2020     1     1     6    28 30.000000   2.311621   0.193780   0.043750
  2020     1     1     6    29  0.000000   2.311621   0.193780   0.043713
  2020     1     1     6    29 30.000000   2.311621   0.193779   0.043678
  2020     1     1     6    30  0.000000   2.311621   0.193779   0.043647
  2020     1     1     6    30 30.000000   2.311621   0.193779   0.043617
  2020     1     1     6    31  0.000000   2.311621   0.193778   0.043584
  2020     1     1     6    31 30.000000   2.311621   0.193778   0.043551
  2020     1     1     6    32  0.000000   2.311621   0.193777   0.043524
  2020     1     1     6    32 30.000000   2.311621   0.193777   0.043506
  2020     1     1     6    33  0.000000   2.311621   0.193777   0.043488
  2020     1     1     6    33 30.000000   2.311621   0.193776   0.043473
  2020     1     1     6    34  0.000000   2.311621   0.193776   0.043460
  2020     1     1     6    34 30.000000   2.311621   0.193776   0.043450
  2020     1     1     6    35  0.000000   2.311621   0.193775   0.043438
  2020     1     1     6    35 30.000000   2.311621   0.193775   0.043425
  2020     1     1     6    36  0.000000   2.311622   0.193775   0.043412
  2020     1     1     6    36 30.000000   2.311622   0.193774   0.043397
  2020     1     1     6    37  0.000000   2.311622   0.193774   0.043382
  2020     1     1     6    37 30.000000   2.311622   0.193774   0.043371
  2020     1     1     6    38  0.000000   2.311622   0.193773   0.043365
  2020     1     1     6    38 30.000000   2.311622   0.193773   0.043366
  2020     1     1     6    39  0.000000   2.311622   0.193773   0.043374
  2020     1     1     6    39 30.000000   2.311622   0.193772   0.043391
  2020     1     1     6    40  0.000000   2.311622   0.193772   0.043413
  2020     1     1     6    40 30.000000   2.311622   0.193772   0.043437
  2020     1     1     6    41  0.000000   2.311622   0.193771   0.043463
  2020     1     1     6    41 30.000000   2.311622   0.193771   0.043491
  2020     1     1     6    42  0.000000   2.311622   0.193771   0.043522
  2020     1     1     6    42 30.000000   2.311622   0.193770   0.043555
  2020     1     1     6    43  0.000000   2.311622   0.193770   0.043590
  2020     1     1     6    43 30.000000   2.311622   0.193770   0.043630
  2020     1     1     6    44  0.000000   2.311622   0.193769   0.043676
  2020     1     1     6    44 30.000000   2.311622   0.193769   0.043732
  2020     1     1     6    45  0.000000   2.311622   0.193769   0.043792
  2020     1     1     6    45 30.000000   2.311622   0.193768   0.043856
  2020     1     1     6    46  0.000000   2.311622   0.193768   0.043926
  2020     1     1     6    46 30.000000   2.311622   0.193768   0.043996
  2020     1     1     6    47  0.000000   2.311622   0.193767   0.044068
  2020     1     1     6    47 30.000000   2.311622   0.193767   0.044140
  2020     1     1     6    48  0.000000   2.311622   0.193767   0.044207
  2020     1     1     6    48 30.000000   2.311622   0.193766   0.044270
  2020     1     1     6    49  0.000000   2.311622   0.193766   0.044332
  2020     1     1     6    49 30.000000   2.311622   0.193766   0.044399
  2020     1     1     6    50  0.000000   2.311623   0.193765   0.044474
  2020     1     1     6    50 30.000000   2.311623   0.193765   0.044556
  2020     1     1     6    51  0.000000   2.311623   0.193765   0.044644
  2020     1     1     6    51 30.000000   2.311623   0.193764   0.044743
  2020     1     1     6    52  0.000000   2.311623   0.193764   0.044845
  2020     1     1     6    52 30.000000   2.311623   0.193764   0.044943
  2020     1     1     6    53  0.000000   2.311623   0.193763   0.045042
  2020     1     1     6    53 30.000000   2.311623   0.193763   0.045145
  2020     1     1     6    54  0.000000   2.311623   0.193763   0.045253
  2020     1     1     6    54 30.000000   2.311623   0.193762   0.045356
  2020     1     1     6    55  0.000000   2.311623   0.193762   0.045459
  2020     1     1     6    55 30.000000   2.311623   0.193762   0.045563
  2020     1     1     6    56  0.000000   2.311623   0.193761   0.045669
  2020     1     1     6    56 30.000000   2.311623   0.193761   0.045772
  2020     1     1     6    57  0.000000   2.311623   0.193761   0.045866
  2020     1     1     6    57 30.000000   2.311623   0.193760   0.045955
  2020     1     1     6    58  0.000000   2.311623   0.193760   0.046038
  2020     1     1     6    58 30.000000   2.311623   0.193760   0.046116
  2020     1     1     6    59  0.000000   2.311623   0.193759   0.046189
  2020     1     1     6    59 30.000000   2.311623   0.193759   0.046258
  2020     1     1     7     0  0.000000   2.311623   0.193759   0.046326
  2020     1     1     7     0 30.000000   2.311623   0.193758   0.046397
  2020     1     1     7     1  0.000000   2.311623   0.193758   0.046472
  2020     1     1     7     1 30.000000   2.311623   0.193758   0.046547
  2020     1     1     7     2  0.000000   2.311623   0.193757   0.046624
  2020     1     1     7     2 30.000000   2.311623   0.193757   0.046699
  2020     1     1     7     3  0.000000   2.311623   0.193757   0.046775
  2020     1     1     7     3 30.000000   2.311623   0.193756   0.046856
  2020     1     1     7     4  0.000000   2.311624   0.193756   0.046935
  2020     1     1     7     4 30.000000   2.311624   0.193756   0.047005
  2020     1     1     7     5  0.000000   2.311624   0.193755   0.047069
  2020     1     1     7     5 30.000000   2.311624   0.193755   0.047128
  2020     1     1     7     6  0.000000   2.311624   0.193755   0.047187
  2020     1     1     7     6 30.000000   2.311624   0.193754   0.047244
  2020     1     1     7     7  0.000000   2.311624   0.193754   0.047302
  2020     1     1     7     7 30.000000   2.311624   0.193754   0.047356
  2020     1     1     7     8  0.000000   2.311624   0.193753   0.047405
  2020     1     1     7     8 30.000000   2.311624   0.193753   0.047453
  2020     1     1     7     9  0.000000   2.311624   0.193753   0.047494
  2020     1     1     7     9 30.000000   2.311624   0.193752   0.047526
  2020     1     1     7    10  0.000000   2.311624   0.193752   0.047553
  2020     1     1     7    10 30.000000   2.311624   0.193752   0.047578
  2020     1     1     7    11  0.000000   2.311624   0.193751   0.047599
  2020     1     1     7    11 30.000000   2.311624   0.193751   0.047617
  2020     1     1     7    12  0.000000   2.311624   0.193751   0.047631
  2020     1     1     7    12 30.000000   2.311624   0.193750   0.047639
  2020     1     1     7    13  0.000000   2.311624   0.193750   0.047646
  2020     1     1     7    13 30.000000   2.311624   0.193750   0.047650
  2020     1     1     7    14  0.000000   2.311624   0.193749   0.047654
  2020     1     1     7    14 30.000000   2.311624   0.193749   0.047656
  2020     1     1     7    15  0.000000   2.311624   0.193749   0.047656
  2020     1     1     7    15 30.000000   2.311624   0.193748   0.047656
  2020     1     1     7    16  0.000000   2.311624   0.193748   0.047653
  2020     1     1     7    16 30.000000   2.311624   0.193748   0.047649
  2020     1     1     7    17  0.000000   2.311624   0.193747   0.047646
  2020     1     1     7    17 30.000000   2.311624   0.193747   0.047646
  2020     1     1     7    18  0.000000   2.311625   0.193747   0.047648
  2020     1     1     7    18 30.000000   2.311625   0.193746   0.047651
  2020     1     1     7    19  0.000000   2.311625   0.193746   0.047654
  2020     1     1     7    19 30.000000   2.311625   0.193746   0.047652
  2020     1     1     7    20  0.000000   2.311625   0.193745   0.047641
  2020     1     1     7    20 30.000000   2.311625   0.193745   0.047628
  2020     1     1     7    21  0.000000   2.311625   0.193744   0.047618
  2020     1     1     7    21 30.000000   2.311625   0.193744   0.047610
  2020     1     1     7    22  0.000000   2.311625   0.193744   0.047601
  2020     1     1     7    22 30.000000   2.311625   0.193743   0.047589
  2020     1     1     7    23  0.000000   2.311625   0.193743   0.047578
  2020     1     1     7    23 30.000000   2.311625   0.193743   0.047569
  2020     1     1     7    24  0.000000   2.311625   0.193742   0.047559
  2020     1     1     7    24 30.000000   2.311625   0.193742   0.047547
  2020     1     1     7    25  0.000000   2.311625   0.193742   0.047534
  2020     1     1     7    25 30.000000   2.311625   0.193741   0.047525
  2020     1     1     7    26  0.000000   2.311625   0.193741   0.047521
  2020     1     1     7    26 30.000000   2.311625   0.193741   0.047520
  2020     1     1     7    27  0.000000   2.311625   0.193740   0.047524
  2020     1     1     7    27 30.000000   2.311625   0.193740   0.047532
  2020     1     1     7    28  0.000000   2.311625   0.193740   0.047543
  2020     1     1     7    28 30.000000   2.311625   0.193739   0.047552
  2020     1     1     7    29  0.000000   2.311625   0.193739   0.047558
  2020     1     1     7    29 30.000000   2.311625   0.193739   0.047562
  2020     1     1     7    30  0.000000   2.311625   0.193738   0.047568
  2020     1     1     7    30 30.000000   2.311625   0.193738   0.047573
  2020     1     1     7    31  0.000000   2.311625   0.193738   0.047577
  2020     1     1     7    31 30.000000   2.311625   0.193737   0.047578
  2020     1     1     7    32  0.000000   2.311626   0.193737   0.047574
  2020     1     1     7    32 30.000000   2.311626   0.193737   0.047563
  2020     1     1     7    33  0.000000   2.311626   0.193736   0.047551
  2020     1     1     7    33 30.000000   2.311626   0.193736   0.047538
  2020     1     1     7    34  0.000000   2.311626   0.193736   0.047529
  2020     1     1     7    34 30.000000   2.311626   0.193735   0.047525
  2020     1     1     7    35  0.000000   2.311626   0.193735   0.047525
  2020     1     1     7    35 30.000000   2.311626   0.193735   0.047525
  2020     1     1     7    36  0.000000   2.311626   0.193734   0.047519
  2020     1     1     7    36 30.000000   2.311626   0.193734   0.047512
  2020     1     1     7    37  0.000000   2.311626   0.193734   0.047508
  2020     1     1     7    37 30.000000   2.311626   0.193733   0.047508
  2020     1     1     7    38  0.000000   2.311626   0.193733   0.047513
  2020     1     1     7    38 30.000000   2.311626   0.193733   0.047521
  2020     1     1     7    39  0.000000   2.311626   0.193732   0.047528
  2020     1     1     7    39 30.000000   2.311626   0.193732   0.047535
  2020     1     1     7    40  0.000000   2.311626   0.193732   0.047537
  2020     1     1     7    40 30.000000   2.311626   0.193731   0.047531
  2020     1     1     7    41  0.000000   2.311626   0.193731   0.047529
  2020     1     1     7    41 30.000000   2.311626   0.193731   0.047531
  2020     1     1     7    42  0.000000   2.311626   0.193730   0.047535
  2020     1     1     7    42 30.000000   2.311626   0.193730   0.047546
  2020     1     1     7    43  0.000000   2.311626   0.193730   0.047559
  2020     1     1     7    43 30.000000   2.311626   0.193729   0.047578
  2020     1     1     7    44  0.000000   2.311626   0.193729   0.047598
  2020     1     1     7    44 30.000000   2.311626   0.193729   0.047618
  2020     1     1     7    45  0.000000   2.311626   0.193728   0.047634
  2020     1     1     7    45 30.000000   2.311626   0.193728   0.047651
  2020     1     1     7    46  0.000000   2.311627   0.193728   0.047664
  2020     1     1     7    46 30.000000   2.311627   0.193727   0.047674
  2020     1     1     7    47  0.000000   2.311627   0.193727   0.047686
  2020     1     1     7    47 30.000000   2.311627   0.193727   0.047698
  2020     1     1     7    48  0.000000   2.311627   0.193726   0.047717
  2020     1     1     7    48 30.000000   2.311627   0.193726   0.047744
  2020     1     1     7    49  0.000000   2.311627   0.193726   0.047776
  2020     1     1     7    49 30.000000   2.311627   0.193725   0.047812
  2020     1     1     7    50  0.000000   2.311627   0.193725   0.047850
  2020     1     1     7    50 30.000000   2.311627   0.193725   0.047895
  2020     1     1     7    51  0.000000   2.311627   0.193724   0.047945
  2020     1     1     7    51 30.000000   2.311627   0.193724   0.047999
  2020     1     1     7    52  0.000000   2.311627   0.193724   0.048059
  2020     1     1     7    52 30.000000   2.311627   0.193723   0.048123
  2020     1     1     7    53  0.000000   2.311627   0.193723   0.048188
  2020     1     1     7    53 30.000000   2.311627   0.193723   0.048250
  2020     1     1     7    54  0.000000   2.311627   0.193722   0.048305
  2020     1     1     7    54 30.000000   2.311627   0.193722   0.048354
  2020     1     1     7    55  0.000000   2.311627   0.193722   0.048402
  2020     1     1     7    55 30.000000   2.311627   0.193721   0.048449
  2020     1     1     7    56  0.000000   2.311627   0.193721   0.048495
  2020     1     1     7    56 30.000000   2.311627   0.193721   0.048543
  2020     1     1     7    57  0.000000   2.311627   0.193720   0.048590
  2020     1     1     7    57 30.000000   2.311627   0.193720   0.048640
  2020     1     1     7    58  0.000000   2.311627   0.193720   0.048693
  2020     1     1     7    58 30.000000   2.311627   0.193719   0.048751
  2020     1     1     7    59  0.000000   2.311627   0.193719   0.048819
  2020     1     1     7    59 30.000000   2.311627   0.193719   0.048899
  2020     1     1     8     0  0.000000   2.311628   0.193718   0.048986
  2020     1     1     8     0 30.000000   2.311628   0.193718   0.049082
  2020     1     1     8     1  0.000000   2.311628   0.193718   0.049182
  2020     1     1     8     1 30.000000   2.311628   0.193717   0.049284
  2020     1     1     8     2  0.000000   2.311628   0.193717   0.049391
  2020     1     1     8     2 30.000000   2.311628   0.193717   0.049503
  2020     1     1     8     3  0.000000   2.311628   0.193716   0.049613
  2020     1     1     8     3 30.000000   2.311628   0.193716   0.049722
  2020     1     1     8     4  0.000000   2.311628   0.193716   0.049830
  2020     1     1     8     4 30.000000   2.311628   0.193715   0.049939
  2020     1     1     8     5  0.000000   2.311628   0.193715   0.050050
  2020     1     1     8     5 30.000000   2.311628   0.193715   0.050165
  2020     1     1     8     6  0.000000   2.311628   0.193714   0.050284
  2020     1     1     8     6 30.000000   2.311628   0.193714   0.050404
  2020     1     1     8     7  0.000000   2.311628   0.193714   0.050523
  2020     1     1     8     7 30.000000   2.311628   0.193713   0.050642
  2020     1     1     8     8  0.000000   2.311628   0.193713   0.050760
  2020     1     1     8     8 30.000000   2.311628   0.193713   0.050875
  2020     1     1     8     9  0.000000   2.311628   0.193712   0.050989
  2020     1     1     8     9 30.000000   2.311628   0.193712   0.051099
  2020     1     1     8    10  0.000000   2.311628   0.193712   0.051210
  2020     1     1     8    10 30.000000   2.311628   0.193711   0.051318
  2020     1     1     8    11  0.000000   2.311628   0.193711   0.051424
  2020     1     1     8    11 30.000000   2.311628   0.193711   0.051530
  2020     1     1     8    12  0.000000   2.311628   0.193710   0.051634
  2020     1     1     8    12 30.000000   2.311628   0.193710   0.051735
  2020     1     1     8    13  0.000000   2.311628   0.193710   0.051838
  2020     1     1     8    13 30.000000   2.311628   0.193709   0.051940
  2020     1     1     8    14  0.000000   2.311629   0.193709   0.052039
  2020     1     1     8    14 30.000000   2.311629   0.193708   0.052138
  2020     1     1     8    15  0.000000   2.311629   0.193708   0.052234
  2020     1     1     8    15 30.000000   2.311629   0.193708   0.052329
  2020     1     1     8    16  0.000000   2.311629   0.193707   0.052418
  2020     1     1     8    16 30.000000   2.311629   0.193707   0.052504
  2020     1     1     8    17  0.000000   2.311629   0.193707   0.052589
  2020     1     1     8    17 30.000000   2.311629   0.193706   0.052668
  2020     1     1     8    18  0.000000   2.311629   0.193706   0.052748
  2020     1     1     8    18 30.000000   2.311629   0.193706   0.052833
  2020     1     1     8    19  0.000000   2.311629   0.193705   0.052920
  2020     1     1     8    19 30.000000   2.311629   0.193705   0.053007
  2020     1     1     8    20  0.000000   2.311629   0.193705   0.053093
  2020     1     1     8    20 30.000000   2.311629   0.193704   0.053182
  2020     1     1     8    21  0.000000   2.311629   0.193704   0.053272
  2020     1     1     8    21 30.000000   2.311629   0.193704   0.053361
  2020     1     1     8    22  0.000000   2.311629   0.193703   0.053446
  2020     1     1     8    22 30.000000   2.311629   0.193703   0.053532
  2020     1     1     8    23  0.000000   2.311629   0.193703   0.053614
  2020     1     1     8    23 30.000000   2.311629   0.193702   0.053695
  2020     1     1     8    24  0.000000   2.311629   0.193702   0.053777
  2020     1     1     8    24 30.000000   2.311629   0.193702   0.053864
  2020     1     1     8    25  0.000000   2.311629   0.193701   0.053956
  2020     1     1     8    25 30.000000   2.311629   0.193701   0.054049
  2020     1     1     8    26  0.000000   2.311629   0.193701   0.054141
  2020     1     1     8    26 30.000000   2.311629   0.193700   0.054233
  2020     1     1     8    27  0.000000   2.311629   0.193700   0.054324
  2020     1     1     8    27 30.000000   2.311629   0.193700   0.054416
  2020     1     1     8    28  0.000000   2.311630   0.193699   0.054508
  2020     1     1     8    28 30.000000   2.311630   0.193699   0.054599
  2020     1     1     8    29  0.000000   2.311630   0.193699   0.054687
  2020     1     1     8    29 30.000000   2.311630   0.193698   0.054772
  2020     1     1     8    30  0.000000   2.311630   0.193698   0.054855
  2020     1     1     8    30 30.000000   2.311630   0.193698   0.054934
  2020     1     1     8    31  0.000000   2.311630   0.193697   0.055008
  2020     1     1     8    31 30.000000   2.311630   0.193697   0.055082
  2020     1     1     8    32  0.000000   2.311630   0.193697   0.055158
  2020     1     1     8    32 30.000000   2.311630   0.193696   0.055236
  2020     1     1     8    33  0.000000   2.311630   0.193696   0.055315
  2020     1     1     8    33 30.000000   2.311630   0.193696   0.055393
  2020     1     1     8    34  0.000000   2.311630   0.193695   0.055476
  2020     1     1     8    34 30.000000   2.311630   0.193695   0.055557
  2020     1     1     8    35  0.000000   2.311630   0.193695   0.055639
  2020     1     1     8    35 30.000000   2.311630   0.193694   0.055721
  2020     1     1     8    36  0.000000   2.311630   0.193694   0.055804
  2020     1     1     8    36 30.000000   2.311630   0.193694   0.055886
  2020     1     1     8    37  0.000000   2.311630   0.193693   0.055963
  2020     1     1     8    37 30.000000   2.311630   0.193693   0.056033
  2020     1     1     8    38  0.000000   2.311630   0.193693   0.056095
  2020     1     1     8    38 30.000000   2.311630   0.193692   0.056152
  2020     1     1     8    39  0.000000   2.311630   0.193692   0.056203
  2020     1     1     8    39 30.000000   2.311630   0.193692   0.056248
  2020     1     1     8    40  0.000000   2.311630   0.193691   0.056288
  2020     1     1     8    40 30.000000   2.311630   0.193691   0.056322
  2020     1     1     8    41  0.000000   2.311630   0.193691   0.056345
  2020     1     1     8    41 30.000000   2.311630   0.193690   0.056360
  2020     1     1     8    42  0.000000   2.311631   0.193690   0.056371
  2020     1     1     8    42 30.000000   2.311631   0.193690   0.056379
  2020     1     1     8    43  0.000000   2.311631   0.193689   0.056383
  2020     1     1     8    43 30.000000   2.311631   0.193689   0.056375
  2020     1     1     8    44  0.000000   2.311631   0.193689   0.056364
  2020     1     1     8    44 30.000000   2.311631   0.193688   0.056349
  2020     1     1     8    45  0.000000   2.311631   0.193688   0.056334
  2020     1     1     8    45 30.000000   2.311631   0.193688   0.056319
  2020     1     1     8    46  0.000000   2.311631   0.193687   0.056301
  2020     1     1     8    46 30.000000   2.311631   0.193687   0.056288
  2020     1     1     8    47  0.000000   2.311631   0.193687   0.056285
  2020     1     1     8    47 30.000000   2.311631   0.193686   0.056288
  2020     1     1     8    48  0.000000   2.311631   0.193686   0.056291
  2020     1     1     8    48 30.000000   2.311631   0.193686   0.056286
  2020     1     1     8    49  0.000000   2.311631   0.193685   0.056275
  2020     1     1     8    49 30.000000   2.311631   0.193685   0.056262
  2020     1     1     8    50  0.000000   2.311631   0.193685   0.056251
  2020     1     1     8    50 30.000000   2.311631   0.193684   0.056243
  2020     1     1     8    51  0.000000   2.311631   0.193684   0.056227
  2020     1     1     8    51 30.000000   2.311631   0.193684   0.056205
  2020     1     1     8    52  0.000000   2.311631   0.193683   0.056172
  2020     1     1     8    52 30.000000   2.311631   0.193683   0.056134
  2020     1     1     8    53  0.000000   2.311631   0.193683   0.056091
  2020     1     1     8    53 30.000000   2.311631   0.193682   0.056043
  2020     1     1     8    54  0.000000   2.311631   0.193682   0.055986
  2020     1     1     8    54 30.000000   2.311631   0.193682   0.055916
  2020     1     1     8    55  0.000000   2.311631   0.193681   0.055839
  2020     1     1     8    55 30.000000   2.311631   0.193681   0.055760
  2020     1     1     8    56  0.000000   2.311632   0.193681   0.055680
  2020     1     1     8    56 30.000000   2.311632   0.193680   0.055593
  2020     1     1     8    57  0.000000   2.311632   0.193680   0.055505
  2020     1     1     8    57 30.000000   2.311632   0.193680   0.055418
  2020     1     1     8    58  0.000000   2.311632   0.193679   0.055329
  2020     1     1     8    58 30.000000   2.311632   0.193679   0.055242
  2020     1     1     8    59  0.000000   2.311632   0.193679   0.055155
  2020     1     1     8    59 30.000000   2.311632   0.193678   0.055070
  2020     1     1     9     0  0.000000   2.311632   0.193678   0.054985
  2020     1     1     9     0 30.000000   2.311632   0.193678   0.054897
  2020     1     1     9     1  0.000000   2.311632   0.193677   0.054815
  2020     1     1     9     1 30.000000   2.311632   0.193677   0.054734
  2020     1     1     9     2  0.000000   2.311632   0.193677   0.054652
  2020     1     1     9     2 30.000000   2.311632   0.193676   0.054567
  2020     1     1     9     3  0.000000   2.311632   0.193676   0.054479
  2020     1     1     9     3 30.000000   2.311632   0.193676   0.054382
  2020     1     1     9     4  0.000000   2.311632   0.193675   0.054281
  2020     1     1     9     4 30.000000   2.311632   0.193675   0.054182
  2020     1     1     9     5  0.000000   2.311632   0.193675   0.054090
  2020     1     1     9     5 30.000000   2.311632   0.193674   0.053997
  2020     1     1     9     6  0.000000   2.311632   0.193674   0.053903
  2020     1     1     9     6 30.000000   2.311632   0.193674   0.053809
  2020     1     1     9     7  0.000000   2.311632   0.193673   0.053714
  2020     1     1     9     7 30.000000   2.311632   0.193673   0.053619
  2020     1     1     9     8  0.000000   2.311632   0.193673   0.053524
  2020     1     1     9     8 30.000000   2.311632   0.193672   0.053439
  2020     1     1     9     9  0.000000   2.311632   0.193672   0.053366
  2020     1     1     9     9 30.000000   2.311632   0.193672   0.053302
  2020     1     1     9    10  0.000000   2.311633   0.193671   0.053243
  2020     1     1     9    10 30.000000   2.311633   0.193671   0.053193
  2020     1     1     9    11  0.000000   2.311633   0.193671   0.053152
  2020     1     1     9    11 30.000000   2.311633   0.193670   0.053116
  2020     1     1     9    12  0.000000   2.311633   0.193670   0.053085
  2020     1     1     9    12 30.000000   2.311633   0.193669   0.053061
  2020     1     1     9    13  0.000000   2.311633   0.193669   0.053046
  2020     1     1     9    13 30.000000   2.311633   0.193669   0.053038
  2020     1     1     9    14  0.000000   2.311633   0.193668   0.053040
  2020     1     1     9    14 30.000000   2.311633   0.193668   0.053057
  2020     1     1     9    15  0.000000   2.311633   0.193668   0.053086
  2020     1     1     9    15 30.000000   2.311633   0.193667   0.053123
  2020     1     1     9    16  0.000000   2.311633   0.193667   0.053168
  2020     1     1     9    16 30.000000   2.311633   0.193667   0.053220
  2020     1     1     9    17  0.000000   2.311633   0.193666   0.053283
  2020     1     1     9    17 30.000000   2.311633   0.193666   0.053350
  2020     1     1     9    18  0.000000   2.311633   0.193666   0.053422
  2020     1     1     9    18 30.000000   2.311633   0.193665   0.053505
  2020     1     1     9    19  0.000000   2.311633   0.193665   0.053596
  2020     1     1     9    19 30.000000   2.311633   0.193665   0.053689
  2020     1     1     9    20  0.000000   2.311633   0.193664   0.053777
  2020     1     1     9    20 30.000000   2.311633   0.193664   0.053863
  2020     1     1     9    21  0.000000   2.311633   0.193664   0.053955
  2020     1     1     9    21 30.000000   2.311633   0.193663   0.054052
  2020     1     1     9    22  0.000000   2.311633   0.193663   0.054151
  2020     1     1     9    22 30.000000   2.311633   0.193663   0.054252
  2020     1     1     9    23  0.000000   2.311633   0.193662   0.054352
  2020     1     1     9    23 30.000000   2.311633   0.193662   0.054449
  2020     1     1     9    24  0.000000   2.311634   0.193662   0.054541
  2020     1     1     9    24 30.000000   2.311634   0.193661   0.054635
  2020     1     1     9    25  0.000000   2.311634   0.193661   0.054734
  2020     1     1     9    25 30.000000   2.311634   0.193661   0.054841
  2020     1     1     9    26  0.000000   2.311634   0.193660   0.054951
  2020     1     1     9    26 30.000000   2.311634   0.193660   0.055067
  2020     1     1     9    27  0.000000   2.311634   0.193660   0.055191
  2020     1     1     9    27 30.000000   2.311634   0.193659   0.055318
  2020     1     1     9    28  0.000000   2.311634   0.193659   0.055439
  2020     1     1     9    28 30.000000   2.311634   0.193659   0.055551
  2020     1     1     9    29  0.000000   2.311634   0.193658   0.055656
  2020     1     1     9    29 30.000000   2.311634   0.193658   0.055753
  2020     1     1     9    30  0.000000   2.311634   0.193658   0.055846
  2020     1     1     9    30 30.000000   2.311634   0.193657   0.055938
  2020     1     1     9    31  0.000000   2.311634   0.193657   0.056027
  2020     1     1     9    31 30.000000   2.311634   0.193657   0.056112
  2020     1     1     9    32  0.000000   2.311634   0.193656   0.056195
  2020     1     1     9    32 30.000000   2.311634   0.193656   0.056273
  2020     1     1     9    33  0.000000   2.311634   0.193656   0.056347
  2020     1     1     9    33 30.000000   2.311634   0.193655   0.056421
  2020     1     1     9    34  0.000000   2.311634   0.193655   0.056495
  2020     1     1     9    34 30.000000   2.311634   0.193655   0.056568
  2020     1     1     9    35  0.000000   2.311634   0.193654   0.056640
  2020     1     1     9    35 30.000000   2.311634   0.193654   0.056708
  2020     1     1     9    36  0.000000   2.311634   0.193654   0.056775
  2020     1     1     9    36 30.000000   2.311634   0.193653   0.056842
  2020     1     1     9    37  0.000000   2.311634   0.193653   0.056908
  2020     1     1     9    37 30.000000   2.311634   0.193653   0.056968
  2020     1     1     9    38  0.000000   2.311635   0.193652   0.057025
  2020     1     1     9    38 30.000000   2.311635   0.193652   0.057076
  2020     1     1     9    39  0.000000   2.311635   0.193652   0.057125
  2020     1     1     9    39 30.000000   2.311635   0.193651   0.057174
  2020     1     1     9    40  0.000000   2.311635   0.193651   0.057218
  2020     1     1     9    40 30.000000   2.311635   0.193651   0.057256
  2020     1     1     9    41  0.000000   2.311635   0.193650   0.057287
  2020     1     1     9    41 30.000000   2.311635   0.193650   0.057311
  2020     1     1     9    42  0.000000   2.311635   0.193650   0.057326
  2020     1     1     9    42 30.000000   2.311635   0.193649   0.057337
  2020     1     1     9    43  0.000000   2.311635   0.193649   0.057345
  2020     1     1     9    43 30.000000   2.311635   0.193649   0.057347
  2020     1     1     9    44  0.000000   2.311635   0.193648   0.057344
  2020     1     1     9    44 30.000000   2.311635   0.193648   0.057337
  2020     1     1     9    45  0.000000   2.311635   0.193648   0.057325
  2020     1     1     9    45 30.000000   2.311635   0.193647   0.057306
  2020     1     1     9    46  0.000000   2.311635   0.193647   0.057275
  2020     1     1     9    46 30.000000   2.311635   0.193647   0.057235
  2020     1     1     9    47  0.000000   2.311635   0.193646   0.057200
  2020     1     1     9    47 30.000000   2.311635   0.193646   0.057168
  2020     1     1     9    48  0.000000   2.311635   0.193646   0.057143
  2020     1     1     9    48 30.000000   2.311635   0.193645   0.057125
  2020     1     1     9    49  0.000000   2.311635   0.193645   0.057111
  2020     1     1     9    49 30.000000   2.311635   0.193645   0.057107
  2020     1     1     9    50  0.000000   2.311635   0.193644   0.057116
  2020     1     1     9    50 30.000000   2.311635   0.193644   0.057133
  2020     1     1     9    51  0.000000   2.311635   0.193644   0.057160
  2020     1     1     9    51 30.000000   2.311635   0.193643   0.057195
  2020     1     1     9    52  0.000000   2.311636   0.193643   0.057229
  2020     1     1     9    52 30.000000   2.311636   0.193643   0.057263
  2020     1     1     9    53  0.000000   2.311636   0.193642   0.057299
  2020     1     1     9    53 30.000000   2.311636   0.193642   0.057332
  2020     1     1     9    54  0.000000   2.311636   0.193642   0.057371
  2020     1     1     9    54 30.000000   2.311636   0.193641   0.057418
  2020     1     1     9    55  0.000000   2.311636   0.193641   0.057473
  2020     1     1     9    55 30.000000   2.311636   0.193641   0.057535
  2020     1     1     9    56  0.000000   2.311636   0.193640   0.057606
  2020     1     1     9    56 30.000000   2.311636   0.193640   0.057687
  2020     1     1     9    57  0.000000   2.311636   0.193640   0.057773
  2020     1     1     9    57 30.000000   2.311636   0.193639   0.057860
  2020     1     1     9    58  0.000000   2.311636   0.193639   0.057950
  2020     1     1     9    58 30.000000   2.311636   0.193639   0.058049
  2020     1     1     9    59  0.000000   2.311636   0.193638   0.058156
  2020     1     1     9    59 30.000000   2.311636   0.193638   0.058265
  2020     1     1    10     0  0.000000   2.311636   0.193638   0.058377
  2020     1     1    10     0 30.000000   2.311636   0.193637   0.058501
  2020     1     1    10     1  0.000000   2.311636   0.193637   0.058633
  2020     1     1    10     1 30.000000   2.311636   0.193637   0.058777
  2020     1     1    10     2  0.000000   2.311636   0.193636   0.058926
  2020     1     1    10     2 30.000000   2.311636   0.193636   0.059077
  2020     1     1    10     3  0.000000   2.311636   0.193636   0.059231
  2020     1     1    10     3 30.000000   2.311636   0.193635   0.059391
  2020     1     1    10     4  0.000000   2.311636   0.193635   0.059556
  2020     1     1    10     4 30.000000   2.311636   0.193635   0.059725
  2020     1     1    10     5  0.000000   2.311636   0.193634   0.059890
  2020     1     1    10     5 30.000000   2.311636   0.193634   0.060043
  2020     1     1    10     6  0.000000   2.311637   0.193634   0.060185
  2020     1     1    10     6 30.000000   2.311637   0.193633   0.060322
  2020     1     1    10     7  0.000000   2.311637   0.193633   0.060456
  2020     1     1    10     7 30.000000   2.311637   0.193633   0.060578
  2020     1     1    10     8  0.000000   2.311637   0.193632   0.060691
  2020     1     1    10     8 30.000000   2.311637   0.193632   0.060792
  2020     1     1    10     9  0.000000   2.311637   0.193632   0.060880
  2020     1     1    10     9 30.000000   2.311637   0.193631   0.060954
  2020     1     1    10    10  0.000000   2.311637   0.193631   0.061014
  2020     1     1    10    10 30.000000   2.311637   0.193631   0.061056
  2020     1     1    10    11  0.000000   2.311637   0.193630   0.061080
  2020     1     1    10    11 30.000000   2.311637   0.193630   0.061089
  2020     1     1    10    12  0.000000   2.311637   0.193630   0.061078
  2020     1     1    10    12 30.000000   2.311637   0.193629   0.061047
  2020     1     1    10    13  0.000000   2.311637   0.193629   0.061009
  2020     1     1    10    13 30.000000   2.311637   0.193629   0.060964
  2020     1     1    10    14  0.000000   2.311637   0.193628   0.060909
  2020     1     1    10    14 30.000000   2.311637   0.193628   0.060843
  2020     1     1    10    15  0.000000   2.311637   0.193628   0.060772
  2020     1     1    10    15 30.000000   2.311637   0.193627   0.060694
  2020     1     1    10    16  0.000000   2.311637   0.193627   0.060612
  2020     1     1    10    16 30.000000   2.311637   0.193627   0.060523
  2020     1     1    10    17  0.000000   2.311637   0.193626   0.060428
  2020     1     1    10    17 30.000000   2.311637   0.193626   0.060319
  2020     1     1    10    18  0.000000   2.311637   0.193625   0.060203
  2020     1     1    10    18 30.000000   2.311637   0.193625   0.060077
  2020     1     1    10    19  0.000000   2.311637   0.193625   0.059943
  2020     1     1    10    19 30.000000   2.311637   0.193624   0.059806
  2020     1     1    10    20  0.000000   2.311638   0.193624   0.059668
  2020     1     1    10    20 30.000000   2.311638   0.193624   0.059531
  2020     1     1    10    21  0.000000   2.311638   0.193623   0.059396
  2020     1     1    10    21 30.000000   2.311638   0.193623   0.059263
  2020     1     1    10    22  0.000000   2.311638   0.193623   0.059135
  2020     1     1    10    22 30.000000   2.311638   0.193622   0.059019
  2020     1     1    10    23  0.000000   2.311638   0.193622   0.058916
  2020     1     1    10    23 30.000000   2.311638   0.193622   0.058826
  2020     1     1    10    24  0.000000   2.311638   0.193621   0.058751
  2020     1     1    10    24 30.000000   2.311638   0.193621   0.058689
  2020     1     1    10    25  0.000000   2.311638   0.193621   0.058641
  2020     1     1    10    25 30.000000   2.311638   0.193620   0.058602
  2020     1     1    10    26  0.000000   2.311638   0.193620   0.058578
  2020     1     1    10    26 30.000000   2.311638   0.193620   0.058571
  2020     1     1    10    27  0.000000   2.311638   0.193619   0.058579
  2020     1     1    10    27 30.000000   2.311638   0.193619   0.058594
  2020     1     1    10    28  0.000000   2.311638   0.193619   0.058613
  2020     1     1    10    28 30.000000   2.311638   0.193618   0.058640
  2020     1     1    10    29  0.000000   2.311638   0.193618   0.058677
  2020     1     1    10    29 30.000000   2.311638   0.193618   0.058721
  2020     1     1    10    30  0.000000   2.311638   0.193617   0.058772
  2020     1     1    10    30 30.000000   2.311638   0.193617   0.058832
  2020     1     1    10    31  0.000000   2.311638   0.193617   0.058898
  2020     1     1    10    31 30.000000   2.311638   0.193616   0.058975
  2020     1     1    10    32  0.000000   2.311638   0.193616   0.059060
  2020     1     1    10    32 30.000000   2.311638   0.193616   0.059153
  2020     1     1    10    33  0.000000   2.311638   0.193615   0.059256
  2020     1     1    10    33 30.000000   2.311638   0.193615   0.059359
  2020     1     1    10    34  0.000000   2.311638   0.193615   0.059463
  2020     1     1    10    34 30.000000   2.311639   0.193614   0.059570
  2020     1     1    10    35  0.000000   2.311639   0.193614   0.059678
  2020     1     1    10    35 30.000000   2.311639   0.193614   0.059786
  2020     1     1    10    36  0.000000   2.311639   0.193613   0.059890
  2020     1     1    10    36 30.000000   2.311639   0.193613   0.059994
  2020     1     1    10    37  0.000000   2.311639   0.193613   0.060098
  2020     1     1    10    37 30.000000   2.311639   0.193612   0.060197
  2020     1     1    10    38  0.000000   2.311639   0.193612   0.060293
  2020     1     1    10    38 30.000000   2.311639   0.193612   0.060388
  2020     1     1    10    39  0.000000   2.311639   0.193611   0.060485
  2020     1     1    10    39 30.000000   2.311639   0.193611   0.060584
  2020     1     1    10    40  0.000000   2.311639   0.193611   0.060685
  2020     1     1    10    40 30.000000   2.311639   0.193610   0.060787
  2020     1     1    10    41  0.000000   2.311639   0.193610   0.060887
  2020     1     1    10    41 30.000000   2.311639   0.193610   0.060983
  2020     1     1    10    42  0.000000   2.311639   0.193609   0.061075
  2020     1     1    10    42 30.000000   2.311639   0.193609   0.061167
  2020     1     1    10    43  0.000000   2.311639   0.193609   0.061259
  2020     1     1    10    43 30.000000   2.311639   0.193608   0.061351
  2020     1     1    10    44  0.000000   2.311639   0.193608   0.061442
  2020     1     1    10    44 30.000000   2.311639   0.193608   0.061535
  2020     1     1    10    45  0.000000   2.311639   0.193607   0.061624
  2020     1     1    10    45 30.000000   2.311639   0.193607   0.061715
  2020     1     1    10    46  0.000000   2.311639   0.193607   0.061807
  2020     1     1    10    46 30.000000   2.311639   0.193606   0.061900
  2020     1     1    10    47  0.000000   2.311639   0.193606   0.061997
  2020     1     1    10    47 30.000000   2.311639   0.193606   0.062091
  2020     1     1    10    48  0.000000   2.311639   0.193605   0.062180
  2020     1     1    10    48 30.000000   2.311640   0.193605   0.062264
  2020     1     1    10    49  0.000000   2.311640   0.193605   0.062347
  2020     1     1    10    49 30.000000   2.311640   0.193604   0.062432
  2020     1     1    10    50  0.000000   2.311640   0.193604   0.062518
  2020     1     1    10    50 30.000000   2.311640   0.193604   0.062602
  2020     1     1    10    51  0.000000   2.311640   0.193603   0.062686
  2020     1     1    10    51 30.000000   2.311640   0.193603   0.062769
  2020     1     1    10    52  0.000000   2.311640   0.193603   0.062850
  2020     1     1    10    52 30.000000   2.311640   0.193602   0.062929
  2020     1     1    10    53  0.000000   2.311640   0.193602   0.063011
  2020     1     1    10    53 30.000000   2.311640   0.193602   0.063097
  2020     1     1    10    54  0.000000   2.311640   0.193601   0.063189
  2020     1     1    10    54 30.000000   2.311640   0.193601   0.063289
  2020     1     1    10    55  0.000000   2.311640   0.193601   0.063398
  2020     1     1    10    55 30.000000   2.311640   0.193600   0.063512
  2020     1     1    10    56  0.000000   2.311640   0.193600   0.063631
  2020     1     1    10    56 30.000000   2.311640   0.193600   0.063757
  2020     1     1    10    57  0.000000   2.311640   0.193599   0.063888
  2020     1     1    10    57 30.000000   2.311640   0.193599   0.064029
  2020     1     1    10    58  0.000000   2.311640   0.193599   0.064179
  2020     1     1    10    58 30.000000   2.311640   0.193598   0.064340
  2020     1     1    10    59  0.000000   2.311640   0.193598   0.064506
  2020     1     1    10    59 30.000000   2.311640   0.193598   0.064675
  2020     1     1    11     0  0.000000   2.311640   0.193597   0.064849
  2020     1     1    11     0 30.000000   2.311640   0.193597   0.065028
  2020     1     1    11     1  0.000000   2.311640   0.193597   0.065211
  2020     1     1    11     1 30.000000   2.311640   0.193596   0.065400
  2020     1     1    11     2  0.000000   2.311640   0.193596   0.065593
  2020     1     1    11     2 30.000000   2.311641   0.193596   0.065789
  2020     1     1    11     3  0.000000   2.311641   0.193595   0.065989
  2020     1     1    11     3 30.000000   2.311641   0.193595   0.066197
  2020     1     1    11     4  0.000000   2.311641   0.193595   0.066416
  2020     1     1    11     4 30.000000   2.311641   0.193594   0.066643
  2020     1     1    11     5  0.000000   2.311641   0.193594   0.066875
  2020     1     1    11     5 30.000000   2.311641   0.193594   0.067116
  2020     1     1    11     6  0.000000   2.311641   0.193593   0.067362
  2020     1     1    11     6 30.000000   2.311641   0.193593   0.067611
  2020     1     1    11     7  0.000000   2.311641   0.193593   0.067861
  2020     1     1    11     7 30.000000   2.311641   0.193592   0.068113
  2020     1     1    11     8  0.000000   2.311641   0.193592   0.068366
  2020     1     1    11     8 30.000000   2.311641   0.193592   0.068620
  2020     1     1    11     9  0.000000   2.311641   0.193591   0.068867
  2020     1     1    11     9 30.000000   2.311641   0.193591   0.069106
  2020     1     1    11    10  0.000000   2.311641   0.193591   0.069339
  2020     1     1    11    10 30.000000   2.311641   0.193590   0.069569
  2020     1     1    11    11  0.000000   2.311641   0.193590   0.069802
  2020     1     1    11    11 30.000000   2.311641   0.193590   0.070037
  2020     1     1    11    12  0.000000   2.311641   0.193589   0.070270
  2020     1     1    11    12 30.000000   2.311641   0.193589   0.070501
  2020     1     1    11    13  0.000000   2.311641   0.193589   0.070728
  2020     1     1    11    13 30.000000   2.311641   0.193588   0.070953
  2020     1     1    11    14  0.000000   2.311641   0.193588   0.071173
  2020     1     1    11    14 30.000000   2.311641   0.193588   0.071387
  2020     1     1    11    15  0.000000   2.311641   0.193587   0.071592
  2020     1     1    11    15 30.000000   2.311641   0.193587   0.071792
  2020     1     1    11    16  0.000000   2.311641   0.193587   0.071993
  2020     1     1    11    16 30.000000   2.311642   0.193586   0.072195
  2020     1     1    11    17  0.000000   2.311642   0.193586   0.072399
  2020     1     1    11    17 30.000000   2.311642   0.193586   0.072598
  2020     1     1    11    18  0.000000   2.311642   0.193585   0.072798
  2020     1     1    11    18 30.000000   2.311642   0.193585   0.072997
  2020     1     1    11    19  0.000000   2.311642   0.193585   0.073194
  2020     1     1    11    19 30.000000   2.311642   0.193584   0.073386
  2020     1     1    11    20  0.000000   2.311642   0.193584   0.073574
  2020     1     1    11    20 30.000000   2.311642   0.193584   0.073757
  2020     1     1    11    21  0.000000   2.311642   0.193583   0.073939
  2020     1     1    11    21 30.000000   2.311642   0.193583   0.074112
  2020     1     1    11    22  0.000000   2.311642   0.193583   0.074279
  2020     1     1    11    22 30.000000   2.311642   0.193582   0.074442
  2020     1     1    11    23  0.000000   2.311642   0.193582   0.074601
  2020     1     1    11    23 30.000000   2.311642   0.193582   0.074752
  2020     1     1    11    24  0.000000   2.311642   0.193581   0.074892
  2020     1     1    11    24 30.000000   2.311642   0.193581   0.075025
  2020     1     1    11    25  0.000000   2.311642   0.193581   0.075153
  2020     1     1    11    25 30.000000   2.311642   0.193580   0.075269
  2020     1     1    11    26  0.000000   2.311642   0.193580   0.075378
  2020     1     1    11    26 30.000000   2.311642   0.193580   0.075483
  2020     1     1    11    27  0.000000   2.311642   0.193579   0.075585
  2020     1     1    11    27 30.000000   2.311642   0.193579   0.075688
  2020     1     1    11    28  0.000000   2.311642   0.193579   0.075785
  2020     1     1    11    28 30.000000   2.311642   0.193578   0.075872
  2020     1     1    11    29  0.000000   2.311642   0.193578   0.075950
  2020     1     1    11    29 30.000000   2.311642   0.193578   0.076016
  2020     1     1    11    30  0.000000   2.311642   0.193577   0.076068
  2020     1     1    11    30 30.000000   2.311643   0.193577   0.076107
  2020     1     1    11    31  0.000000   2.311643   0.193577   0.076132
  2020     1     1    11    31 30.000000   2.311643   0.193576   0.076147
  2020     1     1    11    32  0.000000   2.311643   0.193576   0.076151
  2020     1     1    11    32 30.000000   2.311643   0.193576   0.076145
  2020     1     1    11    33  0.000000   2.311643   0.193575   0.076131
  2020     1     1    11    33 30.000000   2.311643   0.193575   0.076100
  2020     1     1    11    34  0.000000   2.311643   0.193574   0.076046
  2020     1     1    11    34 30.000000   2.311643   0.193574   0.075976
  2020     1     1    11    35  0.000000   2.311643   0.193574   0.075896
  2020     1     1    11    35 30.000000   2.311643   0.193573   0.075811
  2020     1     1    11    36  0.000000   2.311643   0.193573   0.075721
  2020     1     1    11    36 30.000000   2.311643   0.193573   0.075620
  2020     1     1    11    37  0.000000   2.311643   0.193572   0.075502
  2020     1     1    11    37 30.000000   2.311643   0.193572   0.075372
  2020     1     1    11    38  0.000000   2.311643   0.193572   0.075232
  2020     1     1    11    38 30.000000   2.311643   0.193571   0.075081
  2020     1     1    11    39  0.000000   2.311643   0.193571   0.074925
  2020     1     1    11    39 30.000000   2.311643   0.193571   0.074767
  2020     1     1    11    40  0.000000   2.311643   0.193570   0.074607
  2020     1     1    11    40 30.000000   2.311643   0.193570   0.074445
  2020     1     1    11    41  0.000000   2.311643   0.193570   0.074286
  2020     1     1    11    41 30.000000   2.311643   0.193569   0.074128
  2020     1     1    11    42  0.000000   2.311643   0.193569   0.073972
  2020     1     1    11    42 30.000000   2.311643   0.193569   0.073820
  2020     1     1    11    43  0.000000   2.311643   0.193568   0.073672
  2020     1     1    11    43 30.000000   2.311643   0.193568   0.073523
  2020     1     1    11    44  0.000000   2.311643   0.193568   0.073373
  2020     1     1    11    44 30.000000   2.311644   0.193567   0.073225
  2020     1     1    11    45  0.000000   2.311644   0.193567   0.073084
  2020     1     1    11    45 30.000000   2.311644   0.193567   0.072953
  2020     1     1    11    46  0.000000   2.311644   0.193566   0.072836
  2020     1     1    11    46 30.000000   2.311644   0.193566   0.072730
  2020     1     1    11    47  0.000000   2.311644   0.193566   0.072634
  2020     1     1    11    47 30.000000   2.311644   0.193565   0.072552
  2020     1     1    11    48  0.000000   2.311644   0.193565   0.072487
  2020     1     1    11    48 30.000000   2.311644   0.193565   0.072436
  2020     1     1    11    49  0.000000   2.311644   0.193564   0.072395
  2020     1     1    11    49 30.000000   2.311644   0.193564   0.072364
  2020     1     1    11    50  0.000000   2.311644   0.193564   0.072346
  2020     1     1    11    50 30.000000   2.311644   0.193563   0.072346
  2020     1     1    11    51  0.000000   2.311644   0.193563   0.072349
  2020     1     1    11    51 30.000000   2.311644   0.193563   0.072343
  2020     1     1    11    52  0.000000   2.311644   0.193562   0.072333
  2020     1     1    11    52 30.000000   2.311644   0.193562   0.072318
  2020     1     1    11    53  0.000000   2.311644   0.193562   0.072297
  2020     1     1    11    53 30.000000   2.311644   0.193561   0.072274
  2020     1     1    11    54  0.000000   2.311644   0.193561   0.072248
  2020     1     1    11    54 30.000000   2.311644   0.193561   0.072212
  2020     1     1    11    55  0.000000   2.311644   0.193560   0.072173
  2020     1     1    11    55 30.000000   2.311644   0.193560   0.072130
  2020     1     1    11    56  0.000000   2.311644   0.193560   0.072081
  2020     1     1    11    56 30.000000   2.311644   0.193559   0.072026
  2020     1     1    11    57  0.000000   2.311644   0.193559   0.071969
  2020     1     1    11    57 30.000000   2.311644   0.193559   0.071909
  2020     1     1    11    58  0.000000   2.311644   0.193558   0.071852
  2020     1     1    11    58 30.000000   2.311645   0.193558   0.071794
  2020     1     1    11    59  0.000000   2.311645   0.193558   0.071734
  2020     1     1    11    59 30.000000   2.311645   0.193557   0.071676
  2020     1     1    12     0  0.000000   2.311645   0.193557   0.071626
  2020     1     1    12     0 30.000000   2.311645   0.193557   0.071581
  2020     1     1    12     1  0.000000   2.311645   0.193556   0.071541
  2020     1     1    12     1 30.000000   2.311645   0.193556   0.071505
  2020     1     1    12     2  0.000000   2.311645   0.193556   0.071471
  2020     1     1    12     2 30.000000   2.311645   0.193555   0.071438
  2020     1     1    12     3  0.000000   2.311645   0.193555   0.071408
  2020     1     1    12     3 30.000000   2.311645   0.193555   0.071381
  2020     1     1    12     4  0.000000   2.311645   0.193554   0.071355
  2020     1     1    12     4 30.000000   2.311645   0.193554   0.071331
  2020     1     1    12     5  0.000000   2.311645   0.193554   0.071309
  2020     1     1    12     5 30.000000   2.311645   0.193553   0.071296
  2020     1     1    12     6  0.000000   2.311645   0.193553   0.071284
  2020     1     1    12     6 30.000000   2.311645   0.193553   0.071274
  2020     1     1    12     7  0.000000   2.311645   0.193552   0.071269
  2020     1     1    12     7 30.000000   2.311645   0.193552   0.071253
  2020     1     1    12     8  0.000000   2.311645   0.193552   0.071230
  2020     1     1    12     8 30.000000   2.311645   0.193551   0.071206
  2020     1     1    12     9  0.000000   2.311645   0.193551   0.071185
  2020     1     1    12     9 30.000000   2.311645   0.193551   0.071166
  2020     1     1    12    10  0.000000   2.311645   0.193550   0.071152
  2020     1     1    12    10 30.000000   2.311645   0.193550   0.071141
  2020     1     1    12    11  0.000000   2.311645   0.193550   0.071131
  2020     1     1    12    11 30.000000   2.311645   0.193549   0.071117
  2020     1     1    12    12  0.000000   2.311645   0.193549   0.071104
  2020     1     1    12    12 30.000000   2.311646   0.193549   0.071092
  2020     1     1    12    13  0.000000   2.311646   0.193548   0.071075
  2020     1     1    12    13 30.000000   2.311646   0.193548   0.071055
  2020     1     1    12    14  0.000000   2.311646   0.193548   0.071034
  2020     1     1    12    14 30.000000   2.311646   0.193547   0.071008
  2020     1     1    12    15  0.000000   2.311646   0.193547   0.070978
  2020     1     1    12    15 30.000000   2.311646   0.193547   0.070941
  2020     1     1    12    16  0.000000   2.311646   0.193546   0.070899
  2020     1     1    12    16 30.000000   2.311646   0.193546   0.070856
  2020     1     1    12    17  0.000000   2.311646   0.193546   0.070810
  2020     1     1    12    17 30.000000   2.311646   0.193545   0.070762
  2020     1     1    12    18  0.000000   2.311646   0.193545   0.070716
  2020     1     1    12    18 30.000000   2.311646   0.193545   0.070665
  2020     1     1    12    19  0.000000   2.311646   0.193544   0.070616
  2020     1     1    12    19 30.000000   2.311646   0.193544   0.070567
  2020     1     1    12    20  0.000000   2.311646   0.193544   0.070518
  2020     1     1    12    20 30.000000   2.311646   0.193543   0.070467
  2020     1     1    12    21  0.000000   2.311646   0.193543   0.070412
  2020     1     1    12    21 30.000000   2.311646   0.193543   0.070358
  2020     1     1    12    22  0.000000   2.311646   0.193542   0.070301
  2020     1     1    12    22 30.000000   2.311646   0.193542   0.070244
  2020     1     1    12    23  0.000000   2.311646   0.193542   0.070187
  2020     1     1    12    23 30.000000   2.311646   0.193541   0.070134
  2020     1     1    12    24  0.000000   2.311646   0.193541   0.070081
  2020     1     1    12    24 30.000000   2.311646   0.193541   0.070028
  2020     1     1    12    25  0.000000   2.311646   0.193540   0.069976
  2020     1     1    12    25 30.000000   2.311646   0.193540   0.069919
  2020     1     1    12    26  0.000000   2.311646   0.193540   0.069861
  2020     1     1    12    26 30.000000   2.311647   0.193539   0.069798
  2020     1     1    12    27  0.000000   2.311647   0.193539   0.069731
  2020     1     1    12    27 30.000000   2.311647   0.193539   0.069659
  2020     1     1    12    28  0.000000   2.311647   0.193538   0.069585
  2020     1     1    12    28 30.000000   2.311647   0.193538   0.069514
  2020     1     1    12    29  0.000000   2.311647   0.193538   0.069446
  2020     1     1    12    29 30.000000   2.311647   0.193537   0.069375
  2020     1     1    12    30  0.000000   2.311647   0.193537   0.069303
  2020     1     1    12    30 30.000000   2.311647   0.193537   0.069229
  2020     1     1    12    31  0.000000   2.311647   0.193536   0.069150
  2020     1     1    12    31 30.000000   2.311647   0.193536   0.069068
  2020     1     1    12    32  0.000000   2.311647   0.193536   0.068985
  2020     1     1    12    32 30.000000   2.311647   0.193535   0.068904
  2020     1     1    12    33  0.000000   2.311647   0.193535   0.068828
  2020     1     1    12    33 30.000000   2.311647   0.193535   0.068758
  2020     1     1    12    34  0.000000   2.311647   0.193534   0.068693
  2020     1     1    12    34 30.000000   2.311647   0.193534   0.068630
  2020     1     1    12    35  0.000000   2.311647   0.193534   0.068565
  2020     1     1    12    35 30.000000   2.311647   0.193533   0.068498
  2020     1     1    12    36  0.000000   2.311647   0.193533   0.068427
  2020     1     1    12    36 30.000000   2.311647   0.193533   0.068356
  2020     1     1    12    37  0.000000   2.311647   0.193532   0.068282
  2020     1     1    12    37 30.000000   2.311647   0.193532   0.068204
  2020     1     1    12    38  0.000000   2.311647   0.193532   0.068132
  2020     1     1    12    38 30.000000   2.311647   0.193531   0.068064
  2020     1     1    12    39  0.000000   2.311647   0.193531   0.068000
  2020     1     1    12    39 30.000000   2.311647   0.193531   0.067937
  2020     1     1    12    40  0.000000   2.311647   0.193530   0.067867
  2020     1     1    12    40 30.000000   2.311648   0.193530   0.067788
  2020     1     1    12    41  0.000000   2.311648   0.193530   0.067704
  2020     1     1    12    41 30.000000   2.311648   0.193529   0.067611
  2020     1     1    12    42  0.000000   2.311648   0.193529   0.067515
  2020     1     1    12    42 30.000000   2.311648   0.193529   0.067415
  2020     1     1    12    43  0.000000   2.311648   0.193528   0.067309
  2020     1     1    12    43 30.000000   2.311648   0.193528   0.067197
  2020     1     1    12    44  0.000000   2.311648   0.193528   0.067078
  2020     1     1    12    44 30.000000   2.311648   0.193527   0.066954
  2020     1     1    12    45  0.000000   2.311648   0.193527   0.066830
  2020     1     1    12    45 30.000000   2.311648   0.193527   0.066709
  2020     1     1    12    46  0.000000   2.311648   0.193526   0.066587
  2020     1     1    12    46 30.000000   2.311648   0.193526   0.066463
  2020     1     1    12    47  0.000000   2.311648   0.193526   0.066335
  2020     1     1    12    47 30.000000   2.311648   0.193525   0.066205
  2020     1     1    12    48  0.000000   2.311648   0.193525   0.066070
  2020     1     1    12    48 30.000000   2.311648   0.193525   0.065932
  2020     1     1    12    49  0.000000   2.311648   0.193524   0.065792
  2020     1     1    12    49 30.000000   2.311648   0.193524   0.065649
  2020     1     1    12    50  0.000000   2.311648   0.193524   0.065504
  2020     1     1    12    50 30.000000   2.311648   0.193523   0.065359
  2020     1     1    12    51  0.000000   2.311648   0.193523   0.065212
  2020     1     1    12    51 30.000000   2.311648   0.193523   0.065065
  2020     1     1    12    52  0.000000   2.311648   0.193522   0.064916
  2020     1     1    12    52 30.000000   2.311648   0.193522   0.064764
  2020     1     1    12    53  0.000000   2.311648   0.193522   0.064612
  2020     1     1    12    53 30.000000   2.311648   0.193521   0.064457
  2020     1     1    12    54  0.000000   2.311648   0.193521   0.064298
  2020     1     1    12    54 30.000000   2.311649   0.193521   0.064135
  2020     1     1    12    55  0.000000   2.311649   0.193520   0.063969
  2020     1     1    12    55 30.000000   2.311649   0.193520   0.063806
  2020     1     1    12    56  0.000000   2.311649   0.193520   0.063649
  2020     1     1    12    56 30.000000   2.311649   0.193519   0.063494
  2020     1     1    12    57  0.000000   2.311649   0.193519   0.063337
  2020     1     1    12    57 30.000000   2.311649   0.193519   0.063184
  2020     1     1    12    58  0.000000   2.311649   0.193518   0.063030
  2020     1     1    12    58 30.000000   2.311649   0.193518   0.062882
  2020     1     1    12    59  0.000000   2.311649   0.193518   0.062741
  2020     1     1    12    59 30.000000   2.311649   0.193517   0.062607
  2020     1     1    13     0  0.000000   2.311649   0.193517   0.062478
  2020     1     1    13     0 30.000000   2.311649   0.193517   0.062352
  2020     1     1    13     1  0.000000   2.311649   0.193516   0.062229
  2020     1     1    13     1 30.000000   2.311649   0.193516   0.062114
  2020     1     1    13     2  0.000000   2.311649   0.193516   0.062008
  2020     1     1    13     2 30.000000   2.311649   0.193515   0.061908
  2020     1     1    13     3  0.000000   2.311649   0.193515   0.061811
  2020     1     1    13     3 30.000000   2.311649   0.193515   0.061708
  2020     1     1    13     4  0.000000   2.311649   0.193514   0.061603
  2020     1     1    13     4 30.000000   2.311649   0.193514   0.061502
  2020     1     1    13     5  0.000000   2.311649   0.193514   0.061407
  2020     1     1    13     5 30.000000   2.311649   0.193513   0.061315
  2020     1     1    13     6  0.000000   2.311649   0.193513   0.061229
  2020     1     1    13     6 30.000000   2.311649   0.193513   0.061142
  2020     1     1    13     7  0.000000   2.311649   0.193512   0.061058
  2020     1     1    13     7 30.000000   2.311649   0.193512   0.060973
  2020     1     1    13     8  0.000000   2.311649   0.193511   0.060890
  2020     1     1    13     8 30.000000   2.311650   0.193511   0.060808
  2020     1     1    13     9  0.000000   2.311650   0.193511   0.060732
  2020     1     1    13     9 30.000000   2.311650   0.193510   0.060658
  2020     1     1    13    10  0.000000   2.311650   0.193510   0.060585
  2020     1     1    13    10 30.000000   2.311650   0.193510   0.060513
  2020     1     1    13    11  0.000000   2.311650   0.193509   0.060441
  2020     1     1    13    11 30.000000   2.311650   0.193509   0.060372
  2020     1     1    13    12  0.000000   2.311650   0.193509   0.060302
  2020     1     1    13    12 30.000000   2.311650   0.193508   0.060230
  2020     1     1    13    13  0.000000   2.311650   0.193508   0.060155
  2020     1     1    13    13 30.000000   2.311650   0.193508   0.060082
  2020     1     1    13    14  0.000000   2.311650   0.193507   0.060015
  2020     1     1    13    14 30.000000   2.311650   0.193507   0.059954
  2020     1     1    13    15  0.000000   2.311650   0.193507   0.059900
  2020     1     1    13    15 30.000000   2.311650   0.193506   0.059855
  2020     1     1    13    16  0.000000   2.311650   0.193506   0.059817
  2020     1     1    13    16 30.000000   2.311650   0.193506   0.059783
  2020     1     1    13    17  0.000000   2.311650   0.193505   0.059751
  2020     1     1    13    17 30.000000   2.311650   0.193505   0.059721
  2020     1     1    13    18  0.000000   2.311650   0.193505   0.059695
  2020     1     1    13    18 30.000000   2.311650   0.193504   0.059677
  2020     1     1    13    19  0.000000   2.311650   0.193504   0.059668
  2020     1     1    13    19 30.000000   2.311650   0.193504   0.059665
  2020     1     1    13    20  0.000000   2.311650   0.193503   0.059661
  2020     1     1    13    20 30.000000   2.311650   0.193503   0.059656
  2020     1     1    13    21  0.000000   2.311650   0.193503   0.059645
  2020     1     1    13    21 30.000000   2.311650   0.193502   0.059631
  2020     1     1    13    22  0.000000   2.311650   0.193502   0.059614
  2020     1     1    13    22 30.000000   2.311650   0.193502   0.059597
  2020     1     1    13    23  0.000000   2.311651   0.193501   0.059580
  2020     1     1    13    23 30.000000   2.311651   0.193501   0.059561
  2020     1     1    13    24  0.000000   2.311651   0.193501   0.059544
  2020     1     1    13    24 30.000000   2.311651   0.193500   0.059526
  2020     1     1    13    25  0.000000   2.311651   0.193500   0.059503
  2020     1     1    13    25 30.000000   2.311651   0.193500   0.059470
  2020     1     1    13    26  0.000000   2.311651   0.193499   0.059433
  2020     1     1    13    26 30.000000   2.311651   0.193499   0.059387
  2020     1     1    13    27  0.000000   2.311651   0.193499   0.059331
  2020     1     1    13    27 30.000000   2.311651   0.193498   0.059264
  2020     1     1    13    28  0.000000   2.311651   0.193498   0.059184
  2020     1     1    13    28 30.000000   2.311651   0.193498   0.059093
  2020     1     1    13    29  0.000000   2.311651   0.193497   0.058991
  2020     1     1    13    29 30.000000   2.311651   0.193497   0.058876
  2020     1     1    13    30  0.000000   2.311651   0.193497   0.058755
  2020     1     1    13    30 30.000000   2.311651   0.193496   0.058626
  2020     1     1    13    31  0.000000   2.311651   0.193496   0.058488
  2020     1     1    13    31 30.000000   2.311651   0.193496   0.058344
  2020     1     1    13    32  0.000000   2.311651   0.193495   0.058197
  2020     1     1    13    32 30.000000   2.311651   0.193495   0.058044
  2020     1     1    13    33  0.000000   2.311651   0.193495   0.057882
  2020     1     1    13    33 30.000000   2.311651   0.193494   0.057713
  2020     1     1    13    34  0.000000   2.311651   0.193494   0.057538
  2020     1     1    13    34 30.000000   2.311651   0.193494   0.057362
  2020     1     1    13    35  0.000000   2.311651   0.193493   0.057186
  2020     1     1    13    35 30.000000   2.311651   0.193493   0.057010
  2020     1     1    13    36  0.000000   2.311651   0.193493   0.056835
  2020     1     1    13    36 30.000000   2.311651   0.193492   0.056665
  2020     1     1    13    37  0.000000   2.311652   0.193492   0.056500
  2020     1     1    13    37 30.000000   2.311652   0.193492   0.056342
  2020     1     1    13    38  0.000000   2.311652   0.193491   0.056191
  2020     1     1    13    38 30.000000   2.311652   0.193491   0.056051
  2020     1     1    13    39  0.000000   2.311652   0.193491   0.055921
  2020     1     1    13    39 30.000000   2.311652   0.193490   0.055800
  2020     1     1    13    40  0.000000   2.311652   0.193490   0.055694
  2020     1     1    13    40 30.000000   2.311652   0.193490   0.055601
  2020     1     1    13    41  0.000000   2.311652   0.193489   0.055520
  2020     1     1    13    41 30.000000   2.311652   0.193489   0.055451
  2020     1     1    13    42  0.000000   2.311652   0.193489   0.055397
  2020     1     1    13    42 30.000000   2.311652   0.193488   0.055358
  2020     1     1    13    43  0.000000   2.311652   0.193488   0.055336
  2020     1     1    13    43 30.000000   2.311652   0.193488   0.055334
  2020     1     1    13    44  0.000000   2.311652   0.193487   0.055350
  2020     1     1    13    44 30.000000   2.311652   0.193487   0.055373
  2020     1     1    13    45  0.000000   2.311652   0.193487   0.055405
  2020     1     1    13    45 30.000000   2.311652   0.193486   0.055441
  2020     1     1    13    46  0.000000   2.311652   0.193486   0.055484
  2020     1     1    13    46 30.000000   2.311652   0.193486   0.055541
  2020     1     1    13    47  0.000000   2.311652   0.193485   0.055616
  2020     1     1    13    47 30.000000   2.311652   0.193485   0.055707
  2020     1     1    13    48  0.000000   2.311652   0.193485   0.055809
  2020     1     1    13    48 30.000000   2.311652   0.193484   0.055918
  2020     1     1    13    49  0.000000   2.311652   0.193484   0.056028
  2020     1     1    13    49 30.000000   2.311652   0.193484   0.056138
  2020     1     1    13    50  0.000000   2.311652   0.193483   0.056250
  2020     1     1    13    50 30.000000   2.311652   0.193483   0.056368
  2020     1     1    13    51  0.000000   2.311653   0.193483   0.056500
  2020     1     1    13    51 30.000000   2.311653   0.193482   0.056644
  2020     1     1    13    52  0.000000   2.311653   0.193482   0.056799
  2020     1     1    13    52 30.000000   2.311653   0.193482   0.056958
  2020     1     1    13    53  0.000000   2.311653   0.193481   0.057120
  2020     1     1    13    53 30.000000   2.311653   0.193481   0.057287
  2020     1     1    13    54  0.000000   2.311653   0.193481   0.057460
  2020     1     1    13    54 30.000000   2.311653   0.193480   0.057642
  2020     1     1    13    55  0.000000   2.311653   0.193480   0.057834
  2020     1     1    13    55 30.000000   2.311653   0.193480   0.058031
  2020     1     1    13    56  0.000000   2.311653   0.193479   0.058232
  2020     1     1    13    56 30.000000   2.311653   0.193479   0.058429
  2020     1     1    13    57  0.000000   2.311653   0.193479   0.058626
  2020     1     1    13    57 30.000000   2.311653   0.193478   0.058822
  2020     1     1    13    58  0.000000   2.311653   0.193478   0.059017
  2020     1     1    13    58 30.000000   2.311653   0.193478   0.059212
  2020     1     1    13    59  0.000000   2.311653   0.193477   0.059401
  2020     1     1    13    59 30.000000   2.311653   0.193477   0.059581
  2020     1     1    14     0  0.000000   2.311653   0.193477   0.059755
  2020     1     1    14     0 30.000000   2.311653   0.193476   0.059919
  2020     1     1    14     1  0.000000   2.311653   0.193476   0.060075
  2020     1     1    14     1 30.000000   2.311653   0.193476   0.060224
  2020     1     1    14     2  0.000000   2.311653   0.193475   0.060367
  2020     1     1    14     2 30.000000   2.311653   0.193475   0.060504
  2020     1     1    14     3  0.000000   2.311653   0.193475   0.060629
  2020     1     1    14     3 30.000000   2.311653   0.193474   0.060749
  2020     1     1    14     4  0.000000   2.311653   0.193474   0.060866
  2020     1     1    14     4 30.000000   2.311653   0.193474   0.060981
  2020     1     1    14     5  0.000000   2.311654   0.193473   0.061091
  2020     1     1    14     5 30.000000   2.311654   0.193473   0.061198
  2020     1     1    14     6  0.000000   2.311654   0.193473   0.061301
  2020     1     1    14     6 30.000000   2.311654   0.193472   0.061398
  2020     1     1    14     7  0.000000   2.311654   0.193472   0.061488
  2020     1     1    14     7 30.000000   2.311654   0.193472   0.061573
  2020     1     1    14     8  0.000000   2.311654   0.193471   0.061658
  2020     1     1    14     8 30.000000   2.311654   0.193471   0.061739
  2020     1     1    14     9  0.000000   2.311654   0.193471   0.061812
  2020     1     1    14     9 30.000000   2.311654   0.193470   0.061877
  2020     1     1    14    10  0.000000   2.311654   0.193470   0.061937
  2020     1     1    14    10 30.000000   2.311654   0.193470   0.061989
  2020     1     1    14    11  0.000000   2.311654   0.193469   0.062032
  2020     1     1    14    11 30.000000   2.311654   0.193469   0.062062
  2020     1     1    14    12  0.000000   2.311654   0.193469   0.062084
  2020     1     1    14    12 30.000000   2.311654   0.193468   0.062103
  2020     1     1    14    13  0.000000   2.311654   0.193468   0.062114
  2020     1     1    14    13 30.000000   2.311654   0.193468   0.062120
  2020     1     1    14    14  0.000000   2.311654   0.193467   0.062125
  2020     1     1    14    14 30.000000   2.311654   0.193467   0.062128
  2020     1     1    14    15  0.000000   2.311654   0.193467   0.062140
  2020     1     1    14    15 30.000000   2.311654   0.193466   0.062161
  2020     1     1    14    16  0.000000   2.311654   0.193466   0.062190
  2020     1     1    14    16 30.000000   2.311654   0.193466   0.062222
  2020     1     1    14    17  0.000000   2.311654   0.193465   0.062258
  2020     1     1    14    17 30.000000   2.311654   0.193465   0.062290
  2020     1     1    14    18  0.000000   2.311654   0.193465   0.062322
  2020     1     1    14    18 30.000000   2.311654   0.193464   0.062358
  2020     1     1    14    19  0.000000   2.311655   0.193464   0.062403
  2020     1     1    14    19 30.000000   2.311655   0.193464   0.062450
  2020     1     1    14    20  0.000000   2.311655   0.193463   0.062499
  2020     1     1    14    20 30.000000   2.311655   0.193463   0.062549
  2020     1     1    14    21  0.000000   2.311655   0.193463   0.062606
  2020     1     1    14    21 30.000000   2.311655   0.193462   0.062664
  2020     1     1    14    22  0.000000   2.311655   0.193462   0.062725
  2020     1     1    14    22 30.000000   2.311655   0.193462   0.062793
  2020     1     1    14    23  0.000000   2.311655   0.193461   0.062857
  2020     1     1    14    23 30.000000   2.311655   0.193461   0.062916
  2020     1     1    14    24  0.000000   2.311655   0.193461   0.062972
  2020     1     1    14    24 30.000000   2.311655   0.193460   0.063026
  2020     1     1    14    25  0.000000   2.311655   0.193460   0.063075
  2020     1     1    14    25 30.000000   2.311655   0.193460   0.063121
  2020     1     1    14    26  0.000000   2.311655   0.193459   0.063163
  2020     1     1    14    26 30.000000   2.311655   0.193459   0.063196
  2020     1     1    14    27  0.000000   2.311655   0.193459   0.063223
  2020     1     1    14    27 30.000000   2.311655   0.193458   0.063250
  2020     1     1    14    28  0.000000   2.311655   0.193458   0.063276
  2020     1     1    14    28 30.000000   2.311655   0.193458   0.063305
  2020     1     1    14    29  0.000000   2.311655   0.193457   0.063335
  2020     1     1    14    29 30.000000   2.311655   0.193457   0.063365
  2020     1     1    14    30  0.000000   2.311655   0.193457   0.063395
  2020     1     1    14    30 30.000000   2.311655   0.193456   0.063423
  2020     1     1    14    31  0.000000   2.311655   0.193456   0.063445
  2020     1     1    14    31 30.000000   2.311655   0.193456   0.063461
  2020     1     1    14    32  0.000000   2.311655   0.193455   0.063473
  2020     1     1    14    32 30.000000   2.311655   0.193455   0.063475
  2020     1     1    14    33  0.000000   2.311656   0.193455   0.063472
  2020     1     1    14    33 30.000000   2.311656   0.193454   0.063462
  2020     1     1    14    34  0.000000   2.311656   0.193454   0.063449
  2020     1     1    14    34 30.000000   2.311656   0.193454   0.063425
  2020     1     1    14    35  0.000000   2.311656   0.193453   0.063390
  2020     1     1    14    35 30.000000   2.311656   0.193453   0.063343
  2020     1     1    14    36  0.000000   2.311656   0.193453   0.063286
  2020     1     1    14    36 30.000000   2.311656   0.193452   0.063219
  2020     1     1    14    37  0.000000   2.311656   0.193452   0.063144
  2020     1     1    14    37 30.000000   2.311656   0.193452   0.063063
  2020     1     1    14    38  0.000000   2.311656   0.193451   0.062982
  2020     1     1    14    38 30.000000   2.311656   0.193451   0.062901
  2020     1     1    14    39  0.000000   2.311656   0.193451   0.062820
  2020     1     1    14    39 30.000000   2.311656   0.193450   0.062744
  2020     1     1    14    40  0.000000   2.311656   0.193450   0.062670
  2020     1     1    14    40 30.000000   2.311656   0.193450   0.062595
  2020     1     1    14    41  0.000000   2.311656   0.193449   0.062521
  2020     1     1    14    41 30.000000   2.311656   0.193449   0.062446
  2020     1     1    14    42  0.000000   2.311656   0.193449   0.062370
  2020     1     1    14    42 30.000000   2.311656   0.193448   0.062299
  2020     1     1    14    43  0.000000   2.311656   0.193448   0.062231
  2020     1     1    14    43 30.000000   2.311656   0.193448   0.062167
  2020     1     1    14    44  0.000000   2.311656   0.193447   0.062105
  2020     1     1    14    44 30.000000   2.311656   0.193447   0.062042
  2020     1     1    14    45  0.000000   2.311656   0.193447   0.061979
  2020     1     1    14    45 30.000000   2.311656   0.193446   0.061918
  2020     1     1    14    46  0.000000   2.311656   0.193446   0.061859
  2020     1     1    14    46 30.000000   2.311656   0.193446   0.061802
  2020     1     1    14    47  0.000000   2.311657   0.193445   0.061745
  2020     1     1    14    47 30.000000   2.311657   0.193445   0.061685
  2020     1     1    14    48  0.000000   2.311657   0.193445   0.061623
  2020     1     1    14    48 30.000000   2.311657   0.193444   0.061561
  2020     1     1    14    49  0.000000   2.311657   0.193444   0.061498
  2020     1     1    14    49 30.000000   2.311657   0.193444   0.061434
  2020     1     1    14    50  0.000000   2.311657   0.193443   0.061368
  2020     1     1    14    50 30.000000   2.311657   0.193443   0.061300
  2020     1     1    14    51  0.000000   2.311657   0.193443   0.061233
  2020     1     1    14    51 30.000000   2.311657   0.193442   0.061165
  2020     1     1    14    52  0.000000   2.311657   0.193442   0.061094
  2020     1     1    14    52 30.000000   2.311657   0.193442   0.061019
  2020     1     1    14    53  0.000000   2.311657   0.193441   0.060940
  2020     1     1    14    53 30.000000   2.311657   0.193441   0.060857
  2020     1     1    14    54  0.000000   2.311657   0.193441   0.060777
  2020     1     1    14    54 30.000000   2.311657   0.193440   0.060699
  2020     1     1    14    55  0.000000   2.311657   0.193440   0.060624
  2020     1     1    14    55 30.000000   2.311657   0.193440   0.060556
  2020     1     1    14    56  0.000000   2.311657   0.193439   0.060498
  2020     1     1    14    56 30.000000   2.311657   0.193439   0.060449
  2020     1     1    14    57  0.000000   2.311657   0.193439   0.060408
  2020     1     1    14    57 30.000000   2.311657   0.193438   0.060372
  2020     1     1    14    58  0.000000   2.311657   0.193438   0.060342
  2020     1     1    14    58 30.000000   2.311657   0.193438   0.060321
  2020     1     1    14    59  0.000000   2.311657   0.193437   0.060305
  2020     1     1    14    59 30.000000   2.311657   0.193437   0.060298
  2020     1     1    15     0  0.000000   2.311657   0.193437   0.060295
  2020     1     1    15     0 30.000000   2.311657   0.193436   0.060299
  2020     1     1    15     1  0.000000   2.311657   0.193436   0.060305
  2020     1     1    15     1 30.000000   2.311658   0.193436   0.060312
  2020     1     1    15     2  0.000000   2.311658   0.193435   0.060322
  2020     1     1    15     2 30.000000   2.311658   0.193435   0.060332
  2020     1     1    15     3  0.000000   2.311658   0.193435   0.060346
  2020     1     1    15     3 30.000000   2.311658   0.193434   0.060358
  2020     1     1    15     4  0.000000   2.311658   0.193434   0.060364
  2020     1     1    15     4 30.000000   2.311658   0.193434   0.060365
  2020     1     1    15     5  0.000000   2.311658   0.193433   0.060359
  2020     1     1    15     5 30.000000   2.311658   0.193433   0.060347
  2020     1     1    15     6  0.000000   2.311658   0.193433   0.060330
  2020     1     1    15     6 30.000000   2.311658   0.193432   0.060302
  2020     1     1    15     7  0.000000   2.311658   0.193432   0.060260
  2020     1     1    15     7 30.000000   2.311658   0.193432   0.060200
  2020     1     1    15     8  0.000000   2.311658   0.193431   0.060123
  2020     1     1    15     8 30.000000   2.311658   0.193431   0.060035
  2020     1     1    15     9  0.000000   2.311658   0.193431   0.059935
  2020     1     1    15     9 30.000000   2.311658   0.193430   0.059829
  2020     1     1    15    10  0.000000   2.311658   0.193430   0.059715
  2020     1     1    15    10 30.000000   2.311658   0.193430   0.059587
  2020     1     1    15    11  0.000000   2.311658   0.193429   0.059450
  2020     1     1    15    11 30.000000   2.311658   0.193429   0.059306
  2020     1     1    15    12  0.000000   2.311658   0.193429   0.059156
  2020     1     1    15    12 30.000000   2.311658   0.193428   0.059001
  2020     1     1    15    13  0.000000   2.311658   0.193428   0.058837
  2020     1     1    15    13 30.000000   2.311658   0.193428   0.058661
  2020     1     1    15    14  0.000000   2.311658   0.193427   0.058474
  2020     1     1    15    14 30.000000   2.311658   0.193427   0.058274
  2020     1     1    15    15  0.000000   2.311658   0.193427   0.058058
  2020     1     1    15    15 30.000000   2.311659   0.193426   0.057826
  2020     1     1    15    16  0.000000   2.311659   0.193426   0.057577
  2020     1     1    15    16 30.000000   2.311659   0.193426   0.057318
  2020     1     1    15    17  0.000000   2.311659   0.193425   0.057051
  2020     1     1    15    17 30.000000   2.311659   0.193425   0.056774
  2020     1     1    15    18  0.000000   2.311659   0.193425   0.056493
  2020     1     1    15    18 30.000000   2.311659   0.193424   0.056202
  2020     1     1    15    19  0.000000   2.311659   0.193424   0.055903
  2020     1     1    15    19 30.000000   2.311659   0.193424   0.055598
  2020     1     1    15    20  0.000000   2.311659   0.193423   0.055290
  2020     1     1    15    20 30.000000   2.311659   0.193423   0.054980
  2020     1     1    15    21  0.000000   2.311659   0.193423   0.054673
  2020     1     1    15    21 30.000000   2.311659   0.193422   0.054367
  2020     1     1    15    22  0.000000   2.311659   0.193422   0.054065
  2020     1     1    15    22 30.000000   2.311659   0.193421   0.053765
  2020     1     1    15    23  0.000000   2.311659   0.193421   0.053471
  2020     1     1    15    23 30.000000   2.311659   0.193421   0.053183
  2020     1     1    15    24  0.000000   2.311659   0.193420   0.052906
  2020     1     1    15    24 30.000000   2.311659   0.193420   0.052637
  2020     1     1    15    25  0.000000   2.311659   0.193420   0.052382
  2020     1     1    15    25 30.000000   2.311659   0.193419   0.052135
  2020     1     1    15    26  0.000000   2.311659   0.193419   0.051897
  2020     1     1    15    26 30.000000   2.311659   0.193419   0.051665
  2020     1     1    15    27  0.000000   2.311659   0.193418   0.051438
  2020     1     1    15    27 30.000000   2.311659   0.193418   0.051217
  2020     1     1    15    28  0.000000   2.311659   0.193418   0.051006
  2020     1     1    15    28 30.000000   2.311659   0.193417   0.050800
  2020     1     1    15    29  0.000000   2.311659   0.193417   0.050593
  2020     1     1    15    29 30.000000   2.311660   0.193417   0.050381
  2020     1     1    15    30  0.000000   2.311660   0.193416   0.050168
  2020     1     1    15    30 30.000000   2.311660   0.193416   0.049951
  2020     1     1    15    31  0.000000   2.311660   0.193416   0.049732
  2020     1     1    15    31 30.000000   2.311660   0.193415   0.049520
  2020     1     1    15    32  0.000000   2.311660   0.193415   0.049313
  2020     1     1    15    32 30.000000   2.311660   0.193415   0.049112
  2020     1     1    15    33  0.000000   2.311660   0.193414   0.048915
  2020     1     1    15    33 30.000000   2.311660   0.193414   0.048723
  2020     1     1    15    34  0.000000   2.311660   0.193414   0.048536
  2020     1     1    15    34 30.000000   2.311660   0.193413   0.048356
  2020     1     1    15    35  0.000000   2.311660   0.193413   0.048176
  2020     1     1    15    35 30.000000   2.311660   0.193413   0.048000
  2020     1     1    15    36  0.000000   2.311660   0.193412   0.047821
  2020     1     1    15    36 30.000000   2.311660   0.193412   0.047643
  2020     1     1    15    37  0.000000   2.311660   0.193412   0.047462
  2020     1     1    15    37 30.000000   2.311660   0.193411   0.047280
  2020     1     1    15    38  0.000000   2.311660   0.193411   0.047099
  2020     1     1    15    38 30.000000   2.311660   0.193411   0.046924
  2020     1     1    15    39  0.000000   2.311660   0.193410   0.046755
  2020     1     1    15    39 30.000000   2.311660   0.193410   0.046596
  2020     1     1    15    40  0.000000   2.311660   0.193410   0.046442
  2020     1     1    15    40 30.000000   2.311660   0.193409   0.046297
  2020     1     1    15    41  0.000000   2.311660   0.193409   0.046160
  2020     1     1    15    41 30.000000   2.311660   0.193409   0.046029
  2020     1     1    15    42  0.000000   2.311660   0.193408   0.045907
  2020     1     1    15    42 30.000000   2.311660   0.193408   0.045790
  2020     1     1    15    43  0.000000   2.311660   0.193408   0.045678
  2020     1     1    15    43 30.000000   2.311661   0.193407   0.045566
  2020     1     1    15    44  0.000000   2.311661   0.193407   0.045455
  2020     1     1    15    44 30.000000   2.311661   0.193407   0.045344
  2020     1     1    15    45  0.000000   2.311661   0.193406   0.045234
  2020     1     1    15    45 30.000000   2.311661   0.193406   0.045125
  2020     1     1    15    46  0.000000   2.311661   0.193406   0.045023
  2020     1     1    15    46 30.000000   2.311661   0.193405   0.044927
  2020     1     1    15    47  0.000000   2.311661   0.193405   0.044834
  2020     1     1    15    47 30.000000   2.311661   0.193405   0.044748
  2020     1     1    15    48  0.000000   2.311661   0.193404   0.044664
  2020     1     1    15    48 30.000000   2.311661   0.193404   0.044577
  2020     1     1    15    49  0.000000   2.311661   0.193404   0.044487
  2020     1     1    15    49 30.000000   2.311661   0.193403   0.044389
  2020     1     1    15    50  0.000000   2.311661   0.193403   0.044284
  2020     1     1    15    50 30.000000   2.311661   0.193403   0.044178
  2020     1     1    15    51  0.000000   2.311661   0.193402   0.044067
  2020     1     1    15    51 30.000000   2.311661   0.193402   0.043948
  2020     1     1    15    52  0.000000   2.311661   0.193402   0.043823
  2020     1     1    15    52 30.000000   2.311661   0.193401   0.043691
  2020     1     1    15    53  0.000000   2.311661   0.193401   0.043554
  2020     1     1    15    53 30.000000   2.311661   0.193401   0.043410
  2020     1     1    15    54  0.000000   2.311661   0.193400   0.043256
  2020     1     1    15    54 30.000000   2.311661   0.193400   0.043094
  2020     1     1    15    55  0.000000   2.311661   0.193400   0.042926
  2020     1     1    15    55 30.000000   2.311661   0.193399   0.042755
  2020     1     1    15    56  0.000000   2.311661   0.193399   0.042582
  2020     1     1    15    56 30.000000   2.311661   0.193399   0.042409
  2020     1     1    15    57  0.000000   2.311661   0.193398   0.042248
  2020     1     1    15    57 30.000000   2.311662   0.193398   0.042094
  2020     1     1    15    58  0.000000   2.311662   0.193398   0.041951
  2020     1     1    15    58 30.000000   2.311662   0.193397   0.041819
  2020     1     1    15    59  0.000000   2.311662   0.193397   0.041689
  2020     1     1    15    59 30.000000   2.311662   0.193397   0.041564
  2020     1     1    16     0  0.000000   2.311662   0.193396   0.041444
  2020     1     1    16     0 30.000000   2.311662   0.193396   0.041329
  2020     1     1    16     1  0.000000   2.311662   0.193396   0.041223
  2020     1     1    16     1 30.000000   2.311662   0.193395   0.041120
  2020     1     1    16     2  0.000000   2.311662   0.193395   0.041022
  2020     1     1    16     2 30.000000   2.311662   0.193395   0.040923
  2020     1     1    16     3  0.000000   2.311662   0.193394   0.040819
  2020     1     1    16     3 30.000000   2.311662   0.193394   0.040719
  2020     1     1    16     4  0.000000   2.311662   0.193394   0.040624
  2020     1     1    16     4 30.000000   2.311662   0.193393   0.040536
  2020     1     1    16     5  0.000000   2.311662   0.193393   0.040460
  2020     1     1    16     5 30.000000   2.311662   0.193393   0.040392
  2020     1     1    16     6  0.000000   2.311662   0.193392   0.040327
  2020     1     1    16     6 30.000000   2.311662   0.193392   0.040261
  2020     1     1    16     7  0.000000   2.311662   0.193392   0.040193
  2020     1     1    16     7 30.000000   2.311662   0.193391   0.040127
  2020     1     1    16     8  0.000000   2.311662   0.193391   0.040064
  2020     1     1    16     8 30.000000   2.311662   0.193391   0.039999
  2020     1     1    16     9  0.000000   2.311662   0.193390   0.039938
  2020     1     1    16     9 30.000000   2.311662   0.193390   0.039882
  2020     1     1    16    10  0.000000   2.311662   0.193390   0.039825
  2020     1     1    16    10 30.000000   2.311662   0.193389   0.039768
  2020     1     1    16    11  0.000000   2.311662   0.193389   0.039704
  2020     1     1    16    11 30.000000   2.311663   0.193389   0.039635
  2020     1     1    16    12  0.000000   2.311663   0.193388   0.039566
  2020     1     1    16    12 30.000000   2.311663   0.193388   0.039498
  2020     1     1    16    13  0.000000   2.311663   0.193388   0.039427
  2020     1     1    16    13 30.000000   2.311663   0.193387   0.039354
  2020     1     1    16    14  0.000000   2.311663   0.193387   0.039276
  2020     1     1    16    14 30.000000   2.311663   0.193387   0.039194
  2020     1     1    16    15  0.000000   2.311663   0.193386   0.039108
  2020     1     1    16    15 30.000000   2.311663   0.193386   0.039016
  2020     1     1    16    16  0.000000   2.311663   0.193386   0.038918
  2020     1     1    16    16 30.000000   2.311663   0.193385   0.038818
  2020     1     1    16    17  0.000000   2.311663   0.193385   0.038715
  2020     1     1    16    17 30.000000   2.311663   0.193385   0.038609
  2020     1     1    16    18  0.000000   2.311663   0.193384   0.038493
  2020     1     1    16    18 30.000000   2.311663   0.193384   0.038372
  2020     1     1    16    19  0.000000   2.311663   0.193384   0.038245
  2020     1     1    16    19 30.000000   2.311663   0.193383   0.038114
  2020     1     1    16    20  0.000000   2.311663   0.193383   0.037976
  2020     1     1    16    20 30.000000   2.311663   0.193383   0.037834
  2020     1     1    16    21  0.000000   2.311663   0.193382   0.037688
  2020     1     1    16    21 30.000000   2.311663   0.193382   0.037538
  2020     1     1    16    22  0.000000   2.311663   0.193382   0.037384
  2020     1     1    16    22 30.000000   2.311663   0.193381   0.037227
  2020     1     1    16    23  0.000000   2.311663   0.193381   0.037068
  2020     1     1    16    23 30.000000   2.311663   0.193381   0.036906
  2020     1     1    16    24  0.000000   2.311663   0.193380   0.036746
  2020     1     1    16    24 30.000000   2.311663   0.193380   0.036591
  2020     1     1    16    25  0.000000   2.311663   0.193380   0.036446
  2020     1     1    16    25 30.000000   2.311663   0.193379   0.036313
  2020     1     1    16    26  0.000000   2.311664   0.193379   0.036190
  2020     1     1    16    26 30.000000   2.311664   0.193379   0.036079
  2020     1     1    16    27  0.000000   2.311664   0.193378   0.035975
  2020     1     1    16    27 30.000000   2.311664   0.193378   0.035879
  2020     1     1    16    28  0.000000   2.311664   0.193378   0.035793
  2020     1     1    16    28 30.000000   2.311664   0.193377   0.035713
  2020     1     1    16    29  0.000000   2.311664   0.193377   0.035637
  2020     1     1    16    29 30.000000   2.311664   0.193377   0.035567
  2020     1     1    16    30  0.000000   2.311664   0.193376   0.035505
  2020     1     1    16    30 30.000000   2.311664   0.193376   0.035453
  2020     1     1    16    31  0.000000   2.311664   0.193376   0.035409
  2020     1     1    16    31 30.000000   2.311664   0.193375   0.035372
  2020     1     1    16    32  0.000000   2.311664   0.193375   0.035340
  2020     1     1    16    32 30.000000   2.311664   0.193375   0.035311
  2020     1     1    16    33  0.000000   2.311664   0.193374   0.035285
  2020     1     1    16    33 30.000000   2.311664   0.193374   0.035261
  2020     1     1    16    34  0.000000   2.311664   0.193374   0.035239
  2020     1     1    16    34 30.000000   2.311664   0.193373   0.035218
  2020     1     1    16    35  0.000000   2.311664   0.193373   0.035195
  2020     1     1    16    35 30.000000   2.311664   0.193373   0.035173
  2020     1     1    16    36  0.000000   2.311664   0.193372   0.035149
  2020     1     1    16    36 30.000000   2.311664   0.193372   0.035123
  2020     1     1    16    37  0.000000   2.311664   0.193372   0.035092
  2020     1     1    16    37 30.000000   2.311664   0.193371   0.035056
  2020     1     1    16    38  0.000000   2.311664   0.193371   0.035019
  2020     1     1    16    38 30.000000   2.311664   0.193371   0.034985
  2020     1     1    16    39  0.000000   2.311664   0.193370   0.034942
  2020     1     1    16    39 30.000000   2.311664   0.193370   0.034900
  2020     1     1    16    40  0.000000   2.311665   0.193370   0.034863
  2020     1     1    16    40 30.000000   2.311665   0.193369   0.034831
  2020     1     1    16    41  0.000000   2.311665   0.193369   0.034802
  2020     1     1    16    41 30.000000   2.311665   0.193369   0.034779
  2020     1     1    16    42  0.000000   2.311665   0.193368   0.034757
  2020     1     1    16    42 30.000000   2.311665   0.193368   0.034736
  2020     1     1    16    43  0.000000   2.311665   0.193368   0.034717
  2020     1     1    16    43 30.000000   2.311665   0.193367   0.034702
  2020     1     1    16    44  0.000000   2.311665   0.193367   0.034691
  2020     1     1    16    44 30.000000   2.311665   0.193367   0.034685
  2020     1     1    16    45  0.000000   2.311665   0.193366   0.034681
  2020     1     1    16    45 30.000000   2.311665   0.193366   0.034684
  2020     1     1    16    46  0.000000   2.311665   0.193366   0.034700
  2020     1     1    16    46 30.000000   2.311665   0.193365   0.034722
  2020     1     1    16    47  0.000000   2.311665   0.193365   0.034742
  2020     1     1    16    47 30.000000   2.311665   0.193365   0.034762
  2020     1     1    16    48  0.000000   2.311665   0.193364   0.034778
  2020     1     1    16    48 30.000000   2.311665   0.193364   0.034791
  2020     1     1    16    49  0.000000   2.311665   0.193364   0.034806
  2020     1     1    16    49 30.000000   2.311665   0.193363   0.034822
  2020     1     1    16    50  0.000000   2.311665   0.193363   0.034837
  2020     1     1    16    50 30.000000   2.311665   0.193363   0.034849
  2020     1     1    16    51  0.000000   2.311665   0.193362   0.034858
  2020     1     1    16    51 30.000000   2.311665   0.193362   0.034865
  2020     1     1    16    52  0.000000   2.311665   0.193362   0.034870
  2020     1     1    16    52 30.000000   2.311665   0.193361   0.034871
  2020     1     1    16    53  0.000000   2.311665   0.193361   0.034862
  2020     1     1    16    53 30.000000   2.311665   0.193361   0.034850
  2020     1     1    16    54  0.000000   2.311666   0.193360   0.034831
  2020     1     1    16    54 30.000000   2.311666   0.193360   0.034806
  2020     1     1    16    55  0.000000   2.311666   0.193360   0.034782
  2020     1     1    16    55 30.000000   2.311666   0.193359   0.034761
  2020     1     1    16    56  0.000000   2.311666   0.193359   0.034737
  2020     1     1    16    56 30.000000   2.311666   0.193359   0.034712
  2020     1     1    16    57  0.000000   2.311666   0.193358   0.034688
  2020     1     1    16    57 30.000000   2.311666   0.193358   0.034677
  2020     1     1    16    58  0.000000   2.311666   0.193358   0.034671
  2020     1     1    16    58 30.000000   2.311666   0.193357   0.034671
  2020     1     1    16    59  0.000000   2.311666   0.193357   0.034677
  2020     1     1    16    59 30.000000   2.311666   0.193357   0.034691
  2020     1     1    17     0  0.000000   2.311666   0.193356   0.034715
  2020     1     1    17     0 30.000000   2.311666   0.193356   0.034746
  2020     1     1    17     1  0.000000   2.311666   0.193356   0.034781
  2020     1     1    17     1 30.000000   2.311666   0.193355   0.034817
  2020     1     1    17     2  0.000000   2.311666   0.193355   0.034852
  2020     1     1    17     2 30.000000   2.311666   0.193355   0.034885
  2020     1     1    17     3  0.000000   2.311666   0.193354   0.034919
  2020     1     1    17     3 30.000000   2.311666   0.193354   0.034958
  2020     1     1    17     4  0.000000   2.311666   0.193354   0.035003
  2020     1     1    17     4 30.000000   2.311666   0.193353   0.035051
  2020     1     1    17     5  0.000000   2.311666   0.193353   0.035099
  2020     1     1    17     5 30.000000   2.311666   0.193353   0.035149
  2020     1     1    17     6  0.000000   2.311666   0.193352   0.035207
  2020     1     1    17     6 30.000000   2.311666   0.193352   0.035270
  2020     1     1    17     7  0.000000   2.311666   0.193352   0.035336
  2020     1     1    17     7 30.000000   2.311666   0.193351   0.035407
  2020     1     1    17     8  0.000000   2.311667   0.193351   0.035482
  2020     1     1    17     8 30.000000   2.311667   0.193351   0.035560
  2020     1     1    17     9  0.000000   2.311667   0.193350   0.035641
  2020     1     1    17     9 30.000000   2.311667   0.193350   0.035729
  2020     1     1    17    10  0.000000   2.311667   0.193350   0.035823
  2020     1     1    17    10 30.000000   2.311667   0.193349   0.035923
  2020     1     1    17    11  0.000000   2.311667   0.193349   0.036029
  2020     1     1    17    11 30.000000   2.311667   0.193349   0.036141
  2020     1     1    17    12  0.000000   2.311667   0.193348   0.036261
  2020     1     1    17    12 30.000000   2.311667   0.193348   0.036382
  2020     1     1    17    13  0.000000   2.311667   0.193348   0.036502
  2020     1     1    17    13 30.000000   2.311667   0.193347   0.036625
  2020     1     1    17    14  0.000000   2.311667   0.193347   0.036747
  2020     1     1    17    14 30.000000   2.311667   0.193347   0.036869
  2020     1     1    17    15  0.000000   2.311667   0.193346   0.036985
  2020     1     1    17    15 30.000000   2.311667   0.193346   0.037095
  2020     1     1    17    16  0.000000   2.311667   0.193346   0.037202
  2020     1     1    17    16 30.000000   2.311667   0.193345   0.037307
  2020     1     1    17    17  0.000000   2.311667   0.193345   0.037412
  2020     1     1    17    17 30.000000   2.311667   0.193345   0.037506
  2020     1     1    17    18  0.000000   2.311667   0.193344   0.037586
  2020     1     1    17    18 30.000000   2.311667   0.193344   0.037658
  2020     1     1    17    19  0.000000   2.311667   0.193344   0.037724
  2020     1     1    17    19 30.000000   2.311667   0.193343   0.037784
  2020     1     1    17    20  0.000000   2.311667   0.193343   0.037838
  2020     1     1    17    20 30.000000   2.311667   0.193343   0.037888
  2020     1     1    17    21  0.000000   2.311667   0.193342   0.037934
  2020     1     1    17    21 30.000000   2.311667   0.193342   0.037975
  2020     1     1    17    22  0.000000   2.311667   0.193342   0.038017
  2020     1     1    17    22 30.000000   2.311668   0.193341   0.038060
  2020     1     1    17    23  0.000000   2.311668   0.193341   0.038103
  2020     1     1    17    23 30.000000   2.311668   0.193341   0.038146
  2020     1     1    17    24  0.000000   2.311668   0.193340   0.038192
  2020     1     1    17    24 30.000000   2.311668   0.193340   0.038243
  2020     1     1    17    25  0.000000   2.311668   0.193340   0.038296
  2020     1     1    17    25 30.000000   2.311668   0.193339   0.038349
  2020     1     1    17    26  0.000000   2.311668   0.193339   0.038404
  2020     1     1    17    26 30.000000   2.311668   0.193339   0.038461
  2020     1     1    17    27  0.000000   2.311668   0.193338   0.038518
  2020     1     1    17    27 30.000000   2.311668   0.193338   0.038573
  2020     1     1    17    28  0.000000   2.311668   0.193338   0.038626
  2020     1     1    17    28 30.000000   2.311668   0.193337   0.038678
  2020     1     1    17    29  0.000000   2.311668   0.193337   0.038729
  2020     1     1    17    29 30.000000   2.311668   0.193337   0.038785
  2020     1     1    17    30  0.000000   2.311668   0.193336   0.038837
  2020     1     1    17    30 30.000000   2.311668   0.193336   0.038888
  2020     1     1    17    31  0.000000   2.311668   0.193336   0.038941
  2020     1     1    17    31 30.000000   2.311668   0.193335   0.038995
  2020     1     1    17    32  0.000000   2.311668   0.193335   0.039050
  2020     1     1    17    32 30.000000   2.311668   0.193335   0.039104
  2020     1     1    17    33  0.000000   2.311668   0.193334   0.039153
  2020     1     1    17    33 30.000000   2.311668   0.193334   0.039197
  2020     1     1    17    34  0.000000   2.311668   0.193334   0.039238
  2020     1     1    17    34 30.000000   2.311668   0.193333   0.039275
  2020     1     1    17    35  0.000000   2.311668   0.193333   0.039304
  2020     1     1    17    35 30.000000   2.311668   0.193333   0.039333
  2020     1     1    17    36  0.000000   2.311668   0.193332   0.039361
  2020     1     1    17    36 30.000000   2.311669   0.193332   0.039391
  2020     1     1    17    37  0.000000   2.311669   0.193332   0.039424
  2020     1     1    17    37 30.000000   2.311669   0.193331   0.039464
  2020     1     1    17    38  0.000000   2.311669   0.193331   0.039510
  2020     1     1    17    38 30.000000   2.311669   0.193331   0.039563
  2020     1     1    17    39  0.000000   2.311669   0.193330   0.039625
  2020     1     1    17    39 30.000000   2.311669   0.193330   0.039691
  2020     1     1    17    40  0.000000   2.311669   0.193330   0.039762
  2020     1     1    17    40 30.000000   2.311669   0.193329   0.039843
  2020     1     1    17    41  0.000000   2.311669   0.193329   0.039925
  2020     1     1    17    41 30.000000   2.311669   0.193329   0.040007
  2020     1     1    17    42  0.000000   2.311669   0.193328   0.040092
  2020     1     1    17    42 30.000000   2.311669   0.193328   0.040173
  2020     1     1    17    43  0.000000   2.311669   0.193328   0.040245
  2020     1     1    17    43 30.000000   2.311669   0.193327   0.040311
  2020     1     1    17    44  0.000000   2.311669   0.193327   0.040374
  2020     1     1    17    44 30.000000   2.311669   0.193327   0.040433
  2020     1     1    17    45  0.000000   2.311669   0.193326   0.040487
  2020     1     1    17    45 30.000000   2.311669   0.193326   0.040534
  2020     1     1    17    46  0.000000   2.311669   0.193326   0.040580
  2020     1     1    17    46 30.000000   2.311669   0.193325   0.040623
  2020     1     1    17    47  0.000000   2.311669   0.193325   0.040660
  2020     1     1    17    47 30.000000   2.311669   0.193325   0.040689
  2020     1     1    17    48  0.000000   2.311669   0.193324   0.040707
  2020     1     1    17    48 30.000000   2.311669   0.193324   0.040718
  2020     1     1    17    49  0.000000   2.311669   0.193324   0.040723
  2020     1     1    17    49 30.000000   2.311669   0.193323   0.040720
  2020     1     1    17    50  0.000000   2.311669   0.193323   0.040708
  2020     1     1    17    50 30.000000   2.311670   0.193323   0.040693
  2020     1     1    17    51  0.000000   2.311670   0.193322   0.040672
  2020     1     1    17    51 30.000000   2.311670   0.193322   0.040649
  2020     1     1    17    52  0.000000   2.311670   0.193322   0.040623
  2020     1     1    17    52 30.000000   2.311670   0.193321   0.040593
  2020     1     1    17    53  0.000000   2.311670   0.193321   0.040559
  2020     1     1    17    53 30.000000   2.311670   0.193321   0.040528
  2020     1     1    17    54  0.000000   2.311670   0.193320   0.040504
  2020     1     1    17    54 30.000000   2.311670   0.193320   0.040489
  2020     1     1    17    55  0.000000   2.311670   0.193320   0.040488
  2020     1     1    17    55 30.000000   2.311670   0.193319   0.040501
  2020     1     1    17    56  0.000000   2.311670   0.193319   0.040519
  2020     1     1    17    56 30.000000   2.311670   0.193319   0.040529
  2020     1     1    17    57  0.000000   2.311670   0.193318   0.040525
  2020     1     1    17    57 30.000000   2.311670   0.193318   0.040515
  2020     1     1    17    58  0.000000   2.311670   0.193318   0.040503
  2020     1     1    17    58 30.000000   2.311670   0.193317   0.040485
  2020     1     1    17    59  0.000000   2.311670   0.193317   0.040466
  2020     1     1    17    59 30.000000   2.311670   0.193317   0.040448
  2020     1     1    18     0  0.000000   2.311670   0.193316   0.040429
  2020     1     1    18     0 30.000000   2.311670   0.193316   0.040405
  2020     1     1    18     1  0.000000   2.311670   0.193316   0.040380
  2020     1     1    18     1 30.000000   2.311670   0.193315   0.040349
  2020     1     1    18     2  0.000000   2.311670   0.193315   0.040315
  2020     1     1    18     2 30.000000   2.311670   0.193315   0.040273
  2020     1     1    18     3  0.000000   2.311670   0.193314   0.040223
  2020     1     1    18     3 30.000000   2.311670   0.193314   0.040171
  2020     1     1    18     4  0.000000   2.311670   0.193314   0.040122
  2020     1     1    18     4 30.000000   2.311671   0.193313   0.040077
  2020     1     1    18     5  0.000000   2.311671   0.193313   0.040037
  2020     1     1    18     5 30.000000   2.311671   0.193313   0.040004
  2020     1     1    18     6  0.000000   2.311671   0.193312   0.039975
  2020     1     1    18     6 30.000000   2.311671   0.193312   0.039938
  2020     1     1    18     7  0.000000   2.311671   0.193312   0.039897
  2020     1     1    18     7 30.000000   2.311671   0.193311   0.039857
  2020     1     1    18     8  0.000000   2.311671   0.193311   0.039821
  2020     1     1    18     8 30.000000   2.311671   0.193311   0.039787
  2020     1     1    18     9  0.000000   2.311671   0.193310   0.039757
  2020     1     1    18     9 30.000000   2.311671   0.193310   0.039729
  2020     1     1    18    10  0.000000   2.311671   0.193310   0.039700
  2020     1     1    18    10 30.000000   2.311671   0.193309   0.039672
  2020     1     1    18    11  0.000000   2.311671   0.193309   0.039644
  2020     1     1    18    11 30.000000   2.311671   0.193309   0.039617
  2020     1     1    18    12  0.000000   2.311671   0.193308   0.039586
  2020     1     1    18    12 30.000000   2.311671   0.193308   0.039554
  2020     1     1    18    13  0.000000   2.311671   0.193308   0.039521
  2020     1     1    18    13 30.000000   2.311671   0.193307   0.039484
  2020     1     1    18    14  0.000000   2.311671   0.193307   0.039443
  2020     1     1    18    14 30.000000   2.311671   0.193307   0.039396
  2020     1     1    18    15  0.000000   2.311671   0.193306   0.039347
  2020     1     1    18    15 30.000000   2.311671   0.193306   0.039298
  2020     1     1    18    16  0.000000   2.311671   0.193306   0.039244
  2020     1     1    18    16 30.000000   2.311671   0.193305   0.039189
  2020     1     1    18    17  0.000000   2.311671   0.193305   0.039132
  2020     1     1    18    17 30.000000   2.311671   0.193305   0.039070
  2020     1     1    18    18  0.000000   2.311671   0.193304   0.039004
  2020     1     1    18    18 30.000000   2.311672   0.193304   0.038933
  2020     1     1    18    19  0.000000   2.311672   0.193304   0.038862
  2020     1     1    18    19 30.000000   2.311672   0.193303   0.038789
  2020     1     1    18    20  0.000000   2.311672   0.193303   0.038716
  2020     1     1    18    20 30.000000   2.311672   0.193303   0.038644
  2020     1     1    18    21  0.000000   2.311672   0.193302   0.038574
  2020     1     1    18    21 30.000000   2.311672   0.193302   0.038505
  2020     1     1    18    22  0.000000   2.311672   0.193302   0.038439
  2020     1     1    18    22 30.000000   2.311672   0.193301   0.038380
  2020     1     1    18    23  0.000000   2.311672   0.193301   0.038328
  2020     1     1    18    23 30.000000   2.311672   0.193301   0.038280
  2020     1     1    18    24  0.000000   2.311672   0.193300   0.038237
  2020     1     1    18    24 30.000000   2.311672   0.193300   0.038204
  2020     1     1    18    25  0.000000   2.311672   0.193300   0.038177
  2020     1     1    18    25 30.000000   2.311672   0.193299   0.038157
  2020     1     1    18    26  0.000000   2.311672   0.193299   0.038139
  2020     1     1    18    26 30.000000   2.311672   0.193299   0.038125
  2020     1     1    18    27  0.000000   2.311672   0.193298   0.038115
  2020     1     1    18    27 30.000000   2.311672   0.193298   0.038113
  2020     1     1    18    28  0.000000   2.311672   0.193298   0.038116
  2020     1     1    18    28 30.000000   2.311672   0.193297   0.038128
  2020     1     1    18    29  0.000000   2.311672   0.193297   0.038150
  2020     1     1    18    29 30.000000   2.311672   0.193297   0.038183
  2020     1     1    18    30  0.000000   2.311672   0.193296   0.038227
  2020     1     1    18    30 30.000000   2.311672   0.193296   0.038274
  2020     1     1    18    31  0.000000   2.311672   0.193296   0.038325
  2020     1     1    18    31 30.000000   2.311672   0.193295   0.038384
  2020     1     1    18    32  0.000000   2.311672   0.193295   0.038450
  2020     1     1    18    32 30.000000   2.311672   0.193295   0.038517
  2020     1     1    18    33  0.000000   2.311673   0.193294   0.038592
  2020     1     1    18    33 30.000000   2.311673   0.193294   0.038671
  2020     1     1    18    34  0.000000   2.311673   0.193294   0.038755
  2020     1     1    18    34 30.000000   2.311673   0.193293   0.038842
  2020     1     1    18    35  0.000000   2.311673   0.193293   0.038934
  2020     1     1    18    35 30.000000   2.311673   0.193293   0.039028
  2020     1     1    18    36  0.000000   2.311673   0.193292   0.039130
  2020     1     1    18    36 30.000000   2.311673   0.193292   0.039239
  2020     1     1    18    37  0.000000   2.311673   0.193292   0.039352
  2020     1     1    18    37 30.000000   2.311673   0.193291   0.039466
  2020     1     1    18    38  0.000000   2.311673   0.193291   0.039583
  2020     1     1    18    38 30.000000   2.311673   0.193291   0.039704
  2020     1     1    18    39  0.000000   2.311673   0.193290   0.039824
  2020     1     1    18    39 30.000000   2.311673   0.193290   0.039941
  2020     1     1    18    40  0.000000   2.311673   0.193290   0.040056
  2020     1     1    18    40 30.000000   2.311673   0.193289   0.040172
  2020     1     1    18    41  0.000000   2.311673   0.193289   0.040291
  2020     1     1    18    41 30.000000   2.311673   0.193289   0.040411
  2020     1     1    18    42  0.000000   2.311673   0.193288   0.040535
  2020     1     1    18    42 30.000000   2.311673   0.193288   0.040668
  2020     1     1    18    43  0.000000   2.311673   0.193288   0.040803
  2020     1     1    18    43 30.000000   2.311673   0.193287   0.040941
  2020     1     1    18    44  0.000000   2.311673   0.193287   0.041078
  2020     1     1    18    44 30.000000   2.311673   0.193287   0.041213
  2020     1     1    18    45  0.000000   2.311673   0.193286   0.041343
  2020     1     1    18    45 30.000000   2.311673   0.193286   0.041474
  2020     1     1    18    46  0.000000   2.311673   0.193286   0.041606
  2020     1     1    18    46 30.000000   2.311673   0.193285   0.041745
  2020     1     1    18    47  0.000000   2.311674   0.193285   0.041892
  2020     1     1    18    47 30.000000   2.311674   0.193285   0.042040
  2020     1     1    18    48  0.000000   2.311674   0.193284   0.042191
  2020     1     1    18    48 30.000000   2.311674   0.193284   0.042347
  2020     1     1    18    49  0.000000   2.311674   0.193284   0.042503
  2020     1     1    18    49 30.000000   2.311674   0.193283   0.042660
  2020     1     1    18    50  0.000000   2.311674   0.193283   0.042817
  2020     1     1    18    50 30.000000   2.311674   0.193283   0.042978
  2020     1     1    18    51  0.000000   2.311674   0.193282   0.043136
  2020     1     1    18    51 30.000000   2.311674   0.193282   0.043290
  2020     1     1    18    52  0.000000   2.311674   0.193282   0.043444
  2020     1     1    18    52 30.000000   2.311674   0.193281   0.043597
  2020     1     1    18    53  0.000000   2.311674   0.193281   0.043748
  2020     1     1    18    53 30.000000   2.311674   0.193281   0.043894
  2020     1     1    18    54  0.000000   2.311674   0.193280   0.044036
  2020     1     1    18    54 30.000000   2.311674   0.193280   0.044174
  2020     1     1    18    55  0.000000   2.311674   0.193280   0.044304
  2020     1     1    18    55 30.000000   2.311674   0.193279   0.044417
  2020     1     1    18    56  0.000000   2.311674   0.193279   0.044513
  2020     1     1    18    56 30.000000   2.311674   0.193279   0.044594
  2020     1     1    18    57  0.000000   2.311674   0.193278   0.044660
  2020     1     1    18    57 30.000000   2.311674   0.193278   0.044710
  2020     1     1    18    58  0.000000   2.311674   0.193278   0.044747
  2020     1     1    18    58 30.000000   2.311674   0.193277   0.044774
  2020     1     1    18    59  0.000000   2.311674   0.193277   0.044787
  2020     1     1    18    59 30.000000   2.311674   0.193277   0.044782
  2020     1     1    19     0  0.000000   2.311674   0.193276   0.044762
  2020     1     1    19     0 30.000000   2.311674   0.193276   0.044730
  2020     1     1    19     1  0.000000   2.311675   0.193276   0.044680
  2020     1     1    19     1 30.000000   2.311675   0.193275   0.044613
  2020     1     1    19     2  0.000000   2.311675   0.193275   0.044526
  2020     1     1    19     2 30.000000   2.311675   0.193275   0.044415
  2020     1     1    19     3  0.000000   2.311675   0.193274   0.044294
  2020     1     1    19     3 30.000000   2.311675   0.193274   0.044164
  2020     1     1    19     4  0.000000   2.311675   0.193274   0.044029
  2020     1     1    19     4 30.000000   2.311675   0.193273   0.043882
  2020     1     1    19     5  0.000000   2.311675   0.193273   0.043720
  2020     1     1    19     5 30.000000   2.311675   0.193273   0.043544
  2020     1     1    19     6  0.000000   2.311675   0.193272   0.043363
  2020     1     1    19     6 30.000000   2.311675   0.193272   0.043177
  2020     1     1    19     7  0.000000   2.311675   0.193272   0.042990
  2020     1     1    19     7 30.000000   2.311675   0.193271   0.042807
  2020     1     1    19     8  0.000000   2.311675   0.193271   0.042630
  2020     1     1    19     8 30.000000   2.311675   0.193271   0.042460
  2020     1     1    19     9  0.000000   2.311675   0.193270   0.042301
  2020     1     1    19     9 30.000000   2.311675   0.193270   0.042158
  2020     1     1    19    10  0.000000   2.311675   0.193270   0.042029
  2020     1     1    19    10 30.000000   2.311675   0.193269   0.041910
  2020     1     1    19    11  0.000000   2.311675   0.193269   0.041799
  2020     1     1    19    11 30.000000   2.311675   0.193269   0.041696
  2020     1     1    19    12  0.000000   2.311675   0.193268   0.041603
  2020     1     1    19    12 30.000000   2.311675   0.193268   0.041524
  2020     1     1    19    13  0.000000   2.311675   0.193268   0.041463
  2020     1     1    19    13 30.000000   2.311675   0.193267   0.041413
  2020     1     1    19    14  0.000000   2.311675   0.193267   0.041367
  2020     1     1    19    14 30.000000   2.311675   0.193267   0.041323
  2020     1     1    19    15  0.000000   2.311676   0.193266   0.041283
  2020     1     1    19    15 30.000000   2.311676   0.193266   0.041250
  2020     1     1    19    16  0.000000   2.311676   0.193266   0.041226
  2020     1     1    19    16 30.000000   2.311676   0.193265   0.041208
  2020     1     1    19    17  0.000000   2.311676   0.193265   0.041195
  2020     1     1    19    17 30.000000   2.311676   0.193265   0.041188
  2020     1     1    19    18  0.000000   2.311676   0.193264   0.041187
  2020     1     1    19    18 30.000000   2.311676   0.193264   0.041187
  2020     1     1    19    19  0.000000   2.311676   0.193264   0.041196
  2020     1     1    19    19 30.000000   2.311676   0.193263   0.041215
  2020     1     1    19    20  0.000000   2.311676   0.193263   0.041243
  2020     1     1    19    20 30.000000   2.311676   0.193263   0.041277
  2020     1     1    19    21  0.000000   2.311676   0.193262   0.041310
  2020     1     1    19    21 30.000000   2.311676   0.193262   0.041346
  2020     1     1    19    22  0.000000   2.311676   0.193262   0.041386
  2020     1     1    19    22 30.000000   2.311676   0.193261   0.041429
  2020     1     1    19    23  0.000000   2.311676   0.193261   0.041474
  2020     1     1    19    23 30.000000   2.311676   0.193261   0.041520
  2020     1     1    19    24  0.000000   2.311676   0.193260   0.041573
  2020     1     1    19    24 30.000000   2.311676   0.193260   0.041634
  2020     1     1    19    25  0.000000   2.311676   0.193260   0.041699
  2020     1     1    19    25 30.000000   2.311676   0.193259   0.041766
  2020     1     1    19    26  0.000000   2.311676   0.193259   0.041843
  2020     1     1    19    26 30.000000   2.311676   0.193259   0.041922
  2020     1     1    19    27  0.000000   2.311676   0.193258   0.041997
  2020     1     1    19    27 30.000000   2.311676   0.193258   0.042068
  2020     1     1    19    28  0.000000   2.311676   0.193258   0.042139
  2020     1     1    19    28 30.000000   2.311676   0.193257   0.042205
  2020     1     1    19    29  0.000000   2.311676   0.193257   0.042262
  2020     1     1    19    29 30.000000   2.311677   0.193257   0.042311
  2020     1     1    19    30  0.000000   2.311677   0.193256   0.042355
  2020     1     1    19    30 30.000000   2.311677   0.193256   0.042390
  2020     1     1    19    31  0.000000   2.311677   0.193256   0.042413
  2020     1     1    19    31 30.000000   2.311677   0.193255   0.042426
  2020     1     1    19    32  0.000000   2.311677   0.193255   0.042436
  2020     1     1    19    32 30.000000   2.311677   0.193255   0.042446
  2020     1     1    19    33  0.000000   2.311677   0.193254   0.042457
  2020     1     1    19    33 30.000000   2.311677   0.193254   0.042467
  2020     1     1    19    34  0.000000   2.311677   0.193254   0.042472
  2020     1     1    19    34 30.000000   2.311677   0.193253   0.042474
  2020     1     1    19    35  0.000000   2.311677   0.193253   0.042478
  2020     1     1    19    35 30.000000   2.311677   0.193253   0.042484
  2020     1     1    19    36  0.000000   2.311677   0.193252   0.042496
  2020     1     1    19    36 30.000000   2.311677   0.193252   0.042512
  2020     1     1    19    37  0.000000   2.311677   0.193252   0.042534
  2020     1     1    19    37 30.000000   2.311677   0.193251   0.042560
  2020     1     1    19    38  0.000000   2.311677   0.193251   0.042590
  2020     1     1    19    38 30.000000   2.311677   0.193251   0.042623
  2020     1     1    19    39  0.000000   2.311677   0.193250   0.042661
  2020     1     1    19    39 30.000000   2.311677   0.193250   0.042705
  2020     1     1    19    40  0.000000   2.311677   0.193250   0.042750
  2020     1     1    19    40 30.000000   2.311677   0.193249   0.042801
  2020     1     1    19    41  0.000000   2.311677   0.193249   0.042854
  2020     1     1    19    41 30.000000   2.311677   0.193249   0.042910
  2020     1     1    19    42  0.000000   2.311677   0.193248   0.042963
  2020     1     1    19    42 30.000000   2.311677   0.193248   0.043009
  2020     1     1    19    43  0.000000   2.311677   0.193248   0.043048
  2020     1     1    19    43 30.000000   2.311678   0.193247   0.043077
  2020     1     1    19    44  0.000000   2.311678   0.193247   0.043102
  2020     1     1    19    44 30.000000   2.311678   0.193247   0.043123
  2020     1     1    19    45  0.000000   2.311678   0.193246   0.043139
  2020     1     1    19    45 30.000000   2.311678   0.193246   0.043147
  2020     1     1    19    46  0.000000   2.311678   0.193246   0.043149
  2020     1     1    19    46 30.000000   2.311678   0.193245   0.043144
  2020     1     1    19    47  0.000000   2.311678   0.193245   0.043137
  2020     1     1    19    47 30.000000   2.311678   0.193245   0.043130
  2020     1     1    19    48  0.000000   2.311678   0.193244   0.043124
  2020     1     1    19    48 30.000000   2.311678   0.193244   0.043122
  2020     1     1    19    49  0.000000   2.311678   0.193244   0.043124
  2020     1     1    19    49 30.000000   2.311678   0.193243   0.043122
  2020     1     1    19    50  0.000000   2.311678   0.193243   0.043120
  2020     1     1    19    50 30.000000   2.311678   0.193243   0.043117
  2020     1     1    19    51  0.000000   2.311678   0.193242   0.043114
  2020     1     1    19    51 30.000000   2.311678   0.193242   0.043111
  2020     1     1    19    52  0.000000   2.311678   0.193242   0.043100
  2020     1     1    19    52 30.000000   2.311678   0.193241   0.043079
  2020     1     1    19    53  0.000000   2.311678   0.193241   0.043048
  2020     1     1    19    53 30.000000   2.311678   0.193241   0.043009
  2020     1     1    19    54  0.000000   2.311678   0.193240   0.042964
  2020     1     1    19    54 30.000000   2.311678   0.193240   0.042904
  2020     1     1    19    55  0.000000   2.311678   0.193240   0.042829
  2020     1     1    19    55 30.000000   2.311678   0.193239   0.042746
  2020     1     1    19    56  0.000000   2.311678   0.193239   0.042655
  2020     1     1    19    56 30.000000   2.311678   0.193239   0.042554
  2020     1     1    19    57  0.000000   2.311678   0.193238   0.042443
  2020     1     1    19    57 30.000000   2.311679   0.193238   0.042327
  2020     1     1    19    58  0.000000   2.311679   0.193238   0.042206
  2020     1     1    19    58 30.000000   2.311679   0.193237   0.042078
  2020     1     1    19    59  0.000000   2.311679   0.193237   0.041939
  2020     1     1    19    59 30.000000   2.311679   0.193237   0.041794
  2020     1     1    20     0  0.000000   2.311679   0.193236   0.041653
  2020     1     1    20     0 30.000000   2.311679   0.193236   0.041511
  2020     1     1    20     1  0.000000   2.311679   0.193236   0.041379
  2020     1     1    20     1 30.000000   2.311679   0.193235   0.041250
  2020     1     1    20     2  0.000000   2.311679   0.193235   0.041121
  2020     1     1    20     2 30.000000   2.311679   0.193235   0.040992
  2020     1     1    20     3  0.000000   2.311679   0.193234   0.040870
  2020     1     1    20     3 30.000000   2.311679   0.193234   0.040748
  2020     1     1    20     4  0.000000   2.311679   0.193234   0.040631
  2020     1     1    20     4 30.000000   2.311679   0.193233   0.040518
  2020     1     1    20     5  0.000000   2.311679   0.193233   0.040397
  2020     1     1    20     5 30.000000   2.311679   0.193233   0.040279
  2020     1     1    20     6  0.000000   2.311679   0.193232   0.040162
  2020     1     1    20     6 30.000000   2.311679   0.193232   0.040044
  2020     1     1    20     7  0.000000   2.311679   0.193232   0.039925
  2020     1     1    20     7 30.000000   2.311679   0.193231   0.039804
  2020     1     1    20     8  0.000000   2.311679   0.193231   0.039677
  2020     1     1    20     8 30.000000   2.311679   0.193231   0.039543
  2020     1     1    20     9  0.000000   2.311679   0.193230   0.039405
  2020     1     1    20     9 30.000000   2.311679   0.193230   0.039268
  2020     1     1    20    10  0.000000   2.311679   0.193230   0.039140
  2020     1     1    20    10 30.000000   2.311679   0.193229   0.039013
  2020     1     1    20    11  0.000000   2.311679   0.193229   0.038883
  2020     1     1    20    11 30.000000   2.311679   0.193229   0.038753
  2020     1     1    20    12  0.000000   2.311680   0.193228   0.038620
  2020     1     1    20    12 30.000000   2.311680   0.193228   0.038486
  2020     1     1    20    13  0.000000   2.311680   0.193228   0.038352
  2020     1     1    20    13 30.000000   2.311680   0.193227   0.038213
  2020     1     1    20    14  0.000000   2.311680   0.193227   0.038070
  2020     1     1    20    14 30.000000   2.311680   0.193227   0.037925
  2020     1     1    20    15  0.000000   2.311680   0.193226   0.037774
  2020     1     1    20    15 30.000000   2.311680   0.193226   0.037617
  2020     1     1    20    16  0.000000   2.311680   0.193226   0.037461
  2020     1     1    20    16 30.000000   2.311680   0.193225   0.037304
  2020     1     1    20    17  0.000000   2.311680   0.193225   0.037144
  2020     1     1    20    17 30.000000   2.311680   0.193225   0.036983
  2020     1     1    20    18  0.000000   2.311680   0.193224   0.036824
  2020     1     1    20    18 30.000000   2.311680   0.193224   0.036665
  2020     1     1    20    19  0.000000   2.311680   0.193224   0.036506
  2020     1     1    20    19 30.000000   2.311680   0.193223   0.036345
  2020     1     1    20    20  0.000000   2.311680   0.193223   0.036181
  2020     1     1    20    20 30.000000   2.311680   0.193223   0.036014
  2020     1     1    20    21  0.000000   2.311680   0.193222   0.035846
  2020     1     1    20    21 30.000000   2.311680   0.193222   0.035683
  2020     1     1    20    22  0.000000   2.311680   0.193222   0.035528
  2020     1     1    20    22 30.000000   2.311680   0.193221   0.035376
  2020     1     1    20    23  0.000000   2.311680   0.193221   0.035226
  2020     1     1    20    23 30.000000   2.311680   0.193221   0.035080
  2020     1     1    20    24  0.000000   2.311680   0.193220   0.034942
  2020     1     1    20    24 30.000000   2.311680   0.193220   0.034809
  2020     1     1    20    25  0.000000   2.311680   0.193220   0.034681
  2020     1     1    20    25 30.000000   2.311680   0.193219   0.034561
  2020     1     1    20    26  0.000000   2.311681   0.193219   0.034451
  2020     1     1    20    26 30.000000   2.311681   0.193219   0.034353
  2020     1     1    20    27  0.000000   2.311681   0.193218   0.034265
  2020     1     1    20    27 30.000000   2.311681   0.193218   0.034189
  2020     1     1    20    28  0.000000   2.311681   0.193218   0.034129
  2020     1     1    20    28 30.000000   2.311681   0.193217   0.034081
  2020     1     1    20    29  0.000000   2.311681   0.193217   0.034039
  2020     1     1    20    29 30.000000   2.311681   0.193217   0.034005
  2020     1     1    20    30  0.000000   2.311681   0.193216   0.033982
  2020     1     1    20    30 30.000000   2.311681   0.193216   0.033967
  2020     1     1    20    31  0.000000   2.311681   0.193216   0.033955
  2020     1     1    20    31 30.000000   2.311681   0.193215   0.033946
  2020     1     1    20    32  0.000000   2.311681   0.193215   0.033935
  2020     1     1    20    32 30.000000   2.311681   0.193215   0.033928
  2020     1     1    20    33  0.000000   2.311681   0.193214   0.033920
  2020     1     1    20    33 30.000000   2.311681   0.193214   0.033910
  2020     1     1    20    34  0.000000   2.311681   0.193214   0.033900
  2020     1     1    20    34 30.000000   2.311681   0.193213   0.033889
  2020     1     1    20    35  0.000000   2.311681   0.193213   0.033880
  2020     1     1    20    35 30.000000   2.311681   0.193213   0.033871
  2020     1     1    20    36  0.000000   2.311681   0.193212   0.033863
  2020     1     1    20    36 30.000000   2.311681   0.193212   0.033858
  2020     1     1    20    37  0.000000   2.311681   0.193212   0.033857
  2020     1     1    20    37 30.000000   2.311681   0.193211   0.033857
  2020     1     1    20    38  0.000000   2.311681   0.193211   0.033860
  2020     1     1    20    38 30.000000   2.311681   0.193211   0.033865
  2020     1     1    20    39  0.000000   2.311681   0.193210   0.033871
  2020     1     1    20    39 30.000000   2.311681   0.193210   0.033876
  2020     1     1    20    40  0.000000   2.311682   0.193210   0.033879
  2020     1     1    20    40 30.000000   2.311682   0.193209   0.033883
  2020     1     1    20    41  0.000000   2.311682   0.193209   0.033886
  2020     1     1    20    41 30.000000   2.311682   0.193209   0.033886
  2020     1     1    20    42  0.000000   2.311682   0.193208   0.033886
  2020     1     1    20    42 30.000000   2.311682   0.193208   0.033884
  2020     1     1    20    43  0.000000   2.311682   0.193208   0.033882
  2020     1     1    20    43 30.000000   2.311682   0.193207   0.033882
  2020     1     1    20    44  0.000000   2.311682   0.193207   0.033882
  2020     1     1    20    44 30.000000   2.311682   0.193207   0.033884
  2020     1     1    20    45  0.000000   2.311682   0.193206   0.033883
  2020     1     1    20    45 30.000000   2.311682   0.193206   0.033879
  2020     1     1    20    46  0.000000   2.311682   0.193206   0.033875
  2020     1     1    20    46 30.000000   2.311682   0.193205   0.033867
  2020     1     1    20    47  0.000000   2.311682   0.193205   0.033857
  2020     1     1    20    47 30.000000   2.311682   0.193205   0.033844
  2020     1     1    20    48  0.000000   2.311682   0.193204   0.033827
  2020     1     1    20    48 30.000000   2.311682   0.193204   0.033806
  2020     1     1    20    49  0.000000   2.311682   0.193204   0.033788
  2020     1     1    20    49 30.000000   2.311682   0.193203   0.033765
  2020     1     1    20    50  0.000000   2.311682   0.193203   0.033741
  2020     1     1    20    50 30.000000   2.311682   0.193203   0.033717
  2020     1     1    20    51  0.000000   2.311682   0.193202   0.033694
  2020     1     1    20    51 30.000000   2.311682   0.193202   0.033671
  2020     1     1    20    52  0.000000   2.311682   0.193202   0.033646
  2020     1     1    20    52 30.000000   2.311682   0.193201   0.033622
  2020     1     1    20    53  0.000000   2.311682   0.193201   0.033598
  2020     1     1    20    53 30.000000   2.311682   0.193201   0.033577
  2020     1     1    20    54  0.000000   2.311682   0.193200   0.033553
  2020     1     1    20    54 30.000000   2.311683   0.193200   0.033529
  2020     1     1    20    55  0.000000   2.311683   0.193200   0.033506
  2020     1     1    20    55 30.000000   2.311683   0.193199   0.033482
  2020     1     1    20    56  0.000000   2.311683   0.193199   0.033458
  2020     1     1    20    56 30.000000   2.311683   0.193199   0.033435
  2020     1     1    20    57  0.000000   2.311683   0.193198   0.033415
  2020     1     1    20    57 30.000000   2.311683   0.193198   0.033399
  2020     1     1    20    58  0.000000   2.311683   0.193198   0.033388
  2020     1     1    20    58 30.000000   2.311683   0.193197   0.033376
  2020     1     1    20    59  0.000000   2.311683   0.193197   0.033362
  2020     1     1    20    59 30.000000   2.311683   0.193197   0.033345
  2020     1     1    21     0  0.000000   2.311683   0.193196   0.033326
  2020     1     1    21     0 30.000000   2.311683   0.193196   0.033308
  2020     1     1    21     1  0.000000   2.311683   0.193196   0.033292
  2020     1     1    21     1 30.000000   2.311683   0.193195   0.033275
  2020     1     1    21     2  0.000000   2.311683   0.193195   0.033258
  2020     1     1    21     2 30.000000   2.311683   0.193195   0.033241
  2020     1     1    21     3  0.000000   2.311683   0.193194   0.033226
  2020     1     1    21     3 30.000000   2.311683   0.193194   0.033212
  2020     1     1    21     4  0.000000   2.311683   0.193194   0.033200
  2020     1     1    21     4 30.000000   2.311683   0.193193   0.033188
  2020     1     1    21     5  0.000000   2.311683   0.193193   0.033173
  2020     1     1    21     5 30.000000   2.311683   0.193193   0.033157
  2020     1     1    21     6  0.000000   2.311683   0.193192   0.033137
  2020     1     1    21     6 30.000000   2.311683   0.193192   0.033116
  2020     1     1    21     7  0.000000   2.311683   0.193192   0.033092
  2020     1     1    21     7 30.000000   2.311683   0.193191   0.033064
  2020     1     1    21     8  0.000000   2.311683   0.193191   0.033033
  2020     1     1    21     8 30.000000   2.311684   0.193191   0.033001
  2020     1     1    21     9  0.000000   2.311684   0.193190   0.032967
  2020     1     1    21     9 30.000000   2.311684   0.193190   0.032931
  2020     1     1    21    10  0.000000   2.311684   0.193190   0.032890
  2020     1     1    21    10 30.000000   2.311684   0.193189   0.032843
  2020     1     1    21    11  0.000000   2.311684   0.193189   0.032789
  2020     1     1    21    11 30.000000   2.311684   0.193189   0.032727
  2020     1     1    21    12  0.000000   2.311684   0.193188   0.032658
  2020     1     1    21    12 30.000000   2.311684   0.193188   0.032584
  2020     1     1    21    13  0.000000   2.311684   0.193188   0.032504
  2020     1     1    21    13 30.000000   2.311684   0.193187   0.032423
  2020     1     1    21    14  0.000000   2.311684   0.193187   0.032344
  2020     1     1    21    14 30.000000   2.311684   0.193187   0.032266
  2020     1     1    21    15  0.000000   2.311684   0.193186   0.032188
  2020     1     1    21    15 30.000000   2.311684   0.193186   0.032112
  2020     1     1    21    16  0.000000   2.311684   0.193186   0.032037
  2020     1     1    21    16 30.000000   2.311684   0.193185   0.031963
  2020     1     1    21    17  0.000000   2.311684   0.193185   0.031886
  2020     1     1    21    17 30.000000   2.311684   0.193185   0.031810
  2020     1     1    21    18  0.000000   2.311684   0.193184   0.031736
  2020     1     1    21    18 30.000000   2.311684   0.193184   0.031665
  2020     1     1    21    19  0.000000   2.311684   0.193184   0.031597
  2020     1     1    21    19 30.000000   2.311684   0.193183   0.031531
  2020     1     1    21    20  0.000000   2.311684   0.193183   0.031470
  2020     1     1    21    20 30.000000   2.311684   0.193183   0.031415
  2020     1     1    21    21  0.000000   2.311684   0.193182   0.031363
  2020     1     1    21    21 30.000000   2.311684   0.193182   0.031313
  2020     1     1    21    22  0.000000   2.311684   0.193182   0.031265
  2020     1     1    21    22 30.000000   2.311685   0.193181   0.031216
  2020     1     1    21    23  0.000000   2.311685   0.193181   0.031172
  2020     1     1    21    23 30.000000   2.311685   0.193181   0.031134
  2020     1     1    21    24  0.000000   2.311685   0.193180   0.031100
  2020     1     1    21    24 30.000000   2.311685   0.193180   0.031068
  2020     1     1    21    25  0.000000   2.311685   0.193180   0.031036
  2020     1     1    21    25 30.000000   2.311685   0.193179   0.031004
  2020     1     1    21    26  0.000000   2.311685   0.193179   0.030977
  2020     1     1    21    26 30.000000   2.311685   0.193179   0.030948
  2020     1     1    21    27  0.000000   2.311685   0.193178   0.030922
  2020     1     1    21    27 30.000000   2.311685   0.193178   0.030900
  2020     1     1    21    28  0.000000   2.311685   0.193178   0.030877
  2020     1     1    21    28 30.000000   2.311685   0.193177   0.030850
  2020     1     1    21    29  0.000000   2.311685   0.193177   0.030821
  2020     1     1    21    29 30.000000   2.311685   0.193177   0.030788
  2020     1     1    21    30  0.000000   2.311685   0.193176   0.030751
  2020     1     1    21    30 30.000000   2.311685   0.193176   0.030708
  2020     1     1    21    31  0.000000   2.311685   0.193176   0.030660
  2020     1     1    21    31 30.000000   2.311685   0.193175   0.030610
  2020     1     1    21    32  0.000000   2.311685   0.193175   0.030553
  2020     1     1    21    32 30.000000   2.311685   0.193175   0.030492
  2020     1     1    21    33  0.000000   2.311685   0.193174   0.030430
  2020     1     1    21    33 30.000000   2.311685   0.193174   0.030366
  2020     1     1    21    34  0.000000   2.311685   0.193174   0.030301
  2020     1     1    21    34 30.000000   2.311685   0.193173   0.030231
  2020     1     1    21    35  0.000000   2.311685   0.193173   0.030155
  2020     1     1    21    35 30.000000   2.311685   0.193173   0.030073
  2020     1     1    21    36  0.000000   2.311685   0.193172   0.029990
  2020     1     1    21    36 30.000000   2.311685   0.193172   0.029909
  2020     1     1    21    37  0.000000   2.311686   0.193172   0.029827
  2020     1     1    21    37 30.000000   2.311686   0.193172   0.029742
  2020     1     1    21    38  0.000000   2.311686   0.193171   0.029652
  2020     1     1    21    38 30.000000   2.311686   0.193171   0.029560
  2020     1     1    21    39  0.000000   2.311686   0.193171   0.029472
  2020     1     1    21    39 30.000000   2.311686   0.193170   0.029384
  2020     1     1    21    40  0.000000   2.311686   0.193170   0.029297
  2020     1     1    21    40 30.000000   2.311686   0.193170   0.029212
  2020     1     1    21    41  0.000000   2.311686   0.193169   0.029130
  2020     1     1    21    41 30.000000   2.311686   0.193169   0.029046
  2020     1     1    21    42  0.000000   2.311686   0.193169   0.028962
  2020     1     1    21    42 30.000000   2.311686   0.193168   0.028878
  2020     1     1    21    43  0.000000   2.311686   0.193168   0.028798
  2020     1     1    21    43 30.000000   2.311686   0.193168   0.028723
  2020     1     1    21    44  0.000000   2.311686   0.193167   0.028657
  2020     1     1    21    44 30.000000   2.311686   0.193167   0.028597
  2020     1     1    21    45  0.000000   2.311686   0.193167   0.028543
  2020     1     1    21    45 30.000000   2.311686   0.193166   0.028497
  2020     1     1    21    46  0.000000   2.311686   0.193166   0.028450
  2020     1     1    21    46 30.000000   2.311686   0.193166   0.028403
  2020     1     1    21    47  0.000000   2.311686   0.193165   0.028361
  2020     1     1    21    47 30.000000   2.311686   0.193165   0.028328
  2020     1     1    21    48  0.000000   2.311686   0.193165   0.028299
  2020     1     1    21    48 30.000000   2.311686   0.193164   0.028277
  2020     1     1    21    49  0.000000   2.311686   0.193164   0.028263
  2020     1     1    21    49 30.000000   2.311686   0.193164   0.028255
  2020     1     1    21    50  0.000000   2.311686   0.193163   0.028250
  2020     1     1    21    50 30.000000   2.311686   0.193163   0.028245
  2020     1     1    21    51  0.000000   2.311687   0.193163   0.028246
  2020     1     1    21    51 30.000000   2.311687   0.193162   0.028248
  2020     1     1    21    52  0.000000   2.311687   0.193162   0.028249
  2020     1     1    21    52 30.000000   2.311687   0.193162   0.028255
  2020     1     1    21    53  0.000000   2.311687   0.193161   0.028264
  2020     1     1    21    53 30.000000   2.311687   0.193161   0.028278
  2020     1     1    21    54  0.000000   2.311687   0.193161   0.028292
  2020     1     1    21    54 30.000000   2.311687   0.193160   0.028310
  2020     1     1    21    55  0.000000   2.311687   0.193160   0.028322
  2020     1     1    21    55 30.000000   2.311687   0.193160   0.028326
  2020     1     1    21    56  0.000000   2.311687   0.193159   0.028316
  2020     1     1    21    56 30.000000   2.311687   0.193159   0.028299
  2020     1     1    21    57  0.000000   2.311687   0.193159   0.028273
  2020     1     1    21    57 30.000000   2.311687   0.193158   0.028239
  2020     1     1    21    58  0.000000   2.311687   0.193158   0.028197
  2020     1     1    21    58 30.000000   2.311687   0.193158   0.028151
  2020     1     1    21    59  0.000000   2.311687   0.193157   0.028103
  2020     1     1    21    59 30.000000   2.311687   0.193157   0.028055
  2020     1     1    22     0  0.000000   2.311687   0.193157   0.028008
  2020     1     1    22     0 30.000000   2.311687   0.193156   0.027959
  2020     1     1    22     1  0.000000   2.311687   0.193156   0.027909
  2020     1     1    22     1 30.000000   2.311687   0.193156   0.027864
  2020     1     1    22     2  0.000000   2.311687   0.193155   0.027826
  2020     1     1    22     2 30.000000   2.311687   0.193155   0.027794
  2020     1     1    22     3  0.000000   2.311687   0.193155   0.027763
  2020     1     1    22     3 30.000000   2.311687   0.193154   0.027734
  2020     1     1    22     4  0.000000   2.311687   0.193154   0.027709
  2020     1     1    22     4 30.000000   2.311687   0.193154   0.027680
  2020     1     1    22     5  0.000000   2.311688   0.193153   0.027651
  2020     1     1    22     5 30.000000   2.311688   0.193153   0.027622
  2020     1     1    22     6  0.000000   2.311688   0.193153   0.027592
  2020     1     1    22     6 30.000000   2.311688   0.193152   0.027565
  2020     1     1    22     7  0.000000   2.311688   0.193152   0.027540
  2020     1     1    22     7 30.000000   2.311688   0.193152   0.027518
  2020     1     1    22     8  0.000000   2.311688   0.193151   0.027497
  2020     1     1    22     8 30.000000   2.311688   0.193151   0.027481
  2020     1     1    22     9  0.000000   2.311688   0.193151   0.027466
  2020     1     1    22     9 30.000000   2.311688   0.193150   0.027450
  2020     1     1    22    10  0.000000   2.311688   0.193150   0.027435
  2020     1     1    22    10 30.000000   2.311688   0.193150   0.027426
  2020     1     1    22    11  0.000000   2.311688   0.193149   0.027423
  2020     1     1    22    11 30.000000   2.311688   0.193149   0.027422
  2020     1     1    22    12  0.000000   2.311688   0.193149   0.027425
  2020     1     1    22    12 30.000000   2.311688   0.193148   0.027431
  2020     1     1    22    13  0.000000   2.311688   0.193148   0.027434
  2020     1     1    22    13 30.000000   2.311688   0.193148   0.027429
  2020     1     1    22    14  0.000000   2.311688   0.193147   0.027421
  2020     1     1    22    14 30.000000   2.311688   0.193147   0.027407
  2020     1     1    22    15  0.000000   2.311688   0.193147   0.027391
  2020     1     1    22    15 30.000000   2.311688   0.193146   0.027378
  2020     1     1    22    16  0.000000   2.311688   0.193146   0.027365
  2020     1     1    22    16 30.000000   2.311688   0.193146   0.027352
  2020     1     1    22    17  0.000000   2.311688   0.193145   0.027336
  2020     1     1    22    17 30.000000   2.311688   0.193145   0.027322
  2020     1     1    22    18  0.000000   2.311688   0.193145   0.027309
  2020     1     1    22    18 30.000000   2.311688   0.193144   0.027298
  2020     1     1    22    19  0.000000   2.311688   0.193144   0.027290
  2020     1     1    22    19 30.000000   2.311689   0.193144   0.027285
  2020     1     1    22    20  0.000000   2.311689   0.193143   0.027279
  2020     1     1    22    20 30.000000   2.311689   0.193143   0.027272
  2020     1     1    22    21  0.000000   2.311689   0.193143   0.027264
  2020     1     1    22    21 30.000000   2.311689   0.193142   0.027257
  2020     1     1    22    22  0.000000   2.311689   0.193142   0.027250
  2020     1     1    22    22 30.000000   2.311689   0.193142   0.027245
  2020     1     1    22    23  0.000000   2.311689   0.193141   0.027240
  2020     1     1    22    23 30.000000   2.311689   0.193141   0.027236
  2020     1     1    22    24  0.000000   2.311689   0.193141   0.027233
  2020     1     1    22    24 30.000000   2.311689   0.193140   0.027229
  2020     1     1    22    25  0.000000   2.311689   0.193140   0.027223
  2020     1     1    22    25 30.000000   2.311689   0.193140   0.027214
  2020     1     1    22    26  0.000000   2.311689   0.193139   0.027194
  2020     1     1    22    26 30.000000   2.311689   0.193139   0.027167
  2020     1     1    22    27  0.000000   2.311689   0.193139   0.027135
  2020     1     1    22    27 30.000000   2.311689   0.193138   0.027102
  2020     1     1    22    28  0.000000   2.311689   0.193138   0.027071
  2020     1     1    22    28 30.000000   2.311689   0.193138   0.027043
  2020     1     1    22    29  0.000000   2.311689   0.193137   0.027011
  2020     1     1    22    29 30.000000   2.311689   0.193137   0.026972
  2020     1     1    22    30  0.000000   2.311689   0.193137   0.026931
  2020     1     1    22    30 30.000000   2.311689   0.193136   0.026890
  2020     1     1    22    31  0.000000   2.311689   0.193136   0.026844
  2020     1     1    22    31 30.000000   2.311689   0.193136   0.026795
  2020     1     1    22    32  0.000000   2.311689   0.193135   0.026743
  2020     1     1    22    32 30.000000   2.311689   0.193135   0.026696
  2020     1     1    22    33  0.000000   2.311689   0.193135   0.026656
  2020     1     1    22    33 30.000000   2.311690   0.193134   0.026622
  2020     1     1    22    34  0.000000   2.311690   0.193134   0.026593
  2020     1     1    22    34 30.000000   2.311690   0.193134   0.026566
  2020     1     1    22    35  0.000000   2.311690   0.193133   0.026538
  2020     1     1    22    35 30.000000   2.311690   0.193133   0.026505
  2020     1     1    22    36  0.000000   2.311690   0.193133   0.026468
  2020     1     1    22    36 30.000000   2.311690   0.193132   0.026432
  2020     1     1    22    37  0.000000   2.311690   0.193132   0.026395
  2020     1     1    22    37 30.000000   2.311690   0.193132   0.026359
  2020     1     1    22    38  0.000000   2.311690   0.193131   0.026326
  2020     1     1    22    38 30.000000   2.311690   0.193131   0.026297
  2020     1     1    22    39  0.000000   2.311690   0.193131   0.026264
  2020     1     1    22    39 30.000000   2.311690   0.193130   0.026231
  2020     1     1    22    40  0.000000   2.311690   0.193130   0.026196
  2020     1     1    22    40 30.000000   2.311690   0.193130   0.026159
  2020     1     1    22    41  0.000000   2.311690   0.193129   0.026117
  2020     1     1    22    41 30.000000   2.311690   0.193129   0.026073
  2020     1     1    22    42  0.000000   2.311690   0.193129   0.026035
  2020     1     1    22    42 30.000000   2.311690   0.193128   0.026002
  2020     1     1    22    43  0.000000   2.311690   0.193128   0.025967
  2020     1     1    22    43 30.000000   2.311690   0.193128   0.025930
  2020     1     1    22    44  0.000000   2.311690   0.193127   0.025892
  2020     1     1    22    44 30.000000   2.311690   0.193127   0.025852
  2020     1     1    22    45  0.000000   2.311690   0.193127   0.025817
  2020     1     1    22    45 30.000000   2.311690   0.193126   0.025789
  2020     1     1    22    46  0.000000   2.311690   0.193126   0.025767
  2020     1     1    22    46 30.000000   2.311690   0.193126   0.025755
  2020     1     1    22    47  0.000000   2.311690   0.193125   0.025751
  2020     1     1    22    47 30.000000   2.311691   0.193125   0.025752
  2020     1     1    22    48  0.000000   2.311691   0.193125   0.025756
  2020     1     1    22    48 30.000000   2.311691   0.193124   0.025760
  2020     1     1    22    49  0.000000   2.311691   0.193124   0.025762
  2020     1     1    22    49 30.000000   2.311691   0.193124   0.025767
  2020     1     1    22    50  0.000000   2.311691   0.193123   0.025773
  2020     1     1    22    50 30.000000   2.311691   0.193123   0.025777
  2020     1     1    22    51  0.000000   2.311691   0.193123   0.025781
  2020     1     1    22    51 30.000000   2.311691   0.193122   0.025793
  2020     1     1    22    52  0.000000   2.311691   0.193122   0.025814
  2020     1     1    22    52 30.000000   2.311691   0.193122   0.025843
  2020     1     1    22    53  0.000000   2.311691   0.193121   0.025873
  2020     1     1    22    53 30.000000   2.311691   0.193121   0.025907
  2020     1     1    22    54  0.000000   2.311691   0.193121   0.025950
  2020     1     1    22    54 30.000000   2.311691   0.193120   0.025999
  2020     1     1    22    55  0.000000   2.311691   0.193120   0.026050
  2020     1     1    22    55 30.000000   2.311691   0.193120   0.026104
  2020     1     1    22    56  0.000000   2.311691   0.193119   0.026162
  2020     1     1    22    56 30.000000   2.311691   0.193119   0.026222
  2020     1     1    22    57  0.000000   2.311691   0.193119   0.026282
  2020     1     1    22    57 30.000000   2.311691   0.193118   0.026341
  2020     1     1    22    58  0.000000   2.311691   0.193118   0.026401
  2020     1     1    22    58 30.000000   2.311691   0.193118   0.026464
  2020     1     1    22    59  0.000000   2.311691   0.193117   0.026528
  2020     1     1    22    59 30.000000   2.311691   0.193117   0.026590
  2020     1     1    23     0  0.000000   2.311691   0.193117   0.026651
  2020     1     1    23     0 30.000000   2.311691   0.193116   0.026712
  2020     1     1    23     1  0.000000   2.311691   0.193116   0.026771
  2020     1     1    23     1 30.000000   2.311691   0.193116   0.026831
  2020     1     1    23     2  0.000000   2.311692   0.193115   0.026894
  2020     1     1    23     2 30.000000   2.311692   0.193115   0.026960
  2020     1     1    23     3  0.000000   2.311692   0.193115   0.027032
  2020     1     1    23     3 30.000000   2.311692   0.193114   0.027102
  2020     1     1    23     4  0.000000   2.311692   0.193114   0.027168
  2020     1     1    23     4 30.000000   2.311692   0.193114   0.027229
  2020     1     1    23     5  0.000000   2.311692   0.193113   0.027287
  2020     1     1    23     5 30.000000   2.311692   0.193113   0.027339
  2020     1     1    23     6  0.000000   2.311692   0.193113   0.027387
  2020     1     1    23     6 30.000000   2.311692   0.193112   0.027435
  2020     1     1    23     7  0.000000   2.311692   0.193112   0.027482
  2020     1     1    23     7 30.000000   2.311692   0.193112   0.027531
  2020     1     1    23     8  0.000000   2.311692   0.193111   0.027583
  2020     1     1    23     8 30.000000   2.311692   0.193111   0.027637
  2020     1     1    23     9  0.000000   2.311692   0.193111   0.027694
  2020     1     1    23     9 30.000000   2.311692   0.193110   0.027756
  2020     1     1    23    10  0.000000   2.311692   0.193110   0.027821
  2020     1     1    23    10 30.000000   2.311692   0.193110   0.027889
  2020     1     1    23    11  0.000000   2.311692   0.193109   0.027960
  2020     1     1    23    11 30.000000   2.311692   0.193109   0.028034
  2020     1     1    23    12  0.000000   2.311692   0.193109   0.028113
  2020     1     1    23    12 30.000000   2.311692   0.193108   0.028191
  2020     1     1    23    13  0.000000   2.311692   0.193108   0.028270
  2020     1     1    23    13 30.000000   2.311692   0.193108   0.028349
  2020     1     1    23    14  0.000000   2.311692   0.193107   0.028429
  2020     1     1    23    14 30.000000   2.311692   0.193107   0.028512
  2020     1     1    23    15  0.000000   2.311692   0.193107   0.028601
  2020     1     1    23    15 30.000000   2.311692   0.193106   0.028696
  2020     1     1    23    16  0.000000   2.311693   0.193106   0.028792
  2020     1     1    23    16 30.000000   2.311693   0.193106   0.028894
  2020     1     1    23    17  0.000000   2.311693   0.193105   0.029000
  2020     1     1    23    17 30.000000   2.311693   0.193105   0.029106
  2020     1     1    23    18  0.000000   2.311693   0.193105   0.029215
  2020     1     1    23    18 30.000000   2.311693   0.193104   0.029329
  2020     1     1    23    19  0.000000   2.311693   0.193104   0.029447
  2020     1     1    23    19 30.000000   2.311693   0.193104   0.029573
  2020     1     1    23    20  0.000000   2.311693   0.193103   0.029707
  2020     1     1    23    20 30.000000   2.311693   0.193103   0.029850
  2020     1     1    23    21  0.000000   2.311693   0.193103   0.030000
  2020     1     1    23    21 30.000000   2.311693   0.193102   0.030154
  2020     1     1    23    22  0.000000   2.311693   0.193102   0.030314
  2020     1     1    23    22 30.000000   2.311693   0.193102   0.030479
  2020     1     1    23    23  0.000000   2.311693   0.193101   0.030644
  2020     1     1    23    23 30.000000   2.311693   0.193101   0.030813
  2020     1     1    23    24  0.000000   2.311693   0.193101   0.030983
  2020     1     1    23    24 30.000000   2.311693   0.193100   0.031156
  2020     1     1    23    25  0.000000   2.311693   0.193100   0.031329
  2020     1     1    23    25 30.000000   2.311693   0.193100   0.031496
  2020     1     1    23    26  0.000000   2.311693   0.193099   0.031663
  2020     1     1    23    26 30.000000   2.311693   0.193099   0.031835
  2020     1     1    23    27  0.000000   2.311693   0.193099   0.032011
  2020     1     1    23    27 30.000000   2.311693   0.193098   0.032193
  2020     1     1    23    28  0.000000   2.311693   0.193098   0.032378
  2020     1     1    23    28 30.000000   2.311693   0.193098   0.032562
  2020     1     1    23    29  0.000000   2.311693   0.193097   0.032747
  2020     1     1    23    29 30.000000   2.311693   0.193097   0.032928
  2020     1     1    23    30  0.000000   2.311694   0.193097   0.033106
  2020     1     1    23    30 30.000000   2.311694   0.193096   0.033285
  2020     1     1    23    31  0.000000   2.311694   0.193096   0.033460
  2020     1     1    23    31 30.000000   2.311694   0.193096   0.033631
  2020     1     1    23    32  0.000000   2.311694   0.193095   0.033803
  2020     1     1    23    32 30.000000   2.311694   0.193095   0.033972
  2020     1     1    23    33  0.000000   2.311694   0.193095   0.034134
  2020     1     1    23    33 30.000000   2.311694   0.193094   0.034289
  2020     1     1    23    34  0.000000   2.311694   0.193094   0.034442
  2020     1     1    23    34 30.000000   2.311694   0.193094   0.034585
  2020     1     1    23    35  0.000000   2.311694   0.193093   0.034718
  2020     1     1    23    35 30.000000   2.311694   0.193093   0.034844
  2020     1     1    23    36  0.000000   2.311694   0.193093   0.034967
  2020     1     1    23    36 30.000000   2.311694   0.193092   0.035093
  2020     1     1    23    37  0.000000   2.311694   0.193092   0.035218
  2020     1     1    23    37 30.000000   2.311694   0.193092   0.035346
  2020     1     1    23    38  0.000000   2.311694   0.193091   0.035479
  2020     1     1    23    38 30.000000   2.311694   0.193091   0.035614
  2020     1     1    23    39  0.000000   2.311694   0.193091   0.035751
  2020     1     1    23    39 30.000000   2.311694   0.193090   0.035888
  2020     1     1    23    40  0.000000   2.311694   0.193090   0.036025
  2020     1     1    23    40 30.000000   2.311694   0.193090   0.036160
  2020     1     1    23    41  0.000000   2.311694   0.193089   0.036297
  2020     1     1    23    41 30.000000   2.311694   0.193089   0.036432
  2020     1     1    23    42  0.000000   2.311694   0.193089   0.036560
  2020     1     1    23    42 30.000000   2.311694   0.193088   0.036685
  2020     1     1    23    43  0.000000   2.311694   0.193088   0.036808
  2020     1     1    23    43 30.000000   2.311694   0.193088   0.036929
  2020     1     1    23    44  0.000000   2.311694   0.193087   0.037045
  2020     1     1    23    44 30.000000   2.311695   0.193087   0.037152
  2020     1     1    23    45  0.000000   2.311695   0.193087   0.037260
  2020     1     1    23    45 30.000000   2.311695   0.193086   0.037364
  2020     1     1    23    46  0.000000   2.311695   0.193086   0.037463
  2020     1     1    23    46 30.000000   2.311695   0.193086   0.037558
  2020     1     1    23    47  0.000000   2.311695   0.193085   0.037648
  2020     1     1    23    47 30.000000   2.311695   0.193085   0.037731
  2020     1     1    23    48  0.000000   2.311695   0.193085   0.037811
  2020     1     1    23    48 30.000000   2.311695   0.193084   0.037892
  2020     1     1    23    49  0.000000   2.311695   0.193084   0.037974
  2020     1     1    23    49 30.000000   2.311695   0.193084   0.038051
  2020     1     1    23    50  0.000000   2.311695   0.193083   0.038123
  2020     1     1    23    50 30.000000   2.311695   0.193083   0.038197
  2020     1     1    23    51  0.000000   2.311695   0.193083   0.038267
  2020     1     1    23    51 30.000000   2.311695   0.193083   0.038331
  2020     1     1    23    52  0.000000   2.311695   0.193082   0.038389
  2020     1     1    23    52 30.000000   2.311695   0.193082   0.038440
  2020     1     1    23    53  0.000000   2.311695   0.193082   0.038491
  2020     1     1    23    53 30.000000   2.311695   0.193081   0.038537
  2020     1     1    23    54  0.000000   2.311695   0.193081   0.038578
  2020     1     1    23    54 30.000000   2.311695   0.193081   0.038624
  2020     1     1    23    55  0.000000   2.311695   0.193080   0.038671
  2020     1     1    23    55 30.000000   2.311695   0.193080   0.038716
  2020     1     1    23    56  0.000000   2.311695   0.193080   0.038760
  2020     1     1    23    56 30.000000   2.311695   0.193079   0.038798
  2020     1     1    23    57  0.000000   2.311695   0.193079   0.038828
  2020     1     1    23    57 30.000000   2.311695   0.193079   0.038851
  2020     1     1    23    58  0.000000   2.311695   0.193078   0.038875
  2020     1     1    23    58 30.000000   2.311696   0.193078   0.038896
  2020     1     1    23    59  0.000000   2.311696   0.193078   0.038906
  2020     1     1    23    59 30.000000   2.311696   0.193077   0.038906
